:1000000000000000000000000000000000000000F0
:1000100000000000000000000000000000000000E0
:1000200000000000000000000000000000000000D0
:1000300000000000000000000000000000000000C0
:1000400000000000000000000000000000000000B0
:1000500000000000000000000000000000000000A0
:100060000000000000000000000000000000000090
:100070000000000000000000000000000000000080
:100080000000000000000000000000000000000070
:100090000000000000000000000000000000000060
:1000A0000000000000000000000000000000000050
:1000B0000000000000000000000000000000000040
:1000C0000000000000000000000000000000000030
:1000D0000000000000000000000000000000000020
:1000E0000000000000000000000000000000000010
:1000F0000000000000000000000000000000000000
:1001000000000000000000000000000000000000EF
:1001100000000000000000000000000000000000DF
:1001200000000000000000000000000000000000CF
:1001300000000000000000000000000000000000BF
:1001400000000000000000000000000000000000AF
:10015000000000000000000000000000000000009F
:10016000000000000000000000000000000000008F
:10017000000000000000000000000000000000007F
:10018000000000000000000000000000000000006F
:10019000000000000000000000000000000000005F
:1001A000000000000000000000000000000000004F
:1001B000000000000000000000000000000000003F
:1001C000000000000000000000000000000000002F
:1001D000000000000000000000000000000000001F
:1001E000000000000000000000000000000000000F
:1001F00000000000000000000000000000000000FF
:1002000000000000000000000000000000000000EE
:1002100000000000000000000000000000000000DE
:1002200000000000000000000000000000000000CE
:1002300000000000000000000000000000000000BE
:1002400000000000000000000000000000000000AE
:10025000000000000000000000000000000000009E
:10026000000000000000000000000000000000008E
:10027000000000000000000000000000000000007E
:10028000000000000000000000000000000000006E
:10029000000000000000000000000000000000005E
:1002A000000000000000000000000000000000004E
:1002B000000000000000000000000000000000003E
:1002C000000000000000000000000000000000002E
:1002D000000000000000000000000000000000001E
:1002E000000000000000000000000000000000000E
:1002F00000000000000000000000000000000000FE
:1003000000000000000000000000000000000000ED
:1003100000000000000000000000000000000000DD
:1003200000000000000000000000000000000000CD
:1003300000000000000000000000000000000000BD
:1003400000000000000000000000000000000000AD
:10035000000000000000000000000000000000009D
:10036000000000000000000000000000000000008D
:10037000000000000000000000000000000000007D
:10038000000000000000000000000000000000006D
:10039000000000000000000000000000000000005D
:1003A000000000000000000000000000000000004D
:1003B000000000000000000000000000000000003D
:1003C000000000000000000000000000000000002D
:1003D000000000000000000000000000000000001D
:1003E000000000000000000000000000000000000D
:1003F00000000000000000000000000000000000FD
:1004000000000000000000000000000000000000EC
:1004100000000000000000000000000000000000DC
:1004200000000000000000000000000000000000CC
:1004300000000000000000000000000000000000BC
:1004400000000000000000000000000000000000AC
:10045000000000000000000000000000000000009C
:10046000000000000000000000000000000000008C
:10047000000000000000000000000000000000007C
:10048000000000000000000000000000000000006C
:10049000000000000000000000000000000000005C
:1004A000000000000000000000000000000000004C
:1004B000000000000000000000000000000000003C
:1004C000000000000000000000000000000000002C
:1004D000000000000000000000000000000000001C
:1004E000000000000000000000000000000000000C
:1004F00000000000000000000000000000000000FC
:1005000000000000000000000000000000000000EB
:1005100000000000000000000000000000000000DB
:1005200000000000000000000000000000000000CB
:1005300000000000000000000000000000000000BB
:1005400000000000000000000000000000000000AB
:10055000000000000000000000000000000000009B
:10056000000000000000000000000000000000008B
:10057000000000000000000000000000000000007B
:10058000000000000000000000000000000000006B
:10059000000000000000000000000000000000005B
:1005A000000000000000000000000000000000004B
:1005B000000000000000000000000000000000003B
:1005C000000000000000000000000000000000002B
:1005D000000000000000000000000000000000001B
:1005E000000000000000000000000000000000000B
:1005F00000000000000000000000000000000000FB
:1006000000000000000000000000000000000000EA
:1006100000000000000000000000000000000000DA
:1006200000000000000000000000000000000000CA
:1006300000000000000000000000000000000000BA
:1006400000000000000000000000000000000000AA
:10065000000000000000000000000000000000009A
:10066000000000000000000000000000000000008A
:10067000000000000000000000000000000000007A
:10068000000000000000000000000000000000006A
:10069000000000000000000000000000000000005A
:1006A000000000000000000000000000000000004A
:1006B000000000000000000000000000000000003A
:1006C000000000000000000000000000000000002A
:1006D000000000000000000000000000000000001A
:1006E000000000000000000000000000000000000A
:1006F00000000000000000000000000000000000FA
:1007000000000000000000000000000000000000E9
:1007100000000000000000000000000000000000D9
:1007200000000000000000000000000000000000C9
:1007300000000000000000000000000000000000B9
:1007400000000000000000000000000000000000A9
:100750000000000000000000000000000000000099
:100760000000000000000000000000000000000089
:100770000000000000000000000000000000000079
:100780000000000000000000000000000000000069
:100790000000000000000000000000000000000059
:1007A0000000000000000000000000000000000049
:1007B0000000000000000000000000000000000039
:1007C0000000000000000000000000000000000029
:1007D0000000000000000000000000000000000019
:1007E0000000000000000000000000000000000009
:1007F00000000000000000000000000000000000F9
:1008000000000000000000000000000000000000E8
:1008100000000000000000000000000000000000D8
:1008200000000000000000000000000000000000C8
:1008300000000000000000000000000000000000B8
:1008400000000000000000000000000000000000A8
:100850000000000000000000000000000000000098
:100860000000000000000000000000000000000088
:100870000000000000000000000000000000000078
:100880000000000000000000000000000000000068
:100890000000000000000000000000000000000058
:1008A0000000000000000000000000000000000048
:1008B0000000000000000000000000000000000038
:1008C0000000000000000000000000000000000028
:1008D0000000000000000000000000000000000018
:1008E0000000000000000000000000000000000008
:1008F00000000000000000000000000000000000F8
:1009000000000000000000000000000000000000E7
:1009100000000000000000000000000000000000D7
:1009200000000000000000000000000000000000C7
:1009300000000000000000000000000000000000B7
:1009400000000000000000000000000000000000A7
:100950000000000000000000000000000000000097
:100960000000000000000000000000000000000087
:100970000000000000000000000000000000000077
:100980000000000000000000000000000000000067
:100990000000000000000000000000000000000057
:1009A0000000000000000000000000000000000047
:1009B0000000000000000000000000000000000037
:1009C0000000000000000000000000000000000027
:1009D0000000000000000000000000000000000017
:1009E0000000000000000000000000000000000007
:1009F00000000000000000000000000000000000F7
:100A000000000000000000000000000000000000E6
:100A100000000000000000000000000000000000D6
:100A200000000000000000000000000000000000C6
:100A300000000000000000000000000000000000B6
:100A400000000000000000000000000000000000A6
:100A50000000000000000000000000000000000096
:100A60000000000000000000000000000000000086
:100A70000000000000000000000000000000000076
:100A80000000000000000000000000000000000066
:100A90000000000000000000000000000000000056
:100AA0000000000000000000000000000000000046
:100AB0000000000000000000000000000000000036
:100AC0000000000000000000000000000000000026
:100AD0000000000000000000000000000000000016
:100AE0000000000000000000000000000000000006
:100AF00000000000000000000000000000000000F6
:100B000000000000000000000000000000000000E5
:100B100000000000000000000000000000000000D5
:100B200000000000000000000000000000000000C5
:100B300000000000000000000000000000000000B5
:100B400000000000000000000000000000000000A5
:100B50000000000000000000000000000000000095
:100B60000000000000000000000000000000000085
:100B70000000000000000000000000000000000075
:100B80000000000000000000000000000000000065
:100B90000000000000000000000000000000000055
:100BA0000000000000000000000000000000000045
:100BB0000000000000000000000000000000000035
:100BC0000000000000000000000000000000000025
:100BD0000000000000000000000000000000000015
:100BE0000000000000000000000000000000000005
:100BF00000000000000000000000000000000000F5
:100C000000000000000000000000000000000000E4
:100C100000000000000000000000000000000000D4
:100C200000000000000000000000000000000000C4
:100C300000000000000000000000000000000000B4
:100C400000000000000000000000000000000000A4
:100C50000000000000000000000000000000000094
:100C60000000000000000000000000000000000084
:100C70000000000000000000000000000000000074
:100C80000000000000000000000000000000000064
:100C90000000000000000000000000000000000054
:100CA0000000000000000000000000000000000044
:100CB0000000000000000000000000000000000034
:100CC0000000000000000000000000000000000024
:100CD0000000000000000000000000000000000014
:100CE0000000000000000000000000000000000004
:100CF00000000000000000000000000000000000F4
:100D000000000000000000000000000000000000E3
:100D100000000000000000000000000000000000D3
:100D200000000000000000000000000000000000C3
:100D300000000000000000000000000000000000B3
:100D400000000000000000000000000000000000A3
:100D50000000000000000000000000000000000093
:100D60000000000000000000000000000000000083
:100D70000000000000000000000000000000000073
:100D80000000000000000000000000000000000063
:100D90000000000000000000000000000000000053
:100DA0000000000000000000000000000000000043
:100DB0000000000000000000000000000000000033
:100DC0000000000000000000000000000000000023
:100DD0000000000000000000000000000000000013
:100DE0000000000000000000000000000000000003
:100DF00000000000000000000000000000000000F3
:100E000000000000000000000000000000000000E2
:100E100000000000000000000000000000000000D2
:100E200000000000000000000000000000000000C2
:100E300000000000000000000000000000000000B2
:100E400000000000000000000000000000000000A2
:100E50000000000000000000000000000000000092
:100E60000000000000000000000000000000000082
:100E70000000000000000000000000000000000072
:100E80000000000000000000000000000000000062
:100E90000000000000000000000000000000000052
:100EA0000000000000000000000000000000000042
:100EB0000000000000000000000000000000000032
:100EC0000000000000000000000000000000000022
:100ED0000000000000000000000000000000000012
:100EE0000000000000000000000000000000000002
:100EF00000000000000000000000000000000000F2
:100F000000000000000000000000000000000000E1
:100F100000000000000000000000000000000000D1
:100F200000000000000000000000000000000000C1
:100F300000000000000000000000000000000000B1
:100F400000000000000000000000000000000000A1
:100F50000000000000000000000000000000000091
:100F60000000000000000000000000000000000081
:100F70000000000000000000000000000000000071
:100F80000000000000000000000000000000000061
:100F90000000000000000000000000000000000051
:100FA0000000000000000000000000000000000041
:100FB0000000000000000000000000000000000031
:100FC0000000000000000000000000000000000021
:100FD0000000000000000000000000000000000011
:100FE0000000000000000000000000000000000001
:100FF00000000000000000000000000000000000F1
:1010000000000000000000000000000000000000E0
:1010100000000000000000000000000000000000D0
:1010200000000000000000000000000000000000C0
:1010300000000000000000000000000000000000B0
:1010400000000000000000000000000000000000A0
:101050000000000000000000000000000000000090
:101060000000000000000000000000000000000080
:101070000000000000000000000000000000000070
:101080000000000000000000000000000000000060
:101090000000000000000000000000000000000050
:1010A0000000000000000000000000000000000040
:1010B0000000000000000000000000000000000030
:1010C0000000000000000000000000000000000020
:1010D0000000000000000000000000000000000010
:1010E0000000000000000000000000000000000000
:1010F00000000000000000000000000000000000F0
:1011000000000000000000000000000000000000DF
:1011100000000000000000000000000000000000CF
:1011200000000000000000000000000000000000BF
:1011300000000000000000000000000000000000AF
:10114000000000000000000000000000000000009F
:10115000000000000000000000000000000000008F
:10116000000000000000000000000000000000007F
:10117000000000000000000000000000000000006F
:10118000000000000000000000000000000000005F
:10119000000000000000000000000000000000004F
:1011A000000000000000000000000000000000003F
:1011B000000000000000000000000000000000002F
:1011C000000000000000000000000000000000001F
:1011D000000000000000000000000000000000000F
:1011E00000000000000000000000000000000000FF
:1011F00000000000000000000000000000000000EF
:1012000000000000000000000000000000000000DE
:1012100000000000000000000000000000000000CE
:1012200000000000000000000000000000000000BE
:1012300000000000000000000000000000000000AE
:10124000000000000000000000000000000000009E
:10125000000000000000000000000000000000008E
:10126000000000000000000000000000000000007E
:10127000000000000000000000000000000000006E
:10128000000000000000000000000000000000005E
:10129000000000000000000000000000000000004E
:1012A000000000000000000000000000000000003E
:1012B000000000000000000000000000000000002E
:1012C000000000000000000000000000000000001E
:1012D000000000000000000000000000000000000E
:1012E00000000000000000000000000000000000FE
:1012F00000000000000000000000000000000000EE
:1013000000000000000000000000000000000000DD
:1013100000000000000000000000000000000000CD
:1013200000000000000000000000000000000000BD
:1013300000000000000000000000000000000000AD
:10134000000000000000000000000000000000009D
:10135000000000000000000000000000000000008D
:10136000000000000000000000000000000000007D
:10137000000000000000000000000000000000006D
:10138000000000000000000000000000000000005D
:10139000000000000000000000000000000000004D
:1013A000000000000000000000000000000000003D
:1013B000000000000000000000000000000000002D
:1013C000000000000000000000000000000000001D
:1013D000000000000000000000000000000000000D
:1013E00000000000000000000000000000000000FD
:1013F00000000000000000000000000000000000ED
:1014000000000000000000000000000000000000DC
:1014100000000000000000000000000000000000CC
:1014200000000000000000000000000000000000BC
:1014300000000000000000000000000000000000AC
:10144000000000000000000000000000000000009C
:10145000000000000000000000000000000000008C
:10146000000000000000000000000000000000007C
:10147000000000000000000000000000000000006C
:10148000000000000000000000000000000000005C
:10149000000000000000000000000000000000004C
:1014A000000000000000000000000000000000003C
:1014B000000000000000000000000000000000002C
:1014C000000000000000000000000000000000001C
:1014D000000000000000000000000000000000000C
:1014E00000000000000000000000000000000000FC
:1014F00000000000000000000000000000000000EC
:1015000000000000000000000000000000000000DB
:1015100000000000000000000000000000000000CB
:1015200000000000000000000000000000000000BB
:1015300000000000000000000000000000000000AB
:10154000000000000000000000000000000000009B
:10155000000000000000000000000000000000008B
:10156000000000000000000000000000000000007B
:10157000000000000000000000000000000000006B
:10158000000000000000000000000000000000005B
:10159000000000000000000000000000000000004B
:1015A000000000000000000000000000000000003B
:1015B000000000000000000000000000000000002B
:1015C000000000000000000000000000000000001B
:1015D000000000000000000000000000000000000B
:1015E00000000000000000000000000000000000FB
:1015F00000000000000000000000000000000000EB
:1016000000000000000000000000000000000000DA
:1016100000000000000000000000000000000000CA
:1016200000000000000000000000000000000000BA
:1016300000000000000000000000000000000000AA
:10164000000000000000000000000000000000009A
:10165000000000000000000000000000000000008A
:10166000000000000000000000000000000000007A
:10167000000000000000000000000000000000006A
:10168000000000000000000000000000000000005A
:10169000000000000000000000000000000000004A
:1016A000000000000000000000000000000000003A
:1016B000000000000000000000000000000000002A
:1016C000000000000000000000000000000000001A
:1016D000000000000000000000000000000000000A
:1016E00000000000000000000000000000000000FA
:1016F00000000000000000000000000000000000EA
:1017000000000000000000000000000000000000D9
:1017100000000000000000000000000000000000C9
:1017200000000000000000000000000000000000B9
:1017300000000000000000000000000000000000A9
:101740000000000000000000000000000000000099
:101750000000000000000000000000000000000089
:101760000000000000000000000000000000000079
:101770000000000000000000000000000000000069
:101780000000000000000000000000000000000059
:101790000000000000000000000000000000000049
:1017A0000000000000000000000000000000000039
:1017B0000000000000000000000000000000000029
:1017C0000000000000000000000000000000000019
:1017D0000000000000000000000000000000000009
:1017E00000000000000000000000000000000000F9
:1017F00000000000000000000000000000000000E9
:1018000000000000000000000000000000000000D8
:1018100000000000000000000000000000000000C8
:1018200000000000000000000000000000000000B8
:1018300000000000000000000000000000000000A8
:101840000000000000000000000000000000000098
:101850000000000000000000000000000000000088
:101860000000000000000000000000000000000078
:101870000000000000000000000000000000000068
:101880000000000000000000000000000000000058
:101890000000000000000000000000000000000048
:1018A0000000000000000000000000000000000038
:1018B0000000000000000000000000000000000028
:1018C0000000000000000000000000000000000018
:1018D0000000000000000000000000000000000008
:1018E00000000000000000000000000000000000F8
:1018F00000000000000000000000000000000000E8
:1019000000000000000000000000000000000000D7
:1019100000000000000000000000000000000000C7
:1019200000000000000000000000000000000000B7
:1019300000000000000000000000000000000000A7
:101940000000000000000000000000000000000097
:101950000000000000000000000000000000000087
:101960000000000000000000000000000000000077
:101970000000000000000000000000000000000067
:101980000000000000000000000000000000000057
:101990000000000000000000000000000000000047
:1019A0000000000000000000000000000000000037
:1019B0000000000000000000000000000000000027
:1019C0000000000000000000000000000000000017
:1019D0000000000000000000000000000000000007
:1019E00000000000000000000000000000000000F7
:1019F00000000000000000000000000000000000E7
:101A000000000000000000000000000000000000D6
:101A100000000000000000000000000000000000C6
:101A200000000000000000000000000000000000B6
:101A300000000000000000000000000000000000A6
:101A40000000000000000000000000000000000096
:101A50000000000000000000000000000000000086
:101A60000000000000000000000000000000000076
:101A70000000000000000000000000000000000066
:101A80000000000000000000000000000000000056
:101A90000000000000000000000000000000000046
:101AA0000000000000000000000000000000000036
:101AB0000000000000000000000000000000000026
:101AC0000000000000000000000000000000000016
:101AD0000000000000000000000000000000000006
:101AE00000000000000000000000000000000000F6
:101AF00000000000000000000000000000000000E6
:101B000000000000000000000000000000000000D5
:101B100000000000000000000000000000000000C5
:101B200000000000000000000000000000000000B5
:101B300000000000000000000000000000000000A5
:101B40000000000000000000000000000000000095
:101B50000000000000000000000000000000000085
:101B60000000000000000000000000000000000075
:101B70000000000000000000000000000000000065
:101B80000000000000000000000000000000000055
:101B90000000000000000000000000000000000045
:101BA0000000000000000000000000000000000035
:101BB0000000000000000000000000000000000025
:101BC0000000000000000000000000000000000015
:101BD0000000000000000000000000000000000005
:101BE00000000000000000000000000000000000F5
:101BF00000000000000000000000000000000000E5
:101C000000000000000000000000000000000000D4
:101C100000000000000000000000000000000000C4
:101C200000000000000000000000000000000000B4
:101C300000000000000000000000000000000000A4
:101C40000000000000000000000000000000000094
:101C50000000000000000000000000000000000084
:101C60000000000000000000000000000000000074
:101C70000000000000000000000000000000000064
:101C80000000000000000000000000000000000054
:101C90000000000000000000000000000000000044
:101CA0000000000000000000000000000000000034
:101CB0000000000000000000000000000000000024
:101CC0000000000000000000000000000000000014
:101CD0000000000000000000000000000000000004
:101CE00000000000000000000000000000000000F4
:101CF00000000000000000000000000000000000E4
:101D000000000000000000000000000000000000D3
:101D100000000000000000000000000000000000C3
:101D200000000000000000000000000000000000B3
:101D300000000000000000000000000000000000A3
:101D40000000000000000000000000000000000093
:101D50000000000000000000000000000000000083
:101D60000000000000000000000000000000000073
:101D70000000000000000000000000000000000063
:101D80000000000000000000000000000000000053
:101D90000000000000000000000000000000000043
:101DA0000000000000000000000000000000000033
:101DB0000000000000000000000000000000000023
:101DC0000000000000000000000000000000000013
:101DD0000000000000000000000000000000000003
:101DE00000000000000000000000000000000000F3
:101DF00000000000000000000000000000000000E3
:101E000000000000000000000000000000000000D2
:101E100000000000000000000000000000000000C2
:101E200000000000000000000000000000000000B2
:101E300000000000000000000000000000000000A2
:101E40000000000000000000000000000000000092
:101E50000000000000000000000000000000000082
:101E60000000000000000000000000000000000072
:101E70000000000000000000000000000000000062
:101E80000000000000000000000000000000000052
:101E90000000000000000000000000000000000042
:101EA0000000000000000000000000000000000032
:101EB0000000000000000000000000000000000022
:101EC0000000000000000000000000000000000012
:101ED0000000000000000000000000000000000002
:101EE00000000000000000000000000000000000F2
:101EF00000000000000000000000000000000000E2
:101F000000000000000000000000000000000000D1
:101F100000000000000000000000000000000000C1
:101F200000000000000000000000000000000000B1
:101F300000000000000000000000000000000000A1
:101F40000000000000000000000000000000000091
:101F50000000000000000000000000000000000081
:101F60000000000000000000000000000000000071
:101F70000000000000000000000000000000000061
:101F80000000000000000000000000000000000051
:101F90000000000000000000000000000000000041
:101FA0000000000000000000000000000000000031
:101FB0000000000000000000000000000000000021
:101FC0000000000000000000000000000000000011
:101FD0000000000000000000000000000000000001
:101FE00000000000000000000000000000000000F1
:101FF00000000000000000000000000000000000E1
:1020000000000000000000000000000000000000D0
:1020100000000000000000000000000000000000C0
:1020200000000000000000000000000000000000B0
:1020300000000000000000000000000000000000A0
:102040000000000000000000000000000000000090
:102050000000000000000000000000000000000080
:102060000000000000000000000000000000000070
:102070000000000000000000000000000000000060
:102080000000000000000000000000000000000050
:102090000000000000000000000000000000000040
:1020A0000000000000000000000000000000000030
:1020B0000000000000000000000000000000000020
:1020C0000000000000000000000000000000000010
:1020D0000000000000000000000000000000000000
:1020E00000000000000000000000000000000000F0
:1020F00000000000000000000000000000000000E0
:1021000000000000000000000000000000000000CF
:1021100000000000000000000000000000000000BF
:1021200000000000000000000000000000000000AF
:10213000000000000000000000000000000000009F
:10214000000000000000000000000000000000008F
:10215000000000000000000000000000000000007F
:10216000000000000000000000000000000000006F
:10217000000000000000000000000000000000005F
:10218000000000000000000000000000000000004F
:10219000000000000000000000000000000000003F
:1021A000000000000000000000000000000000002F
:1021B000000000000000000000000000000000001F
:1021C000000000000000000000000000000000000F
:1021D00000000000000000000000000000000000FF
:1021E00000000000000000000000000000000000EF
:1021F00000000000000000000000000000000000DF
:1022000000000000000000000000000000000000CE
:1022100000000000000000000000000000000000BE
:1022200000000000000000000000000000000000AE
:10223000000000000000000000000000000000009E
:10224000000000000000000000000000000000008E
:10225000000000000000000000000000000000007E
:10226000000000000000000000000000000000006E
:10227000000000000000000000000000000000005E
:10228000000000000000000000000000000000004E
:10229000000000000000000000000000000000003E
:1022A000000000000000000000000000000000002E
:1022B000000000000000000000000000000000001E
:1022C000000000000000000000000000000000000E
:1022D00000000000000000000000000000000000FE
:1022E00000000000000000000000000000000000EE
:1022F00000000000000000000000000000000000DE
:1023000000000000000000000000000000000000CD
:1023100000000000000000000000000000000000BD
:1023200000000000000000000000000000000000AD
:10233000000000000000000000000000000000009D
:10234000000000000000000000000000000000008D
:10235000000000000000000000000000000000007D
:10236000000000000000000000000000000000006D
:10237000000000000000000000000000000000005D
:10238000000000000000000000000000000000004D
:10239000000000000000000000000000000000003D
:1023A000000000000000000000000000000000002D
:1023B000000000000000000000000000000000001D
:1023C000000000000000000000000000000000000D
:1023D00000000000000000000000000000000000FD
:1023E00000000000000000000000000000000000ED
:1023F00000000000000000000000000000000000DD
:1024000000000000000000000000000000000000CC
:1024100000000000000000000000000000000000BC
:1024200000000000000000000000000000000000AC
:10243000000000000000000000000000000000009C
:10244000000000000000000000000000000000008C
:10245000000000000000000000000000000000007C
:10246000000000000000000000000000000000006C
:10247000000000000000000000000000000000005C
:10248000000000000000000000000000000000004C
:10249000000000000000000000000000000000003C
:1024A000000000000000000000000000000000002C
:1024B000000000000000000000000000000000001C
:1024C000000000000000000000000000000000000C
:1024D00000000000000000000000000000000000FC
:1024E00000000000000000000000000000000000EC
:1024F00000000000000000000000000000000000DC
:1025000000000000000000000000000000000000CB
:1025100000000000000000000000000000000000BB
:1025200000000000000000000000000000000000AB
:10253000000000000000000000000000000000009B
:10254000000000000000000000000000000000008B
:10255000000000000000000000000000000000007B
:10256000000000000000000000000000000000006B
:10257000000000000000000000000000000000005B
:10258000000000000000000000000000000000004B
:10259000000000000000000000000000000000003B
:1025A000000000000000000000000000000000002B
:1025B000000000000000000000000000000000001B
:1025C000000000000000000000000000000000000B
:1025D00000000000000000000000000000000000FB
:1025E00000000000000000000000000000000000EB
:1025F00000000000000000000000000000000000DB
:1026000000000000000000000000000000000000CA
:1026100000000000000000000000000000000000BA
:1026200000000000000000000000000000000000AA
:10263000000000000000000000000000000000009A
:10264000000000000000000000000000000000008A
:10265000000000000000000000000000000000007A
:10266000000000000000000000000000000000006A
:10267000000000000000000000000000000000005A
:10268000000000000000000000000000000000004A
:10269000000000000000000000000000000000003A
:1026A000000000000000000000000000000000002A
:1026B000000000000000000000000000000000001A
:1026C000000000000000000000000000000000000A
:1026D00000000000000000000000000000000000FA
:1026E00000000000000000000000000000000000EA
:1026F00000000000000000000000000000000000DA
:1027000000000000000000000000000000000000C9
:1027100000000000000000000000000000000000B9
:1027200000000000000000000000000000000000A9
:102730000000000000000000000000000000000099
:102740000000000000000000000000000000000089
:102750000000000000000000000000000000000079
:102760000000000000000000000000000000000069
:102770000000000000000000000000000000000059
:102780000000000000000000000000000000000049
:102790000000000000000000000000000000000039
:1027A0000000000000000000000000000000000029
:1027B0000000000000000000000000000000000019
:1027C0000000000000000000000000000000000009
:1027D00000000000000000000000000000000000F9
:1027E00000000000000000000000000000000000E9
:1027F00000000000000000000000000000000000D9
:1028000000000000000000000000000000000000C8
:1028100000000000000000000000000000000000B8
:1028200000000000000000000000000000000000A8
:102830000000000000000000000000000000000098
:102840000000000000000000000000000000000088
:102850000000000000000000000000000000000078
:102860000000000000000000000000000000000068
:102870000000000000000000000000000000000058
:102880000000000000000000000000000000000048
:102890000000000000000000000000000000000038
:1028A0000000000000000000000000000000000028
:1028B0000000000000000000000000000000000018
:1028C0000000000000000000000000000000000008
:1028D00000000000000000000000000000000000F8
:1028E00000000000000000000000000000000000E8
:1028F00000000000000000000000000000000000D8
:1029000000000000000000000000000000000000C7
:1029100000000000000000000000000000000000B7
:1029200000000000000000000000000000000000A7
:102930000000000000000000000000000000000097
:102940000000000000000000000000000000000087
:102950000000000000000000000000000000000077
:102960000000000000000000000000000000000067
:102970000000000000000000000000000000000057
:102980000000000000000000000000000000000047
:102990000000000000000000000000000000000037
:1029A0000000000000000000000000000000000027
:1029B0000000000000000000000000000000000017
:1029C0000000000000000000000000000000000007
:1029D00000000000000000000000000000000000F7
:1029E00000000000000000000000000000000000E7
:1029F00000000000000000000000000000000000D7
:102A000000000000000000000000000000000000C6
:102A100000000000000000000000000000000000B6
:102A200000000000000000000000000000000000A6
:102A30000000000000000000000000000000000096
:102A40000000000000000000000000000000000086
:102A50000000000000000000000000000000000076
:102A60000000000000000000000000000000000066
:102A70000000000000000000000000000000000056
:102A80000000000000000000000000000000000046
:102A90000000000000000000000000000000000036
:102AA0000000000000000000000000000000000026
:102AB0000000000000000000000000000000000016
:102AC0000000000000000000000000000000000006
:102AD00000000000000000000000000000000000F6
:102AE00000000000000000000000000000000000E6
:102AF00000000000000000000000000000000000D6
:102B000000000000000000000000000000000000C5
:102B100000000000000000000000000000000000B5
:102B200000000000000000000000000000000000A5
:102B30000000000000000000000000000000000095
:102B40000000000000000000000000000000000085
:102B50000000000000000000000000000000000075
:102B60000000000000000000000000000000000065
:102B70000000000000000000000000000000000055
:102B80000000000000000000000000000000000045
:102B90000000000000000000000000000000000035
:102BA0000000000000000000000000000000000025
:102BB0000000000000000000000000000000000015
:102BC0000000000000000000000000000000000005
:102BD00000000000000000000000000000000000F5
:102BE00000000000000000000000000000000000E5
:102BF00000000000000000000000000000000000D5
:102C000000000000000000000000000000000000C4
:102C100000000000000000000000000000000000B4
:102C200000000000000000000000000000000000A4
:102C30000000000000000000000000000000000094
:102C40000000000000000000000000000000000084
:102C50000000000000000000000000000000000074
:102C60000000000000000000000000000000000064
:102C70000000000000000000000000000000000054
:102C80000000000000000000000000000000000044
:102C90000000000000000000000000000000000034
:102CA0000000000000000000000000000000000024
:102CB0000000000000000000000000000000000014
:102CC0000000000000000000000000000000000004
:102CD00000000000000000000000000000000000F4
:102CE00000000000000000000000000000000000E4
:102CF00000000000000000000000000000000000D4
:102D000000000000000000000000000000000000C3
:102D100000000000000000000000000000000000B3
:102D200000000000000000000000000000000000A3
:102D30000000000000000000000000000000000093
:102D40000000000000000000000000000000000083
:102D50000000000000000000000000000000000073
:102D60000000000000000000000000000000000063
:102D70000000000000000000000000000000000053
:102D80000000000000000000000000000000000043
:102D90000000000000000000000000000000000033
:102DA0000000000000000000000000000000000023
:102DB0000000000000000000000000000000000013
:102DC0000000000000000000000000000000000003
:102DD00000000000000000000000000000000000F3
:102DE00000000000000000000000000000000000E3
:102DF00000000000000000000000000000000000D3
:102E000000000000000000000000000000000000C2
:102E100000000000000000000000000000000000B2
:102E200000000000000000000000000000000000A2
:102E30000000000000000000000000000000000092
:102E40000000000000000000000000000000000082
:102E50000000000000000000000000000000000072
:102E60000000000000000000000000000000000062
:102E70000000000000000000000000000000000052
:102E80000000000000000000000000000000000042
:102E90000000000000000000000000000000000032
:102EA0000000000000000000000000000000000022
:102EB0000000000000000000000000000000000012
:102EC0000000000000000000000000000000000002
:102ED00000000000000000000000000000000000F2
:102EE00000000000000000000000000000000000E2
:102EF00000000000000000000000000000000000D2
:102F000000000000000000000000000000000000C1
:102F100000000000000000000000000000000000B1
:102F200000000000000000000000000000000000A1
:102F30000000000000000000000000000000000091
:102F40000000000000000000000000000000000081
:102F50000000000000000000000000000000000071
:102F60000000000000000000000000000000000061
:102F70000000000000000000000000000000000051
:102F80000000000000000000000000000000000041
:102F90000000000000000000000000000000000031
:102FA0000000000000000000000000000000000021
:102FB0000000000000000000000000000000000011
:102FC0000000000000000000000000000000000001
:102FD00000000000000000000000000000000000F1
:102FE00000000000000000000000000000000000E1
:102FF00000000000000000000000000000000000D1
:1030000000000000000000000000000000000000C0
:1030100000000000000000000000000000000000B0
:1030200000000000000000000000000000000000A0
:103030000000000000000000000000000000000090
:103040000000000000000000000000000000000080
:103050000000000000000000000000000000000070
:103060000000000000000000000000000000000060
:103070000000000000000000000000000000000050
:103080000000000000000000000000000000000040
:103090000000000000000000000000000000000030
:1030A0000000000000000000000000000000000020
:1030B0000000000000000000000000000000000010
:1030C0000000000000000000000000000000000000
:1030D00000000000000000000000000000000000F0
:1030E00000000000000000000000000000000000E0
:1030F00000000000000000000000000000000000D0
:1031000000000000000000000000000000000000BF
:1031100000000000000000000000000000000000AF
:10312000000000000000000000000000000000009F
:10313000000000000000000000000000000000008F
:10314000000000000000000000000000000000007F
:10315000000000000000000000000000000000006F
:10316000000000000000000000000000000000005F
:10317000000000000000000000000000000000004F
:10318000000000000000000000000000000000003F
:10319000000000000000000000000000000000002F
:1031A000000000000000000000000000000000001F
:1031B000000000000000000000000000000000000F
:1031C00000000000000000000000000000000000FF
:1031D00000000000000000000000000000000000EF
:1031E00000000000000000000000000000000000DF
:1031F00000000000000000000000000000000000CF
:1032000000000000000000000000000000000000BE
:1032100000000000000000000000000000000000AE
:10322000000000000000000000000000000000009E
:10323000000000000000000000000000000000008E
:10324000000000000000000000000000000000007E
:10325000000000000000000000000000000000006E
:10326000000000000000000000000000000000005E
:10327000000000000000000000000000000000004E
:10328000000000000000000000000000000000003E
:10329000000000000000000000000000000000002E
:1032A000000000000000000000000000000000001E
:1032B000000000000000000000000000000000000E
:1032C00000000000000000000000000000000000FE
:1032D00000000000000000000000000000000000EE
:1032E00000000000000000000000000000000000DE
:1032F00000000000000000000000000000000000CE
:1033000000000000000000000000000000000000BD
:1033100000000000000000000000000000000000AD
:10332000000000000000000000000000000000009D
:10333000000000000000000000000000000000008D
:10334000000000000000000000000000000000007D
:10335000000000000000000000000000000000006D
:10336000000000000000000000000000000000005D
:10337000000000000000000000000000000000004D
:10338000000000000000000000000000000000003D
:10339000000000000000000000000000000000002D
:1033A000000000000000000000000000000000001D
:1033B000000000000000000000000000000000000D
:1033C00000000000000000000000000000000000FD
:1033D00000000000000000000000000000000000ED
:1033E00000000000000000000000000000000000DD
:1033F00000000000000000000000000000000000CD
:1034000000000000000000000000000000000000BC
:1034100000000000000000000000000000000000AC
:10342000000000000000000000000000000000009C
:10343000000000000000000000000000000000008C
:10344000000000000000000000000000000000007C
:10345000000000000000000000000000000000006C
:10346000000000000000000000000000000000005C
:10347000000000000000000000000000000000004C
:10348000000000000000000000000000000000003C
:10349000000000000000000000000000000000002C
:1034A000000000000000000000000000000000001C
:1034B000000000000000000000000000000000000C
:1034C00000000000000000000000000000000000FC
:1034D00000000000000000000000000000000000EC
:1034E00000000000000000000000000000000000DC
:1034F00000000000000000000000000000000000CC
:1035000000000000000000000000000000000000BB
:1035100000000000000000000000000000000000AB
:10352000000000000000000000000000000000009B
:10353000000000000000000000000000000000008B
:10354000000000000000000000000000000000007B
:10355000000000000000000000000000000000006B
:10356000000000000000000000000000000000005B
:10357000000000000000000000000000000000004B
:10358000000000000000000000000000000000003B
:10359000000000000000000000000000000000002B
:1035A000000000000000000000000000000000001B
:1035B000000000000000000000000000000000000B
:1035C00000000000000000000000000000000000FB
:1035D00000000000000000000000000000000000EB
:1035E00000000000000000000000000000000000DB
:1035F00000000000000000000000000000000000CB
:1036000000000000000000000000000000000000BA
:1036100000000000000000000000000000000000AA
:10362000000000000000000000000000000000009A
:10363000000000000000000000000000000000008A
:10364000000000000000000000000000000000007A
:10365000000000000000000000000000000000006A
:10366000000000000000000000000000000000005A
:10367000000000000000000000000000000000004A
:10368000000000000000000000000000000000003A
:10369000000000000000000000000000000000002A
:1036A000000000000000000000000000000000001A
:1036B000000000000000000000000000000000000A
:1036C00000000000000000000000000000000000FA
:1036D00000000000000000000000000000000000EA
:1036E00000000000000000000000000000000000DA
:1036F00000000000000000000000000000000000CA
:1037000000000000000000000000000000000000B9
:1037100000000000000000000000000000000000A9
:103720000000000000000000000000000000000099
:103730000000000000000000000000000000000089
:103740000000000000000000000000000000000079
:103750000000000000000000000000000000000069
:103760000000000000000000000000000000000059
:103770000000000000000000000000000000000049
:103780000000000000000000000000000000000039
:103790000000000000000000000000000000000029
:1037A0000000000000000000000000000000000019
:1037B0000000000000000000000000000000000009
:1037C00000000000000000000000000000000000F9
:1037D00000000000000000000000000000000000E9
:1037E00000000000000000000000000000000000D9
:1037F00000000000000000000000000000000000C9
:1038000000000000000000000000000000000000B8
:1038100000000000000000000000000000000000A8
:103820000000000000000000000000000000000098
:103830000000000000000000000000000000000088
:103840000000000000000000000000000000000078
:103850000000000000000000000000000000000068
:103860000000000000000000000000000000000058
:103870000000000000000000000000000000000048
:103880000000000000000000000000000000000038
:103890000000000000000000000000000000000028
:1038A0000000000000000000000000000000000018
:1038B0000000000000000000000000000000000008
:1038C00000000000000000000000000000000000F8
:1038D00000000000000000000000000000000000E8
:1038E00000000000000000000000000000000000D8
:1038F00000000000000000000000000000000000C8
:1039000000000000000000000000000000000000B7
:1039100000000000000000000000000000000000A7
:103920000000000000000000000000000000000097
:103930000000000000000000000000000000000087
:103940000000000000000000000000000000000077
:103950000000000000000000000000000000000067
:103960000000000000000000000000000000000057
:103970000000000000000000000000000000000047
:103980000000000000000000000000000000000037
:103990000000000000000000000000000000000027
:1039A0000000000000000000000000000000000017
:1039B0000000000000000000000000000000000007
:1039C00000000000000000000000000000000000F7
:1039D00000000000000000000000000000000000E7
:1039E00000000000000000000000000000000000D7
:1039F00000000000000000000000000000000000C7
:103A000000000000000000000000000000000000B6
:103A100000000000000000000000000000000000A6
:103A20000000000000000000000000000000000096
:103A30000000000000000000000000000000000086
:103A40000000000000000000000000000000000076
:103A50000000000000000000000000000000000066
:103A60000000000000000000000000000000000056
:103A70000000000000000000000000000000000046
:103A80000000000000000000000000000000000036
:103A90000000000000000000000000000000000026
:103AA0000000000000000000000000000000000016
:103AB0000000000000000000000000000000000006
:103AC00000000000000000000000000000000000F6
:103AD00000000000000000000000000000000000E6
:103AE00000000000000000000000000000000000D6
:103AF00000000000000000000000000000000000C6
:103B000000000000000000000000000000000000B5
:103B100000000000000000000000000000000000A5
:103B20000000000000000000000000000000000095
:103B30000000000000000000000000000000000085
:103B40000000000000000000000000000000000075
:103B50000000000000000000000000000000000065
:103B60000000000000000000000000000000000055
:103B70000000000000000000000000000000000045
:103B80000000000000000000000000000000000035
:103B90000000000000000000000000000000000025
:103BA0000000000000000000000000000000000015
:103BB0000000000000000000000000000000000005
:103BC00000000000000000000000000000000000F5
:103BD00000000000000000000000000000000000E5
:103BE00000000000000000000000000000000000D5
:103BF00000000000000000000000000000000000C5
:103C000000000000000000000000000000000000B4
:103C100000000000000000000000000000000000A4
:103C20000000000000000000000000000000000094
:103C30000000000000000000000000000000000084
:103C40000000000000000000000000000000000074
:103C50000000000000000000000000000000000064
:103C60000000000000000000000000000000000054
:103C70000000000000000000000000000000000044
:103C80000000000000000000000000000000000034
:103C90000000000000000000000000000000000024
:103CA0000000000000000000000000000000000014
:103CB0000000000000000000000000000000000004
:103CC00000000000000000000000000000000000F4
:103CD00000000000000000000000000000000000E4
:103CE00000000000000000000000000000000000D4
:103CF00000000000000000000000000000000000C4
:103D000000000000000000000000000000000000B3
:103D100000000000000000000000000000000000A3
:103D20000000000000000000000000000000000093
:103D30000000000000000000000000000000000083
:103D40000000000000000000000000000000000073
:103D50000000000000000000000000000000000063
:103D60000000000000000000000000000000000053
:103D70000000000000000000000000000000000043
:103D80000000000000000000000000000000000033
:103D90000000000000000000000000000000000023
:103DA0000000000000000000000000000000000013
:103DB0000000000000000000000000000000000003
:103DC00000000000000000000000000000000000F3
:103DD00000000000000000000000000000000000E3
:103DE00000000000000000000000000000000000D3
:103DF00000000000000000000000000000000000C3
:103E000000000000000000000000000000000000B2
:103E100000000000000000000000000000000000A2
:103E20000000000000000000000000000000000092
:103E30000000000000000000000000000000000082
:103E40000000000000000000000000000000000072
:103E50000000000000000000000000000000000062
:103E60000000000000000000000000000000000052
:103E70000000000000000000000000000000000042
:103E80000000000000000000000000000000000032
:103E90000000000000000000000000000000000022
:103EA0000000000000000000000000000000000012
:103EB0000000000000000000000000000000000002
:103EC00000000000000000000000000000000000F2
:103ED00000000000000000000000000000000000E2
:103EE00000000000000000000000000000000000D2
:103EF00000000000000000000000000000000000C2
:103F000000000000000000000000000000000000B1
:103F100000000000000000000000000000000000A1
:103F20000000000000000000000000000000000091
:103F30000000000000000000000000000000000081
:103F40000000000000000000000000000000000071
:103F50000000000000000000000000000000000061
:103F60000000000000000000000000000000000051
:103F70000000000000000000000000000000000041
:103F80000000000000000000000000000000000031
:103F90000000000000000000000000000000000021
:103FA0000000000000000000000000000000000011
:103FB0000000000000000000000000000000000001
:103FC00000000000000000000000000000000000F1
:103FD00000000000000000000000000000000000E1
:103FE00000000000000000000000000000000000D1
:103FF00000000000000000000000000000000000C1
:10400000374100001301010BE7000100130000001D
:1040100000000000000000000000000000000000A0
:10402000232E11FE232C51FE232A61FE232871FE2C
:104030002326A1FE2324B1FE2322C1FE2320D1FE8C
:10404000232EE1FC232CF1FC232A01FD232811FD62
:104050002326C1FD2324D1FD2322E1FD2320F1FDF0
:10406000130101FCEF90822D8320C1038322810381
:1040700003234103832301030325C1028325810216
:1040800003264102832601020327C1018327810100
:104090000328410183280101032EC100832E8100E2
:1040A000032F4100832F010013010104730020300E
:1040B00097A10000938101A217310000130181F63E
:1040C0001385019B97A50000938545FE6308B50005
:1040D00023200500130545006FF05FFF175505000D
:1040E0001305851E1301C1FF975505009385051E15
:1040F000630EB50083260500130545002320A100AB
:10410000E7800600032501006FF01FFE1301410048
:104110003715000013050588372500001305858035
:10412000EFA0530C6F00000013000000130000000C
:08413000130000001300000061
:1070200073696E676C655F636F6E765F696E7438E7
:107030002E74666C69746500300000005A746153E8
:1070400074617475732054454E534F523A3A7365C8
:107050007444617461547970652854656E736F72FD
:107060004461746154797065290000006261736540
:107070002F74656E736F722E637070006D5F73692D
:107080007A65203C2028313C3C2844505F414444F0
:10709000525F57494454482D312929005A7461538D
:1070A00074617475732054454E534F523A3A616C73
:1070B0006C6F63617465285A54415F53484152456F
:1070C000445F4D454D290000766563746F723A3A0E
:1070D0005F4D5F7265616C6C6F635F617070656E50
:1070E000640000006F746865722D3E6D5F73697A8D
:1070F000653D3D6D5F73697A650000005A746153A8
:1071000074617475732054454E534F523A3A416C32
:107110006961732854454E534F522A2900000000DC
:10712000726200007175657565203C2047524150C0
:10713000485F4D41585F494E5354414E434500000E
:1071400047726170683A3A47726170682829000096
:10715000626173652F67726170682E6370700000E2
:10716000737461746963205A7461537461747573C4
:107170002047726170684E6F64653A3A4368656390
:107180006B526573706F6E7365282900636E74208F
:107190003C3D204D41585F434F4E434154454E4185
:1071A000544500007669727475616C205A7461539D
:1071B0007461747573204E657572616C4E65744CA4
:1071C00061796572436F6E6361743A3A4576616CBA
:1071D0007561746528696E742900000061707073B0
:1071E0002F6E6E2F6E6E5F636F6E6361742E6370B1
:1071F000700000006F705F696E6465783A202564E6
:107200002C206F705F6F75747075745F7368617038
:10721000653A2025640A00007669727475616C20F5
:107220005A7461537461747573204E657572616C24
:107230004E65744C61796572436F6E7632443A3AAA
:107240004576616C7561746528696E74290000006B
:10725000617070732F6E6E2F6E6E5F636F6E76321D
:10726000642E63707000000072616E6765203E3DA1
:107270002030000073746174696320696E74313664
:107280005F74204E657572616C4E65744C617965F2
:1072900072436F6E7632443A3A5370754576616C3C
:1072A00041637469766174696F6E28696E743136F2
:1072B0005F742C20766F69642A2C2075696E743394
:1072C000325F742C2075696E7433325F742900004C
:1072D0007374643A3A61627328686929203C2072A9
:1072E000616E676500000000766F6964204E657509
:1072F00072616C4E65744C61796572436F6E763263
:10730000443A3A47656E4269617328696E74333254
:107310005F742A2C20696E742C20696E7433325F7E
:10732000742C20766F69642A2A2C20766F69642A6F
:107330002A2900002868692A72616E67652B6C6FC4
:10734000293D3D76000000004E657572616C4E650A
:10735000744C617965722A204E657572616C4E6558
:10736000743A3A4372656174654C61796572286953
:107370006E742C204E657572616C4E65744F70652D
:107380007261746F724465662A29000061707073BF
:107390002F6E6E2F6E6E2E63707000006C617965BB
:1073A0007249643D3D2828696E74296D5F6F706570
:1073B0007261746F72732E73697A6528292D312971
:1073C000000000005A7461537461747573204E6537
:1073D0007572616C4E65743A3A41737369676E4FAA
:1073E000757470757454656E736F727328626F6F05
:1073F0006C2900005A7461537461747573204E6572
:107400007572616C4E65743A3A4C6F6164456E6496
:107410002829000063757272656E74207461736B45
:107420002074696D653A20256C640A000D0A00001D
:107430006275666964203E3D203000005A746153D5
:107440007461747573204E657572616C4E65743A23
:107450003A427566666572416C6C6F63617465284B
:10746000696E742C2054454E534F522A2900000057
:10747000617070732F6E6E2F6E6E5F7574696C2EF7
:10748000637070006D5F6275664C73745B627566E5
:1074900069645D2E737A3D3D2873697A655F74294E
:1074A0005F74656E736F722D3E4765744275664CEE
:1074B000656E2829000000005A7461537461747568
:1074C00073204E657572616C4E65743A3A4275660A
:1074D000666572416C6C6F63617465507265706152
:1074E000726528696E742C204E657572616C4E65EC
:1074F0007454656E736F72547970652C2073697A59
:10750000655F742C20626F6F6C2C20626F6F6C292A
:10751000000000006D5F6275664C73745B62756697
:1075200069645D2E737A3D3D737A00006D5F66700D
:10753000000000007669727475616C205A746153A2
:1075400074617475732054666C6974654E6E3A3A52
:1075500056657269667928290000000061707073B1
:107560002F6E6E2F74662E637070000069203C20B1
:1075700073697A6528290000666C617462756666B5
:107580006572733A3A566563746F723C542C20539B
:10759000697A65543E3A3A72657475726E5F7479B1
:1075A000706520666C6174627566666572733A3ADE
:1075B000566563746F723C542C2053697A65543E4F
:1075C0003A3A4765742853697A65542920636F6E87
:1075D0007374205B776974682054203D20666C6F5B
:1075E00061743B2053697A6554203D206C6F6E674F
:1075F00020756E7369676E656420696E743B2072D6
:10760000657475726E5F74797065203D20666C6F6D
:1076100061745D002E2F617070732F6E6E2F666C1B
:1076200061746275666665722F666C6174627566F8
:10763000666572732F766563746F722E6800000042
:10764000666C6174627566666572733A3A56656314
:10765000746F723C542C2053697A65543E3A3A72E6
:10766000657475726E5F7479706520666C617462A2
:107670007566666572733A3A566563746F723C5408
:107680002C2053697A65543E3A3A47657428536909
:107690007A65542920636F6E7374205B7769746810
:1076A0002054203D206C6F6E6720696E743B205320
:1076B000697A6554203D206C6F6E6720756E736922
:1076C000676E656420696E743B2072657475726EB6
:1076D0005F74797065203D206C6F6E6720696E74F1
:1076E0005D000000696E7075742077696474683A93
:1076F0002025642C20696E70757420686569676840
:10770000743A2025643B2066696C7465725F776902
:107710006474683A2025642C2066696C7465722054
:107720006865696768743A2025640A006F702D3EA9
:10773000696E7075747328292D3E73697A652829DE
:107740003D3D330070616464696E673A20256C6466
:107750002C20256C640A00006D756C7469706C696E
:1077600065723A20256C642C2073686966743A202F
:10777000256C640A000000006F66667365742069FA
:107780006E7075743A20256C642C20776569676883
:1077900074733A20256C642C206F75747075743A7C
:1077A00020256C640A0000006F702D3E696E7075B4
:1077B000747328292D3E73697A652829203C20544A
:1077C000464C4954455F4D41585F4E554D5F494EBB
:1077D000505554006164645F706172616D730000A4
:1077E0006F702D3E696E7075747328292D3E736914
:1077F0007A6528293D3D32006F702D3E6F7574709B
:1078000075747328292D3E73697A6528293D3D31A9
:10781000000000006F702D3E696E7075747328292A
:107820002D3E73697A6528293D3D3100706F6F6C7C
:107830005F706172616D730054464C6974655F449A
:107840006574656374696F6E5F506F737450726FA7
:107850006365737300000000556E6B6E6F776E206A
:107860006F70636F64653A20256C640A0000000045
:10787000715F6669786564203C3D2028316C6C201E
:107880003C3C203331290000766F69642054666CDB
:107890006974654E6E3A3A5175616E74697A654DD8
:1078A000756C7469706C69657228646F75626C655B
:1078B0002C20696E7433325F742A2C20696E742A0E
:1078C00029000000617070732F6E6E2F74665F75F3
:1078D00074696C2E63707000646F75626C655F6DA7
:1078E000756C7469706C696572203C20312E0000E3
:1078F000766F69642054666C6974654E6E3A3A51CD
:1079000075616E74697A654D756C7469706C6965C2
:1079100072536D616C6C65725468616E4F6E654533
:10792000787028646F75626C652C20696E743332D0
:107930005F742A2C20696E7433325F742A29000028
:10794000646F75626C655F6D756C7469706C696588
:1079500072203E20302E00007368696674203C3D22
:107960002030000072633D3D5A7461537461747538
:10797000734F6B00696E7420746573745F6D6F6410
:10798000656C5F322829000073696D2F746573740C
:107990005F66632E637070002C2066756E63746979
:1079A0006F6E3A2000000000617373657274696F36
:1079B0006E2022257322206661696C65643A206618
:1079C000696C6520222573222C206C696E65202548
:1079D00064257325730A000030313233343536376D
:1079E00038394142434445460000000030313233CB
:1079F00034353637383961626364656600000000EB
:107A0000286E756C6C290000494E4600696E660050
:107A10004E414E006E616E0043000000504F5349CE
:107A200058000000496E66696E69747900000000B4
:107A30004E614E0042616C6C6F63207375636365C9
:107A400065646564000000002F686F6D652F6B65CD
:107A500076696E2F776F726B6469722F72697363C8
:107A6000762D676E752D746F6F6C636861696E2F0C
:107A70006E65776C69622F6E65776C69622F6C69D1
:107A800062632F7374646C69622F6764746F612D15
:107A9000646D6973632E63002F686F6D652F6B656E
:107AA00076696E2F776F726B6469722F7269736378
:107AB000762D676E752D746F6F6C636861696E2FBC
:107AC0006E65776C69622F6E65776C69622F6C6981
:107AD00062632F7374646C69622F6D707265632EBC
:107AE000630000007465726D696E61746520636186
:107AF0006C6C6564207265637572736976656C7908
:107B00000A0000007465726D696E617465206361BE
:107B10006C6C6564206166746572207468726F773E
:107B2000696E6720616E20696E7374616E63652093
:107B30006F66202700000000270A00007465726D40
:107B4000696E6174652063616C6C6564207769742B
:107B5000686F757420616E20616374697665206555
:107B60007863657074696F6E0A0000002020776882
:107B7000617428293A2020006E6F7420656E6F753D
:107B8000676820737061636520666F7220666F722C
:107B90006D617420657870616E73696F6E20285016
:107BA0006C65617365207375626D69742066756CB0
:107BB0006C20627567207265706F7274206174202A
:107BC00068747470733A2F2F6763632E676E752E17
:107BD0006F72672F627567732F293A0A2020202061
:107BE0000000000030313233343536373839000088
:107BF00062617369635F737472696E673A3A5F4D6D
:107C00005F6372656174650025733A205F5F706F12
:107C1000732028776869636820697320257A75293D
:107C2000203E20746869732D3E73697A6528292087
:107C300028776869636820697320257A75290000B0
:107C400062617369635F737472696E673A3A6174F3
:107C50003A205F5F6E202877686963682069732027
:107C6000257A7529203E3D20746869732D3E73691D
:107C70007A65282920287768696368206973202538
:107C80007A75290062617369635F737472696E67E4
:107C90003A3A65726173650062617369635F737418
:107CA00072696E673A3A5F4D5F7265706C616365C9
:107CB0005F6175780000000062617369635F7374CF
:107CC00072696E673A3A696E7365727400000000FB
:107CD00062617369635F737472696E673A3A726561
:107CE000706C61636500000062617369635F737447
:107CF00072696E673A3A5F4D5F7265706C61636579
:107D00000000000062617369635F737472696E677B
:107D10003A3A61737369676E0000000062617369CB
:107D2000635F737472696E673A3A617070656E640E
:107D30000000000062617369635F737472696E674B
:107D40003A3A636F7079000062617369635F7374BC
:107D500072696E673A3A636F6D7061726500000018
:107D600062617369635F737472696E673A20636FEF
:107D70006E737472756374696F6E2066726F6D20B6
:107D80006E756C6C206973206E6F742076616C69FF
:107D90006400000062617369635F737472696E6787
:107DA0003A3A62617369635F737472696E67000067
:107DB00062617369635F737472696E673A3A73756F
:107DC0006273747200000000737472696E673A3AED
:107DD000737472696E6700007374643A3A62616426
:107DE0005F616C6C6F6300007374643A3A62616443
:107DF0005F61727261795F6E65775F6C656E6774E3
:107E0000680000007374643A3A6261645F6361738E
:107E1000740000007374643A3A6261645F7479704C
:107E200065696400256400005F474C4F42414C5F28
:107E30000000000028616E6F6E796D6F7573206EA3
:107E4000616D657370616365290000005B61626943
:107E50003A0000002C2000003A3A00007B6465667E
:107E600061756C7420617267230000007D3A3A00EE
:107E70006175746F3A00000074656D706C617465B3
:107E800020706172616D65746572206F626A6563EE
:107E90007420666F72200000696E697469616C6994
:107EA0007A657220666F72206D6F64756C65200054
:107EB000767461626C6520666F722000565454209F
:107EC000666F722000000000636F6E7374727563DA
:107ED00074696F6E20767461626C6520666F7220C3
:107EE000000000002D696E2D00000000747970659F
:107EF000696E666F20666F7220000000747970658D
:107F0000696E666F206E616D6520666F722000007D
:107F100074797065696E666F20666E20666F722078
:107F2000000000006E6F6E2D7669727475616C20B2
:107F30007468756E6B20746F20000000636F76614B
:107F40007269616E742072657475726E20746875E2
:107F50006E6B20746F2000006A61766120436C6153
:107F6000737320666F72200067756172642076619A
:107F7000726961626C6520666F722000544C5320F8
:107F8000696E69742066756E6374696F6E20666FC2
:107F900072200000544C532077726170706572201B
:107FA00066756E6374696F6E20666F7220000000E4
:107FB0007265666572656E63652074656D706F725B
:107FC000617279202300000068696464656E206135
:107FD0006C69617320666F72200000006E6F6E2DF9
:107FE0007472616E73616374696F6E20636C6F6E1F
:107FF0006520666F722000006F70657261746F7229
:10800000000000006F70657261746F7220000000E4
:1080100061640000735A0000735000006773000031
:108020006E7800003E280000636C00006978000054
:1080300071750000203A20006E6577200000000076
:10804000756C00006C6C0000756C6C0066616C7384
:108050006500000074727565000000006A61766159
:10806000207265736F757263652000006465636CD0
:1080700074797065202800002E2E2E0074686973B4
:10808000000000007B7061726D230000676C6F62FE
:10809000616C20636F6E7374727563746F7273209A
:1080A0006B6579656420746F20000000676C6F62F7
:1080B000616C2064657374727563746F7273206B86
:1080C0006579656420746F20000000007B6C616D31
:1080D00062646100292300007B756E6E616D6564CA
:1080E0002074797065230000205B636C6F6E6520DF
:1080F000000000005B667269656E645D0000000050
:10810000747970656E616D650000000074656D7056
:108110006C6174650000000020636C617373000083
:108120002072657175697265732000002072657335
:10813000747269637400000020766F6C6174696CFE
:108140006500000020636F6E73740000207472611C
:108150006E73616374696F6E5F73616665000000C2
:10816000206E6F657863657074000000207468721B
:108170006F77000026260000205F436F6D706C65EE
:1081800078000000205F496D6167696E6172790057
:108190003A3A2A00205F5F766563746F72280000A8
:1081A0007468697320000000282E2E2E0000000045
:1081B0002E2E2E2900000000202E2E2E2000000042
:1081C0006465636C74797065286E756C6C7074721C
:1081D00029000000737472696E67206C697465729F
:1081E000616C0000737464006175746F00000000BE
:1081F0006465636C74797065286175746F2900001B
:108200006C69000064690000647400007074000010
:108210006458000024540000244E000024545400EC
:108220007374643A3A616C6C6F6361746F720000CE
:10823000616C6C6F6361746F720000007374643AF8
:108240003A62617369635F737472696E67000000FC
:1082500062617369635F737472696E670000000026
:108260007374643A3A737472696E67007374643A33
:108270003A62617369635F737472696E673C6368C5
:1082800061722C207374643A3A636861725F74722D
:10829000616974733C636861723E2C207374643A44
:1082A0003A616C6C6F6361746F723C636861723EBB
:1082B000203E00007374643A3A6973747265616DAC
:1082C000000000007374643A3A62617369635F6925
:1082D00073747265616D3C636861722C20737464A1
:1082E0003A3A636861725F7472616974733C63687F
:1082F00061723E203E00000062617369635F6973D2
:10830000747265616D0000007374643A3A6F73743F
:108310007265616D000000007374643A3A626173C3
:1083200069635F6F73747265616D3C636861722C21
:10833000207374643A3A636861725F74726169743D
:10834000733C636861723E203E00000062617369A5
:10835000635F6F73747265616D0000007374643ADB
:108360003A696F73747265616D0000007374643AEA
:108370003A62617369635F696F73747265616D3CC2
:10838000636861722C207374643A3A636861725F47
:108390007472616974733C636861723E203E0000D0
:1083A00062617369635F696F73747265616D000008
:1083B000614E0000263D0000615300003D000000BA
:1083C0006161000026000000616E0000616C696759
:1083D0006E6F66200000000061770000636F5F61D0
:1083E0007761697420000000617A00006363000017
:1083F000636F6E73745F636173740000636D00007C
:108400002C000000636F00007E0000006456000036
:108410002F3D00005B2E2E2E5D3D000064610000AC
:1084200064656C6574655B5D20000000646300003A
:1084300064796E616D69635F63617374000000004D
:10844000646500002A000000646C000064656C65CF
:1084500074652000647300002E2A0000647600001A
:108460002F00000064780000654F00005E3D0000B2
:10847000656F00005E000000657100003D3D00007A
:10848000664C000066520000666C000066720000D8
:108490003E3D0000677400005B5D00006C5300000F
:1084A0003C3C3D003C3D00006F70657261746F7232
:1084B000222220006C7300003C3C00006C74000021
:1084C0003C0000006D4900002D3D00006D4C000097
:1084D0002A3D00006D6900002D0000006D6C000059
:1084E0006D6D00002D2D00006E6100006E65775BE4
:1084F0005D0000006E650000213D00006E7400000C
:10850000210000006E7700006E6577006E6F657861
:1085100063657074000000006F5200007C3D000035
:108520006F6F00007C7C00007C000000704C00003D
:108530002B3D0000706C00002B000000706D0000EF
:108540002D3E2A002B2B0000707300002D3E0000F2
:108550003F000000724D0000253D000072530000F6
:108560003E3E3D00726300007265696E7465727014
:108570007265745F6361737400000000726D0000C7
:1085800025000000727300003E3E000073697A65AA
:108590006F662E2E2E0000007363000073746174EA
:1085A00069635F63617374003C3D3E0073697A6583
:1085B0006F662000747200007468726F77000000AC
:1085C000747700007468726F772000007369676EBB
:1085D0006564206368617200626F6F6C0000000068
:1085E000626F6F6C65616E0063686172000000000D
:1085F0006279746500000000646F75626C6500004C
:108600006C6F6E6720646F75626C6500666C6F617D
:10861000740000005F5F666C6F6174313238000077
:10862000756E7369676E656420636861720000002F
:10863000696E7400756E7369676E656420696E7427
:1086400000000000756E7369676E656400000000CD
:10865000756E7369676E6564206C6F6E67000000ED
:108660005F5F696E7431323800000000756E7369A7
:10867000676E6564205F5F696E7431323800000098
:1086800073686F7274000000756E7369676E65645D
:108690002073686F72740000766F696400000000D8
:1086A00077636861725F74006C6F6E67206C6F6EC9
:1086B00067000000756E7369676E6564206C6F6E8D
:1086C00067206C6F6E670000646563696D616C3371
:1086D00032000000646563696D616C36340000002F
:1086E000646563696D616C313238000068616C6685
:1086F0000000000063686172385F74006368617233
:1087000031365F74000000006368617233325F7459
:10871000000000005F466C6F617400007374643A7F
:108720003A62666C6F617431365F740062617369BE
:10873000635F737472696E675F766965773A3A73DF
:10874000756273747200000025733A205F5F706F6A
:10875000732028776869636820697320257A7529F2
:10876000203E205F5F73697A6520287768696368B7
:1087700020697320257A752900000000474C494282
:108780004358585F54554E41424C45530000000039
:10879000676C69626378782E65685F706F6F6C00D4
:1087A0006F626A5F73697A65000000006F626A5FDA
:1087B000636F756E740000007374643A3A65786391
:1087C000657074696F6E00007374643A3A62616434
:1087D0005F657863657074696F6E000062617369CC
:1087E000635F737472696E673A3A5F535F63726571
:1087F0006174650062617369635F737472696E6747
:108800003A3A726573697A650000000062617369C3
:10881000635F737472696E673A3A5F535F636F6E3A
:10882000737472756374206E756C6C206E6F742037
:1088300076616C69640000003A200000646566613E
:10884000756C74006D7431393933370070726E672E
:108850000000000072616E646F6D5F64657669632D
:10886000653A3A5F4D5F696E69745F7072657472E4
:108870003128636F6E7374207374643A3A73747240
:10888000696E67262900000067656E65726963007E
:1088900073797374656D0000556E6B6E6F776E2023
:1088A0006572726F720000005375636365737300C5
:1088B0004E6F74206F776E65720000004E6F2073EC
:1088C0007563682066696C65206F722064697265E3
:1088D00063746F72790000004E6F207375636820B7
:1088E00070726F6365737300496E74657272757030
:1088F0007465642073797374656D2063616C6C00BA
:10890000492F4F206572726F720000004E6F207306
:1089100075636820646576696365206F72206164A1
:108920006472657373000000417267206C69737430
:1089300020746F6F206C6F6E670000004578656370
:1089400020666F726D6174206572726F7200000034
:10895000536F636B657420616C7265616479206329
:108960006F6E6E6563746564000000004261642090
:1089700066696C65206E756D626572004E6F20636E
:1089800068696C6472656E0044657374696E6174C5
:10899000696F6E20616464726573732072657175AE
:1089A00069726564000000004E6F206D6F72652073
:1089B00070726F6365737365730000004E6F74208F
:1089C000656E6F75676820737061636500000000F5
:1089D0005065726D697373696F6E2064656E696549
:1089E0006400000042616420616464726573730016
:1089F000446576696365206F72207265736F757266
:108A0000636520627573790046696C6520657869D5
:108A10007374730043726F73732D64657669636555
:108A2000206C696E6B0000004E6F207375636820C8
:108A300064657669636500004E6F74206120646927
:108A4000726563746F727900486F73742069732064
:108A5000646F776E00000000436F6E6E656374692B
:108A60006F6E20616C726561647920696E2070722E
:108A70006F677265737300004973206120646972C7
:108A80006563746F72790000496E76616C69642069
:108A9000617267756D656E74000000004E657477D5
:108AA0006F726B20696E74657266616365206973AD
:108AB000206E6F7420636F6E6669677572656400FF
:108AC000436F6E6E656374696F6E2061626F72745E
:108AD0006564206279206E6574776F726B000000A8
:108AE000546F6F206D616E79206F70656E206669BE
:108AF0006C657320696E2073797374656D00000076
:108B000046696C652064657363726970746F722066
:108B100076616C756520746F6F206C61726765009B
:108B20004E6F7420612063686172616374657220A6
:108B30006465766963650000546578742066696CC5
:108B4000652062757379000046696C6520746F6FEB
:108B5000206C617267650000486F73742069732030
:108B6000756E726561636861626C65004E6F20733B
:108B700070616365206C656674206F6E2064657635
:108B8000696365004E6F7420737570706F727465E1
:108B900064000000496C6C6567616C207365656BEF
:108BA00000000000526561642D6F6E6C792066696B
:108BB0006C652073797374656D000000546F6F20CD
:108BC0006D616E79206C696E6B73000042726F6B21
:108BD000656E2070697065004D617468656D6174C3
:108BE00069637320617267756D656E74206F75744B
:108BF000206F6620646F6D61696E206F66206675F8
:108C00006E6374696F6E0000526573756C742074C6
:108C10006F6F206C61726765000000004E6F206D01
:108C2000657373616765206F66206465736972653B
:108C300064207479706500004964656E74696669C2
:108C400065722072656D6F7665640000496C6C65B5
:108C500067616C20627974652073657175656E63F8
:108C600065000000446561646C6F636B0000000088
:108C70004E6574776F726B20697320756E726561D3
:108C8000636861626C6500004E6F206C6F636B00FF
:108C90004E6F7420612073747265616D0000000076
:108CA00053747265616D20696F63746C2074696DB3
:108CB000656F7574000000004E6F207374726561FB
:108CC0006D207265736F7572636573005669727497
:108CD00075616C20636972637569742069732067BC
:108CE0006F6E650050726F746F636F6C2065727287
:108CF0006F720000556E6B6E6F776E2070726F74BE
:108D00006F636F6C000000004D756C7469686F7064
:108D100020617474656D7074656400004261642044
:108D20006D6573736167650046756E6374696F6E18
:108D3000206E6F7420696D706C656D656E7465640E
:108D4000000000004469726563746F7279206E6F71
:108D50007420656D7074790046696C65206F7220AF
:108D600070617468206E616D6520746F6F206C6F28
:108D70006E670000546F6F206D616E792073796D9E
:108D8000626F6C6963206C696E6B73004E6F20625A
:108D900075666665722073706163652061766169CE
:108DA0006C61626C650000004E6F2064617461004C
:108DB000416464726573732066616D696C79206EBD
:108DC0006F7420737570706F72746564206279209F
:108DD00070726F746F636F6C2066616D696C79007F
:108DE00050726F746F636F6C2077726F6E67207450
:108DF00079706520666F7220736F636B6574000015
:108E0000536F636B6574206F7065726174696F6E08
:108E1000206F6E206E6F6E2D736F636B6574000034
:108E200050726F746F636F6C206E6F742061766127
:108E3000696C61626C650000436F6E6E6563746996
:108E40006F6E20726566757365640000436F6E6EA9
:108E5000656374696F6E2072657365742062792032
:108E60007065657200000000416464726573732070
:108E7000616C726561647920696E207573650000AC
:108E800041646472657373206E6F742061766169EA
:108E90006C61626C65000000536F66747761726587
:108EA0002063617573656420636F6E6E65637469BA
:108EB0006F6E2061626F727400000000536F636B0D
:108EC0006574206973206E6F7420636F6E6E6563C6
:108ED00074656400536F636B657420697320616C03
:108EE000726561647920636F6E6E6563746564009A
:108EF0004F7065726174696F6E2063616E63656C3B
:108F0000656400005374617465206E6F742072652F
:108F1000636F76657261626C650000005072657601
:108F2000696F7573206F776E657220646965640080
:108F30004F7065726174696F6E206E6F7420737507
:108F400070706F72746564206F6E20736F636B65F1
:108F50007400000056616C756520746F6F206C6141
:108F600072676520666F7220646566696E6564204D
:108F70006461746120747970650000004D657373DD
:108F800061676520746F6F206C6F6E670000000072
:108F9000436F6E6E656374696F6E2074696D65648E
:108FA000206F7574000000001C00000054464C3314
:108FB000140020001C001800140010000C00000019
:108FC00008000400140000001C0000008C000000D9
:108FD000E400000094070000A4070000280B000034
:108FE00003000000010000001000000000000A0063
:108FF00010000C00080004000A0000000C00000033
:109000001C000000380000000F000000736572763D
:10901000696E675F64656661756C740001000000CD
:10902000040000009CFFFFFF03000000040000009C
:10903000060000006F757470757400000100000078
:109040000400000022F9FFFF0400000005000000FA
:10905000696E7075740000000200000034000000AA
:1090600004000000DCFFFFFF060000000400000019
:1090700013000000434F4E56455253494F4E5F4D2B
:10908000455441444154410008000C0008000400CC
:1090900008000000050000000400000013000000AC
:1090A0006D696E5F72756E74696D655F76657273FA
:1090B000696F6E0007000000AC060000A00600000B
:1090C00068060000940000008C0000006C000000A6
:1090D00004000000B2F9FFFF040000005800000087
:1090E0000C00000008000E0008000400080000004A
:1090F0001000000028000000000006000800040026
:10910000060000000400000001000000EB03000066
:1091100000000A0010000C00080004000A00000013
:109120000100000002000000040000000600000032
:10913000322E31352E30000016FAFFFF04000000F9
:1091400010000000312E31342E30000000000000ED
:1091500000000000F4F9FFFF36FAFFFF04000000F2
:10916000BE050000F3DE08A42228324B9D6E4A069D
:1091700044CC612F4D77F50398AF7A23E92ACDB41B
:1091800048D250EDC0BDD28E7F939FE95CBF6CBDCD
:109190005C66572D753782A91FB466981C645EFE05
:1091A000D4BFB3BEC5CCB210F1B707BDB582C738C6
:1091B000223D5EB0A15D7EB4D04C4C551600B9D7AF
:1091C0008CB62081AA9406CC241D8D3FCD319FC240
:1091D000D7069B6C5AF296B6E337B1D0DA06D13394
:1091E000594FF7ECB3F4C3485A1DC82CE21588D286
:1091F000DC93AE9803EF7B4D88F366FC8C9BB86FD5
:109200004482F7297B87E09A6F7FE3D3069F8E65C0
:10921000491D2144EAD5F802DEB33E3B2D98B5D175
:109220004ECC6E79485FF4B50B580CCD6722F8FF31
:109230004AC64B079ADA1E1C3C7E21C2865C6DD35F
:1092400090FF228B40E35B3A09BBAF044078BAF44D
:10925000DF4B26E0DD590075E531243AAF20C82BFD
:10926000390E2D77D9796CC00E6BB49E5E780DEAFD
:10927000CB56E04D6704EFBA8C0B236B7014D6BE4F
:109280000922F66F1AD9D3E44B9E5430C0B0C09176
:10929000946988148F6CE05E35C3DB60865B3B1A93
:1092A000CBF584EFF574C5A44E6B58F12D08817889
:1092B0001C654FAF4B18B51D33216B6321AECA75CA
:1092C00019155EC1792ED63D1105D164D77E8E90D9
:1092D000843636AF5CF5AC55B50B6C312A324A8119
:1092E00081313194E7A004E74EFA1AAB36D6C66551
:1092F0008F1289568720FB1E5E4DE061F032825747
:10930000220D98074EF2A14166C071643444B32522
:10931000D2A75D93CC3C2D8E6672A914719515B2BF
:10932000AE64E479F0614EF59640A643ABBD0EEA1B
:10933000C639BC1D003055FDBE91CC27BDA48ADDC9
:109340005C1ECFFE6561026A09207F0EEE107A0472
:10935000E3FF97746B565DFF317884A567CC83ED8E
:10936000A88258AE086555FCED789F0864255379AE
:109370002550A9A136BA0800EEC566E3FA2A9F2057
:109380004AEC46AE5D32C3312FBD464A38A1E4E017
:109390009F53AB8785FB60E531A7BAA1EAA271575D
:1093A000A896AD9AC2F5EED32C9FF0FA09FA8C0D6F
:1093B000AE72DDFCE05EE83389C4F5E599C8834B05
:1093C000C0927BCF812C8DD558CDBD39FE6AE90482
:1093D000035C1416C41503961B2ECC50588959CE25
:1093E000389955B7137092C29EE77CD9D5ED5025B8
:1093F000DB9BBD52A15ECE459684133A8D7B10F067
:109400004540563ABDAA612453E03DDA14F5409F29
:10941000FF793A3DEDF9F5F937F7D365B6DDF4D8C4
:10942000913BA7006032A0B31BCB5F79D40CF561F0
:109430002546444F669D3A2620051CEF2E0A13460A
:109440004453412675CDACD97BDFA61CDCE76250C6
:1094500040206FED76EA7685BD56D4D02A91BD8D39
:10946000756D70DD87E54AD9165B6EDD57835E1337
:1094700086E2C9705D0F45AABE5D7BC4F72FF01D63
:10948000FF08EB7FB248977205F8E6B2B49E468EAD
:10949000C3D7B422C9E0994973465813DC04A6B077
:1094A00023AA1A4BFBDDAA694FCDCB7734FF926E0E
:1094B0001B7EC5B749FBB4E46425437C5CE6C2ACC3
:1094C0000EE57E6BE056C30130AA2519314D3ECC26
:1094D000C3C01B6C923E14C8E7BE960D5A2407BD4C
:1094E000C1985AA84FCB5C2AE1738DC028FBD82CB9
:1094F000AF604BF0E27326553CFBA0EBA72A877DBB
:109500004356960F31BD82C21513AB253CC5994514
:10951000E0825FF16EDEB7A3AF91ADB0A57FBD7500
:10952000628B5E5AF3312D892AE1E808AD77EEDDD2
:1095300009383C6019A6D9F69117597016664A7910
:109540007B584696846A62567F764DEECEEF8883CE
:1095500096AC2E02ED7845AC7CFEBF58C4B6D3FB6A
:1095600097E7DE73955C078FD6211D7D5D417A39C3
:1095700009F9E838CEEF42309C3A7551DFF6B88DE4
:10958000629AAA8B1FCAC7552E2DAA843C36469FC5
:109590008FAC8C337FBDE12AEBD97B3A16CDAD94ED
:1095A0007DBF8EA750D8F225C6776B6CCEDF260B19
:1095B0004275BEF0EFE8116A1BE3C42BFA90A47F5A
:1095C0003CF9518C295C3B83839DF6FBFD88EE9929
:1095D00022C45668710CF8609659356F4963BBF523
:1095E000BB7C93CE7049B6D885DB749675CC369E1D
:1095F000B010D42DCD7C7E598BC2FC31F62B39DED8
:109600004735C6377C50D2F124235D5E7CE5605738
:1096100018EC098C7C359FCFABDCC625228A745DA3
:10962000F799E74C64D26C056240433366FA6518DB
:10963000103FF05A7FFFC9E2D11E5D8BCC66C85F38
:10964000234396AE38716743D5B97473E8D7C770B2
:10965000E98398D5BAF64AE4A46DCE56C2D11E6904
:1096600029B0855D46AA9A654402F0BCC027BDD8E2
:1096700048834A60AD26479C68F4DDC896F1B74E32
:10968000CF1FF85B066393D1877F6EC544F4F6D68F
:10969000567D847AFD5ED4FF700C9415D2D9535F49
:1096A000FE83579A95EA208785CB7AAD9AA3D28B11
:1096B000FCC59DA80A2A26E49531FE9A16F3D26DC0
:1096C00020647DD08B88C528F2267C73888F7BCE62
:1096D000156CAA56771F88082AFC877E6BB6B68F52
:1096E000C929D0CC0B1EB2E49514365A7F2B76E6EE
:1096F000AA48BBAAB4D2FF5CF9D2FF4FEE8110D4C6
:109700004DAE1777B8812A7E7C9CBD6E940E961163
:10971000EED1B96FC8EA2A0D85679F863634D18E9F
:1097200077A4060008000400060000000400000002
:1097300028000000CF0E00006D23000057CDFFFF72
:10974000253200003B2A0000E8440000B1E7FFFF9B
:10975000D1BDFFFF461000000FCAFFFFFCFFFFFF57
:1097600004000400040000000F0000004D4C4952AA
:1097700020436F6E7665727465642E0001000000F0
:109780001400000000000E001800140010000C006F
:10979000080004000E000000140000001C0000007F
:1097A000780000007C000000800000000400000041
:1097B0006D61696E000000000100000014000000EF
:1097C00000000E001600000010000C000B0004004A
:1097D0000E0000001C00000000000001240000003A
:1097E0002800000000000A0010000F00080004001C
:1097F0000A0000000100000001000000000000015C
:109800000100000003000000030000000000000051
:109810000200000001000000010000000300000041
:109820000100000000000000040000005C020000D5
:109830005C0100007800000004000000CAFDFFFF8A
:1098400000000001140000003000000004000000CF
:109850000000000944000000B4FDFFFF0800000004
:1098600010000000010000000100000000000000E6
:10987000010000000E80963C1900000053746174D2
:109880006566756C506172746974696F6E65644366
:10989000616C6C3A30000000040000000100000020
:1098A00001000000010000000A0000003AFEFFFF76
:1098B0000000000114000000A000000003000000F0
:1098C00000000009B400000024FEFFFF08000000B3
:1098D0005C0000000A000000000000000000000022
:1098E0000000000000000000000000000000000078
:1098F0000000000000000000000000000000000068
:109900000000000000000000000000000000000057
:109910000000000000000000000000000000000047
:109920000000000000000000000000000A0000002D
:10993000D4B6C83AAB5EC93A279CC83AEA88C93A55
:109940007AA1C93AF45FC93A8FE7C83A067BC93AA7
:109950006FA0C93A0DA3C83A1900000073696E6779
:109960006C655F636F6E762F6F75747075742F43BF
:109970006F6E763244000000040000000A00000010
:109980000700000007000000030000001AFFFFFFAF
:109990000000000114000000A00000000200000010
:1099A00000000002C400000004FFFFFF08000000E8
:1099B0005C0000000A000000000000000000000041
:1099C0000000000000000000000000000000000097
:1099D0000000000000000000000000000000000087
:1099E0000000000000000000000000000000000077
:1099F0000000000000000000000000000000000067
:109A00000000000000000000000000000A0000004C
:109A1000847CC9360125CA36BD61C936694FCA364C
:109A20001168CA364B26CA366FADC9367741CA3679
:109A30000567CA36AA68C9362900000073696E67CF
:109A40006C655F636F6E762F6F75747075742F42DF
:109A50006961734164642F52656164566172696122
:109A6000626C654F70000000010000000A000000F9
:109A7000000016001C001800170010000C00080061
:109A800000000000000007001600000000000001B8
:109A9000200000004000000001000000000000095C
:109AA000500000000C000C00000000000800040042
:109AB0000C0000000800000014000000010000007D
:109AC00080FFFFFFFFFFFFFF00000000010000001C
:109AD000127E803B1700000073657276696E675FC7
:109AE00064656661756C745F696E7075743A300098
:109AF0000400000001000000070000000700000053
:109B00000300000001000000100000000C00100025
:109B10000F000000080004000C000000030000001B
:109B200003000000000000033947726170684E6F47
:109B30006465000000000000DCD3000000000000AD
:109B4000000000000000000000000000E8720100BA
:109B500031374E657572616C4E65744C6179657212
:109B60004164640068AA0000509B0000E4D3000038
:109B700000000000649B0000107A0100207A0100C0
:109B8000607B0100507A010020E2030018E203002C
:109B900032304E657572616C4E65744C61796572D8
:109BA000436F6E636174000068AA0000909B000020
:109BB000E4D3000000000000A89B0000287F010003
:109BC000F884010044820100807F010028E2030044
:109BD00018E2030032304E657572616C4E65744C4C
:109BE00061796572436F6E763244000068AA0000A6
:109BF000D49B0000E4D3000000000000EC9B0000B8
:109C000000860100108601001CA2010040860100B0
:109C100030E2030018E2030080B20100A0B20100AC
:109C2000C0B20100DCB20100F8B2010014B30100BF
:109C300034B3010050B3010010B2010060B2010062
:109C4000A8C101005CC201003CC1010004C10100C7
:109C500050C0010048C3010031344E657572616C1B
:109C60004E65744C6179657200000000394E65756F
:109C700072616C4E6574000068AA00006C9C000064
:109C8000DCD3000000000000789C0000F8AF010069
:109C900034B1010000AB0100CCC50100E872010045
:109CA00008AB010000000000E4D300000000000049
:109CB00000000000000000000000000000000000A4
:109CC00018E2030032324E657572616C4E65744C59
:109CD000617965724C6F6769737469630000000095
:109CE00068AA0000C49C0000E4D30000000000004B
:109CF000E09C0000E8CA0100F8CA010028CB01007E
:109D000088CB010044E2030018E2030032334E65C1
:109D10007572616C4E65744C617965724F626A440C
:109D2000657465637400000068AA00000C9D000063
:109D3000E4D3000000000000289D000034CE0100A4
:109D4000D0DE01008CDF0100A0CE01004CE2030058
:109D500054E2030032314E657572616C4E65744C8D
:109D600061796572506F6F6C4176670068AA000078
:109D7000549D0000E4D30000000000006C9D000032
:109D80006CE401007CE40100ACE40100F8E40100B3
:109D900040E3030018E2030032314E657572616CD6
:109DA0004E65744C617965725265736861706500C7
:109DB00068AA0000989D0000E4D3000000000000A5
:109DC000B09D000084E7010094E7010074E7010002
:109DD0007CE7010048E3030018E203009C0802004E
:109DE0009C080200281E0200981A0200E4200200CB
:109DF000E8100200380D0200300A0200B82E0200FE
:109E00007C0902003854666C6974654E6E0000006F
:109E100068AA0000049E0000789C0000000000007A
:109E2000109E00000440020000410200B8FE010044
:109E3000CCC50100E8720100243F0200604202002C
:109E40000843020000430200F8420200F042020010
:109E50007C4202007C4202007C4202007C42020002
:109E6000E84202007C4202007C4202007C42020086
:109E70007C420200E04202007C4202007C4202007E
:109E80007C4202007C4202007C4202007C420200D2
:109E90007C420200D84202007C4202007C42020066
:109EA0007C4202007C4202007C4202007C420200B2
:109EB0007C4202007C4202007C420200A04202007E
:109EC000604202000843020000430200F842020020
:109ED000F04202007C4202007C4202007C4202000E
:109EE0007C420200E84202007C4202007C42020006
:109EF0007C4202007C420200E04202007C420200FE
:109F00007C4202007C4202007C4202007C42020051
:109F10007C4202007C420200D84202007C420200E5
:109F20007C4202007C4202007C4202007C42020031
:109F30007C4202007C4202007C4202007C42020021
:109F4000A0420200604202000843020000430200F7
:109F5000F8420200F04202007C4202007C42020011
:109F60007C4202007C420200E84202007C42020085
:109F70007C4202007C4202007C420200E04202007D
:109F80007C4202007C4202007C4202007C420200D1
:109F90007C4202007C4202007C420200D842020065
:109FA0007C4202007C4202007C4202007C420200B1
:109FB0007C4202007C4202007C4202007C420200A1
:109FC0007C4202009442020000000000FFFFFFFFFD
:109FD0000200000003000000FFFFFFFFFFFFFFFF84
:109FE000FFFFFFFFFFFFFFFFFFFFFFFF0900000074
:109FF000000000000100000004000000020000005A
:10A00000A30E0000630E0000030E0000830D00008D
:10A01000E30C0000230C0000430B0000430A000087
:10A0200003000000070000000700000070E20200CB
:10A0300088E1020068E1020088E102005CE20200BF
:10A0400088E1020068E1020070E2020070E20200B2
:10A050005CE2020068E1020094E1020094E1020087
:10A0600094E102005CE20200ACF2020020F2020085
:10A0700004F2020020F202009CF2020020F2020030
:10A0800004F20200ACF20200ACF202009CF2020008
:10A0900004F202002CF202002CF202002CF2020068
:10A0A0009CF20200F80203007C020300C4020300D9
:10A0B000F802030028030300EC010300EC01030095
:10A0C000EC010300EC010300B4020300DC02030016
:10A0D000F80203002803030038040300D40403003B
:10A0E000F4040300080503002805030060050300CD
:10A0F000B8050300EC050300B80503002C060300B7
:10A1000080060300B4060300D4060300080703001A
:10A11000240703004007030064070300B00703009F
:10A12000F0070300280803003C0803008C08030024
:10A13000CC080300780903007809030078090300BC
:10A1400078090300780903007809030078090300FF
:10A1500078090300780903007809030078090300EF
:10A1600078090300780903007809030078090300DF
:10A1700078090300780903007809030078090300CF
:10A18000780903007809030078090300A804030094
:10A190000409030020090300640A0300000B030004
:10A1A000200B03003C0B0300640B0300A40B030013
:10A1B000FC0B0300300C0300FC0B0300700C0300CD
:10A1C000C40C0300F80C0300180D03004C0D030031
:10A1D000680D0300840D0300A80D0300F40D0300B7
:10A1E000380E0300700E03008C0E0300DC0E03001B
:10A1F000200F0300D40F0300D40F0300D40F03007B
:10A20000D40F0300D40F0300D40F0300D40F0300B6
:10A21000D40F0300D40F0300D40F0300D40F0300A6
:10A22000D40F0300D40F0300D40F0300D40F030096
:10A23000D40F0300D40F0300D40F0300D40F030086
:10A24000D40F0300D40F0300D40F0300D40A03007B
:10A25000580F0300740F0300E4170300FC150300FC
:10A26000FC1503007C170300FC15030034180300E1
:10A270004018030048180300601803007C1803000E
:10A280007C180300A8180300A8180300D8180300BE
:10A29000F01803005C1903007C190300A4190300E3
:10A2A0008C190300B41903008C1A0300981A0300D8
:10A2B000A01A0300A81A0300B01A0300FC1503003B
:10A2C000FC150300B81A0300C01A0300FC150300B4
:10A2D000C81A0300D01A0300D81A0300E01A0300BA
:10A2E000FC150300FC1A0300F41A03000C1B030006
:10A2F000E81A0300041B0300141B0300981C03004E
:10A30000001D03003C1D0300601D0300781D0300B9
:10A31000B82D0300382D0300842D0300B82D030051
:10A32000E82D0300182E0300182E0300182E03003A
:10A33000182E0300742D03009C2D0300B82D03007C
:10A34000E82D0300000102020303030304040404D4
:10A3500004040404050505050505050505050505B1
:10A360000505050506060606060606060606060691
:10A37000060606060606060606060606060606067D
:10A380000606060607070707070707070707070761
:10A39000070707070707070707070707070707074D
:10A3A000070707070707070707070707070707073D
:10A3B000070707070707070707070707070707072D
:10A3C0000707070708080808080808080808080811
:10A3D00008080808080808080808080808080808FD
:10A3E00008080808080808080808080808080808ED
:10A3F00008080808080808080808080808080808DD
:10A4000008080808080808080808080808080808CC
:10A4100008080808080808080808080808080808BC
:10A4200008080808080808080808080808080808AC
:10A43000080808080808080808080808080808089C
:10A4400008080808A4FD030054F6030054F60300AE
:10A4500098FD030054F6030054F6030054F603007D
:10A46000E8FC030054F6030054F60300CCFA0300A2
:10A47000E8FA030054F60300DCFA03004CFD030085
:10A4800054F6030040FD030020F6030020F603000D
:10A4900020F6030020F6030020F6030020F6030058
:10A4A00020F6030020F6030020F6030054F6030014
:10A4B00054F6030054F6030054F6030054F6030068
:10A4C00054F6030054F6030054F6030054F6030058
:10A4D00028FA03004CFA030054F6030054F6030074
:10A4E00054F6030054F6030054F6030054F6030038
:10A4F00054F6030054F6030054F6030054F6030028
:10A50000F8FA030054F6030054F6030054F603006F
:10A51000D4F9030054F6030068FB030054F603006B
:10A5200054F603009803040054F6030054F60300A5
:10A5300054F6030054F6030054F6030054F60300E7
:10A5400054F6030054F6030054F6030054F60300D7
:10A5500028FA030050F9030054F6030054F60300F0
:10A5600054F6030054FB030050F9030064F70300A2
:10A5700054F6030094FE030054F6030060FE03004B
:10A5800028FE0300BCFD030064F7030054F603003B
:10A59000D4F903005CF70300ACFB030054F603009E
:10A5A00054F603001004040054F603005CF70300A3
:10A5B000303030303030303030303030303030309B
:10A5C000202020202020202020202020202020208B
:10A5D0008C4F04009442040094420400804F040015
:10A5E000944204009442040094420400344F040056
:10A5F0009442040094420400944E0400C84E0400A7
:10A6000094420400BC4E0400E44E04009442040052
:10A61000D84E040054420400544204005442040042
:10A6200054420400544204005442040054420400C2
:10A630005442040054420400944204009442040032
:10A6400094420400944204009442040094420400A2
:10A65000944204007044040094420400E04D04005D
:10A66000044E04007044040070440400704404006C
:10A670009442040094420400944204009442040072
:10A68000145304009442040094420400A44F0400B4
:10A69000944204009442040094420400284A0400B6
:10A6A0009442040094520400944204009442040032
:10A6B000445B040094420400944204009442040069
:10A6C0009442040094420400944204009442040022
:10A6D000944204007044040094420400E04D0400DD
:10A6E000204D0400704404007044040070440400D1
:10A6F00014500400204D040030440400944204002F
:10A700006C5004009442040028500400505204008D
:10A71000F05104003044040094420400284A04002C
:10A720002844040080500400944204009442040031
:10A73000A05B040094420400284404003030303010
:10A740003030303030303030303030302020202049
:10A750002020202020202020202020207100000008
:10A7600092BFFFFF8F3F00000100000000000000CB
:10A7700005000000190000007D000000000000003E
:10A78000BC89D897B2D29C3C33A7A8D523F64939C7
:10A790003DA7F444FD0FA5329D978CCF08BA5B25E9
:10A7A000436FAC642806C80A0080E03779C3414390
:10A7B000176E05B5B5B89346F5F93FE9034F384D27
:10A7C000321D30F94877825A3CBF737FDD4F1575D3
:10A7D000000000000000F03F0000000000002440E6
:10A7E00000000000000059400000000000408F40C1
:10A7F000000000000088C34000000000006AF8402C
:10A800000000000080842E4100000000D01263414F
:10A810000000000084D797410000000065CDCD41C5
:10A82000000000205FA00242000000E876483742A6
:10A83000000000A2941A6D42000040E59C30A24244
:10A840000000901EC4BCD64200003426F56B0C43B9
:10A850000080E03779C3414300A0D8855734764360
:10A8600000C84E676DC1AB43003D9160E458E143C1
:10A87000408CB5781DAF154450EFE2D6E41A4B4436
:10A8800092D54D06CFF08044F64AE1C7022DB5447B
:10A89000B49DD9794378EA4400202020202020204C
:10A8A0002020282828282820202020202020202080
:10A8B0002020202020202020208810101010101090
:10A8C00010101010101010101004040404040404DC
:10A8D0000404041010101010101041414141414176
:10A8E0000101010101010101010101010101010158
:10A8F0000101010110101010101042424242424268
:10A900000202020202020202020202020202020227
:10A9100002020202101010102000000000000000CF
:10A920000000000000000000000000000000000027
:10A930000000000000000000000000000000000017
:10A940000000000000000000000000000000000007
:10A9500000000000000000000000000000000000F7
:10A9600000000000000000000000000000000000E7
:10A9700000000000000000000000000000000000D7
:10A9800000000000000000000000000000000000C7
:10A990000000000000000000000000004E31305FA9
:10A9A0005F637878616269763131375F5F636C61CC
:10A9B00073735F747970655F696E666F4500000040
:10A9C00068AA00009CA900000CD400000000000050
:10A9D000C0A9000064B6040074B6040008C70400EF
:10A9E00008C7040010B80400ECB5040038B7040030
:10A9F00080B7040054B6040094BA040014BA0400EA
:10AA000060BA040094BA0400C4BA0400F4BA0400A2
:10AA1000F4BA0400F4BA0400F4BA040050BA040012
:10AA200078BA040094BA0400C4BA04004E31305F0E
:10AA30005F637878616269763132305F5F73695F36
:10AA4000636C6173735F747970655F696E666F457F
:10AA50000000000068AA00002CAA0000C0A90000A5
:10AA60000000000054AA0000D0C40400E0C40400A8
:10AA700008C7040008C7040010B80400ECB50400BF
:10AA8000A8C6040004C5040028C604005374397421
:10AA90007970655F696E666F00000000000000005D
:10AAA0000CD4000004C7040018C7040008C7040041
:10AAB00008C7040020C7040010C70400537439629B
:10AAC00061645F616C6C6F630000000068AA000045
:10AAD000BCAA000018D4000000000000CCAA0000AE
:10AAE0004CFA04005CFA040040FA0400537432305B
:10AAF0006261645F61727261795F6E65775F6C65D8
:10AB00006E6774680000000068AA0000ECAA0000EC
:10AB1000CCAA00000000000008AB00008CFA040082
:10AB20009CFA040080FA04005374386261645F6325
:10AB30006173740068AA000028AB000018D40000FC
:10AB40000000000034AB0000CCFA0400DCFA040082
:10AB5000C0FA0400537431306261645F74797065C7
:10AB60006964000068AA000054AB000018D400001B
:10AB70000000000064AB00000CFB04001CFB0400A0
:10AB800000FB040044450300944503003C450300DA
:10AB9000D84403003C4503004445030044450300FA
:10ABA0008C440300944503004445030044450300DE
:10ABB0008C44030094450300944503003C45030086
:10ABC0008C4403008C440300444503008C44030080
:10ABD0008C4403008C4403003C450300F84F030001
:10ABE0003050030030500300305003003050030059
:10ABF00048500300F84F030040500300405003004A
:10AC0000A4520300FC530300FC53030070540300E0
:10AC1000F0550300705603002068030068570300D6
:10AC200078570300B4570300D4570300F4570300C8
:10AC30003458030054580300745803009458030018
:10AC4000B4580300D4580300F45803001459030007
:10AC5000345903005459030074590300B4590300D4
:10AC6000145A0300245A0300245A0300245A0300F0
:10AC7000205C0300205C0300205C0300205C0300D8
:10AC8000205C0300205C0300205C0300205C0300C8
:10AC9000CC5A0300CC5A0300205C0300205C030064
:10ACA0002C5C0300785C0300885C0300EC5C030010
:10ACB000E85D0300E4630300E85D0300385E030021
:10ACC000385E030048570300A85E0300E85E0300F7
:10ACD000445F0300E4630300645F0300B05F0300AC
:10ACE000C05F0300C8610300E4630300F063030076
:10ACF000E4630300E46303002865030028650300A0
:10AD0000E4660300286703004867030068670300E0
:10AD10001C67030074670300606803008068030019
:10AD2000A0680300E4630300D4690300D45903005E
:10AD3000F4590300A067030008530300205C0300DC
:10AD4000006A03003C6A0300205C0300205C0300EF
:10AD500044530300B0530300B05303008453030073
:10AD6000945703005C6A0300B46A0300785C030034
:10AD7000C46A0300F46A0300146B0300405C030020
:10AD8000706603008066030090660300A4660300FB
:10AD9000B8660300846B03009C6B0300A86B030080
:10ADA000846B03009C6B0300A86B0300486C0300DA
:10ADB000606C0300FC6C03000C6C0300346C03003B
:10ADC000586C0300706C03007C6C0300886C0300FB
:10ADD000F46C0300F46C0300F46C0300F46C0300E7
:10ADE000946C0300F46C0300DC6C0300F46C03004F
:10ADF000F46C0300F46C0300F46C0300F46C0300C7
:10AE0000F46C0300F46C0300F46C0300F46C0300B6
:10AE1000F46C0300F46C0300F46C0300F46C0300A6
:10AE2000F46C0300F46C0300F46C0300F46C030096
:10AE3000F46C0300F46C0300F46C0300F46C030086
:10AE4000F46C0300F46C0300F46C0300F46C030076
:10AE5000F46C0300F46C0300F46C0300F46C030066
:10AE6000F46C0300F46C0300F46C0300B46B030097
:10AE7000F46C0300F46C0300C06B0300006C03006F
:10AE8000347C03008C790300787B03008C79030009
:10AE90008C790300CC7B03008C790300FC7B0300DE
:10AEA000F87A0300E47B03008C7903008C790300BB
:10AEB0008C7903008C7903008C7903008C79030072
:10AEC0008C7903008C790300107B0300D87A03008F
:10AED0008C7903008C7A0300187C0300148503002E
:10AEE000F0830300E886030084870300F0830300F7
:10AEF0000485030008870300F0830300F083030048
:10AF0000F0830300F0830300F0830300B88503009F
:10AF1000F083030088860300A8860300F083030003
:10AF2000C8860300F0830300EC8503002887030034
:10AF3000D0870300CC830300CC830300CC830300C1
:10AF4000CC830300CC830300CC830300CC830300B9
:10AF5000CC830300CC830300CC830300CC830300A9
:10AF6000CC83030030880300CC830300688803008F
:10AF7000A4880300B088030078880300CC83030012
:10AF8000BC880300E0880300CC830300CC8303006B
:10AF9000CC830300CC8303002C8A0300CC83030002
:10AFA00018880300CC830300CC830300D4880300FB
:10AFB000D0870300C8880300CC8903008C9203006B
:10AFC000E0920300C8920300B8900300D0920300FF
:10AFD000D892030014820000188200001C82000036
:10AFE00074000000E481000003000000E481000020
:10AFF00003000000000000000000000061000000ED
:10B00000208200000E000000208200000E000000E0
:10B010003082000009000000620000003C82000055
:10B02000110000003C82000011000000508200006E
:10B030000C00000073000000608200000B000000A4
:10B040006C82000046000000508200000C000000EE
:10B0500069000000B48200000C000000C4820000FF
:10B0600031000000F88200000D0000006F000000B9
:10B07000088300000C00000018830000310000006D
:10B080004C8300000D000000640000005C830000A1
:10B090000D0000006C83000032000000A08300005F
:10B0A0000E000000CC8500000B000000CC850000E5
:10B0B0000B00000000000000D88500000400000024
:10B0C000E08500000700000007000000E8850000A0
:10B0D00004000000F08500000400000000000000F3
:10B0E000F885000006000000F8850000060000005A
:10B0F00008000000008600000B0000000086000031
:10B100000B000000080000000C8600000500000095
:10B110000C860000050000000800000014860000F6
:10B120000A000000148600000A0000000800000069
:10B13000208600000D000000208600000D000000A9
:10B140000000000030860000030000003086000090
:10B150000300000001000000348600000C00000025
:10B16000448600000800000002000000000000000B
:10B1700000000000000000000000000000000000CF
:10B18000888F000004000000888F00000400000089
:10B1900003000000508600000D00000050860000F3
:10B1A0000D000000040000006086000008000000A0
:10B1B0006086000008000000000000006C860000AF
:10B1C000110000006C86000011000000000000006B
:10B1D000000000000000000000000000000000006F
:10B1E000000000000000000000000000000000005F
:10B1F000000000000000000000000000000000004F
:10B200000000000000000000000000008086000038
:10B21000050000008086000005000000000000001E
:10B22000888600000E000000888600000E000000E6
:10B23000000000000000000000000000000000000E
:10B2400000000000000000009886000004000000DC
:10B25000988600000400000009000000A08600009D
:10B2600007000000E8850000040000000000000066
:10B27000A886000009000000888F0000040000007C
:10B2800005000000B486000012000000B486000033
:10B29000120000000600000078800000030000009B
:10B2A000788000000300000000000000C886000055
:10B2B00009000000C886000009000000000000002E
:10B2C000D486000009000000D486000009000000B8
:10B2D00000000000E08600000A000000E086000098
:10B2E0000A00000000000000EC86000004000000DE
:10B2F000EC8600000400000008000000F486000056
:10B3000007000000F48600000700000000000000B5
:10B31000FC86000008000000FC8600000800000019
:10B3200000000000088700000800000008870000F7
:10B330000800000000000000C081000011000000B3
:10B34000C081000011000000000000001487000010
:10B35000060000001487000006000000080000003E
:10B360001C8700000F0000001C8700000F00000079
:10B3700008000000B0830000B48300000200000059
:10B3800002000000B8830000BC8300000100000040
:10B3900002000000C0830000748100000200000071
:10B3A0000200000010800000C483000001000000C3
:10B3B00001000000C8830000C483000001000000F9
:10B3C0000200000018870000CC8300000800000085
:10B3D00001000000D8830000DC83000009000000A9
:10B3E00001000000E8830000CC830000080000009A
:10B3F00001000000EC830000F08300000A00000060
:10B400000200000028800000847900000200000093
:10B4100002000000FC830000008400000100000026
:10B420000200000004840000088400000100000005
:10B43000010000000C8400001084000002000000E5
:10B4400002000000108200001484000006000000CA
:10B45000030000001C84000020840000090000009C
:10B46000010000002C840000308400000C0000006B
:10B47000020000004084000044840000010000003D
:10B480000100000004820000BC83000001000000F5
:10B4900002000000488400004C8400000700000007
:10B4A00001000000548400005884000002000000E5
:10B4B00002000000088200009485000001000000E6
:10B4C000020000005C8400006084000001000000B5
:10B4D00002000000648400001884000002000000E4
:10B4E00002000000688400006C840000020000007C
:10B4F000020000007084000074840000010000005D
:10B5000002000000788400007C840000020000003B
:10B51000020000008084000078800000030000002A
:10B520000300000084840000788000000300000015
:10B530000300000088840000788000000300000001
:10B54000020000008C8400007880000003000000EE
:10B5500002000000548B00009084000002000000F4
:10B56000020000001C800000587E00000200000065
:10B570000100000094840000F4820000010000003B
:10B58000020000002C8000009884000002000000EF
:10B59000020000009C840000A08400000300000062
:10B5A00002000000848C0000A4840000020000005F
:10B5B0000200000000820000A88400000B000000D0
:10B5C00001000000B4840000B88400000200000004
:10B5D00002000000BC840000C084000001000000E4
:10B5E00002000000C4840000C884000002000000C3
:10B5F00002000000CC840000D084000002000000A3
:10B6000002000000D4840000D88400000100000083
:10B6100002000000DC8400004484000001000000FF
:10B6200002000000E0840000E4840000020000004A
:10B6300001000000E8840000EC8400000500000028
:10B6400003000000F4840000F88400000200000001
:10B6500002000000D47D0000D8840000010000003A
:10B6600001000000FC8400000085000001000000D3
:10B6700001000000048500000885000003000000B0
:10B6800003000000208000000C850000080000007E
:10B6900001000000188500001C8500000200000069
:10B6A0000200000020850000248500000200000048
:10B6B00002000000F08C000028850000010000005E
:10B6C000020000002C850000308500000200000010
:10B6D00002000000348500003885000001000000F1
:10B6E000020000003C8500004085000003000000CF
:10B6F00002000000687500004485000002000000A0
:10B7000001000000488500003885000001000000AD
:10B71000010000000C8200004C85000002000000C7
:10B720000200000030800000508500000100000091
:10B73000030000005485000058850000020000004E
:10B74000020000005C85000060850000030000002E
:10B750000200000064850000688500001000000001
:10B76000020000007C8500008085000001000000D0
:10B7700002000000848500008885000002000000AF
:10B7800002000000188000008C8500000900000005
:10B7900001000000148000008C85000009000000FA
:10B7A00001000000988500009C8500000B0000004F
:10B7B000020000001C810000A885000003000000BA
:10B7C00002000000F8830000AC85000007000000C4
:10B7D0000100000028750000AC8500000700000093
:10B7E00001000000B4850000B885000005000000DD
:10B7F00000000000C0850000C485000006000000B5
:10B800000100000000000000000000000000000037
:10B8100000000000537439657863657074696F6E59
:10B8200000000000537431336261645F65786365C2
:10B830007074696F6E00000068AA000024B80000F0
:10B8400018D400004E31305F5F63787861626976AA
:10B850003131355F5F666F726365645F756E7769FE
:10B860006E6445004E31305F5F637878616269765F
:10B870003131395F5F666F726569676E5F657863E6
:10B88000657074696F6E45000000000018D40000F8
:10B89000AC010500CC010500B4010500000000006A
:10B8A00038B80000B0010500D4010500C001050052
:10B8B0000000000020D40000000000000000000094
:10B8C000000000000000000028D40000000000007C
:10B8D0000000000000000000537431316C6F676994
:10B8E000635F6572726F720068AA0000D8B80000CA
:10B8F00018D4000053743132646F6D61696E5F65F6
:10B9000072726F720000000068AA0000F4B80000B4
:10B91000E8B8000053743136696E76616C69645F13
:10B92000617267756D656E740000000068AA0000A2
:10B9300014B90000E8B80000537431326C656E67CA
:10B9400074685F6572726F720000000068AA000080
:10B9500038B90000E8B80000537431326F75745F75
:10B960006F665F72616E67650000000068AA000084
:10B9700058B90000E8B800005374313372756E7422
:10B98000696D655F6572726F7200000068AA0000E1
:10B9900078B9000018D400005374313172616E67B9
:10B9A000655F6572726F720068AA000098B9000046
:10B9B0008CB90000537431346F766572666C6F77A2
:10B9C0005F6572726F72000068AA0000B4B900006F
:10B9D0008CB9000053743135756E646572666C6F96
:10B9E000775F6572726F720068AA0000D4B90000B8
:10B9F0008CB9000000000000E8B800005403050006
:10BA0000940305005C0205000000000008B9000076
:10BA1000B4030500C40305005C020500000000003B
:10BA20002CB90000E4030500F40305005C020500E6
:10BA3000000000004CB900001404050024040500B7
:10BA40005C020500000000006CB900004404050021
:10BA5000540405005C020500000000008CB90000E1
:10BA600064020500A40205005C020500000000005D
:10BA7000A8B90000C4020500D40205005C0205005C
:10BA800000000000C8B90000F4020500040305002E
:10BA90005C02050000000000E8B900002403050076
:10BAA000340305005C0205004E5374335F56323197
:10BAB000346572726F725F63617465676F72794526
:10BAC000000000005374313273797374656D5F65E3
:10BAD00072726F720000000068AA0000C4BA000011
:10BAE0008CB9000068AA0000F0BA000074D400000D
:10BAF0002A4E31325F474C4F42414C5F5F4E5F31BF
:10BB0000323267656E657269635F6572726F725F0C
:10BB100063617465676F72794500000068AA000070
:10BB200028BB000074D400002A4E31325F474C4FCE
:10BB300042414C5F5F4E5F31323173797374656D92
:10BB40005F6572726F725F63617465676F7279456A
:10BB50000000000000000000E4BA0000F04805000A
:10BB6000444A0500C44805007C4A0500244B0500F2
:10BB7000B8490500D04805001C4A05000000000037
:10BB80001CBB0000B4490500484A0500F448050004
:10BB90007C4A0500244B050000490500E04A0500E9
:10BBA0001C4A05000000000074D4000000000000E2
:10BBB00000000000000000007C4A050000000000BA
:10BBC000B8490500D04905001C4A050000000000E6
:10BBD000D8BA00004C4A05005C4A05005C0205002A
:10BBE000C06B0500745D0500745D0500B46B050055
:10BBF000745D0500745D0500745D0500606B0500F3
:10BC0000745D0500745D050000690500506B05005A
:10BC1000745D050028690500E46B0500745D05008E
:10BC2000D86B0500345D0500345D0500345D05000A
:10BC3000345D0500345D0500345D0500345D0500AC
:10BC4000345D0500345D0500745D0500745D05001C
:10BC5000745D0500745D0500745D0500745D05008C
:10BC6000745D0500F45E0500745D050094640500D4
:10BC700070680500F45E0500F45E0500F45E0500E2
:10BC8000745D0500745D0500745D0500745D05005C
:10BC9000506D0500745D0500745D0500E06A0500E7
:10BCA000745D0500745D0500745D05007865050030
:10BCB000745D050034690500745D0500745D050060
:10BCC0006C760500745D0500745D0500745D05000B
:10BCD000745D0500745D0500745D0500745D05000C
:10BCE000745D0500F45E0500745D05009464050054
:10BCF000B8640500F45E0500F45E0500F45E05001E
:10BD0000346C0500B8640500C85E0500745D05006C
:10BD1000946C0500745D0500486C0500086D050015
:10BD2000A86C0500C85E0500745D05007865050017
:10BD3000C05E050078690500745D0500745D05004E
:10BD4000C8760500745D0500C05E050030303030F7
:10BD50003030303030303030303030302020202023
:10BD6000202020202020202020202020EC900500D2
:10BD7000E0900500D4900500C8900500BC90050037
:10BD8000B0900500A4900500989005008C900500E7
:10BD90008090050074900500689005005C90050097
:10BDA00050900500449005000C8D0500389005006A
:10BDB0002C900500209005001490050008900500C7
:10BDC000FC8F0500F08F0500E48F0500D88F05007B
:10BDD000CC8F0500C08F0500B48F0500A88F05002B
:10BDE0009C8F0500908F0500848F0500788F0500DB
:10BDF0006C8F0500608F0500548F0500488F05008B
:10BE00000C8D05000C8D05000C8D05000C8D0500BA
:10BE10000C8D05000C8D05000C8D05000C8D0500AA
:10BE20003C8F0500308F05000C8D05000C8D050042
:10BE30000C8D05000C8D05000C8D05000C8D05008A
:10BE40000C8D05000C8D05000C8D05000C8D05007A
:10BE50000C8D05000C8D05000C8D0500248F050050
:10BE6000188F05000C8F0500008F05000C8D050054
:10BE70000C8D05000C8D0500F48E05000C8D050061
:10BE80000C8D05000C8D0500E88E05000C8D05005D
:10BE90000C8D0500DC8E05000C8D05000C8D050059
:10BEA000D08E05000C8D05000C8D05000C8D050055
:10BEB0000C8D05000C8D05000C8D05000C8D05000A
:10BEC0000C8D05000C8D05000C8D0500C48E050041
:10BED0000C8D0500B88E0500AC8E0500A08E050007
:10BEE0000C8D05000C8D0500948E05000C8D050051
:10BEF0000C8D05000C8D05000C8D05000C8D0500CA
:10BF00000C8D05000C8D05000C8D0500888E05003C
:10BF10007C8E0500708E0500648E0500588E05002D
:10BF20004C8E05000C8D0500408E0500348E0500FA
:10BF3000288E05001C8E0500108E0500048E05005D
:10BF4000F88D0500EC8D0500E08D0500A48D050041
:10BF5000988D05008C8D0500808D05000C8D0500E9
:10BF6000748D0500688D05005C8D0500508D050001
:10BF70000C8D05000C8D05000C8D05000C8D050049
:10BF80000C8D0500D48D05000C8D05000C8D050071
:10BF90000C8D0500C88D0500BC8D0500B08D050019
:10BFA000448D0500388D0500A007480008000000FA
:10BFB0000000590D0000064000004C00080C15045C
:10BFC000E00C0000060000000000340008CC110066
:10BFD000A00C5909060000000400480008000000F9
:10BFE00000001D11000002100000480008000000C1
:10BFF00000000000000000080000480008101404C1
:10C00000240600000A040000000048000810140480
:10C010006406530F0A0400000000480008101404CE
:10C02000A40600000A0400000000480008101404E0
:10C03000E406530F0A0400000080480008000000D6
:10C040000000500F00000000000048000810140419
:10C050006407321E0A040000008048000800000047
:10C060000000F31B000000000080480008000000F2
:10C070000000B31B00000000008048000800000022
:10C080000000AB0B0000000000804800080000002A
:10C090000000BA0D000000008046480008081404A3
:10C0A0002407700D090100080080380008CC310019
:10C0B0003A000000070000000000380008CC5100E2
:10C0C0007A000000070000000000380008CC710072
:10C0D000BA000B0A070000000080380008CC91006D
:10C0E0003A060000070000000000380008CCB1004C
:10C0F0007A060000070000000000380008CCD100DC
:10C10000BA068B0B070000000080380008CCF10055
:10C110003A060000070000000000380008CC1101BA
:10C120007A060000070000000000380008CC31014A
:10C13000BA060000070000080000380008B4150423
:10C1400028005B10070036180C80380008B415046E
:10C15000280EDB13070034200C80380008B01504CB
:10C16000280E000007000008000048000810140412
:10C17000240800000A04000000004800081014040D
:10C180006408530F0A04000000004800081014045B
:10C19000A408530F0A0400000080480008000000B3
:10C1A0000000500F000000000000480008101404B8
:10C1B0002409321E0A040000008048000800000024
:10C1C0000000F31B00000000008048000800000091
:10C1D0000000B31B000000000080480008000000C1
:10C1E0000000AB0B000000000080480008000000C9
:10C1F0000000BA0D000000002840480008081404A0
:10C20000E408700D8901000800804800081014043B
:10C21000240800000A04000000004800081014046C
:10C220006408510F0A0400000000480008000000E4
:10C230000000510F000000000080480008101404A6
:10C24000A4085B2E0A0400000C004800080000004F
:10C250000000500F00000000000048000810140407
:10C2600024095B3E0A0400001C804800080000000E
:10C270000000921B00000000008048000800000041
:10C280000000731B00000000008048000800000050
:10C290000000931B00000000008048000800000020
:10C2A0000000BB0A00000000000048000800000079
:10C2B0000000F319000000000080480008000000A2
:10C2C0000000DB1B000000000880480008000000A0
:10C2D0000000931B000000000080480008000000E0
:10C2E00000003B0B000000000000480008000000B8
:10C2F0000000B20D000000002840480008081404A7
:10C30000E408700D8901000800804C00080C150439
:10C31000E02A00000700000000003C0008CC1100EB
:10C32000A02A00000700000000003C0008CC3100FB
:10C330003A0000000700000000003C0008CC51005B
:10C340007A0000000700000000003C0008CC7100EB
:10C35000BA000B0A0700000000803C0008CC9100E6
:10C360003A0600000700000000003C0008CCB100C5
:10C370007A0600000700000000003C0008CCD10055
:10C38000BA068B0B0700000000803C0008CCF100CF
:10C390003A0600000700000000003C0008CC110134
:10C3A0007A0600000700000000003C0008CC3101C4
:10C3B000BA060000070000000000380008B41504A9
:10C3C00028005B10070086180C00380008B415041C
:10C3D000280C5B13070084200C00380008B01504FB
:10C3E000280C0000070000080000480008000000BA
:10C3F0000000590D00008E4000004C00080C150490
:10C40000A0010000060000000000340008CC11006C
:10C4100060015909060000000400480008000000FF
:10C4200000001D1100008A100000480008000000F4
:10C43000000000000000000800004800081014047C
:10C44000240000000A040000000048000810140442
:10C450006400530F0A040000008048000810140410
:10C46000A400530F0A040000000048000810140440
:10C47000E400500F0A04000000004800080000001B
:10C480000000F31B000000000080480008000000CE
:10C490000000E30B000000000080480008000000DE
:10C4A0000000BA0D00000000E05048000800000045
:10C4B0000000630D0000000000804800080000003C
:10C4C0000000BA0D000000081CC0480008CC250080
:10C4D0003E001808090000000080C80008CC2500B4
:10C4E00036008008190000000080480108CC2500B3
:10C4F00036008008290000000080C80108CC250013
:10C5000036008008390000000080480208CC250071
:10C5100036008008490000000080C80208CC2500D1
:10C5200036008008590000000080480308CC250030
:10C5300036008008690000000080C80308CC250090
:10C5400036000000790000080000480008CC2500F3
:10C550003E001808090000000080C80008CC250033
:10C5600036008008190000000080480108CC250032
:10C5700036008008290000000080C80108CC250092
:10C5800036008008390000000080480208CC2500F1
:10C5900036008008490000000080C80208CC250051
:10C5A00036008008590000000080480308CC2500B0
:10C5B00036000000690000080000480008CC250093
:10C5C0003E001808090000000080C80008CC2500C3
:10C5D00036008008190000000080480108CC2500C2
:10C5E00036008008290000000080C80108CC250022
:10C5F00036008008390000000080480208CC250081
:10C6000036008008490000000080C80208CC2500E0
:10C6100036000000590000080000480008CC250042
:10C620003E001808090000000080C80008CC250062
:10C6300036008008190000000080480108CC250061
:10C6400036008008290000000080C80108CC2500C1
:10C6500036008008390000000080480208CC250020
:10C6600036000000490000080000480008CC250002
:10C670003E001808090000000080C80008CC250012
:10C6800036008008190000000080480108CC250011
:10C6900036008008290000000080C80108CC250071
:10C6A00036000000390000080000480008CC2500D2
:10C6B0003E001808090000000080C80008CC2500D2
:10C6C00036008008190000000080480108CC2500D1
:10C6D00036000000290000080000480008CC2500B2
:10C6E0003E001808090000000080C80008CC2500A2
:10C6F00036000000190000080000480008CC2500A2
:10C700003E000000090000080000380008B41504CD
:10C71000280C5B130700F0180C80380008B41504CF
:10C72000280EDB130700EE200C80380008B015043B
:10C73000280E00008E00000800004C00081833008E
:10C74000260000002900000800000200000400008C
:10C75000F001480008101404241600000A04000028
:10C7600000004800080000000000700D00000008F4
:10C7700000004C00080C1504A40200000900000091
:10C7800000004C0008CC1100640200000900000801
:10C790000000480008CC130022020000090000003D
:10C7A0000000480008CC33006202000009000000CD
:10C7B0000000480008CC5300A2020000090000005D
:10C7C0000000480008CC7300E202000009000000ED
:10C7D0000000480008CC930022030000090000007C
:10C7E0000000480008CCB30062030000090000000C
:10C7F0000000480008CCD300A2030000090000009C
:10C800000000480008CCF300E20300000900000823
:10C810000000480008B4150428005B1009001C182B
:10C820000C80480008B41504280EDB1309001A20F8
:10C830000C80480008B01504280E0000890000088C
:10C840000000480008101404241200000A0400002C
:10C8500000004800080C15046000700D0900000875
:10C86000000048000800000000005B0D0000000010
:10C8700000804C0008CC51002C06DB0B09000000A6
:10C8800004804C0008CC51002C06DB0B0900000092
:10C8900004804C0008CC51002C06DB0B0900000082
:10C8A00004804C0008CC51002C06DB0B0900000072
:10C8B00004804C0008CC51002C06DB0B0900000062
:10C8C00004804C0008CC51002C06DB0B0900000052
:10C8D00004804C0008CC51002C06DB0B0900000042
:10C8E00004804C0008CC51002C06DB0B090000082A
:10C8F0000480480008B4150428005B1009003818AB
:10C900000C80480008B41504280EDB1309003620FB
:10C910000C80480008B01504280E000089000000B3
:10C9200000004800080C1504600000000900000821
:10C9300000004800080814042400000088000008D3
:10C94000000006000004000001000000B0024800E2
:10C950000808140420000000090500000000480039
:10C9600008081504200000008900000000004800AD
:10C9700008081504200000009900000800004C0081
:10C9800008301200260200000A04000000004800DF
:10C9900008000000000000000000000000004C0043
:10C9A000080815042400740D8900000000004800E8
:10C9B0000808150424140000990000000000480035
:10C9C0000818300024145C0D09050000FC7F4C00A1
:10C9D00008303200260200000A040000000048006F
:10C9E00008000000000000000000000000004C00F3
:10C9F000080815046400740D890000000000480058
:10CA000008081504241400009900000000004800E4
:10CA10000818300024145C0D09050000FC7F4C0050
:10CA200008305200260200000A04000000004800FE
:10CA300008000000000000000000000000004C00A2
:10CA400008081504A400740D8900000000004800C7
:10CA50000808150424140000990000000000480094
:10CA60000818300024145C0D09050000FC7F4C0000
:10CA700008307200260200000A040000000048008E
:10CA800008000000000000000000000000004C0052
:10CA900008081504E400740D890000000000480037
:10CAA0000808150424140000990000000000480044
:10CAB0000818300024145C0D09050000FC7F4C00B0
:10CAC00008309200260200000A040000000048001E
:10CAD00008000000000000000000000000004C0002
:10CAE000080815042401740D8900000000004800A6
:10CAF00008081504241400009900000000004800F4
:10CB00000818300024145C0D09050000FC7F4C005F
:10CB10000830B200260200000A04000000004800AD
:10CB200008000000000000000000000000004C00B1
:10CB3000080815046401740D890000000000480015
:10CB400008081504241400009900000000004800A3
:10CB50000818300024145C0D09050000FC7F4C000F
:10CB60000830D200260200000A040000000048003D
:10CB700008000000000000000000000000004C0061
:10CB800008081504A401740D890000000000480085
:10CB90000808150424140000990000000000480053
:10CBA0000818300024145C0D09050000FC7F4C00BF
:10CBB0000830F200260200000A04000000004800CD
:10CBC00008000000000000000000000000004C0011
:10CBD00008081504E401740D8900000000004800F5
:10CBE0000808150424140000990000000000480003
:10CBF0000818300024145C0D09050008FC7F0400AF
:10CC000000000100200048000800000000005C0D4A
:10CC100000000000FC7F4C0008B811002400000058
:10CC200019000008000002000704000000000000D6
:10CC3000000000002CCC00002CCC000034CC000004
:10CC400034CC00003CCC00003CCC000044CC0000C4
:10CC500044CC00004CCC00004CCC000054CC000074
:10CC600054CC00005CCC00005CCC000064CC000024
:10CC700064CC00006CCC00006CCC000074CC0000D4
:10CC800074CC00007CCC00007CCC000084CC000084
:10CC900084CC00008CCC00008CCC000094CC000034
:10CCA00094CC00009CCC00009CCC0000A4CC0000E4
:10CCB000A4CC0000ACCC0000ACCC0000B4CC000094
:10CCC000B4CC0000BCCC0000BCCC0000C4CC000044
:10CCD000C4CC0000CCCC0000CCCC0000D4CC0000F4
:10CCE000D4CC0000DCCC0000DCCC0000E4CC0000A4
:10CCF000E4CC0000ECCC0000ECCC0000F4CC000054
:10CD0000F4CC0000FCCC0000FCCC000004CD000002
:10CD100004CD00000CCD00000CCD000014CD0000AF
:10CD200014CD00001CCD00001CCD000024CD00005F
:10CD300024CD00002CCD00002CCD000034CD00000F
:10CD400034CD00003CCD00003CCD000044CD0000BF
:10CD500044CD00004CCD00004CCD000054CD00006F
:10CD600054CD00005CCD00005CCD000064CD00001F
:10CD700064CD00006CCD00006CCD000074CD0000CF
:10CD800074CD00007CCD00007CCD000084CD00007F
:10CD900084CD00008CCD00008CCD000094CD00002F
:10CDA00094CD00009CCD00009CCD0000A4CD0000DF
:10CDB000A4CD0000ACCD0000ACCD0000B4CD00008F
:10CDC000B4CD0000BCCD0000BCCD0000C4CD00003F
:10CDD000C4CD0000CCCD0000CCCD0000D4CD0000EF
:10CDE000D4CD0000DCCD0000DCCD0000E4CD00009F
:10CDF000E4CD0000ECCD0000ECCD0000F4CD00004F
:10CE0000F4CD0000FCCD0000FCCD000004CE0000FD
:10CE100004CE00000CCE00000CCE000014CE0000AA
:10CE200014CE00001CCE00001CCE000024CE00005A
:10CE300024CE00002CCE00002CCE000034CE00000A
:10CE400034CE00003CCE00003CCE000044CE0000BA
:10CE500044CE00004CCE00004CCE000054CE00006A
:10CE600054CE00005CCE00005CCE000064CE00001A
:10CE700064CE00006CCE00006CCE000074CE0000CA
:10CE800074CE00007CCE00007CCE000084CE00007A
:10CE900084CE00008CCE00008CCE000094CE00002A
:10CEA00094CE00009CCE00009CCE0000A4CE0000DA
:10CEB000A4CE0000ACCE0000ACCE0000B4CE00008A
:10CEC000B4CE0000BCCE0000BCCE0000C4CE00003A
:10CED000C4CE0000CCCE0000CCCE0000D4CE0000EA
:10CEE000D4CE0000DCCE0000DCCE0000E4CE00009A
:10CEF000E4CE0000ECCE0000ECCE0000F4CE00004A
:10CF0000F4CE0000FCCE0000FCCE000004CF0000F8
:10CF100004CF00000CCF00000CCF000014CF0000A5
:10CF200014CF00001CCF00001CCF000024CF000055
:10CF300024CF00002CCF00002CCF000034CF000005
:10CF400034CF00003CCF00003CCF000044CF0000B5
:10CF500044CF00004CCF00004CCF000054CF000065
:10CF600054CF00005CCF00005CCF000064CF000015
:10CF700064CF00006CCF00006CCF000074CF0000C5
:10CF800074CF00007CCF00007CCF000084CF000075
:10CF900084CF00008CCF00008CCF000094CF000025
:10CFA00094CF00009CCF00009CCF0000A4CF0000D5
:10CFB000A4CF0000ACCF0000ACCF0000B4CF000085
:10CFC000B4CF0000BCCF0000BCCF0000C4CF000035
:10CFD000C4CF0000CCCF0000CCCF0000D4CF0000E5
:10CFE000D4CF0000DCCF0000DCCF0000E4CF000095
:10CFF000E4CF0000ECCF0000ECCF0000F4CF000045
:10D00000F4CF0000FCCF0000FCCF000004D00000F3
:10D0100004D000000CD000000CD0000014D00000A0
:10D0200014D000001CD000001CD0000024D0000050
:10D0300024D00000000000000300000044DF0000D6
:10D040000000000044DF0000ACDF000014E000003E
:10D0500000000000000000000000000000000000D0
:10D0600000000000000000000000000000000000C0
:10D0700000000000000000000000000000000000B0
:10D0800000000000000000000000000000000000A0
:10D090000000000000000000000000000000000090
:10D0A0000000000000000000000000000000000080
:10D0B0000000000000000000000000000000000070
:10D0C0000000000000000000000000000000000060
:10D0D000000000000000000001000000000000004F
:10D0E0000E33CDAB34126DE6ECDE05000B00000014
:10D0F0000000000000000000000000000000000030
:10D10000000000000000000000000000000000001F
:10D11000000000000000000000000000000000000F
:10D1200000000000000000000000000000000000FF
:10D1300000000000000000000000000000000000EF
:10D1400000000000000000000000000000000000DF
:10D1500000000000000000000000000000000000CF
:10D16000430000000000000000000000000000007C
:10D1700000000000000000000000000000000000AF
:10D18000430000000000000000000000000000005C
:10D19000000000000000000000000000000000008F
:10D1A000430000000000000000000000000000003C
:10D1B000000000000000000000000000000000006F
:10D1C000430000000000000000000000000000001C
:10D1D000000000000000000000000000000000004F
:10D1E00043000000000000000000000000000000FC
:10D1F000000000000000000000000000000000002F
:10D2000043000000000000000000000000000000DB
:10D21000000000000000000000000000000000000E
:10D2200043000000000000000000000000000000BB
:10D2300000000000000000000000000000000000EE
:10D24000CCAE0400E49B04000000000098A800009D
:10D25000948500006C7800006C7800006C78000009
:10D260006C7800006C7800006C7800006C7800002E
:10D270006C7800006C780000FFFFFFFFFFFFFFFFEE
:10D28000FFFFFFFFFFFF000001004153434949003A
:10D29000000000000000000000000000000000008E
:10D2A0000000000000000000000041534349490015
:10D2B000000000000000000000000000000000006E
:10D2C000000000000000000000000000000000005E
:10D2D0004041000058BD0400FFFFFFFF00000200B6
:10D2E00040D000005CC2040018D4000020D400002C
:10D2F00078C7040084BB00005CBB000034D500008C
:10D30000000000000000E041000000000000F03FCD
:10D310000000000000005043000000000000F83F43
:10D3200061436F63A787D23FB3C8608B288AC63F2B
:10D33000FB799F501344D33F04FA7D9D162D943CF6
:10D34000325A47551344D33F0000000000002440E8
:10D3500000000000000008400000000000001C4029
:10D360000000000000001440000000000000E03F4A
:10D37000002B2B4343554E470000803F000080BFE9
:10D38000000000419A99193F0000003F0000004052
:10D39000000020410000A040000080490000C04083
:10D3A0000000807F1772B142B5F1CFC23BAAB83FEF
:10D3B0008071313FD1F717374CBB31330EEADD3581
:10D3C00055B38A38610B363BABAA2A3ECAF2497183
:10D3D0000000800D0000001000000070D4A90000C3
:10D3E000289B0000D4A90000589C00000000000009
:10D3F00000000000D1F71737D1F717B78071313F20
:10D40000807131BF0000003F000000BFD4A90000C0
:10D410008CAA0000FFFFFFFFD4A9000014B8000091
:10D42000D4A9000044B80000D4A9000064B80000EA
:10D4300000000000FCFFFF3FFFFFFFFF7115000031
:10D440006589076C120000000000C6EF0F000000A5
:10D4500080562C9D07000000FFFFFFFF0B0000001F
:10D46000DFB008991F0000008D010000700200006D
:0CD4700020000000D4A90000A8BA0000B1
:10E0A800FFFF01082404000058040000FFFF0112CC
:10E0B8008802AC02B40400C404040000D00404B410
:10E0C8000400FFFF012C24400000EC0128E00700B9
:10E0D8009804040000C40528F80700A00710E0070A
:10E0E80000BC0720F80700DC0704E00700F4071C61
:10E0F8000000FFFF010B800104E801008802040012
:10E1080000FFFF0105A802040000FFFF0169980154
:10E11800040000AC0104FC0600B801040000CC01B6
:10E1280004F80600D801040000EC0104DC0600F83D
:10E1380001040000880204C006009402040000A440
:10E148000204BC0600B002040000C00204A00600DD
:10E15800D002040000E00204800600EC0204000083
:10E16800FC0204D805008803040000980304BC05D9
:10E1780000EC038C030000FFFF010CDC019405F0A8
:10E1880006009007040000FFFF010B88014094027D
:10E19800009803040000FFFF010468040000FFFF6B
:10E1A8000105F800040000FFFF0116208C030000A1
:10E1B800B80404F806008807040000940704F80669
:10E1C80000FFFF019F0118F80000009C039003E086
:10E1D800FE0000EC0804A8800100900C049C80015B
:10E1E80000C80E04F8FF0000CC0F04E0800100A472
:10E1F8001004BC800100F81004C0FD0000BC18D059
:10E208002EF4FE0000B44804E0FE0000944904E047
:10E21800800100A04904F4FE0000EC49049C800140
:10E2280000C44DD822F4FE0000E070040000A07184
:10E23800840AF4FE0000D8FB00049C800100F8FB6F
:10E2480000A401F4FE0000BCFD00049C8001009CB9
:10E25800FE00040000DCFE0018E0FE0000B88001AB
:10E26800049C800100FFFF0105E801040000FFFF96
:10E278000124100400001804F008002004E8080035
:10E288002804E008003004D80800C401E006A40807
:06E2980000D408040000A0
:10E2A0001000000000000000037A5200017C010110
:10E2B0001B0C02001400000018000000D4800000B5
:10E2C0002800000000500E105481010014000000CE
:10E2D00030000000E48000002800000000500E1014
:10E2E000548101001000000048000000F48000008C
:10E2F00038000000000000001800000000000000CE
:10E30000037A504C5200017C01079BC9EFFFFF1BB1
:10E310001B0C02002400000020000000FC80000014
:10E32000680000000483FDFFFF700E204881015843
:10E330000AC1480E00440B44C1440E0054000000C2
:10E34000480000003C810000540200000467FDFF0B
:10E35000FF440E60488907960C7081058806920874
:10E360009309940A950B970D980E990F9A109B118B
:10E370000384010AC144C844C944D244D344D444A8
:10E38000D544D644D744D844D944DA44DB440E00BB
:10E39000440B000014000000F80000003883000067
:10E3A0003800000000700E104481010010000000D1
:10E3B00010010000588300000C0000000000000065
:10E3C0001000000024010000508300000C00000039
:10E3D0000000000034000000380100004883000005
:10E3E000E801000000440E204C890381016C880282
:10E3F00002640AC850C144C9440E00440B5CC858AA
:10E400000AC144C9440E00440B488802340000008D
:10E4100070010000F88400004801000000440E2054
:10E420004C88028903810102800AC144C844C9485A
:10E430000E00440B02740AC144C844C9480E00448B
:10E440000B00000020000000A8010000088600006A
:10E45000F800000000440E20488802810102840A6E
:10E46000C144C8480E00440B500000007401000075
:10E47000DC860000100400000451FCFFFF440E4045
:10E480004892049406588101548802890393050335
:10E49000AC01C844C944D348C144D244D4440E005A
:10E4A000440E408101880289039204930594060377
:10E4B000CC01C8C9D3488802890393052400000011
:10E4C00020020000988A00009400000000440E2002
:10E4D000448101740AC1480E00440B02400AC14441
:10E4E0000E00440B1C00000048020000048B0000DA
:10E4F0008400000000440E20448101780AC1480EC7
:10E5000000440B001800000068020000688B000047
:10E510006800000000700E2044810168C1480E00B0
:10E520001000000084020000B48B00003C000000DA
:10E53000000000001000000098020000AC8D0000F8
:10E54000080000000000000030000000540200003D
:10E55000A08D00000C01000004A1FBFFFF02540E7F
:10E56000104888026481018903440E00C1C8C902B1
:10E57000640E108101880289030000001000000071
:10E58000E0020000788E0000300000000000000073
:10E5900010000000F4020000948E00002000000033
:10E5A000000000002000000008030000A08E000012
:10E5B0003C01000000680E30488101880202F00A28
:10E5C000C144C8480E00440B300000002C0300007A
:10E5D000B88F00009000000000440E104C880289A3
:10E5E00003810102540AC144C844C9480E00440BC7
:10E5F00044C144C844C9480E000000001000000097
:10E6000060030000149000001C00000000000000E7
:10E610006C000000740300001C900000AC010000BE
:10E62000004C0E30508802890381019204026093ED
:10E6300005027CD348C144C844C944D2440E0044B6
:10E640000E308101880289039204930544C144C8B5
:10E6500044D344C944D2440E00440E3081018802A0
:10E660008903920402449305500E00C1C8C9D2D355
:10E67000480E30810188028903920493050000004E
:10E6800010000000E403000058910000100000009A
:10E690000000000010000000F8030000549100008A
:10E6A0000400000000000000100000000C04000046
:10E6B0004491000008000000000000002C00000051
:10E6C00020040000389100009000000000440E205B
:10E6D00048880289034C9204810102440AC144C85B
:10E6E00044C944D2440E00440B0000001000000056
:10E6F0005004000098910000380000000000000065
:10E700001000000064040000BC9100002400000020
:10E71000000000001000000078040000FCFA020075
:10E720000800000000000000100000008C04000041
:10E73000F0FA0200080000000000000010000000D5
:10E74000A0040000A4910000C80000000000000028
:10E7500010000000B40400005892000060000000A7
:10E760000000000010000000C8040000A492000097
:10E77000100000000000000018000000DC04000091
:10E78000A09200003000000000440E204881015893
:10E79000C1480E002C000000F8040000B4920000F4
:10E7A0001001000000440E30548101880289039258
:10E7B00004930502980AC144C844C944D244D348CA
:10E7C0000E00440B24000000280500009493000074
:10E7D0009C03000000440E4048880281010360034E
:10E7E0000AC144C8440E00440B0000001800000099
:10E7F00050050000089700002C00000000440E2087
:10E800004481015CC1440E00100000006C05000052
:10E8100018FA0200080000000000000020000000BC
:10E8200080050000049700005800000000440E100E
:10E8300048880281010240C844C1440E0000000023
:10E840006C000000A405000038970000E8010000FB
:10E8500000440ED001588802980A810170940695F0
:10E8600007960897095C920493058903990B9A0C03
:10E870009B0D02C4C944D244D344D944DA44DB6872
:10E880000AC144C844D444D544D644D744D8480ED9
:10E8900000440B54D4D5D6D702448903920493057F
:10E8A0009406950796089709990B9A0C9B0D000002
:10E8B0002C00000014060000B0980000DC000000EE
:10E8C00000440E20549305810188028903920402BA
:10E8D000940AC144C848C944D244D3480E00440BEA
:10E8E00058000000440600005C990000B4020000DB
:10E8F00000440E30648802810189039305940695D3
:10E90000079608029892049709980A990B9A0C03A3
:10E910009C01D244D744D844D944DA440AC144C8FB
:10E9200044C944D344D444D544D6480E00440B547F
:10E9300092049709980A990B9A0C00002000000095
:10E94000A0060000B49B00006400000000440E100C
:10E9500048880281010248C844C1480E00000000F6
:10E9600018000000C4060000F49B000044000000F2
:10E9700000440E2044810174C1440E0010000000C8
:10E98000E0060000ACF802001400000000000000E7
:10E9900010000000F4060000089C00003000000099
:10E9A000000000001000000008070000249C000088
:10E9B0003000000000000000100000001C070000F4
:10E9C000409C000010000000000000001800000043
:10E9D000300700003C9C00003000000000440E2086
:10E9E00048810158C1480E00780000004C07000023
:10E9F000509C00003C05000000440E800158880235
:10EA00009406810189039204024493059507789640
:10EA1000089709032001D644D744C144C844D344CD
:10EA2000D544C944D244D4480E00440E800181012B
:10EA30008802890392049406025C93059507960860
:10EA4000970964D6D75096089709032001D644D772
:10EA5000036C01960897094CD6D750960897094C35
:10EA6000D6D700004C000000C807000010A100002D
:10EA70009403000000440E50709A0C8101880289B2
:10EA800003920493059406950796089709980A99A6
:10EA90000B0378020AC844C144C944D244D344D4C5
:10EAA00044D544D644D744D844D944DA440E00442B
:10EAB0000B000000180000001808000054A400001B
:10EAC0003800000000440E2044810168C1440E005B
:10EAD000500000003408000070A40000EC050000A5
:10EAE00000440E7054810103C40288028903930517
:10EAF00094069507980A990B9B0D9204960897091E
:10EB00009A0C03D001C844C944D244D344D444D558
:10EB100044D644D744D844D944DA44DB440AC148F3
:10EB20000E00440B700000008808000008AA0000D6
:10EB3000D403000000440E60708802920493059490
:10EB4000069507980A8101890396089709990B038E
:10EB50001C019A0C9B0D02B0DA44DB0298C144C838
:10EB600044C944D244D344D444D544D644D844D9E7
:10EB700048D7440E00440E60810188028903920444
:10EB800093059406950796089709980A990B9A0C8D
:10EB90009B0D02F4DADB00002C000000FC080000F2
:10EBA00068AD00004401000000440E30548101882B
:10EBB0000289039204930502D40AC144C844C9449B
:10EBC000D244D3440E00440B580000002C0900002E
:10EBD0007CAE0000D007000000540ED0014C92041F
:10EBE00050980A024896089A0C9B0D810188028968
:10EBF00003930594069507970903D401990B0344E1
:10EC000004D902C80AC144C844C944D244D344D434
:10EC100044D644D744D844DA44DB48D5440E0044B3
:10EC20000B000000AC00000088090000F0B50000F7
:10EC3000E408000000440E7070880281018903928C
:10EC40000493059406980A028895079608970999EF
:10EC50000B9A0C0388039B0D0284DB6CD5D6D7D9A5
:10EC6000DA60950796089709990B9A0C02DCD5D6BD
:10EC7000D7D9DA0298C144C844C944D244D344D451
:10EC800044D8480E00440E70810188028903920422
:10EC900093059406950796089709980A990B9A0C7C
:10ECA0009B0D68DB03A401D544D644D744D944DA8C
:10ECB00048950796089709990B9A0C9B0D44DB50D1
:10ECC000D5D6D7D9DA64950796089709990B9A0C87
:10ECD000509B0D0010000000380A000024BE000008
:10ECE0000800000000000000240000004C0A0000A2
:10ECF00018BE0000A000000000440E104C880289DD
:10ED0000038101026C0AC144C844C9480E00440B87
:10ED10004C000000740A000090BE0000700100006A
:10ED200000480E206488028903810102400AC14420
:10ED3000C844C9440E00440B4C92040240D248C15E
:10ED400044C844C9440E00480E208101880289034A
:10ED5000024C0AC144C844C9440E00440B000000E0
:10ED60004C000000C40A0000B0BF000070010000A9
:10ED700000480E206488028903810102400AC144D0
:10ED8000C844C9440E00440B4C92040240D248C10E
:10ED900044C844C9440E00480E20810188028903FA
:10EDA000024C0AC144C844C9440E00440B00000090
:10EDB0004C000000140B0000D0C0000070010000E7
:10EDC00000480E206488028903810102400AC14480
:10EDD000C844C9440E00440B4C92040240D248C1BE
:10EDE00044C844C9440E00480E20810188028903AA
:10EDF000024C0AC144C844C9440E00440B00000040
:10EE0000300000000C0B0000F0C100003C010000CD
:10EE100004F8F2FFFF440E10588802890381019222
:10EE20000403F8000AC844C144D248C9440E00444F
:10EE30000B00000018000000980B0000F8C2000052
:10EE40002400000000440E2044810150C1480E00FF
:10EE50001C000000B40B000000C3000074000000A0
:10EE600000440E204481010264C1440E00000000F1
:10EE7000640000007C0B000054C30000800300000D
:10EE80000491F2FFFF440E305881018802890392F9
:10EE90000402600AC144C844D248C9440E00440B6D
:10EEA000032401930502B8D3640A9305440B600A56
:10EEB0009305440B500A93054C0B50930558D354BB
:10EEC0000A93054C0B500A93054C0B540A93054CBE
:10EED0000B5093054CD300004C0000003C0C00008C
:10EEE0006CC600008801000000500E205C8802897A
:10EEF00003810102480AC144C844C9480E00440BBA
:10EF00004C92040240D248C144C844C9480E004C47
:10EF10000E2081018802890302500AC144C844C9F5
:10EF2000440E00440B000000300000008C0C000078
:10EF3000A4C70000D000000000440E104C880289D5
:10EF400003810102800AC144C844C9480E00440B31
:10EF50004C0AC144C844C9480E00440B8C00000050
:10EF6000680C000040C80000940300000412F2FF87
:10EF7000FF440E70548101920494069A0C02749519
:10EF8000079B0D88028903930596089709980A99AB
:10EF90000B038001C844C944D344D544D644D74464
:10EFA000D844D944DB44C144D244D444DA480E00A6
:10EFB000440E70810188028903920493059406959A
:10EFC0000796089709980A990B9A0C9B0D02E4C8BA
:10EFD000C9D3D5D6D7D8D9DB5888028903930595EC
:10EFE0000796089709980A990B9B0D007800000076
:10EFF000500D000044CB0000940A000000440E5065
:10F000004C990B8101023C89039406880292049377
:10F0100005950796089709980A9A0C9B0D0300031B
:10F02000C844C944D244D344D444D544D644D74434
:10F03000D844DA44DB44C148D9440E00440E508120
:10F040000188028903920493059406950796089710
:10F0500009980A990B9A0C9B0D030007C8C9D2D3D3
:10F06000D4D5D6D7D8DADB007C000000CC0D000068
:10F070005CD500003402000000440E205C8802923F
:10F08000049305810189036C95074894060298D47E
:10F0900044D544C144C844C944D244D3480E004472
:10F0A0000E20810188028903920493059406950736
:10F0B00044D444D5780AC144C844C944D244D3484E
:10F0C0000E00440B028094069507440AD444D544AC
:10F0D0000B44D444D5440AC144C844C944D244D39F
:10F0E000480E00440B0000002C000000F40D00004E
:10F0F00010D700009C0100000496F0FFFF440E10A2
:10F100004C88028903810103F4000AC144C844C940
:10F11000440E00440B000000280000007C0E00009C
:10F120007CD80000A400000000440E104888028132
:10F130000102780AC844C1480E00440B44C144C8C7
:10F14000440E000020000000A80E0000F4D80000CB
:10F15000A000000000440E1048880281010284C80B
:10F1600044C1480E0000000010000000CC0E00005A
:10F1700070D900000800000000000000100000002E
:10F18000E00E0000C0F002000800000000000000D7
:10F1900010000000F40E000050D900001000000024
:10F1A0000000000018000000080F00004CD900000B
:10F1B0003000000000440E2048810158C1480E0074
:10F1C00018000000240F000060D90000600000005B
:10F1D00000440E307481015CC1480E002C00000018
:10F1E000400F0000A4D90000E000000000440E30F1
:10F1F000548101880289039204930502840AC14460
:10F20000C844C944D244D3480E00440B5000000007
:10F21000700F000054DA00008001000000440E501E
:10F220004C8101990B70880289039204930594061E
:10F23000950796089709980A9B0D9A0C03DC00C85D
:10F2400044C944D244D344D444D544D644D744D802
:10F2500044DA44DB5C0AC14CD9440E00440B000084
:10F2600018000000C40F000080DB00002000000038
:10F2700000440E1044810150C1440E0018000000EB
:10F28000E00F000084DB00002C00000000440E2092
:10F290004481015CC1440E0010000000FC0F00001E
:10F2A000ACEF0200080000000000000010000000A9
:10F2B00010100000A0EF0200080000000000000095
:10F2C00024000000CC0F00006CDB00006C0000008C
:10F2D00004CDEEFFFF440E104C880281010250C89D
:10F2E00044C1440E000000008C0000004C100000DF
:10F2F000B0DB0000F40E000000440EF0027081014B
:10F300008802890396089709980A9B0D9204930531
:10F31000940602809507990B9A0C03880A0AD54433
:10F32000D944DA440B44D544D944DA032C03C1440C
:10F33000C844C944D244D344D444D644D744D8441E
:10F34000DB480E00440EF00281018802890392041A
:10F3500093059406950796089709980A990B9A0CB5
:10F360009B0D50D544D944DA489507990B9A0C5017
:10F37000D544D948DA00000024000000DC10000069
:10F3800014EA00003C01000000680E30488101884A
:10F390000203F4000AC144C8440E00440B000000FC
:10F3A00024000000AC10000028EB00007C000000EE
:10F3B00004F5EDFFFF440E104C880281010258C88D
:10F3C00044C14C0E00000000180000002C11000089
:10F3D0007CEB00004000000000440E2044810170DE
:10F3E000C1440E00300000004811000070EE020021
:10F3F000E400000000440E30588101880289039225
:10F40000049305940602A00AC144C844C944D244E6
:10F41000D344D4440E00440B500000007C11000083
:10F420006CEB0000E004000000440E707C8101924F
:10F43000049305940695079B0D8802890396089707
:10F4400009980A990B9A0C0340040AC144C844C99C
:10F4500044D244D344D444D544D644D744D844D9E0
:10F4600044DA44DB480E00440B00000010000000AA
:10F47000D0110000CCEE02000800000000000000E7
:10F4800010000000E4110000E4EF00001000000094
:10F490000000000018000000F8110000E0EF00007C
:10F4A0003000000000440E2048810158C1480E0081
:10F4B0001800000014120000F4EF00004C000000DF
:10F4C00000440E206081015CC1480E00280000004D
:10F4D0003012000024F00000F800000000440E206C
:10F4E00050810188028903920402AC0AC144C844D5
:10F4F000C944D2480E00440B540000005C120000C6
:10F50000F0F000005801000000440E2054930581E3
:10F51000018802890392044C94060264D40268C8EC
:10F5200044C144D244D348C9440E00440E20810152
:10F53000880289039204930594064CD4440AC14876
:10F54000C844C944D244D3480E00440B509406002A
:10F5500018000000B4120000F0F100002C000000C0
:10F5600000440E204481015CC1440E0010000000E4
:10F57000D0120000D4ED02000800000000000000DE
:10F5800010000000E4120000ECF100000800000090
:10F590000000000010000000F8120000E0F1000080
:10F5A0000800000000000000100000000C13000024
:10F5B000D4F100001000000000000000180000005E
:10F5C00020130000D0F100003000000000440E20A5
:10F5D00048810158C1480E00180000003C1300008B
:10F5E000E4F100002C00000000440E204481015C86
:10F5F000C1440E001000000058130000F4F1000098
:10F600005000000000000000100000006C1300001B
:10F6100030F200003C00000000000000100000007C
:10F620008013000058F200003C00000000000000C1
:10F63000100000009413000080F200003C00000065
:10F640000000000010000000A8130000A8F2000055
:10F650003C0000000000000024000000BC1300007B
:10F66000D0F200002004000000440E2048880281EF
:10F67000010320010AC144C8480E00440B000000E9
:10F680002C000000E4130000C8F600004401000054
:10F6900000440E20548802890392049305810102DC
:10F6A000F40AC144C844C944D244D3440E00440BB4
:10F6B00094000000BC130000DCF700009803000079
:10F6C00004EEEAFFFF440EC0025093054C81017422
:10F6D0009507880289039204940696089709980A68
:10F6E000990B9A0C9B0D030001C844C944D244D421
:10F6F00044D544D644D744D844D944DA44DB48C13D
:10F7000044D3440E00440EC0028101880289039252
:10F710000493059406950796089709980A990B9AF9
:10F720000C9B0D03E001C8C9D2D4D5D6D7D8D9DAFD
:10F73000DB48880289039204940695079608970986
:10F74000980A990B9A0C9B0D10000000AC14000055
:10F75000DCFA000040000000000000001000000083
:10F76000C014000008FB00001C01000000000000A5
:10F7700030000000D4140000D8EB0200E4000000C8
:10F7800000440E3058810188028903920493059445
:10F790000602A00AC144C844C944D244D344D44454
:10F7A0000E00440B2800000008150000DCFB0000E0
:10F7B0007800000000440E304488024C8101700A39
:10F7C000C144C8440E00440B58C144C8480E000050
:10F7D000200000003415000028FC00004C00000050
:10F7E00000440E20448101640AC1440E00440B50C1
:10F7F000C1440E00300000005815000038EC020033
:10F800003001000000440E305881018802890392C3
:10F81000049305940602D80AC144C844C944D2449A
:10F82000D344D4440E00440B440000008C15000067
:10F830001CFC00005803000000440E704481017C51
:10F840008802030001C8440AC1480E00440B02703C
:10F85000C1440E00440E7081018802024CC8640A43
:10F860008802440B024C880270C80298880200008B
:10F8700038000000D41500002CFF000074020000C6
:10F8800000440E704481010260880202D4C8440A18
:10F89000C1480E00440B02448802025CC86C0A880E
:10F8A00002440B640A8802440B6C880224000000A6
:10F8B00010160000640101003C01000000680E30D9
:10F8C000488101880203F4000AC144C8440E004480
:10F8D0000B00000024000000381600007802010030
:10F8E0003C01000000680E30488101880203F400EA
:10F8F0000AC144C8440E00440B0000001C00000074
:10F90000601600008C0301006C00000000440E2013
:10F91000448101025CC1440E000000006000000050
:10F9200080160000D8030100BC01000000440E70E6
:10F93000588806940A960C81058907920802589502
:10F940000B970D9309980E990F9A109B1102D0D323
:10F9500044D544D744D844D944DA44DB680AC14486
:10F96000C844C944D244D444D6480E00440B4C93F6
:10F9700009950B970D980E990F9A109B1100000096
:10F9800020000000E4160000DCEB0200680000002C
:10F9900000500E20448101640AC1480E00440B440B
:10F9A000C1440E0048000000B016000020EC020028
:10F9B0003403000004435D0000440E406888028167
:10F9C0000189039204930594069507960897099870
:10F9D0000A0340020AC144C844C944D244D344D4AF
:10F9E00044D544D644D744D8440E00440B0000000C
:10F9F000300000005417000008EF0200E40000008F
:10FA000000440E30588101880289039204930594C2
:10FA10000602A00AC144C844C944D244D344D444D1
:10FA20000E00440BD0000000301700008C040100D1
:10FA30006C4000000494E7FFFF440EE0034C81019A
:10FA4000880274890302C092049305940695079670
:10FA5000089709980A990B9A0C9B0D038405D2D339
:10FA6000D4D5D6D7D8D9DADB48C148C844C9440E62
:10FA700000440EE0038101880289039204930594F7
:10FA800006950796089709980A990B9A0C9B0D03FF
:10FA900098040AC148C844D244D344D444D544D677
:10FAA00044D744D844D944DA44DB44C9440E004422
:10FAB0000B03A42CD2D3D4D5D6D7D8D9DADB0244C1
:10FAC000920493059406950796089709980A990B4E
:10FAD0009A0C9B0D03C006D2D3D4D5D6D7D8D9DA89
:10FAE000DB68920493059406950796089709980A8F
:10FAF000990B9A0C9B0D00003C0000005C18000064
:10FB000024440100E000000000440E2048890381E5
:10FB1000014C9204930502448802025CC844C1442B
:10FB2000C944D244D3480E00440E20810188028982
:10FB300003920493050000002C000000441800000C
:10FB4000C4440100FC0000000424E7FFFF440E1041
:10FB500054880289039204810102BC0AC844C1444A
:10FB6000C948D2440E00440B18000000CC18000015
:10FB7000904501002400000000440E204481015003
:10FB8000C1480E0010000000E81800009845010070
:10FB90002C0000000000000010000000FC18000015
:10FBA000B045010028000000000000002400000013
:10FBB00010190000C44501009801000000440E1017
:10FBC000448101640AC1440E00440B02B80AC148D2
:10FBD0000E00440B100000003819000034470100EB
:10FBE0003800000000000000100000004C19000068
:10FBF000584701003800000000000000100000001D
:10FC0000601900007C470100400000000000000077
:10FC10001000000074190000A8470100E80000006F
:10FC20000000000040000000881900007C4801002E
:10FC30000801000000440E204C89039305608802EF
:10FC4000920481015C0AC144C844C944D244D344EB
:10FC50000E00440B02500AC144C844C944D244D3E4
:10FC6000440E00440B00000024000000CC190000EA
:10FC7000404901008400000000440E204C810188AE
:10FC80000289030264C144C844C9440E0000000054
:10FC900024000000F41900009C49010084000000C9
:10FCA00000440E204C8101880289030264C144C8CB
:10FCB00044C9440E00000000500000001C1A00005F
:10FCC000F8490100B401000000440E305C8802894C
:10FCD0000381019204700AC144C844C944D2440E4D
:10FCE00000440B02700AC144C844C944D2440E0007
:10FCF000440B023C0AC144C844C944D2440E0044E7
:10FD00000B5C930502500AD3480B44D360000000FB
:10FD1000701A0000584B0100E002000000540E5021
:10FD200064810188028903920493059406950796DD
:10FD30000897090348010AC144C844C944D244D3BE
:10FD400044D444D544D644D7480E00440B030401A0
:10FD50000E00C1C8C9D2D3D4D5D6D7480E50810120
:10FD600088028903920493059406950796089709DB
:10FD700054000000D41A0000D44D0100100200000D
:10FD800000700E2058880289038101740AC144C89A
:10FD900044C9480E00440B023CC144C844C9480E43
:10FDA00000600E20810188028903027C0AC144C8D8
:10FDB00044C9480E00440B5492040258C144C8443C
:10FDC000D244C9480E000000400000002C1B000077
:10FDD0008C4F01009401000000440E2058810188DE
:10FDE000026C0AC144C8440E00440B02700AC144AC
:10FDF000C8440E00440B02440AC144C8440E0044E7
:10FE00000B54890302500AC9480B44C9380000004A
:10FE1000701B0000DC500100A801000000440E200F
:10FE200058810188026C0AC144C8440E00440B0288
:10FE3000800AC144C8440E00440B02588903026082
:10FE40000AC9480B44C9000030000000AC1B000088
:10FE5000485201006001000000440E304C880289C5
:10FE6000039204649305810102740AC144C844C921
:10FE700044D244D3440E00440B0000003400000080
:10FE8000E01B000064CA0100C000000000440E2016
:10FE90004494064881015C8802890348930548928E
:10FEA000040248C844D250D344C9500AC144D4447F
:10FEB0000E00440B10000000181C0000ECCA0100EA
:10FEC0005800000000000000340000002C1C00005E
:10FED00030CB0100BC00000000440E2044930548D4
:10FEE00081016C88028903920494060254C844C9B3
:10FEF00044D244D44C0AC144D3440E00440B000005
:10FF000010000000641C0000B4CB01006C00000075
:10FF10000000000010000000781C00000CCC010064
:10FF20000800000000000000100000008C1C000011
:10FF300000CC01000C0000000000000010000000D8
:10FF4000A01C0000F8CB01000C0000000000000025
:10FF500010000000B41C0000F0CB010010000000F5
:10FF60000000000010000000C81C0000ECCB0100E5
:10FF70000C0000000000000010000000DC1C00006D
:10FF8000E4CB01000C0000000000000010000000A5
:10FF9000F01C0000DCCB01000C00000000000000A1
:10FFA00010000000041D000094D3010004000000B4
:10FFB0000000000028000000C01C000084D30100E5
:10FFC0008C04000004B1E2FFFF440EB0024C81013A
:10FFD000880203E4030AC144C8480E00440B000031
:10FFE00018000000441D0000FCE902001800000099
:10FFF00000440E1044810148C1440E00100000006E
:020000021000EC
:10000000601D0000C8D701000C04000000000000C3
:1000100010000000741D00005000020034000000B9
:100020000000000010000000881D000070000200A9
:100030005000000000000000100000009C1D0000A7
:10004000AC000200400000000000000010000000B2
:10005000B01D0000D80002003400000000000000C5
:1000600018000000C41D0000F80002003C00000061
:1000700000580E10448101440E00C1003000000001
:10008000E01D000018010200BC01000000440E3019
:100090005881018802890392049305940602680A34
:1000A000C144C848C944D244D344D4440E00440B8C
:1000B00054000000141E0000A002020024060000EC
:1000C00000440E5074880292049305940695079696
:1000D000089709980A990B9B0D810189039A0C4492
:1000E0000C0800024C0A0C025044C144C844C944E4
:1000F000D244D344D444D544D644D744D844D94434
:10010000DA44DB440E00440B540000006C1E000077
:100110006C0802005C06000000440E5074880292D5
:100120000493059406950796089709980A990B9BDE
:100130000D810189039A0C440C0800024C0A0C0240
:100140005044C144C844C944D244D344D444D5449F
:10015000D644D744D844D944DA44DB440E00440B97
:1001600010000000C41E0000700E020040000000DD
:10017000000000004C000000D81E00009C0E020091
:100180004803000000440E404488024C89037481F7
:1001900001920493059406950796089709980A9981
:1001A0000B9A0C5C0AC144C844C944D244D344D419
:1001B00044D544D644D744D844D944DA440E004404
:1001C0000B00000014000000281F00009411020022
:1001D00024000000005C0E104481010018000000A3
:1001E000401F0000A011020084000000005C0E10FF
:1001F000448101440E00C100380000005C1F000073
:10020000081202002401000000440E304488024C11
:1002100093055C8101890392049406950702BC0A48
:10022000C144C844C944D244D344D444D5440E0044
:10023000440B00004C000000981F0000F012020068
:100240005C06000000440ED00244880270890392CC
:10025000049305940695079709990B9A0C810196CA
:1002600008980A7C0AC144C858C944D244D344D42B
:1002700044D544D644D744D844D944DA440E004443
:100280000B00000044000000E81F0000FC18020002
:100290002002000000440EF0054888029305748196
:1002A00001890392049406950796089709980A0312
:1002B00008010AC148C844C944D244D344D444D5EF
:1002C00044D644D744D8440E00440B00300000000C
:1002D00030200000D41A02003802000000440EE072
:1002E000054892049305588802890348810103F068
:1002F00001C148C844C944D244D3440E00000000A0
:100300002400000064200000D81C020068000000E7
:1003100000440E1048880289034881010240C1440C
:10032000C848C9440E000000400000008C200000B6
:10033000181D0200F000000000440EF00564880261
:1003400092049305940695079709810189039608FD
:1003500002840AC144C844C944D244D344D444D5D5
:1003600044D644D7440E00440B000000480000006F
:10037000D0200000C41D02002801000000440EF03F
:10038000054895076C89039204930594069608978F
:1003900009980A990B8101880202B40AC148C8442D
:1003A000C944D244D344D444D544D644D744D84491
:1003B000D9440E00440B0000100000001C21000076
:1003C000A01E02000800000000000000180000004D
:1003D00030210000941E02007000000000580E1032
:1003E000448101440E00C100100000004C210000B7
:1003F000E81E0200080000000000000010000000DD
:1004000060210000DC1E020014000000000000005B
:100410001000000074210000DC1E02000800000033
:10042000000000001000000088210000D01E020023
:100430000800000000000000100000009C210000E7
:10044000C41E0200080000000000000018000000A8
:10045000B0210000B81E02002800000000440E2059
:100460004C810150C1440E0010000000CC2100005E
:10047000C41E020008000000000000001000000080
:10048000E0210000B81E020008000000000000008B
:1004900028000000F4210000AC1E0200E40000006F
:1004A00000440E800B488802890358810102A40A87
:1004B000C148C844C9440E00440B000010000000AD
:1004C00020220000641F0200040000000000000061
:1004D0008800000034220000541F0200EC010000DC
:1004E00000440EF00F02480E8011810188028A0438
:1004F0008B058C068D079309940A950B8903920846
:10050000960C970D980E990F9A109B1102500A0E97
:10051000F00F44C144C844C944D244D344D444D560
:1005200044D644D744D844D944DA44DB440E00448A
:100530000B02C40EF00F44C144C844C944CA44CBA2
:1005400044CC44CD44D244D344D444D544D644D7F7
:1005500044D844D944DA44DB440E00007C00000057
:10056000C0220000B42002004801000000440ED068
:100570000B4888028903588A048B058C0692087CF4
:1005800081018D079309940A950B960C970D980E8F
:10059000990F9A109B11025C0AC848C144C944CA09
:1005A00044CB44CC44CD44D244D344D444D544D6A3
:1005B00044D744D844D944DA44DB440E00480B44C1
:1005C000C144C844C944D244D344D444D544D64495
:1005D000D744D844D944DA44DB440E00600000001C
:1005E000402300007C2102001001000000440ED0D6
:1005F0000B4888028A044C8B058C06024081018DD1
:1006000007890392089309940A950B960C970D9805
:100610000E990F9A109B110268C848C144C944CA78
:1006200044CB44CC44CD44D244D344D444D544D622
:1006300044D744D844D944DA44DB440E00000000D7
:100640007C000000A42300002822020048010000D2
:1006500000480ED00B02448802810189038A048B72
:10066000058C068D0792089309940A950B960C97B2
:100670000D980E990F9A109B11026C0AC848C1443C
:10068000C944CA44CB44CC44CD44D244D344D444DA
:10069000D544D644D744D844D944DA44DB440E0088
:1006A000480B48C144C844C944D244D344D444D577
:1006B00044D644D744D844D944DA44DB440E00003D
:1006C0001000000024240000F022020018000000A6
:1006D000000000004C00000038240000F42202005A
:1006E000DC00000000440EB00B4893059406024065
:1006F0008903920481018802950796089709980A50
:10070000990B9A0C9B0D0254C148C844C944D24469
:10071000D344D444D544D644D744D844D944DA4405
:10072000DB440E001000000088240000802302003B
:100730003400000000000000100000009C240000B5
:10074000A02302005000000000000000380000005C
:10075000B0240000DC230200D800000000440E207A
:1007600044880260920493059406950796088101D7
:100770008903600AC144C844C944D244D344D44420
:10078000D544D6440E00440B18000000EC240000B1
:10079000782402005C00000000680E1044810144CF
:1007A0000E00C1001800000008250000B824020057
:1007B0005000000000700E10448101440E00C10082
:1007C0002C00000024250000EC2402006801000039
:1007D00000440E3054890393058101880292046419
:1007E0000AC144C848C944D244D3440E00440B0053
:1007F0002C00000054250000242602009400000074
:1008000000480E304888024889035481019204024E
:100810004C0AC144C844C944D2440E00440B0000F1
:10082000380000008425000088260200A400000093
:1008300000440E204489034C92046488029305947A
:1008400006950781015C0AC144C844C944D244D317
:1008500044D444D5440E00440B0000003400000092
:10086000C0250000F02602001C01000000440E30EC
:100870004489034888025881019204930594060232
:10088000480AC144C844C944D244D344D4480E00A1
:10089000440B000048000000F8250000D4270200A7
:1008A0007801000000440E404489035488029507F3
:1008B00070930596089709990B8101920494069804
:1008C0000A03F0000AC148C844C944D244D344D4FE
:1008D00044D544D644D744D844D9440E00440B00F0
:1008E0001000000044260000002902001000000053
:1008F000000000003000000058260000FC28020024
:10090000B400000000440E3044890358810188027D
:100910009204930502740AC144C844C944D244D322
:10092000440E00440B0000003C0000008C26000038
:100930007C290200AC00000000440E306488029460
:100940000695079608970981018903920493055C2F
:100950000AC144C844C944D244D344D444D544D63B
:1009600044D7440E00440B0020000000CC260000B9
:10097000E82902005800000000440E204888025078
:10098000810170C144C8440E00000000280000002E
:10099000F02600001C2A02006800000000440E201F
:1009A000508802890392048101540AC144C844C991
:1009B00044D2440E00440B00700000001C270000CD
:1009C000582A02005802000000440EE00C44960829
:1009D0004893057088028903920494069507970945
:1009E000980A8101990B9A0C9B0D02840AC844C194
:1009F00044C944D244D444D744D844D944DA44DB2B
:100A00004CD644D548D3440E00440B031801C144CE
:100A1000C844C944D244D344D444D544D644D7442A
:100A2000D844D944DA44DB440E00000048000000FA
:100A3000902700003C2C02006801000000440E508A
:100A40006488028903930594069507960897099888
:100A50000A990B4C8101920402580AC144C844C946
:100A600044D244D444D544D644D744D844D948D3B6
:100A7000440E00440B00000044000000DC2700008E
:100A8000582D02006401000000440E4044880254C6
:100A90009406980A6C89039305950796088101923C
:100AA000049709640AC144C844C944D244D344D415
:100AB00044D544D644D744D8440E00440B0000002B
:100AC0005C00000024280000742E02009404000042
:100AD00000480E40688802940681018903920493BD
:100AE00005950796089709980A700AC844C144C931
:100AF00044D344D544D644D744D84CD444D2440EED
:100B000000440B025C0AC144C844D244D344D444D8
:100B1000D544D644D744D848C9440E00440B0000FD
:100B20001000000084280000A832020038000000F5
:100B3000000000001000000098280000CC320200E5
:100B40000C0000000000000020000000AC280000A5
:100B5000C43202003C000000004C0E104488024CDD
:100B6000810150C844C1440E000000001000000084
:100B7000D0280000DC3202002C0000000000000041
:100B800010000000E4280000F43202000C00000015
:100B90000000000020000000F8280000EC320200F5
:100BA0003000000000440E104488024C810150C8FF
:100BB00044C1440E00000000300000001C29000069
:100BC000F8320200C4000000005C0E104C81018865
:100BD000024C0E00C1C8680E1081018802700AC163
:100BE00048C8440E00440B5C0E00C1C81000000051
:100BF00050290000883302000400000000000000BB
:100C0000180000006429000078330200240000006E
:100C1000004C0E1044810148C1440E003800000011
:100C200080290000803302002C01000000440E30B7
:100C300044930544880258920495078101890394DE
:100C400006740AC148C844C944D244D344D444D5E4
:100C5000440E00440B00000020000000BC290000EE
:100C60008CA903006800000000440E205088025048
:100C7000810178C144C8440E00000000100000004B
:100C8000E0290000D0A903001000000000000000CF
:100C900010000000F4290000CCA90300100000009F
:100CA0000000000018000000082A0000C8A9030086
:100CB0002400000000440E2044810150C1480E0071
:100CC00018000000242A0000D0A9030050000000F2
:100CD00000580E1044810158C14C0E00180000004D
:100CE000402A000054AA030048000000004C0E20D7
:100CF0004C810168C1440E002C0000005C2A0000F9
:100D000080AA03009000000000440E304492045872
:100D10008802890393058101700AC144C844C9440B
:100D2000D244D3480E00440B300000008C2A00004F
:100D3000E0AA03007800000000440E2048880289E1
:100D400003548101680AC848C14CC9440E00440BD1
:100D500044C144C844C9440E000000001000000013
:100D6000C02A000024AB03000400000000000000C3
:100D700010000000D42A000014AB0300340000006F
:100D80000000000010000000E82A000034AB03005F
:100D9000500000000000000024000000FC2A0000B9
:100DA00070AB03008000000000480E305C880289B0
:100DB000038101024CC144C844C9440E0000000034
:100DC0002C000000242B0000C8AB030068010000C9
:100DD00000440E3054890393058101880292046413
:100DE0000AC144C848C944D244D3440E00440B004D
:100DF0001C000000542B000000AD03008800000020
:100E000000440E20448101025C0AC1480E00440BDC
:100E10002C000000742B000068AD03007C00000073
:100E200000440E3044880254890392048101024434
:100E30000AC144C844C944D2440E00440B00000017
:100E400018000000A42B0000B4AD03005C000000FB
:100E500000700E10448101440E00C100200000000B
:100E6000C02B0000F4AD03004400000000440E203D
:100E700044880250810158C84CC1440E0000000053
:100E800024000000E42B000014AE0300BC000000AE
:100E900000440E304C880289038101028C0AC1444F
:100EA000C94CC8440E00440B54000000B42B000091
:100EB000A8AE0300FC030000045F480000440E805D
:100EC00001748101880289039204930594069507B1
:100ED00096089709980A990B9A0C9B0D036C010AC6
:100EE000C144C844C944D244D344D444D544D6446C
:100EF000D744D844D944DA44DB440E00440B000004
:100F0000200000000C2C00004CB20300F000000098
:100F10000423480000440E5048880289035092047C
:100F20009305810118000000302C000018B3030065
:100F300018000000041F480000440E104481010006
:100F400014000000A42C000014B3030010000000E3
:100F500000480E104481010014000000BC2C000069
:100F60000CB303001000000000440E104481010087
:100F700014000000D42C000004B303001000000093
:100F800000480E104481010010000000EC2C00000D
:100F9000FCB203001C000000000000001000000074
:100FA000002D000004B30300080000000000000052
:100FB00010000000142D0000F8B203001C00000017
:100FC0000000000010000000282D000000B3030006
:100FD0000800000000000000240000003C2D00007C
:100FE000F4B203005800000000440E2044810102C6
:100FF0003C0AC1440E00440B44C1440E00000000F2
:101000001C000000642D000024B303005C000000FD
:1010100000440E1048810188026CC15CC8440E0077
:1010200018000000842D000060B303005800000089
:1010300000440E20488101880200000018000000D2
:10104000A02D00009CB303008400000000440E109B
:10105000488101880200000020000000BC2D000033
:1010600004B403006C00000000440E1048880281A4
:10107000015C0AC144C8440E00440B00100000008B
:10108000E02D00004CB40300100000000000000040
:1010900018000000F42D000048B4030024000000F4
:1010A00000440E2044810150C1480E001800000089
:1010B000102E000034A603005000000000580E104F
:1010C00044810158C14C0E00380000002C2E000055
:1010D00034B403002401000000440E304C88024C5C
:1010E00089035C92044C810102440AC144C844C98A
:1010F00044D2480E00440B0264C144C948D24CC8D3
:10110000440E000030000000682E00001CB50300F3
:101110008000000000440E204C88028903810102F7
:101120003C0AC844C14CC9480E00440B44C144C8E1
:1011300044C9480E00000000280000009C2E00005A
:1011400068B503005C00000000440E20488802815E
:1011500001600AC854C1480E00440B44C144C8444D
:101160000E00000010000000C82E000098B503001B
:10117000040000000000000010000000DC2E000051
:1011800088B5030008000000000000001000000007
:10119000F02E00007CB503000800000000000000F5
:1011A00010000000042F000070B5030008000000CC
:1011B0000000000018000000182F000064B50300B4
:1011C0005800000000600E104481015CC1480E0010
:1011D00020000000DC2E0000A0B503005C01000030
:1011E0000483450000480E30508802810189039233
:1011F0000400000014000000582F0000D8B60300BF
:101200003000000000440E1048810100140000006E
:10121000702F0000F0B603003000000000440E10F4
:101220004881010014000000882F000008B7030067
:101230003000000000440E1048810100140000003E
:10124000A02F000020B703003000000000440E1063
:101250004881010014000000B82F000038B70300D7
:101260003000000000440E10488101001C00000006
:10127000782F000050B7030054000000040F450011
:1012800000440E2054880281018903001C000000E4
:10129000982F000084B703005400000004FB4400B2
:1012A00000440E2054880281018903001C000000C4
:1012B000B82F0000B8B703005400000004E7440052
:1012C00000440E2054880281018903001C000000A4
:1012D000D82F0000ECB703005400000004D34400F2
:1012E00000440E2054880281018903001C00000084
:1012F000F82F000020B803005400000004BF440091
:1013000000440E205488028101890300240000005B
:101310001830000054B80300A800000004AB4400DB
:1013200000440E404C8109880A890B440C08204473
:10133000920C00001C00000040300000D4B80300F4
:10134000540000000496440000440E20548802819A
:10135000018903001C0000006030000008B9030090
:10136000540000000482440000440E20548802818E
:10137000018903001C000000803000003CB903001C
:1013800054000000046E440000440E205488028182
:10139000018903001C000000A030000070B90300A8
:1013A00054000000045A440000440E205488028176
:1013B000018903002400000018310000A4B90300D3
:1013C0008000000000440E90014888028903440C0C
:1013D00008005881019204930500000028000000D5
:1013E00040310000FCB903009000000000440E20D2
:1013F0004888028101440C080002640A0C0220445F
:10140000C144C8480E00440B380000006C31000095
:1014100060BA03001C01000000440E306488028999
:101420000392049305940695079608810102D0C1A2
:1014300044C844C944D244D344D444D544D6440EC9
:101440000000000010000000A831000040BB0300B5
:101450000C0000000000000010000000BC31000083
:1014600038BB03001C00000000000000100000005A
:10147000D03100005CBB0300100000000000000041
:1014800018000000E431000058BB03001800000001
:1014900000480E10448101440E00C10010000000FD
:1014A0000032000054BB03000800000000000000F0
:1014B000100000001432000048BB030008000000C8
:1014C0000000000010000000283200003CBB0300B8
:1014D0000800000000000000100000003C32000086
:1014E00030BB0300080000000000000010000000F6
:1014F0005032000024BB0300080000000000000080
:10150000100000006432000018BB03000800000057
:101510000000000010000000783200000CBB030047
:101520001400000000000000100000008C320000D9
:101530000CBB0300140000000000000018000000B5
:10154000A03200000CBB03005000000000580E1039
:10155000488101440E00C10010000000BC320000B0
:1015600040BB030018000000000000001000000055
:10157000D032000044BB030008000000000000005F
:1015800010000000E432000038BB0300040000003B
:101590000000000010000000F832000028BB03002B
:1015A0000400000000000000100000000C330000E8
:1015B00018BB030004000000000000001000000041
:1015C0002033000008BB03000800000000000000FA
:1015D0001800000034330000FCBA030030000000A3
:1015E00000600E10488101440E00C1001800000088
:1015F0005033000010BB03002C000000005C0E10F4
:10160000488101440E00C100100000006C3300004E
:1016100020BB0300140000000000000010000000C8
:101620008033000020BB0300200000000000000009
:1016300010000000943300002CBB030018000000D1
:101640000000000010000000A833000030BB0300C1
:10165000200000000000000010000000BC3300006B
:101660003CBB030028000000000000002400000034
:10167000D033000050BB03007400000000440E2073
:101680004C8802890381010254C144C844C9440EF4
:101690000000000010000000F83300009CBB0300B5
:1016A0000400000000000000100000000C340000E6
:1016B0008CBB0300080000000000000010000000C8
:1016C0002034000080BB0300040000000000000084
:1016D000100000003434000070BB0300080000005C
:1016E00000000000100000004834000064BB03004C
:1016F0000400000000000000100000005C34000046
:1017000054BB030008000000000000002C00000093
:101710007034000048BB0300AC00000000480E30ED
:101720004492045489038101880293050270C144E4
:10173000C844C944D244D3440E000000380000001D
:10174000A0340000C4BB0300F400000000440E30CD
:101750004493054C94066888028903920496088194
:101760000195070294C144C844C944D244D344D427
:1017700044D544D6440E000024000000DC340000B0
:101780007CBC03006C00000000480E1050880289E9
:101790000381010244C144C844C9440E0000000052
:1017A0001000000004350000C0BC0300140000005D
:1017B000000000001000000018350000C0BC03004D
:1017C0001400000000000000100000002C35000094
:1017D000C0BC03000C00000000000000240000005A
:1017E00040350000B8BC03007800000000440E2023
:1017F0004C880289038101023C0AC14CC848C94493
:101800000E00440B240000006835000008BD0300F2
:1018100088000000005C0E1048880289035881018E
:101820005CC144C844C9440E000000001000000020
:101830009035000068BD03000400000000000000B7
:1018400018000000A435000058BD0300200000006F
:1018500000440E204481014CC1480E0024000000C9
:10186000C03500005CBD0300B400000000480E104D
:101870004888028903488101680AC144C844C944B0
:101880000E00440B10000000E8350000E8BD030026
:10189000080000000000000010000000FC350000FF
:1018A000DCBD030008000000000000001000000084
:1018B00010360000D0BD0300100000000000000042
:1018C0001000000024360000CCBD03001000000012
:1018D000000000001000000038360000C8BD030002
:1018E0001400000000000000100000004C36000052
:1018F000C8BD03001400000000000000100000003C
:1019000060360000C8BD03000C00000000000000AD
:101910001000000074360000C0BD03000C00000081
:10192000000000001000000088360000B8BD030071
:101930000800000000000000100000009C360000BD
:10194000ACBD03001000000000000000100000000B
:10195000B0360000A8BD0300140000000000000025
:1019600010000000C4360000A8BD03000C000000F9
:101970000000000010000000D8360000A0BD0300E9
:10198000080000000000000010000000EC3600001D
:1019900094BD0300080000000000000010000000DB
:1019A0000037000088BD03000C00000000000000AC
:1019B000100000001437000080BD03001C00000070
:1019C00000000000240000002837000088BD03004C
:1019D0007800000000480E204C8101880289030233
:1019E00054C144C844C9440E000000004000000037
:1019F000F8360000D8BD0300E0000000040F3E00F0
:101A000000480E3054920481018802890393050234
:101A1000380AC144C844C944D244D3440E00440BDC
:101A2000025CC844C144C944D244D3440E000000FF
:101A30001C0000003C37000074BE030018000000CA
:101A400004EF3D0000440E1044810148C1440E00E3
:101A500010000000B43700006CBE0300100000004E
:101A60000000000010000000C837000068BE03003E
:101A70000C0000000000000010000000DC37000037
:101A800060BE03000C000000000000001000000019
:101A9000F037000058BE03000C00000000000000FA
:101AA000180000000438000050BE030028000000A9
:101AB00000500E10488101440E00C10018000000C3
:101AC000203800005CBE03002800000000500E100B
:101AD000488101440E00C100100000003C380000A5
:101AE00068BE0300080000000000000010000000B5
:101AF000503800005CBE0300080000000000000039
:101B0000100000006438000050BE03001400000004
:101B100000000000100000007838000050BE0300F4
:101B20001400000000000000240000008C380000B9
:101B300050BE03008400000000480E204C89038141
:101B40000188020260C144C844C9440E000000007C
:101B500018000000B4380000ACBE030020000000F4
:101B600000440E204481014CC1480E0018000000C2
:101B7000D0380000B0BE03002000000000440E205A
:101B80004481014CC1480E0010000000EC380000F8
:101B9000B4BE0300040000000000000024000000A8
:101BA00000390000A4BE03007C00000000440E20A9
:101BB0004489035888028101680AC148C844C9445D
:101BC0000E00440B1800000028390000F8BE030086
:101BD0003C00000000480E204C810158C1480E0016
:101BE000240000004439000018BF03005C0000001E
:101BF000004C0E104C880289038101600AC144C860
:101C000048C9440E00440B001C00000014390000B9
:101C10004CBF030024000000041B3C0000480E10D1
:101C20004C810148C1440E00340000008C39000092
:101C300050BF0300F400000000440E3044890350FC
:101C4000930554880294065481019204027C0AC1CF
:101C500044C844C944D244D344D4440E00440B0085
:101C600010000000C43900000CC003001400000084
:101C70000000000010000000D83900000CC0030074
:101C8000280000000000000010000000EC390000F7
:101C900020C0030008000000000000001000000049
:101CA000003A000014C0030014000000000000000F
:101CB0001C000000143A000014C0030030000000B3
:101CC00000440E1050880281014CC148C8440E00E7
:101CD00024000000343A000024C00300500000003B
:101CE00000440E20448903548802810158C848C129
:101CF00048C9480E000000001C0000005C3A0000CB
:101D00004CC003004800000000480E2058880281A3
:101D10000158C144C8480E00240000007C3A00006D
:101D200074C003006800000000440E20448903547E
:101D300088025081016CC844C144C9440E000000AF
:101D400010000000A43A0000B4C00300100000001E
:101D50000000000024000000B83A0000B0C00300FA
:101D60004800000000440E10448802588903810195
:101D700054C144C948C8440E000000004C00000093
:101D8000E03A0000D0C003000801000000440E301B
:101D9000508802890392049305488101025C0AC8B5
:101DA00044C144D24CD344C9440E00440B580AC821
:101DB00044C144C944D244D3440E00440B68C144D6
:101DC000C844C944D244D3440E0000003800000087
:101DD000303B000088C103003801000000440E3091
:101DE00048890395075888029406609204810193FC
:101DF0000502A40AC144C844C944D244D344D444CB
:101E0000D5440E00440B00002C0000006C3B000089
:101E100084C203008C00000000440E304888025445
:101E20009204588903930548810164C844C14CC990
:101E300044D348D2480E0000100000009C3B000034
:101E4000E0C2030014000000000000001C000000BD
:101E5000B03B0000E0C203002800000000440E2058
:101E600048880281014CC148C8440E00200000008F
:101E7000D03B0000E8C203004000000000440E20F8
:101E80004488024C810158C848C1480E0000000037
:101E900010000000F43B000004C303000400000035
:101EA0000000000024000000083C0000F4C2030011
:101EB0006800000000440E204489035488025081C9
:101EC000016CC844C144C9440E0000001000000069
:101ED000303C000034C3030010000000000000008C
:101EE0002C000000443C000030C303008C000000C4
:101EF00000440E304888028903549204930560819F
:101F00000160C844C14CC944D348D24C0E00000003
:101F100010000000743C00008CC30300100000009F
:101F20000000000014000000883C000088C303008B
:101F30001400000000480E10480E000020000000B1
:101F4000A03C000084C303004400000000440E20B5
:101F50004488024C810158C84CC1480E0000000062
:101F600010000000C43C0000A4C303000C000000EB
:101F7000000000002C000000D83C00009CC30300BF
:101F80009000000000440E304493055489039204ED
:101F900058880250810168C844C14CD344D248C912
:101FA000440E000020000000083D0000FCC30300B8
:101FB0004800000000440E204488024C81015CC8A7
:101FC00050C1440E00000000100000002C3D000035
:101FD00020C40300100000000000000010000000FA
:101FE000403D00001CC403000C0000000000000085
:101FF00020000000543D000014C40300480000000D
:1020000000440E204488024C81015CC850C1440E3B
:102010000000000014000000783D000038C40300F8
:102020000C00000000440E10440E000010000000E0
:10203000903D00002CC403001400000000000000CC
:1020400010000000A43D00002CC403001400000098
:102050000000000024000000B83D00002CC4030074
:102060004800000000440E20448802588903810182
:1020700054C144C948C8440E0000000010000000CC
:10208000E03D00004CC4030014000000000000000C
:1020900010000000F43D00004CC4030014000000D8
:1020A0000000000028000000083E00004CC40300AF
:1020B0008400000000440E1048880250810189030A
:1020C000023C0AC144C844C9440E00440B0000004D
:1020D00020000000343E0000A4C4030044000000BF
:1020E00000440E204C88024C810154C84CC1440E5F
:1020F0000000000014000000583E0000C4C40300AB
:102100000C00000000440E10440E000010000000FF
:10211000703E0000B8C403000C0000000000000086
:1021200010000000843E0000B0C403000400000062
:10213000000000002C000000983E0000A0C4030036
:102140007800000000440E3048880292045489034D
:1021500093055C81015CC844C144D248C948D3445A
:102160000E00000014000000C83E0000E8C4030098
:102170000C00000000440E10440E0000300000006F
:10218000883E0000DCC403009C00000004AB360065
:1021900000440E30548802890392049305810102A1
:1021A00068C148C844C944D244D3440E000000006A
:1021B00024000000143F000044C503005C00000040
:1021C00000440E2044880250810189036CC848C134
:1021D00048C9440E00000000100000003C3F000011
:1021E00078C5030004000000000000002800000083
:1021F000503F000068C503008000000000440E202E
:102200004489035092045088024881010238C14435
:10221000C844C944D2480E00480000007C3F00007A
:10222000BCC503008001000000480E3044950760E3
:10223000880289039204930594068101960802544A
:102240000AC144C844C944D244D344D444D544D632
:10225000440E00440B02D80E00C1C8C9D2D3D4D555
:10226000D600000010000000C83F0000F0C60300C8
:10227000080000000000000010000000DC3F00002B
:10228000E4C6030008000000000000001000000089
:10229000F03F0000D8C6030004000000000000006A
:1022A0003800000004400000C8C60300D40000004D
:1022B00000600E20608903920493059406950796AA
:1022C000088101880202600AC144C844C944D2445A
:1022D000D344D444D544D6480E00440B100000002B
:1022E0004040000060C703000C0000000000000038
:1022F000200000005440000058C7030040000000C8
:1023000000440E204488024C810158C84CC1440E40
:1023100000000000200000007840000074C70300A7
:1023200058000000004C0E1044880258810154C12E
:1023300044C8480E00000000280000009C40000037
:10234000A8C703007000000000440E204488024C1F
:102350008101890302400AC148C844C9440E0044AF
:102360000B00000010000000C8400000ECC7030094
:102370000C0000000000000020000000DC40000015
:10238000E4C703004000000000440E204488024CD3
:10239000810158C84CC1440E00000000100000002C
:1023A0000041000000C803003C00000000000000E5
:1023B000300000001441000028C80300880000001D
:1023C00000440E20588101880289039204930594E9
:1023D00006023C0AC148C844C944D244D344D44448
:1023E0000E00440B10000000484100007CC80300B0
:1023F0000C00000000000000200000005C41000014
:1024000074C803004000000000440E204488024CC1
:10241000810158C84CC1440E0000000010000000AB
:102420008041000090C8030004000000000000008C
:10243000340000009441000080C8030090000000B8
:1024400000440E20448802588101890392049305B8
:10245000940602480AC148C844C944D244D344D46B
:10246000440E00440B00000010000000CC410000AE
:10247000D8C803000C00000000000000200000008D
:10248000E0410000D0C803004000000000440E20DE
:102490004488024C810158C84CC1440E0000000021
:1024A0001000000004420000ECC80300040000001B
:1024B000000000002C00000018420000DCC80300EF
:1024C0007C00000000440E304492045488028903CA
:1024D00093058101580AC148C844C944D244D34431
:1024E0000E00440B100000004842000028C9030001
:1024F0000C00000000000000200000005C42000012
:1025000020C903004000000000440E204488024C13
:10251000810158C84CC1440E0000000010000000AA
:10252000804200003CC903002C00000000000000B5
:10253000340000009442000054C903008C000000E5
:1025400000440E20448802588101890392049305B7
:10255000940602440AC148C844C944D244D344D46E
:10256000440E00440B00000010000000CC420000AC
:10257000A8C903000C0000000000000020000000BB
:10258000E0420000A0C903004000000000440E200B
:102590004488024C810158C84CC1440E0000000020
:1025A0001000000004430000BCC90300400000000C
:1025B000000000002400000018430000E8C90300E8
:1025C0004C00000000440E1048880289034C810131
:1025D00064C144C844C9440E000000002C0000003F
:1025E000404300000CCA03008C00000000440E3081
:1025F00044890350930550880292044881010244A3
:10260000C144C844C944D244D3440E00340000003D
:102610007043000068CA0300C400000000440E308C
:102620004489034888025881019204930550940616
:102630009507026CC144C844C944D244D344D4442D
:10264000D5440E0028000000A8430000F4CA03008F
:102650006400000000440E2044890348920454881A
:102660000281016CC144C844C944D2440E00000038
:1026700030000000D44300002CCB03009800000081
:1026800000440E204489035093055088029204941C
:1026900006488101024CC144C844C944D244D344D1
:1026A000D4440E00300000000844000090CB03002A
:1026B0009400000000440E30449406509305548862
:1026C00002890392044881010244C144C844C944B8
:1026D000D244D344D4440E00100000003C44000017
:1026E000F0CB030008000000000000001000000014
:1026F00050440000E4CB030008000000000000008C
:102700002400000064440000D8CB03005400000003
:1027100000440E20448903508101880268C144C8E6
:1027200048C9440E00000000180000008C4400005E
:1027300004CC030034000000004C0E205081014CFA
:10274000C1480E0018000000A84400001CCC030083
:102750003000000000540E204481014CC1480E009E
:1027600028000000C444000030CC030084000000B6
:1027700000440E205488028903920481010258C14A
:1027800044C844C944D2440E0000000010000000B8
:10279000F044000088CC030014000000000000009A
:1027A000280000000445000088CC030084000000DD
:1027B00000440E205488028903920481010258C10A
:1027C00044C844C944D2440E000000001000000078
:1027D00030450000E0CC03002000000000000000B5
:1027E0002800000044450000ECCC030084000000F9
:1027F00000440E205488028903920481010258C1CA
:1028000044C844C944D2440E000000001000000037
:102810007045000044CD03001400000000000000DB
:10282000280000008445000044CD0300840000001F
:1028300000440E205488028903920481010258C189
:1028400044C844C944D2440E0000000018000000EF
:10285000B04500009CCD03003000000000580E1071
:10286000488101440E00C1001C000000CC4500005E
:10287000B0CD03005400000000440E2048810188C0
:102880000270C150C8440E0014000000EC45000066
:10289000E4CD03001C00000000480E10500E0000A4
:1028A0001000000004460000E8CD03001400000002
:1028B000000000002800000018460000E8CD0300DA
:1028C0007800000000440E2054880289039204938B
:1028D00005810178C844C144D24CD344C94C0E0090
:1028E0002C0000004446000034CE030088000000A5
:1028F00000440E3058880289039204930581010236
:1029000048C844C144D244D348C94C0E000000001A
:1029100024000000744600008CCE03005C00000020
:1029200000440E204489035488024C810160C14850
:10293000C844C9440E0000002C0000009C46000062
:10294000C0CE03008800000000440E305888028981
:10295000039204930581010248C844C144D244D380
:1029600048C94C0E0000000024000000CC460000C6
:1029700018CF0300A000000000440E404488024C21
:10298000810102580AC148C8440E00440B000000EF
:1029900024000000F446000090CF03007400000003
:1029A00000440E204C8802890381010254C144C8AE
:1029B00044C9440E00000000240000001C47000031
:1029C000DCCF03006800000000440E204C88028920
:1029D0000381010244C144C948C8440E00000000FC
:1029E00010000000444700001CD003001400000049
:1029F0000000000010000000584700001CD0030039
:102A00001400000000000000100000006C470000EF
:102A10001CD00300140000000000000010000000A3
:102A2000804700001CD003000C00000000000000E4
:102A3000100000009447000014D0030010000000B4
:102A40000000000018000000A847000010D003009C
:102A50002400000000440E2044810150C1480E00B3
:102A600010000000C447000018D003000C00000054
:102A70000000000010000000D847000010D0030044
:102A8000100000000000000018000000EC470000EB
:102A90000CD003002400000000440E2044810150AB
:102AA000C1480E00100000000848000014D00300C8
:102AB0000C00000000000000100000001C48000096
:102AC0000CD00300100000000000000018000000FF
:102AD0003048000008D003002400000000440E200D
:102AE00044810150C1480E00100000004C48000015
:102AF00010D003000C0000000000000010000000D7
:102B00006048000008D00300100000000000000032
:102B1000180000007448000004D0030024000000E6
:102B200000440E2044810150C1480E0010000000F6
:102B3000904800000CD003000400000000000000DA
:102B400010000000A4480000FCCF0300AC0000000F
:102B50000000000010000000B848000094D00300FE
:102B6000780000000000000020000000CC480000B9
:102B7000F8D003003000000000440E104488024CDE
:102B8000810150C144C8440E000000002000000034
:102B9000F048000004D103005800000000440E106B
:102BA0004488024C81010234C144C8480E00000030
:102BB000100000001449000038D103002400000078
:102BC000000000001C0000002849000048D103005C
:102BD0004800000000440E104881010234C1440E38
:102BE00000000000100000004849000070D1030000
:102BF0002800000000000000200000005C490000E8
:102C000084D103008000000000440E204488024864
:102C100081010264C144C8440E0000003400000079
:102C200028490000E0D10300C401000004182C0072
:102C300000440E6048890350880293058101920484
:102C400002B40AC144C844C944D244D3440E004427
:102C50000B00000018000000B84900006CD303000E
:102C60005800000000440E10488101880200000056
:102C700010000000D4490000A8D3030008000000A1
:102C80000000000020000000E84900009CD3030081
:102C9000A400000000440E10488802810102540A7A
:102CA000C144C8480E00440B240000000C4A000038
:102CB0001CD40300A400000000440E104481010253
:102CC000480AC1480E00440B600AC1440E00440B80
:102CD00018000000344A000098D4030020000000CF
:102CE00000440E104481014CC1480E001800000041
:102CF000504A00009CD403001C00000000440E1049
:102D000044810148C1480E00100000006C4A0000D8
:102D10009CD403000400000000000000100000002C
:102D2000804A00008CD40300040000000000000072
:102D300010000000944A00007CD403000C00000046
:102D40000000000010000000A84A000074D4030036
:102D50000C0000000000000010000000BC4A000051
:102D60006CD4030008000000000000001000000008
:102D7000D04A000060D403000800000000000000FA
:102D800010000000E44A000054D4030004000000D6
:102D90000000000010000000F84A000044D40300C6
:102DA0000800000000000000100000000C4B0000B4
:102DB00038D40300040000000000000010000000F0
:102DC000204B000028D40300080000000000000091
:102DD00010000000344B00001CD40300040000006D
:102DE0000000000010000000484B00000CD403005D
:102DF0000400000000000000100000005C4B000018
:102E0000FCD30300080000000000000010000000D8
:102E1000704B0000F0D30300080000000000000029
:102E200018000000844B0000E4D3030038000000C9
:102E300000440E1044810168C1440E0010000000DF
:102E4000A04B000000D403001000000000000000B0
:102E500010000000B44B0000FCD303000800000089
:102E60000000000010000000C84B0000F0D3030079
:102E700008000000000000001C000000DC4B000007
:102E8000E4D303004000000000440E204C8802817F
:102E90000164C844C1440E0018000000FC4B00004F
:102EA00004D403002000000000440E20448101509F
:102EB000C1440E0010000000184C000008D40300AC
:102EC0001000000000000000180000002C4C000062
:102ED00004D403002000000000440E20448101506F
:102EE000C1440E0010000000484C000008D403004C
:102EF0001000000000000000180000005C4C000002
:102F000004D403002000000000440E20448101503E
:102F1000C1440E0010000000784C000008D40300EB
:102F20001000000000000000180000008C4C0000A1
:102F300004D403002000000000440E20448101500E
:102F4000C1440E001C000000A84C000008D403007F
:102F50004000000000440E204C8802810164C844F7
:102F6000C1440E0018000000C84C000028D4030023
:102F70002000000000440E2044810150C1440E0096
:102F800010000000E44C00002CD4030010000000EE
:102F90000000000018000000F84C000028D40300D6
:102FA0002000000000440E2044810150C1440E0066
:102FB00010000000144D00002CD40300100000008D
:102FC0000000000018000000284D000028D4030075
:102FD0002000000000440E2044810150C1440E0036
:102FE00010000000444D00002CD40300100000002D
:102FF0000000000018000000584D000028D4030015
:103000002000000000440E2044810150C1440E0005
:1030100010000000744D00002CD4030010000000CC
:103020000000000018000000884D000028D40300B4
:103030002000000000440E2044810150C1440E00D5
:10304000280000004C4D00002CD40300700000004C
:1030500004F8270000440E2054880281018903608F
:103060000AC148C844C9440E00440B0018000000BF
:10307000D04D000070D403002C00000000440E204E
:1030800044810150C1500E0018000000EC4D0000BA
:1030900080D403002C00000000440E204481015025
:1030A000C1500E0018000000084E000090D403002C
:1030B0002C00000000440E2044810150C1500E003D
:1030C00018000000244E0000A0D403002C000000D3
:1030D00000440E2044810150C1500E002800000021
:1030E000E84D0000B0D40300700000000468270021
:1030F00000440E2054880281018903600AC148C837
:1031000044C9440E00440B00180000006C4E00003F
:10311000F4D403002C00000000440E204481015030
:10312000C1500E0018000000884E000004D50300B6
:103130002C00000000440E2044810150C1500E00BC
:1031400018000000A44E000014D503002C0000005D
:1031500000440E2044810150C1500E0018000000B0
:10316000C04E000024D503001C00000000440E20C7
:1031700048810148C1440E0020000000DC4E0000E0
:1031800024D503004400000000480E204888028136
:1031900001540AC148C8440E00440B001C00000042
:1031A000A84E000044D503002C00000004B4260003
:1031B00000440E104C810154C1440E002400000054
:1031C000C84E000050D503003000000004982600CF
:1031D00000440E104888024C810148C148C8440E82
:1031E0000000000010000000484F000058D5030008
:1031F0002000000000000000200000005C4F0000E4
:1032000064D503003000000000440E104888024CD2
:10321000810148C148C8440E000000001C000000A5
:10322000284F000070D503002C000000043C26004D
:1032300000440E104C810154C1440E0024000000D3
:10324000484F00007CD50300300000000420260019
:1032500000440E104888024C810148C148C8440E01
:103260000000000010000000C84F000084D50300DB
:10327000200000000000000020000000DC4F0000E3
:1032800090D503003000000000440E104888024C26
:10329000810148C148C8440E000000002800000019
:1032A000A84F00009CD503005800000004C425006E
:1032B00000440E20508802810189030234C144C8B1
:1032C00044C9440E00000000180000002C5000000B
:1032D000C8D503002C00000000440E20448101509A
:1032E000C1500E001800000048500000D8D503005F
:1032F0002C00000000440E2044810150C1500E00FB
:103300001800000064500000E8D503002C00000005
:1033100000440E2044810150C1500E0018000000EE
:1033200080500000F8D503002C00000000440E205F
:1033300044810150C1500E0028000000445000009C
:1033400008D60300580000000434250000440E2075
:10335000508802810189030234C144C844C9440E23
:103360000000000018000000C850000034D6030020
:103370002C00000000440E2044810150C1500E007A
:1033800018000000E450000044D603002C000000A8
:1033900000440E2044810150C1500E00180000006E
:1033A0000051000054D603002C00000000440E2001
:1033B00044810150C1500E00100000001C5100005B
:1033C00064D603000C0000000000000010000000A4
:1033D000305100005CD603000C000000000000002B
:1033E000100000004451000054D603000800000003
:1033F00000000000180000005851000048D60300EB
:103400001C00000000440E2048810148C1440E0009
:103410001C0000001C51000048D603001C000000E6
:103420000468240000480E1044810148C1440E0085
:10343000200000003C51000044D60300280000009A
:10344000044C240000440E1048880281014CC148FD
:10345000C8440E0018000000B851000048D6030010
:103460002400000000480E204C810148C1440E0099
:1034700010000000D451000050D6030014000000DA
:103480000000000018000000E851000050D60300C2
:103490002000000000440E204481014CC1480E0071
:1034A00030000000AC51000054D60300B000000012
:1034B00004E3230000440E305488028903920493ED
:1034C00005810102640AC144C848D244C944D344B6
:1034D0000E00440B1000000038520000D0D603004C
:1034E0000800000000000000100000004C52000026
:1034F000C4D603000800000000000000180000000F
:1035000060520000B8D603003400000000440E10E2
:103510004481014CC1580E00100000007C52000094
:10352000D0D60300080000000000000010000000DA
:1035300090520000C4D60300080000000000000004
:103540002C0000004C520000B8D603007C000000A4
:103550000467230000440E204489035088024C81F4
:103560000102340AC144C844C9440E00440B00009F
:10357000300000007C52000004D7030090000000DF
:103580000448230000440E204492045088025081D5
:1035900001890302400AC144C844C944D2440E0010
:1035A000440B0000100000000853000060D7030027
:1035B0000800000000000000200000001C53000074
:1035C00054D703003000000000440E104488024C21
:1035D00081014CC844C1440E0000000010000000EE
:1035E0004053000060D703000C0000000000000002
:1035F0002C000000FC52000058D703008800000097
:1036000004DA220000440E204489035088024C81D1
:103610000102400AC144C844C9440E00440B0000E2
:10362000300000002C530000B0D703009C000000C5
:1036300004BC220000440E204492045088025081B1
:10364000018903024C0AC144C844C944D2440E0053
:10365000440B000010000000B853000018D803000D
:10366000080000000000000010000000CC53000023
:103670000CD8030004000000000000002C00000033
:1036800088530000FCD70300880000000472220069
:1036900000440E204489035088024C810102400AF4
:1036A000C144C844C9440E00440B0000300000006F
:1036B000B853000054D803009C00000004542200BA
:1036C00000440E2044920450880250810189030274
:1036D0004C0AC144C844C944D2440E00440B000003
:1036E0001000000044540000BCD803000800000093
:1036F000000000001000000058540000B0D8030083
:1037000004000000000000002C0000001454000021
:10371000A0D8030088000000040A220000440E2004
:103720004489035088024C810102400AC144C844C4
:10373000C9440E00440B0000300000004454000057
:10374000F8D803009C00000004EC210000440E2087
:103750004492045088025081018903024C0AC144FA
:10376000C844C944D2440E00440B000010000000BD
:10377000D054000060D903000800000000000000E1
:1037800010000000E454000054D9030004000000BD
:10379000000000002C000000A054000044D90300E9
:1037A0008800000004A2210000440E204489035038
:1037B00088024C810102400AC144C844C9440E0039
:1037C000440B000030000000D05400009CD90300DE
:1037D0009C0000000484210000440E204492045008
:1037E00088025081018903024C0AC144C844C9447B
:1037F000D2440E00440B0000100000005C55000095
:1038000004DA0300080000000000000010000000BF
:1038100070550000F8D9030004000000000000000B
:103820002C0000002C550000E8D903007C000000AB
:10383000043A210000440E204489035088024C8140
:103840000102340AC144C844C9440E00440B0000BC
:10385000300000005C55000034DA030090000000E6
:10386000041B210000440E20449204508802508121
:1038700001890302400AC144C844C944D2440E002D
:10388000440B000010000000E855000090DA03002F
:10389000080000000000000010000000FC550000BF
:1038A00084DA0300040000000000000010000000A3
:1038B0001056000074DA03000C0000000000000045
:1038C0002C000000CC5500006CDA030088000000DA
:1038D00004BD200000440E204489035088024C811E
:1038E0000102400AC144C844C9440E00440B000010
:1038F00030000000FC550000C4DA03009C0000000A
:10390000049F200000440E204492045088025081FD
:10391000018903024C0AC144C844C944D2440E0080
:10392000440B000010000000885600002CDB030050
:103930000800000000000000100000009C5600007D
:1039400020DB030004000000000000002C00000049
:103950005856000010DB03008800000004552000CA
:1039600000440E204489035088024C810102400A21
:10397000C144C844C9440E00440B0000300000009C
:103980008856000068DB03009C000000043720001C
:1039900000440E20449204508802508101890302A1
:1039A0004C0AC144C844C944D2440E00440B000030
:1039B0001000000014570000D0DB030008000000D6
:1039C000000000001000000028570000C4DB0300C6
:1039D00004000000000000002C000000E45600007D
:1039E000B4DB03008800000004ED1F0000440E203B
:1039F0004489035088024C810102400AC144C844F2
:103A0000C9440E00440B00003000000014570000B1
:103A10000CDC03009C00000004CF1F0000440E20BB
:103A20004492045088025081018903024C0AC14427
:103A3000C844C944D2440E00440B000010000000EA
:103A4000A057000074DC0300080000000000000024
:103A500010000000B457000068DC03000400000000
:103A60000000000010000000C85700004895030047
:103A70001C0000000000000010000000DC570000E7
:103A800044DC0300080000000000000010000000FB
:103A9000F057000038DC03000C00000000000000BC
:103AA000100000000458000030DC03000C0000008F
:103AB00000000000100000001858000028DC03007F
:103AC0000800000000000000100000002C5800005A
:103AD0001CDC0300100000000000000018000000C3
:103AE0004058000018DC03003400000000640E1091
:103AF000488101440E00C100180000005C5800001D
:103B000030DC03003000000000600E1048810144EA
:103B10000E00C100100000007858000044DC0300D3
:103B20001800000000000000100000008C58000089
:103B300048DC03002000000000000000100000002E
:103B4000A058000054DC030020000000000000002A
:103B500010000000B458000060DC030020000000EA
:103B60000000000010000000C85800006CDC0300DA
:103B7000280000000000000010000000DC580000D9
:103B800080DC0300080000000000000010000000BE
:103B9000F058000074DC0300040000000000000086
:103BA000100000000459000064DC0300080000005D
:103BB00000000000100000001859000058DC03004D
:103BC0000400000000000000100000002C5900005C
:103BD00048DC0300080000000000000010000000A6
:103BE000405900003CDC0300080000000000000019
:103BF000100000005459000030DC03000C000000ED
:103C000000000000100000006859000028DC0300DC
:103C10001400000000000000100000007C590000AB
:103C200028DC030014000000000000001000000069
:103C30009059000028DC030008000000000000008C
:103C400010000000A45900001CDC0300100000005C
:103C50000000000020000000B859000018DC03003C
:103C60003000000000440E104488024C81014CC119
:103C700048C8440E0000000010000000DC5900009D
:103C800024DC03000C000000000000001000000015
:103C9000F05900001CDC03000800000000000000D8
:103CA00010000000045A000010DC030010000000A7
:103CB0000000000020000000185A00000CDC030087
:103CC0003000000000440E104488024C81014CC1B9
:103CD00048C8440E00000000100000003C5A0000DC
:103CE00018DC03000C0000000000000010000000C1
:103CF000505A000010DC03000C000000000000001F
:103D000010000000645A000008DC03000C000000F2
:103D10000000000010000000785A000000DC0300E2
:103D20000C00000000000000100000008C5A000091
:103D3000F8DB03000C000000000000001000000091
:103D4000A05A0000F0DB030010000000000000009B
:103D500010000000B45A0000ECDB03000C0000006F
:103D60000000000018000000C85A0000E4DB030057
:103D70002800000000540E10488101440E00C100CC
:103D800010000000E45A0000F0DB0300080000000F
:103D90000000000010000000F85A0000E4DB0300FF
:103DA0001400000000000000280000000C5B000070
:103DB000E4DB03008000000000440E204488025031
:103DC00092045089034881010238C144C844C9445F
:103DD000D2480E0010000000385B000038DC030001
:103DE0002C00000000000000180000004C5B0000E8
:103DF00050DC03002000000000440E204481014CF0
:103E0000C1480E0018000000685B000054DC03008D
:103E10002000000000440E204481014CC1480E00E7
:103E200010000000845B000058DC03000800000064
:103E30000000000010000000985B00004CDC030054
:103E4000080000000000000010000000AC5B000053
:103E500040DC030004000000000000003C00000003
:103E6000C05B000030DC0300C800000000440E20EE
:103E700044920460810188028903930594069507A2
:103E80009608026C0AC144C844C944D244D344D4FD
:103E900044D544D6480E00440B000000100000003A
:103EA000005C0000B8DC03000C0000000000000013
:103EB00020000000145C0000B0DC030040000000A3
:103EC00000440E204488024C810158C84CC1440E65
:103ED0000000000020000000385C0000CCDC030083
:103EE0005400000000440E104488024881016C0A0E
:103EF000C144C8480E00440B2C0000005C5C00006C
:103F0000FCDC03007400000000440E204492044CCA
:103F100088028101488903780AC148C844C944D24B
:103F2000440E00440B000000100000008C5C0000F8
:103F300040DD03000C000000000000002000000035
:103F4000A05C000038DD03004000000000440E20AB
:103F50004488024C810158C84CC1440E0000000046
:103F600010000000C45C000054DD030038000000B5
:103F70000000000030000000D85C000078DD030085
:103F80008400000000440E205881018802890392B9
:103F90000493059406780AC148C844C944D244D35E
:103FA00044D4440E00440B00100000000C5D0000DF
:103FB000C8DD03000C00000000000000200000002D
:103FC000205D0000C0DD03004000000000440E2022
:103FD0004488024C810158C84CC1440E00000000C6
:103FE00010000000445D0000DCDD03000400000060
:103FF0000000000034000000585D0000CCDD03002C
:104000009000000000440E204489034C8802810186
:104010005092049305940602440AC148C844C94416
:10402000D244D344D4440E00440B000010000000DE
:10403000905D000024DE03000C0000000000000082
:1040400020000000A45D00001CDE03004000000012
:1040500000440E204488024C810158C84CC1440ED3
:104060000000000010000000C85D000038DE030002
:10407000040000000000000030000000DC5D0000D3
:1040800028DE03007800000000440E304489034C11
:10409000920488024C93058101540AC148C844C95E
:1040A00044D244D3440E00440B0000001000000032
:1040B000105E00006CDE03000C0000000000000039
:1040C00020000000245E000064DE030040000000C9
:1040D00000440E204488024C810158C84CC1440E53
:1040E0000000000010000000485E000080DE0300B9
:1040F0002C00000000000000340000005C5E0000A6
:1041000098DE03008C00000000440E204489034C1C
:10411000880281015092049305940602400AC14826
:10412000C844C944D244D344D4440E00440B0000D4
:1041300010000000945E0000ECDE03000C000000A4
:104140000000000020000000A85E0000E4DE030084
:104150004000000000440E204488024C810158C8F1
:104160004CC1440E0000000010000000CC5E0000B6
:1041700000DF03003C0000000000000024000000FD
:10418000E05E000028DF03004C000000004C0E1031
:1041900048880289034C81015CC144C844C9440E6B
:1041A0000000000028000000085F00004CDF030052
:1041B0008400000000440E204489035488029204C5
:1041C0005081010244C144C844C944D2440E000095
:1041D00034000000345F0000A4DF0300C4000000CE
:1041E00000440E30448903489406588101880292A5
:1041F000045093059507026CC144C844C944D24495
:10420000D344D444D5440E00280000006C5F000065
:1042100030E003006400000000440E204492044C8F
:10422000890350880281016CC144C844C944D24406
:104230000E00000030000000985F000068E00300FE
:104240009800000000440E204489035088025092D8
:104250000493059406488101024CC144C844C944F2
:10426000D244D344D4440E002C000000CC5F0000A4
:10427000CCE003008C00000000440E304493055451
:10428000880289034C92044881010244C144C84415
:10429000C944D244D3440E0010000000FC5F00006B
:1042A00028E10300080000000000000010000000EA
:1042B000106000001CE103000C0000000000000082
:1042C000100000002460000014E103000C00000056
:1042D0000000000010000000386000000CE1030046
:1042E0000C00000000000000100000004C60000006
:1042F00004E10300080000000000000010000000BE
:1043000060600000F8E003001C00000000000000F6
:10431000100000007460000000E1030008000000CD
:10432000000000002000000088600000F4E00300AE
:104330009400000000440E104C8101880202640ABF
:10434000C148C8480E00440B2C000000AC600000BF
:1043500064E103007800000000440E2054810188CD
:1043600002890392049305023C0AC148C844C94427
:10437000D244D3440E00440B20000000DC60000057
:10438000ACE103003400000000440E1048880250E5
:10439000810148C148C8440E000000002000000010
:1043A00000610000BCE103003400000000440E1076
:1043B00044880254810148C148C8440E00000000EE
:1043C0001000000024610000CCE1030004000000A4
:1043D000000000001000000038610000BCE1030094
:1043E0000400000000000000100000004C6100000C
:1043F000ACE10300200000000000000018000000F5
:1044000060610000B8E103002400000000480E20B5
:104410004C810148C1440E00180000007C6100007E
:10442000C0E103004800000000580E3048810150F0
:10443000C14C0E004000000098610000ECE1030058
:104440001001000000440E40449204508903880289
:104450004C9305589406950781014C9608970902DC
:10446000780AC844C144C944D244D344D444D6444D
:10447000D748D5480E00440B18000000DC6100004E
:10448000B8E203006000000000580E205081015087
:10449000C1500E0010000000F8610000FCE20300B3
:1044A0001400000000000000180000000C62000072
:1044B000FCE203002400000000440E20448101506F
:1044C000C1480E00200000002862000004E3030041
:1044D0003000000000440E104488024C81014CC1A1
:1044E00048C8440E00000000180000004C620000A4
:1044F00010E303002C00000000440E204481015012
:10450000C14C0E00200000006862000020E30300A0
:104510003000000000440E104488024C81014CC160
:1045200048C8440E00000000180000008C62000023
:104530002CE303003000000000440E2044810158A9
:10454000C1480E0018000000A862000040E303000C
:104550002400000000440E2044810150C1480E0098
:104560001C000000C462000048E303003C0000009F
:1045700000480E20488802810158C14CC8440E00F2
:104580001C000000E462000064E303004C00000033
:1045900000480E204C8101880268C144C8480E00C2
:1045A000240000000463000090E3030068000000A2
:1045B00000440E2044890354880248810170C14898
:1045C000C844C9440E000000100000002C63000025
:1045D000D0E30300140000000000000018000000F9
:1045E00040630000D0E303004800000000480E20B4
:1045F00050810158C1540E001C0000005C63000093
:10460000FCE303005C00000000540E20508802818F
:104610000158C144C8500E002C0000007C6300000B
:1046200038E403008C00000000440E3048890393F6
:10463000055492045488028101023CC148C844C90F
:1046400044D244D3440E000010000000AC630000CC
:1046500094E4030018000000000000001C000000AB
:10466000C063000098E403003000000000440E1016
:1046700050880281014CC148C8440E00240000004B
:10468000E0630000A8E403005000000000440E2096
:10469000448903548802810158C848C148C9480E5A
:1046A000000000001C00000008640000D0E40300CB
:1046B0005000000000480E20588802810158C14473
:1046C000C8500E00240000002864000000E503002C
:1046D0006C00000000440E2044890354880250817D
:1046E0000170C844C144C9440E000000100000001D
:1046F0005064000044E503001000000000000000CA
:10470000100000006464000040E503001000000099
:104710000000000028000000786400003CE5030071
:104720006400000000440E2044920458880289036B
:1047300081016CC148C844C944D2440E0000000045
:1047400038000000A464000074E50300D4000000F9
:1047500000480E104489035C8101880292040254CF
:104760000AC148C844C944D2440E00440B4C0AC88C
:1047700044C14CD244C9480E00440B001C00000048
:10478000E06400000CE603002800000000440E2056
:1047900048880281014CC148C8440E002C0000002A
:1047A0000065000014E603007C00000000440E30A9
:1047B000488802920454890393055C810160C844CF
:1047C000C144D248C948D3440E0000002000000074
:1047D0003065000060E603003800000000440E2051
:1047E0004488024C810154C848C1440E00000000B6
:1047F000100000005465000074E60300040000008F
:1048000000000000140000006865000064E603007A
:104810000C00000000440E10440E00004800000090
:104820008065000058E603002401000000440E30BB
:104830004492044894065881018802890393050232
:10484000480AC844C144D24CD444D348C9480E0095
:10485000440B02400AC144C844D244D344D448C99A
:10486000440E00440B00000014000000CC65000062
:1048700030E703001400000000480E10480E00004E
:104880002C000000E46500002CE703008800000015
:1048900000440E30488802890354920493056081D5
:1048A0000164C844C14CC944D348D2440E0000003E
:1048B000100000001466000084E7030010000000F0
:1048C00000000000200000002866000080E70300D0
:1048D0004000000000440E204488024C810158C86A
:1048E0004CC1440E00000000100000004C660000A7
:1048F0009CE703001C0000000000000028000000EE
:1049000060660000A4E703006C00000000480E1081
:104910004488025C9204810189036CC144C844C983
:1049200048D2440E00000000240000008C66000005
:10493000E4E703007000000000600E204888025485
:10494000810189035CC148C844C9440E00000000CD
:1049500028000000B46600002CE803009800000066
:1049600000480E205488028101890392040264C128
:1049700048C844C944D2440E0000000010000000A2
:10498000E066000098E8030004000000000000005A
:104990002C000000F466000088E80300D00000004E
:1049A00000440E30489204930554880258810189CE
:1049B00003027CC148C844C944D244D3440E000019
:1049C000300000002467000028E90300DC0000003C
:1049D00000440E20588802810189039204930594B3
:1049E0000602840AC148C844C944D244D344D444CA
:1049F0000E00440B1400000058670000D0E90300CB
:104A00000C00000000440E10440E000020000000C6
:104A100070670000C4E903003800000000440E2065
:104A20004488024C810154C848C1440E0000000073
:104A30001000000094670000D8E9030004000000A3
:104A40000000000014000000A8670000C8E903008F
:104A50000C00000000440E10440E00002C0000006A
:104A6000C0670000BCE90300AC00000000440E2059
:104A700054880281018903920493050278C148C8D1
:104A800044C944D244D3440E000000003C0000005E
:104A9000F067000038EA03009400000000480E2090
:104AA000448802548903548101580AC844C148C942
:104AB000440E00440B4C0AC844C144C9480E00448B
:104AC0000B44C144C844C9440E000000100000005B
:104AD000306800008CEA03000800000000000000BD
:104AE000200000004468000080EA03006800000025
:104AF00000480E20448802508101023CC844C1484D
:104B00000E0000001800000068680000C4EA0300FE
:104B10002000000000440E204481014CC1480E00DA
:104B2000300000002C680000C8EA03009C00000070
:104B300004C90E0000440E404492045488028903C4
:104B400093055081010254C148C844C944D244D39A
:104B5000440E0000340000006068000030EB0300E9
:104B6000A400000004A70E00005C0E304888025428
:104B7000810189035C0AC148C844C9440E00440B42
:104B800068C844C144C9440E000000001C00000075
:104B9000986800009CEB030018000000048F0E00D2
:104BA00000440E1044810148C1440E001000000072
:104BB0001069000094EB03001400000000000000E6
:104BC000200000002469000094EB0300380000007E
:104BD00000440E2044880258810148C148C8440E50
:104BE000000000002000000048690000A8EB03005E
:104BF0003800000000440E2044880258810148C15A
:104C000048C8440E00000000240000006C69000049
:104C1000BCEB03006000000000440E2044880254F6
:104C20008101890370C148C844C9440E00000000D6
:104C30001000000094690000F4EB03000400000081
:104C40000000000010000000A8690000E4EB030071
:104C5000080000000000000020000000BC69000007
:104C6000D8EB03005000000000440E204488024CA2
:104C700081016CC148C8440E00000000180000000B
:104C8000E069000004EC03003400000000480E203E
:104C90005481014CC1480E0018000000FC6900005E
:104CA0001CEC030030000000004C0E204C81014C35
:104CB000C1480E0030000000186A000030EC03000C
:104CC0008400000000440E2058810188028903926C
:104CD000049305940602400AC148C844C944D2441A
:104CE000D344D4440E00440B200000004C6A000062
:104CF00080EC03003800000000440E104488025885
:104D0000810148C148C8440E000000003000000086
:104D1000706A000094EC03009400000000440E2030
:104D20005881018802890392049305940602440A7B
:104D3000C144C844D244D344D448C9440E00440BAF
:104D40002C000000A46A0000F4EC030078000000CE
:104D500000440E2044880254920454810189039334
:104D6000056CC144C848C944D244D3440E00000075
:104D700020000000D46A00003CED03003800000071
:104D800000440E1044880258810148C148C8440EAE
:104D90000000000028000000F86A000050ED030049
:104DA0009400000000440E20448802549204588964
:104DB000034881010240C144C848C944D2440E009E
:104DC00028000000246B0000B8ED03008C000000F8
:104DD00000440E30448802549204548903488101EF
:104DE000023CC144C848C944D2440E00240000001B
:104DF000506B000018EE03005C00000000440E2021
:104E00004489035488024C810160C148C844C944A4
:104E10000E00000030000000786B00004CEE030034
:104E20009400000000440E205881018802890392FA
:104E3000049305940602440AC144C844D244D344AE
:104E4000D448C9440E00440B20000000AC6B0000A5
:104E5000ACEE03003800000000440E1044880258F5
:104E6000810148C148C8440E0000000058000000FD
:104E7000786B0000C0EE03009401000004B30B0047
:104E800000440E304495074896085C8802890392D6
:104E900004930594064C810102580AC844C144D5C4
:104EA00044D64CD344C94CD244D4440E00440B02E3
:104EB000540AC148C844C944D244D344D444D54414
:104EC000D6440E00440B0000100000002C6C0000C3
:104ED000F8EF03000C000000000000002C000000B0
:104EE000406C0000F0EF03009400000000440E301E
:104EF00044930554890392045888025081016CC878
:104F000044C14CD344D248C9440E000020000000E4
:104F1000706C000054F003004800000000440E20B4
:104F20004488024C81015CC850C1440E000000005E
:104F300010000000946C000078F0030010000000E6
:104F40000000000010000000A86C000074F00300D6
:104F50000C0000000000000020000000BC6C0000FD
:104F60006CF003004800000000440E204488024C0E
:104F700081015CC850C1440E000000001000000018
:104F8000E06C000090F0030014000000000000003E
:104F900010000000F46C000090F00300140000000A
:104FA0000000000014000000086D000090F00300F5
:104FB0001000000000440E10480E00001000000019
:104FC000206D000088F003001400000000000000C5
:104FD00010000000346D000088F003001400000091
:104FE0000000000020000000486D000088F0030071
:104FF0003800000000440E1044880258810148C166
:1050000048C8440E00000000200000006C6D000045
:105010009CF003003800000000440E204488025831
:10502000810148C148C8440E00000000240000006F
:10503000906D0000B0F003005800000000440E2006
:10504000488802890348810170C144C848C9440E98
:105050000000000010000000B86D0000E0F0030048
:10506000140000000000000010000000CC6D0000E3
:10507000E0F0030014000000000000001000000039
:10508000E06D0000E0F003000C00000000000000F4
:1050900010000000F46D0000D8F0030004000000D0
:1050A0000000000028000000B06D0000C8F0030000
:1050B00000010000048F0900004C0E70588802891E
:1050C000038101028C0AC144C950C8440E00440B3C
:1050D00010000000346E00009CF10300040000008A
:1050E0000000000010000000486E00008CF103007A
:1050F0000C00000000000000100000005C6E0000CA
:1051000084F10300480000000000000010000000CF
:10511000706E0000B8F10300040000000000000001
:1051200010000000846E0000A8F103000C000000D5
:105130000000000010000000986E0000A0F10300C5
:10514000080000000000000010000000AC6E00002D
:1051500094F10300080000000000000010000000AF
:10516000C06E000088F10300F400000000000000A1
:1051700028000000D46E000068F2030080000000E8
:1051800000440E20448802508903920481015C0A85
:10519000C148C84CC944D2440E00440B240000004E
:1051A000006F0000BCF203009000000000440E10ED
:1051B000448903548802810178C144C86CC9480EEF
:1051C0000000000010000000286F000024F303001E
:1051D0000400000000000000100000003C6F000010
:1051E00014F3030004000000000000002000000091
:1051F000506F000004F303006000000000480E2020
:10520000448802548101680AC144C8480E00440B16
:10521000280000001C6F000040F30300FC000000A9
:105220000440080000440E204488025089034C8149
:105230000102C4C844C148C9440E00001000000067
:10524000A06F000010F40300040000000000000044
:10525000300000005C6F000000F40300C400000098
:10526000040F080000440E3044920454880289035D
:10527000810102800AC144C844C944D2440E00449A
:105280000B00000010000000E86F000090F4030025
:10529000140000000000000010000000FC6F00007F
:1052A00090F403000400000000000000280000004B
:1052B0001070000080F403009C00000000440E20E9
:1052C0004C8802890392044881010270C144C84499
:1052D000C944D2440E0000001C000000E46F00002E
:1052E000F0F4030018000000049A070000440E10B8
:1052F00044810148C1440E001C00000004700000FD
:10530000E8F4030020000000047E070000440E20A3
:105310004481014CC1480E00100000007C70000068
:10532000E8F403000400000000000000100000008A
:1053300090700000D8F4030004000000000000009A
:1053400024000000A4700000C8F40300B4000000B2
:1053500000440E104488025089038101680AC14448
:10536000C844C9440E00440B10000000CC7000007B
:1053700054F503000C0000000000000010000000C5
:10538000E07000004CF50300200000000000000069
:1053900010000000F470000058F503000400000045
:1053A00000000000100000000871000048F5030034
:1053B0000C00000000000000140000001C71000040
:1053C00040F50300B400000000480E1002A80E00D3
:1053D0001000000034710000DCF503000400000040
:1053E000000000001400000048710000CCF503002C
:1053F0001800000000440E104C0E00001C000000BD
:1054000060710000CCF503004C00000000480E3035
:105410004C8101680AC1440E00440B0010000000DA
:1054200080710000F8F5030020000000000000007B
:10543000100000009471000004F603000400000056
:105440000000000010000000A8710000F4F5030047
:10545000040000000000000010000000BC7100000B
:10546000E4F503000400000000000000100000004C
:10547000D0710000D4F5030004000000000000001B
:1054800010000000E4710000C4F5030010000000EB
:105490000000000018000000F8710000C0F50300D3
:1054A0002000000000440E2044810150C1440E0041
:1054B00024000000BC710000C4F50300640000007B
:1054C00004CA050000480E30488802488101023CA9
:1054D000C148C8440E0000001C0000003C720000DF
:1054E00000F603004400000000440E3048810168CB
:1054F0000AC1440E00440B00340000000472000096
:1055000024F60300100100000492050000440E3050
:1055100058880292049305940681018903027C0A4B
:10552000C148C844C944D244D344D4440E00440BB7
:10553000200000003C720000FCF60300A400000004
:10554000046D050000440E30449204508802890323
:105550004481010010000000B87200007CF70300D5
:10556000040000000000000010000000CC720000E9
:105570006CF70300040000000000000010000000B1
:10558000E07200005CF7030008000000000000006B
:1055900010000000F472000050F703000800000043
:1055A00000000000140000000873000044F703002E
:1055B00020000000004C0E10500E000010000000F3
:1055C000207300004CF703000400000000000000FE
:1055D00010000000347300003CF703000C000000D2
:1055E0000000000024000000F072000034F7030007
:1055F0005400000004CC040000440E1050880281C6
:1056000001890370C144C844C9440E001800000059
:105610007073000060F703002C00000000440E20AF
:1056200044810150C1500E00180000008C7300002E
:1056300070F703002C00000000440E20448101504C
:10564000C1500E0018000000A873000080F703008E
:105650002C00000000440E2044810150C1500E0077
:1056600018000000C473000090F703002C00000035
:1056700000440E2044810150C1500E00240000005F
:1056800088730000A0F703005400000004400400E9
:1056900000440E105088028101890370C144C8443F
:1056A000C9440E001800000008740000CCF7030085
:1056B0002C00000000440E2044810150C1500E0017
:1056C0001800000024740000DCF703002C00000028
:1056D00000440E2044810150C1500E00180000000B
:1056E00040740000ECF703002C00000000440E2082
:0856F00044810150C1500E007D
:1056F800FFFF011C8801040000C801048C0600A0FB
:105708000204E40500EC0204A00600880618000064
:10571800FF9B190111AC01D4040000E00604E40663
:0C57280001840750000001000000000098
:10573400FF9B1D011544044801F40020940100A4BA
:1057440001040000BC012C940100010000000000D1
:10575400FF9B0D0104080810010100000000000077
:10576400FF9B2501162C90010000CC0104D00103FD
:10577400FC013CCC0200C4021800000200017D00C0
:0857840000000000607BFFFF44
:0C578C00FFFF0108240440003C1800004E
:0C579800FFFF0108240440003C18000042
:0C57A400FFFF0108240440003C18000036
:0C57B000FFFF0108240440003C1800002A
:0C57BC00FFFF0108240440003C1800001E
:1057C800FFFF010F64040000F80004940100900139
:0357D800180000B6
:0C57DB00FFFF0108240440003C180000FF
:0C57E700FFFF0108240440003C180000F3
:0C57F300FFFF0108240440003C180000E7
:0C57FF00FFFF0108240440003C180000DB
:10580C00FF9B210111F80004A00103AC0104B001BD
:10581C0000BC012400000200017D0000000000001B
:04582C00C07AFFFF40
:04583000FFFF010075
:04583400FFFF010071
:0D583800FFFF010940246800F80004000093
:04584500FFFF010060
:0C584900FFFF010854045C006C04000028
:0C585500FFFF010854045C006C0400001C
:04586100FFFF010044
:04586500FFFF010040
:04586900FFFF01003C
:04586D00FFFF010038
:0C587100FFFF0108280430004004000084
:0C587D00FFFF0108280430004004000078
:04588900FFFF01001C
:04588D00FFFF010018
:10589400FF9B2101182C0800003C089801017008A6
:1058A40000009C0104A00100AC0104000001000000
:0458B40000000000F0
:1058B800FFFF010D2404000034186800F8000400FC
:0158C80000DF
:1058C900FFFF010E280400003824FC00008C0104AD
:0258D9000000CD
:1058DB00FFFF010E240400004018F40000840104B3
:0258EB000000BB
:1058ED00FFFF010E280400004424880100980104E4
:0258FD000000A9
:1058FF00FFFF010E240400004018F400008401048F
:02590F00000096
:10591100FFFF010E280400004424880100980104BF
:02592100000084
:10592300FFFF010E240400004018F400008401046A
:02593300000072
:10593500FFFF010E2804000044248801009801049B
:02594500000060
:10594700FFFF010E240400004018F4000084010446
:0259570000004E
:10595900FFFF010E28040000442488010098010477
:0259690000003C
:10596B00FFFF010D2404000034186800F800040048
:01597B00002B
:10597C00FFFF010E280400003824FC00008C0104F9
:02598C00000019
:10598E00FFFF010E240400004018F40000840104FF
:02599E00000007
:1059A000FFFF010E28040000442488010098010430
:0259B0000000F5
:1059B200FFFF010E240400004018F40000840104DB
:0259C2000000E3
:1059C400FFFF010E2804000044248801009801040C
:0259D4000000D1
:1059D600FFFF010E240400004018F40000840104B7
:0259E6000000BF
:1059E800FFFF010E280400004424880100980104E8
:0259F8000000AD
:1059FA00FFFF010D3004000040246800F800040095
:015A0A00009B
:105A0C00FF9B1D010F38046803F40004F8000084A8
:105A1C00011C00000200017D00000000C478FFFFA3
:045A2C00FFFF010077
:105A3000FFFF011040B0010000840204800300D485
:045A40000240000020
:105A4400FFFF0119380400004C04F801006804F059
:0D5A54000100800104CC0100EC0104000001
:0F5A6100FFFF010BAC0104C80100C401380000B5
:105A7000FFFF010F382000008C0104B00100C001BD
:035A80000400001F
:045A8300FFFF010020
:045A8700FFFF01001C
:105A8B00FFFF010C1C0400002C0434004404000034
:105A9B00FFFF010F44048C02005C04EC0100880240
:035AAB00040000F4
:105AAE00FFFF010F38049C01004404800100FC003C
:035ABE00200000C5
:0C5AC100FFFF010824042C003C0400003E
:0C5ACD00FFFF010824042C003C04000032
:105ADC00130101FF23261100EFD0427D93076001D3
:105AEC002320F5008320C1001305F0FF13010101F1
:105AFC006780000013051000678000001305F5FF98
:105B0C0013352500678000006F00000037D70000B8
:105B1C008326072DB75700009387070E3305D50052
:105B2C002328A72C6376F5001385060067800000F8
:105B3C006F000000B7D7000003A5072DB747000082
:105B4C00938707143305F54067800000B7D7000032
:105B5C0003A5072DB75700009387070E3385A74081
:105B6C0067800000130101FF23248100232611000C
:105B7C0023229100138481A6834704006382070AC1
:105B8C0083470401638A070E83470402638E070E62
:105B9C0083470403638E070E83470404638E070E4A
:105BAC0083470405638E070E83470406638E070E36
:105BBC0083470407638E070E83470408638E070E22
:105BCC0083470409638E070E8347040A638E070E0E
:105BDC008347040B638E070E8347040C6382070A0A
:105BEC008347040D638A070E8347040E638A070EEE
:105BFC008347040F9304F00063860702EFD0026B17
:105C0C00930720002320F5008320C100032481008A
:105C1C00832441001305F0FF13010101678000008C
:105C2C0093040000B775000093850502EFE08163D3
:105C3C00E31605FC93964400B79700003717000055
:105C4C003304D400130707B893061000938787FA20
:105C5C00232404002300D4002322E4002326F40090
:105C6C008320C10003248100138534008324410068
:105C7C001301010167800000930410006FF09FFA7C
:105C8C009304C0006FF01FFA930420006FF09FF98B
:105C9C00930430006FF01FF9930440006FF09FF8ED
:105CAC00930450006FF01FF8930460006FF09FF79F
:105CBC00930470006FF01FF7930480006FF09FF651
:105CCC00930490006FF01FF69304A0006FF09FF503
:105CDC009304B0006FF01FF59304D0006FF09FF4A5
:105CEC009304E0006FF01FF41305D5FF9307F00049
:105CFC0063E2A70213154500938781A6B387A7001B
:105D0C0003C7070063080700238007001305000082
:105D1C0067800000130101FF23261100EFD0025908
:105D2C00930790002320F5008320C1001305F0FF9A
:105D3C001301010167800000130101FF23261100EC
:105D4C009307D5FF1307F000636CF7069397470092
:105D5C00138781A6B306F70003C806006302080682
:105D6C0023248100232291002320210103A98600F2
:105D7C0003A446001385050033042441636E860298
:105D8C00B304F70083A5C40013060400B3852501F2
:105D9C0033098900EFD0826423A424011305040085
:105DAC008324410003248100032901008320C100C6
:105DBC001301010167800000130406006FF05FFC03
:105DCC00EFD0C24E930790002320F5001305F0FF8F
:105DDC006FF0DFFD130101FF232611001305D5FF22
:105DEC001307F0006368A7042324810013154500F2
:105DFC00138481A63304A40003470400630A07023A
:105E0C00138505001306800593050000EFE0C137EC
:105E1C0003274400930705001305000023A8E7009F
:105E2C00032481008320C10013010101678000005D
:105E3C0003248100EFD08247930790002320F500C4
:105E4C001305F0FF6FF01FFE130101FF2326110055
:105E5C009307F5FF13071000636AF7042320210151
:105E6C0013090600630A06022324810023229100F1
:105E7C0013840500B384C500EF60D14EE30E05FE1C
:105E8C000345040013041400EF60514CE39684FEA8
:105E9C000324810083244100130509000329010018
:105EAC008320C1001301010167800000EFD0024084
:105EBC00930780052320F5001305F0FF6FF05FFEBC
:105ECC001305D5FF9307F00063ECA70413154500E9
:105EDC00938781A63387A700834607006382060455
:105EEC0063000602930610006308D60003254700E2
:105EFC002324A7006780000003278700B385E500F3
:105F0C00B387A70003A5470023A4B7006356B500C9
:105F1C0023A4A7006780000013850500678000009C
:105F2C00130101FF23261100EFD042389307900094
:105F3C002320F5008320C1001305F0FF130101019C
:105F4C0067800000130101FF2324810023229100AC
:105F5C002320210123261100B7070080138405009C
:105F6C0023A207029304060013890600EF60514038
:105F7C00630804009305090013850400E70004007E
:105F8C00370400802388019A130444022320040060
:105F9C00EF60113E6FF09FFF37650100130505F5AB
:105FAC009306000013060000930500002388019A55
:105FBC006F601144130101FE232C81002328210161
:105FCC0037040080130905003765010013860500AE
:105FDC009306100093050900130505F5232A91007B
:105FEC0013044402232E11002326C1002388D19AC6
:105FFC00EF60114023200400EF6091370325C100AE
:10600C0093050000E700090083C7019B638A070022
:10601C0023200400EF60D13583C7019BE39A07FE70
:10602C008320C1010324810183244101032901013F
:10603C0013010102678000001306F6FF370780008A
:10604C0013074700935745001316A6013306E600C5
:10605C00939777009385F5FF939525013306F6000A
:10606C00137715003306B6001317870193572500D5
:10607C003306E6009397E701137525003306F60007
:10608C00131585013305A60067800000130101FF7D
:10609C002324810013040501130504002326110099
:1060AC00EF80122C9307750093F787FF23A0A700AE
:1060BC0023A287008320C10003248100138587005D
:1060CC001301010167800000032585FF6F80122AF0
:1060DC00130101F7232481061314950013042401E2
:1060EC00232CA1001303410713050400232481056D
:1060FC002322F10823261106232AB106232CC106DC
:10610C00232ED1062320E10823240109232611097B
:10611C0023266102EF80D22483278101130C7500A2
:10612C00137C8CFF2314FC0093078C00232EF100AE
:10613C008327810123228C002320AC00635EF01C9A
:10614C0023267105832BC102232C41059307AC0038
:10615C00371A2184232A5105232291062320210753
:10616C00232E310523286105232291052320A10527
:10617C00232EB1032328F100130A3A8423260100AD
:10618C00930A00081305002183A90B0003A44B00FC
:10619C0083A48B0003A9CB00EF80921C130B75001A
:1061AC00137B8BFF930700212322FB0093078B00AB
:1061BC0093050400232AF1002320AB009306090069
:1061CC001386040013050000E7800900130C05007A
:1061DC009306090013860400930500001305F001D3
:1061EC00E7800900B3078541939757009397070100
:1061FC0093D707413397470393D6F741930DCB00C1
:10620C00130D00021304100023158B01B307F700C4
:10621C0093D74740B387D7402314FB006F00800609
:10622C0013650D80E780090093EC0C80130C0500BE
:10623C0013950C01930609001355054113860400B0
:10624C0093050000E7800900B30785419397570039
:10625C009397070193D707413397470393D6F74199
:10626C0023918D0113041400130D0D02938D4D0019
:10627C00B307F70093D74740B387D740239EFDFE63
:10628C00630A540313150D0113174D0113550541E2
:10629C00930609001386040093050000930CFD017E
:1062AC00E34007F893050000E7800900130C050094
:1062BC006FF01FF803240101832541011306002010
:1062CC0013050400EFD0821103250B00938B0B01F7
:1062DC00EF80D2090327C100930704202328F10083
:1062EC0083278101130717002326E100E39CE7E8CD
:1062FC0083244106032901068329C105032A81054C
:10630C00832A4105032B0105832BC104832C4104F3
:10631C00032D0104832DC1038320C10603248106B0
:10632C000325C101032C81041301010967800000BE
:10633C00B70700809387070383A7070063880702CA
:10634C00370700801307C70203270700B707008031
:10635C0003A74706B7070080938787022320E50031
:10636C0083A7070013051000678000002320050099
:10637C001305000067800000130101FF23261100A4
:10638C00EFF08FF8B7760000377600003775000015
:10639C00130101FF938686031306C6031305C50676
:1063AC009305E00923261100EF800266B776000002
:1063BC003776000037750000130101FF9386C6077E
:1063CC001306C6091305C5069305500B23261100A9
:1063DC00EF80826393071000130750002320050001
:1063EC00232205002324050023260500232805006D
:1063FC0023220502232405022320E502232AF5008B
:10640C00232CF500232EF500678000009307050070
:10641C000325C5006306050003C70701630E0700CB
:10642C0003A507006308050083A58700B385A54075
:10643C006F50C34467800000130101FE2326F10056
:10644C00232E1100EFF05FC88327C10003A50700BE
:10645C00630C050083A587008320C101B385A5408B
:10646C00130101026F5083418320C101130101020A
:10647C0067800000130101FA232291042328610391
:10648C0093040500232611042324810423202105D1
:10649C00232E3103232C4103232A5103232671037A
:1064AC0023248103232291032320A103232EB10152
:1064BC0023A0040023A2040023A4040023A60400A8
:1064CC002388040023A2040223A4040223AAB400F8
:1064DC00232AF104232C0105232E1105130510008A
:1064EC001303500023A0640223ACA40023AEA40029
:1064FC0093073000130B070063E8B7186368B516F1
:10650C001309410523AEC40023A0D4022326210184
:10651C0003A44400635E600BB70B002083AA8400C5
:10652C00138CFBFF930900006F00C0012320440172
:10653C001304440023A28400938919001309490011
:10654C0063083B09032A0900E31254FF83AD0400DE
:10655C003304B44193572440638287171385070093
:10656C0063940700130510003305F500636475018F
:10657C001385FBFF931C250013850C00EF50D36D86
:10658C00B307850023A04701130D05006308040021
:10659C001306040093850D00EFC0526413064400EB
:1065AC003304CD0063880D00B385BA4113850D000B
:1065BC00EF50C32CB30A9D0123A4540123A0A401C2
:1065CC0023A284009389190013094900E31C3BF7AB
:1065DC0083A704003307F4406300F40C13562740E0
:1065EC00130510001307000083A6070013071700FC
:1065FC00938747003305D502E348C7FE03A7840100
:10660C00B70780003305E50223A4A402635CF508F8
:10661C0083A7C4006386070003C70401630E070445
:10662C0023880400EFF09FA623A6A40023A2A402B3
:10663C008320C1040324810483244104032901041D
:10664C008329C103032A8103832A4103032B0103FA
:10665C00832BC102032C8102832C4102032D0102E6
:10666C00832DC101130101066780000093072000F0
:10667C0023ACF4006FF0DFE813850700EFF0DFA424
:10668C0003A584026FF0DFF993074000639AF500CD
:10669C0023ACB4006FF0DFE6130510006FF01FF6AB
:1066AC00EFF05FCEEFF09FD01304050013850400CC
:1066BC00EFF0DFD513050400EFC0C10937750000FA
:1066CC001305850CEF60033F232AB50093073000B8
:1066DC0063EEB70093071000B3B5B700B385F500B0
:1066EC00232CB500130500006780000093074000C1
:1066FC00E388F5FE130101FF23261100EFF09FC87C
:10670C002320B5021305000067800000232EB5007E
:10671C001305000067800000130101FE232A91007D
:10672C00232E1100032705009304050003254500C3
:10673C00938705006300A70E23A2E400638A950AE1
:10674C00232C810003A8470083A5070083A684009F
:10675C00130507003304B840B386E64063EC860C9F
:10676C003306E54093060600636E861093074000DF
:10677C0063D287061305070013060400EFC092339B
:10678C0083A70400B386870023A2D40013562440A9
:10679C0013850700130710009307000083260500DC
:1067AC0093871700130545003307D702E3C8C7FECC
:1067BC0083A784010324810113050000B387E7023A
:1067CC0023A4F4028320C10183244101130101029B
:1067DC00678000006308F410B307870023A2F4005D
:1067EC001306000093070700E31404FA0324810145
:1067FC0083A784011307100013050000B387E70279
:10680C0023A4F4028320C10183244101130101025A
:10681C0067800000E38E95FC232C810003A84700C1
:10682C0083A5070083A684003304B840B386E640F2
:10683C00E3F886F2130504002324E1002322B100BF
:10684C002326D100EF505341832541001306040049
:10685C002322A100EFC09238032781008327410037
:10686C00630A07008325C10013050700EF500301DD
:10687C0083274100B386870023A0F40023A4D4000F
:10688C006FF09FF09308400063D6C804130507000F
:10689C002322F100EFC012228327410003A54400FC
:1068AC0003A7040083A5070003A84700B306E5402F
:1068BC00B385D5003306B840B306870093070700AD
:1068CC00E354C0ECEFC0923183A70400B386870079
:1068DC006FF09FEBE31E16FD83A605002320D70067
:1068EC006FF0DFFB83A70500130610002320F700D1
:1068FC0083A704001387470023A2E4006FF05FE92D
:10690C00130101FE232C8100232A9100232E110058
:10691C00130405000325C5009384070063060500D6
:10692C00834704016380070823260400230804001E
:10693C00232AB4009307300063E2B70A93071000D0
:10694C0033B8B7003308F800232C0401232EC400FD
:10695C002320D4029305070013050400EFF0DFDBBE
:10696C0003258402B707800063820408635CF50C7E
:10697C000325C40063060500834704016388070AE6
:10698C002308040023269400232294028320C101AF
:10699C00032481018324410113050000130101022A
:1069AC00678000002326E1002324D1002322C100AC
:1069BC002320B100EFF04FF18325010023260400C2
:1069CC0023080400232AB400930730000327C100D6
:1069DC008326810003264100E3F2B7F693074000BB
:1069EC0013880500E382F5F6EFF0DF99635CF5049C
:1069FC008327C4006386070003470401630C070266
:106A0C0023080400EFF08FE893040500232694007C
:106A1C00232294028320C101032481018324410198
:106A2C00130500001301010267800000EFF0CFE9AD
:106A3C006FF01FF513850700EFF00FE903258402B3
:106A4C006FF01FFCEFF09F96130101FE232C8100C9
:106A5C00232E1100130405000325C50083A745014F
:106A6C0003A6C50183A605026306050003470401BE
:106A7C00630C07062326040023080400232AF400D1
:106A8C0013073000636EF70813071000B337F700D5
:106A9C00B387E700232CF400232EC4002320D40258
:106AAC0013050400EFF05FC703258402B7078000CD
:106ABC006356F5088327C400638607000347040167
:106ACC006306070623080400EFF04FDC2326A4001E
:106ADC002322A4028320C101032481011305000099
:106AEC0013010102678000002326B1002324C1009A
:106AFC002322D1002320F100EFF00FDD83270100CA
:106B0C002326040023080400232AF4001307300072
:106B1C008325C1000326810083264100E376F7F626
:106B2C0013074000E388E7F6EFF0DF8513850700D5
:106B3C00EFF08FD9032584026FF0DFF8EFF01F8799
:106B4C00130101FC2328210323244103130905000D
:106B5C00130A060013850500130601009305410076
:106B6C00232E1102EF0000646304053A232C8102EA
:106B7C00232A910223263103930710008326410018
:106B8C000327010013040500630EFA1A931717006C
:106B9C00B387E700130580002324D1002326F100DE
:106BAC00EF50930B034E8100034391008348A100E7
:106BBC000348B1008345C1000346D1008346E10080
:106BCC000347F100930905000325C9009387890049
:106BDC00232A31012380C901A38069002381190173
:106BEC00A38109012382B900A382C9002383D900A0
:106BFC00A383E900232EF100232CF100630605008A
:106C0C0083470901638E072C930710002326090084
:106C1C002308090023200902232AF900232CF90058
:106C2C00232EF9009305410113050900EFF0DFAEA7
:106C3C0003258902B70780006352F52E8327C9000C
:106C4C0063860700034709016300072A230809002C
:106C5C00EFF0CFC3930405002326A9002322A90239
:106C6C009305800013850900EF40534183274100B1
:106C7C00938807006352F00A03290100635E200920
:106C8C0093061900139716003307D7009355F74155
:106C9C0093F53500B385E5001307100093D5254017
:106CAC006304EA1A131729003309E940338324419A
:106CBC0033059040130800003307A0406F0080009C
:106CCC00832741009387F7FFB3870741B387B70248
:106CDC00B306E5001307370093972700B387D70057
:106CEC00B307F40003C6070083C6170083C7270049
:106CFC00A30FC7FE230FD7FEA30EF7FEE312E3FC90
:106D0C00130818003305250133032341638608015A
:106D1C00832741006FF05FFA13050400EF701265D2
:106D2C0003248103832441038329C102130500003A
:106D3C008320C10303290103032A810213010104E7
:106D4C0067800000930730001305C000232CD1008E
:106D5C00232EE100232AF100EF50037083464101FA
:106D6C0003475101930905000345610183477101F4
:106D7C00034E8101034391018348A1010348B101F2
:106D8C008345C1010346D1012380D900A380E900CA
:106D9C008346E1010347F1012381A9000325C900C2
:106DAC00A381F9009387C900232431012382C901EF
:106DBC00A382690023831901A38309012384B900E9
:106DCC00A384C9002385D900A385E9002328F100F9
:106DDC002326F10063060500834709016386071229
:106DEC009307100023260900230809002320090219
:106DFC00232AF900232CF900232EF9009305810096
:106E0C0013050900EFF05F9103258902B707800095
:106E1C006354F5108327C9006386070003470901F3
:106E2C00630C070C23080900EFF04FA69304050030
:106E3C002326A9002322A9029305C000138509006B
:106E4C00EF40D3236FF09FE2338F2703B3832401EA
:106E5C0093020000930E0000130E0000931F1F00FE
:106E6C003387D401130800006F0080008327410092
:106E7C009387F7FFB387C741B387B7023306D74170
:106E8C00B306F7013306E601B38656001307170065
:106E9C0093972700B3870701B307F40003C32700B8
:106EAC0003C5170083C70700A30F67FE2300A600C6
:106EBC002380F60013083800E39AE3FA130E1E0041
:106ECC00B38E2E01330F2F01B38F2F01B3822241CA
:106EDC00B3832301E382C8E5832741006FF05FF899
:106EEC00EFF08F9E6FF05FD213850700EFF0CF9D10
:106EFC00032589026FF09FD513850700EFF0CF9C17
:106F0C00032589026FF01FF2EFF00F9C6FF05FED1D
:106F1C001305F0FF6FF0DFE1EFF04FC9EFF00FC991
:106F2C00130405009305800013850900EF40131529
:106F3C0013050400EFB01102130405009305C00003
:106F4C0013850900EF40931313050400EFB0910073
:106F5C00130101FE232E11008326850237078000C2
:106F6C0063D0E608930705000325C50063060500FA
:106F7C0003C707016302070223880700638C05021D
:106F8C0023A6B70023A2B7028320C101130500007A
:106F9C0013010102678000002326F1002324B100B5
:106FAC00EFF08F928327C10083258100238807008F
:106FBC00E39805FC03A587022324F100EFF00F8D65
:106FCC0083278100930505001305000023A6B70055
:106FDC0023A2B7028320C1011301010267800000C4
:106FEC00EFF0CFBC130101FE232E11009307050017
:106FFC000325C5006306050003C70701630A0702E2
:10700C0003A7C500930610002388D70023A6E7002A
:10701C0023A2E70203A7850283A787026316F70260
:10702C008320C101130500001301010267800000D9
:10703C002326B1002324F100EFF00F898325C10032
:10704C00832781006FF0DFFBB776000037760000F6
:10705C00377500009386460E1306C60F1305C5063A
:10706C009305A00CEF70521A930705000325C50079
:10707C006306050003C70701630E07001307100022
:10708C0023A6B70023A2B7022388E700130500004C
:10709C0067800000130101FE232E11002326B1008E
:1070AC002324F100EFF04F82832781008325C10058
:1070BC00130710002388E70023A6B70023A2B7020A
:1070CC008320C10113050000130101026780000039
:1070DC0083270500032745003306F7406304F702B6
:1070EC0013562640130700001305100083A6070053
:1070FC0013071700938747003305D502E348C7FEF3
:10710C00678000001305100067800000630A050407
:10711C009357750193F7F70F938717F81307A00090
:10712C00634CF702B70680003307F7409387F6FFEE
:10713C00B3F7A700B3E7D700B3D7E74013F70710AF
:10714C0093D7974063180702634E05001397070106
:10715C0013554741678000001355F5411345F57FE2
:10716C00678000003305F0409317050113D54741A4
:10717C0067800000378700001307F7FFE38EE7FCFA
:10718C009397070193D70701634605009387170070
:10719C006FF0DFFB93C7F7FF1397070113554741B8
:1071AC0067800000130101FBB777000023229104D4
:1071BC0093840500938507122320210523261104AF
:1071CC0013090600EFA00228630E050C232481048A
:1071DC009306050013040500130610009305E00048
:1071EC0013058100EFA0824F03578100B7570000B1
:1071FC00938727D46312F70A930604001306100032
:10720C009305800213058101EFA0424D0327C101B4
:10721C0083274101130600002320E9008355210137
:10722C000327010293970701B3E5B70023A0E400FD
:10723C0013050400EFA0824C8327C1010327010230
:10724C009387370093F7C7FFB387E7029394170030
:10725C00B384F40013850400EF70921093060400BD
:10726C00138604009305100013090500EFA00247D4
:10727C006398A40413050400EF9012078320C10443
:10728C000324810483244104130509000329010408
:10729C00130101056780000013050400EF90D20470
:1072AC0003248104130900008320C10483244104B6
:1072BC00130509000329010413010105678000006F
:1072CC0013050900EF70920A13050400EF90D20128
:1072DC0013090000032481046FF01FFD1305000047
:1072EC0067800000938781B603A707002320050061
:1072FC0023220500232405006308070603A7470083
:10730C00630A070803A78700630A070803A7C700D7
:10731C00630A070803A70701630A070803A74701C5
:10732C00630A070803A78701630A070803A7C701B5
:10733C00630A0708130101FF23248100B7760000BC
:10734C00130405003776000037750000938646124B
:10735C001306061413050515930590022326110038
:10736C0023229100EF70426A9306000013972600C7
:10737C00B387E7001307F0FF23280500232AD50065
:10738C0023A0A700232C05002326E500232EE500CF
:10739C0067800000930610006FF05FFD93062000DD
:1073AC006FF0DFFC930630006FF05FFC930640003B
:1073BC006FF0DFFB930650006FF05FFB93066000ED
:1073CC006FF0DFFA930670006FF05FFA832704000A
:1073DC0093040500638A0700832584001385070046
:1073EC00B385F540EF40834913850400EFB0813637
:1073FC0003274501938781B61317270083260500C1
:10740C00B387E70023A00700638A06008325850065
:10741C0013850600B385D5406F4043466780000056
:10742C0083270500032745009306F0FF2326D5008C
:10743C006384E7002322F500130500006780000039
:10744C000326450003278500630EE6002320B600C3
:10745C0083274500938747002322F500130500007E
:10746C0067800000130101FD2326110223248102F1
:10747C000328050093070500370500203306064155
:10748C001305F5FF935626406384A60E138506005C
:10749C0063940600130510003305D500B7060020D1
:1074AC006364D5001385F6FF13142500130504003F
:1074BC00232EB100232CF100232AC1002328010123
:1074CC002326E100EF405379032641018325C101B6
:1074DC000327C100B308C50023A0B800032801018D
:1074EC008327810193060500630A060293050800B1
:1074FC00232EF100232AE1002328C10023260101B9
:10750C00232CA100EFB0926D8327C101832681014A
:10751C0003274101032601010328C100130646007D
:10752C003386C60063040802B3050741130508003F
:10753C00232AF1002328D1002326C100EF40033475
:10754C0083274101832601010326C1003385860070
:10755C0023A4A70023A0D70023A2C7008320C10225
:10756C00032481021305000013010103678000004E
:10757C00377500001305850CEF50C353130101FF41
:10758C0023248100232291002326110003270500C8
:10759C00832745009304050013040000B387E740DC
:1075AC0093D727406F00C0020325070083270500EF
:1075BC0083A78700E7800700631E050203A704006A
:1075CC0083A7440013041400B387E74093D72740E4
:1075DC00931624003307D700E348F4FC8320C10042
:1075EC0003248100832441001305000013010101D1
:1075FC00678000008320C1000324810083244100A4
:10760C001305F0FF13010101678000008327C500FB
:10761C0063D80700232605001305000067800000CF
:10762C001305F0FF678000008327C50063C00718AF
:10763C00130101FD2324810223229102232611022E
:10764C0023202103938405001304050063D6051041
:10765C00130920006F00800393972700B386F60070
:10766C0003A5060083254401138604008327050027
:10767C0083A7C700E7800700630425036314050A8A
:10768C008327C400938717002326F4008326040065
:10769C00032744003307D74013572740E3CEE7FABC
:1076AC00232E3101B70400019384F4FF138981B6B2
:1076BC00930970006F0080028327C10033F7970095
:1076CC002326E10093D7870163E6F90E93972700F1
:1076DC00B307F90083A7070023AEE7001305C10029
:1076EC00EFE01FC5E31A05FC0327C40183278401BF
:1076FC00130520006314F704832744008326040039
:10770C000327C400B387D74093D727406348F702B9
:10771C009307F0FF232804002326F4008329C101DA
:10772C00130500008320C10203248102832441023B
:10773C000329010213010103678000008320C102A9
:10774C00032481028329C1018324410203290102FC
:10775C001301010367800000832605000327450001
:10776C003307D74013572740E3DCE7F29397270002
:10777C00B386F60003A50600832544011386040096
:10778C008327050083A7C700E78007009307200025
:10779C00E308F5F0E31805F8232E31018327C40024
:1077AC00938717002326F4006FF0DFEF130500001A
:1077BC0067800000B7760000377600003775000050
:1077CC009386461213060616130505159305100924
:1077DC00EF708223B7A700009387C7B32320F5006F
:1077EC006780000067800000930540006F4003092C
:1077FC00130101FE232C8100232A91003704000180
:10780C0023282101232E11001304F4FF938481B645
:10781C00130970006F0080028327C10033F78700C3
:10782C002326E10093D78701636CF9029397270015
:10783C00B387F40083A7070023AEE7001305C1004C
:10784C00EFE01FAFE31A05FC8320C1010324810183
:10785C008324410103290101130101026780000007
:10786C00B776000037760000377500009386461215
:10787C00130606161305051593051009EF70C218AB
:10788C0013972500938781B6B387E70083A607007B
:10789C00370700019395850183A78601938717000D
:1078AC0033B7E7003307E040B3F7E70023ACF6004B
:1078BC003385F5006780000093952500938781B68A
:1078CC00B387B70083A7070003A5870183A7C70168
:1078DC003305F54013351500678000006380050CF7
:1078EC009385850023AEB19A931716003386C70093
:1078FC00131626003386C5000327860583A7450586
:10790C00032806061375F50F3305E5003315F5004E
:10791C00B3070503370700400326C60533150503D7
:10792C003387E700B337F7001357F701B387A70086
:10793C0093971700B387E700635CC0001305F6FF4D
:10794C00130710003317A700B307F700B3D7C740CE
:10795C0003A64507370700403385C702B397C70214
:10796C003307E5003335A7001357F7013305F5004E
:10797C00131515003305E500635CD0001387F6FF83
:10798C0093071000B397E7003385A7003355D54014
:10799C0013150501135505416780000083A5C19B94
:1079AC006FF09FF4638C05049385850023ACB19A2A
:1079BC00635AD0001387F6FF93071000B397E700C4
:1079CC003305F50003A7050783A7C507B356D540B4
:1079DC00B386E60063C6F60083A7050863C8F60005
:1079EC001395070113550541678000009387060026
:1079FC0013950701135505416780000083A5819BF2
:107A0C006FF01FFBB7A70000938787B72320F50003
:107A1C006F401078130101FEB7A70000232E110050
:107A2C00938787B72320F5002326A100EF405076DB
:107A3C000325C1008320C1019305000F130101022E
:107A4C006F30D363130101FD23261102232481021D
:107A5C002322910223202103232E310183270501A8
:107A6C0013040500138905000325450083A50700B1
:107A7C00EF60D0639305090093040500130504001F
:107A8C00EF50400583270401032784059309050063
:107A9C0083A507000325440013090700638A040625
:107AAC00EF60D06083270401130605000325440012
:107ABC0083A547002326C100EF60505F8327C401D4
:107ACC00930605000325440083A507002324D10059
:107ADC00EF60D05D832681000326C10013070500EB
:107AEC008327840E1385090093050900EF209179F3
:107AFC008320C10203248102832441020329010251
:107B0C008329C101130500001301010367800000E4
:107B1C00EF6050528327040113060500032544002F
:107B2C0083A547002326C100EF60D0508327C401F2
:107B3C00930605000325440083A507002324D100E8
:107B4C00EF60504F0326C100832681001307050008
:107B5C006FF01FF9130101FC232C8102232E11025B
:107B6C00832605068328C505032F85061304050007
:107B7C0033951601B307E50383250408832E4406C9
:107B8C0003280407370700403306B040330ED041BA
:107B9C0033030041930284003315E5033387E70078
:107BAC00B337F7002320C4081357F7012322C40767
:107BBC002328640623AE519AB387A7009397170026
:107BCC00B387E70063DC0E0013C5FEFF130710003C
:107BDC003317A700B307F700B3D7C7410325C40772
:107BEC00B70F00403387A702B397A702B30FF70173
:107BFC0033B7EF0093DFFF013307F70013171700BC
:107C0C003307F70163DC050093CFF5FF93071000F2
:107C1C00B397F7013387E7003357C7409386F60FC6
:107C2C00B3961601B387E603B70F0040131707018D
:107C3C0013570741339FE603B38FF701B3B6FF0029
:107C4C0093DFFF01B386E60193961600B386F60127
:107C5C0063DC0E0093CEFEFF93071000B397D701A1
:107C6C00B386D700B3D6C641B387A602370E004001
:107C7C00B396A602338EC701B337FE00135EFE0126
:107C8C00B387D70093971700B387C70163DC050050
:107C9C0013CEF5FF93061000B396C601B387F6001A
:107CAC00B3D7C740939E0701135EF74093D6FE41AE
:107CBC003347C701B3C7F6003307C741B387D74073
:107CCC0013170701939707011357070193D7070160
:107CDC006354F7001387070063080720930700001D
:107CEC001357174093871700E31C07FE9306900069
:107CFC0063C6F6001307A0003307F740032EC40633
:107D0C00032F4407B7060040B31E1E01B387EE03D2
:107D1C00B39EEE03B386D700B3B7F60093D6F60145
:107D2C00B387D70193971700B387D700635C08001C
:107D3C00934EF8FF93061000B396D601B387F60066
:107D4C00B3D76740B306F502B70E0040B317F50280
:107D5C00B38ED601B3B6DE0093DEFE01B387F60018
:107D6C0093971700B387D70163DC050093CEF5FF1B
:107D7C0093061000B396D601B387F600B3D7C7406D
:107D8C00130EFE0FB3181E01B386E803B70E0040A6
:107D9C009397070193D70741339EE803B38ED6011F
:107DAC00B3B8DE0093DEFE01B388C80193981800C7
:107DBC00B388D801635C08001348F8FF93061000E1
:107DCC00B3960601B3881601B3D86840B306150301
:107DDC00370800403315150333880601B336D80035
:107DEC001358F801B386A60093961600B3860601C5
:107DFC0063DC050093C5F5FF13051000B315B50042
:107E0C00B386D500B3D6C6401398060113D5F740F8
:107E1C009355F841B3C7A700B3C6D500B387A740A5
:107E2C00B386B640939707019396060193D7070143
:107E3C0093D6060163D4D700938706006382070AA2
:107E4C009306000093D7174093861600E39C07FE19
:107E5C009307900063DCD706B78701003306E64032
:107E6C009387878E93061000B78501002326D100D7
:107E7C002328C1002320C100232481002322F100E8
:107E8C0013080400130604009385059B9308000057
:107E9C0093060000130530002326E102EFE04FA308
:107EAC0093050500032544002324B40EEF70805481
:107EBC000327C102130500002320E4088320C1031B
:107ECC000324810313010104678000009307A000C1
:107EDC00B387D740E3D2E7F8138707006FF0DFF7DB
:107EEC009307A0006FF01FFF1307A0006FF01FE1B6
:107EFC00130101FE232E11002326A100EF40900F49
:107F0C000325C100B7A70000938787B72320F5008E
:107F1C008320C1011301010267800000130101FFDE
:107F2C00232481002326110013040500B7A70000A9
:107F3C000325850F9387C7BB2320F4006308050036
:107F4C0083250410B385A540EF3053130325C40ECD
:107F5C00630805008325440FB385A540EF30131249
:107F6C0013050400032481008320C10013010101C7
:107F7C006F401022130101F32324810C2324810B65
:107F8C002326110C03274501832705018326850E23
:107F9C00130405003307F740135C27403305DC025C
:107FAC00130680002326B1002324A1006344A616E7
:107FBC00232C410B232A510B2328610B2326710BF5
:107FCC006350D0142320210D232E310B2322910C2E
:107FDC002322910B2320A10B232EB109930900001E
:107FEC0013090000130C0000130A0101930A01038A
:107FFC00130B0105930B010713562740930C00003C
:10800C0063D8CC080327C40E939D2C00B387B7010B
:10801C0083A5070003254400B307B70103AD070090
:10802C00EF60D0088327840FB3083D039314290015
:10803C0033869A0033089A002320A601B387B70130
:10804C000326C401B3059B00B3849B00938C1C00D6
:10805C00330715012320E80083A7070003254400FC
:10806C001309190023A0F50083250600EF60100406
:10807C0003274401832704013305850123A0A400B1
:10808C003307F74013562740330CAC01E3CCCCF646
:10809C000326840E93891900E3C0C9F68324410C8E
:1080AC000329010C8329C10B832C410A032D010ADE
:1080BC00832DC1098325C10013050400EF409021D5
:1080CC008325810093870B0013070B0093860A000E
:1080DC0013060A00EF30110C8320C10C0324810C11
:1080EC00032A810B832A410B032B010B832BC10A1F
:1080FC00032C810A130500001301010D6780000099
:10810C00130A0101930A0103130B0105930B0107D9
:10811C006FF05FFAB7760000377600003775000015
:10812C009386C6181306461A1305C51D930510052C
:10813C002322910C2320210D232E310B232C410BB8
:10814C00232A510B2328610B2326710B2322910B1D
:10815C002320A10B232EB109EF60120B130101FE9A
:10816C0023263101232E1100232C8100232A910078
:10817C0023282101930905006388050A93840500CF
:10818C0003A5818A83A5450E131636003384C400DB
:10819C00EF60116083254406EF70012B0327040662
:1081AC00130405003305E04023A4819CEF70D12615
:1081BC0093050400EF70412903A9040E93040500F4
:1081CC0023A0219D23A2A19C13850900EF70D1242B
:1081DC0093050400EF70412793850400EF6091181C
:1081EC00EF20136BEF70511C330525019347F5FFFE
:1081FC0093D7F7413375F5009307F00F63D4A700BD
:10820C00138507008320C101032481011315050187
:10821C0083244101032901018329C1001355054120
:10822C00130101026780000003A4819C83A4419C7C
:10823C0003A9019C6FF05FF9130101FD2324810256
:10824C002326110223229102232E3101232C4101DA
:10825C00232A510123286101032745038327850520
:10826C001304050003270700032807000326470013
:10827C00B305064193D82540638A0724139527003C
:10828C0033050501130708009306100003260700A9
:10829C0013074700B386C602E31AE5FE938717005F
:1082AC0063FC172393972700B387070133860501D7
:1082BC009309100003A7070093874700B389E902CD
:1082CC00E39AC7FE8327C405378A0100B70A00204A
:1082DC002324D40E130A8A16138BFAFF930400007E
:1082EC006382071C2320210323267101232481018F
:1082FC00232291012320A1016F0040062320760147
:10830C008327C40F93874700232EF40E8327840200
:10831C009396240003278405B387D70083A707000F
:10832C00131727000326040F83A707008326440F87
:10833C00B387E70083A70700B38BF9026308D60C59
:10834C00232076018327040F93841400938747001E
:10835C002328F40E8327C40563FCF41213060400CF
:10836C00130700009386040093050A001305100000
:10837C00EFD01FD693050500930B05000325440091
:10838C00EF7040070326C40F83270410E318F6F69A
:10839C00032D840F3309A641935729406382671537
:1083AC001385070063940700130510003305F500CF
:1083BC00636455011385FAFF131C250013050C008B
:1083CC00EF408309B307250123A07701930C050027
:1083DC00630809001306090093050D00EFB00200B5
:1083EC00930B4900B38B7C0163080D0093050900C6
:1083FC0013050D00EF30834833858C012320A41026
:10840C00232C940F232E740F6FF05FF0032DC40EEA
:10841C003309A641935729406384670D13850700E0
:10842C0063940700130510003305F50063645501D0
:10843C001385FAFF131C250013050C00EF40C30134
:10844C00B307250123A07701930C050063080900ED
:10845C001306090093050D00EFA05278930B490009
:10846C00B38B7C0163080D009305090013050D0007
:10847C00EF30C3408327C40533858C01232AA40E17
:10848C002326940F2328740F93841400E3E8F4EC50
:10849C0003290102832BC100032C8100832C410092
:1084AC00032D01008320C102032481028324410295
:1084BC008329C101032A8101832A4101032B010174
:1084CC0013050000130101036780000093071000DF
:1084DC0093860700E3E817DD930910006FF09FDE29
:1084EC00377500001305850CEF40C35C130101FFC9
:1084FC00232481002326110013040500B7A70000D4
:10850C000325850F9387C7BB2320F4006308050060
:10851C0083250410B385A540EF3043360325C40EE4
:10852C00630805008325440FB385A540EF30033560
:10853C0013050400EF40C04513050400032481001B
:10854C008320C10093058010130101016F300333A8
:10855C00130101FE232E11002326A100EF408029D8
:10856C000325C100B7A700009387C7BB2326050EC0
:10857C002328050E232A050E232C050E232E050E6B
:10858C00232005102320F5008320C10113010102D3
:10859C0067800000638E050083A705073385A7005D
:1085AC001315050123AAF19C1355054167800000A2
:1085BC0083A7419D3385A70013150501135505416C
:1085CC0067800000638E050083A745073385A700ED
:1085DC001315050123A8F19C135505416780000074
:1085EC0083A7019D3385A70013150501135505417C
:1085FC0067800000B7A70000938707C02320F50011
:10860C006F400039130101FEB7A70000232E1100A3
:10861C00938707C02320F5002326A100EF404037A5
:10862C000325C1008320C1019305C0111301010270
:10863C006F30C324130101F8232C81062324410736
:10864C00232E1106232A9106232821078327C501EF
:10865C0013040500138A05000325450083A50700B4
:10866C0083248400EF6080246308051A8327C401E7
:10867C00032544001309200083A50700EF60801B2D
:10868C00630C051823263107232251078327840006
:10869C0013079000638EE7321387F4FF93391700AA
:1086AC00639C071E0327840293071000032707000F
:1086BC0003270700032747006308F73A93050A00CE
:1086CC001305040023206107232E7105EF40804021
:1086DC008327C40E03270401930B0500138A07009C
:1086EC008327040F8325070003254400938A070082
:1086FC008327440F138B070093071000638CF444FB
:10870C00EF604013930405008327C4010325440044
:10871C0083A50700EF6000120327C4012326A104E0
:10872C000325440083250700EF604018032644030B
:10873C0083268409032784028325060003A60600EA
:10874C0003270700832644108328460003270700CD
:10875C001308050003A50500232C21038325041011
:10876C00232A31030326C40F2328D10283260406AF
:10877C002326B1020323840F2324C1028325C408BA
:10878C002320D10293061000232ED10003260407C8
:10879C0083268405232C6100232AB1002322D102D5
:1087AC002328C10003264700939616008327C10493
:1087BC00B386C6002326D1000326C70093060B0000
:1087CC00138704002324C1000323450013860A00E9
:1087DC0093050A00232261000323C50013850B00B7
:1087EC0023206100EF200133032B0106832BC105ED
:1087FC008320C107032481078329C106832A4106EC
:10880C008324410703290107032A8106130500006D
:10881C0013010108678000008327C401032544006D
:10882C001309100083A50700EF604008E31C05E462
:10883C008327C401032544001309000083A5070006
:10884C00EF50507FE31005E4232631072322510714
:10885C0023206107232E7105032604028327C401FC
:10886C008325C400377500003306F64013562640A6
:10887C001305451FEF90C246B7760000377600000F
:10888C00377500009386860313068621130505258C
:10889C0093053007EF60421793050A001305040097
:1088AC0023206107232E7105EF40C022032704010A
:1088BC008326C40E93071000832507000327040F9B
:1088CC00930B0500138A0600930A07000327440F35
:1088DC0003254400130B07006380F426EF509075BA
:1088EC00930405008327C4010325440083A50700D6
:1088FC00EF5050740327C4012326A1040325440020
:10890C0083250700EF50907A0326440383268409BD
:10891C00032784028325060003A60600032707000D
:10892C0083264410832846000327070013080500FC
:10893C0003A50500232C210383250410232A3103CE
:10894C000326C40F2328D102832604062326B10252
:10895C000323840F2324C1028325C4082320D102BE
:10896C0093061000232ED1000326040783268405CA
:10897C00232C6100232AB1002322D1022328C10019
:10898C0003264700939616008327C104B386C600BE
:10899C002326D1000326C70093060B00138704007F
:1089AC002324C1000323450013860A0093050A0003
:1089BC00232261000323C50013850B0023206100D3
:1089CC00EF20C129032B0106832BC1056FF05FE259
:1089DC008327C4010325440083A50700EF50106DC5
:1089EC0093050A009309050013050400EF40800E5F
:1089FC0083270401930A05000325440083A507007F
:108A0C008327440F0329C40E8324040F138A070001
:108A1C00EF5050628327C401130705002326E1049D
:108A2C000325440083A50700638E0910EF501068DE
:108A3C000327C104930705000326840283264403FD
:108A4C008322C40F0326060083A60600832F04107E
:108A5C000326060083A60600032FC40883284600BD
:108A6C0003A846006F0080098327C4010325440036
:108A7C0083A50700EF50906393050A009309050046
:108A8C0013050400EF40000583270401930A050039
:108A9C000325440083A507008327440F0329C40E34
:108AAC008324040F138A0700EF50D0588327C40186
:108ABC00130705002326E1040325440083A50700C2
:108ACC006380090AEF50905E0327C10493070500E9
:108ADC0003268402832644038322C40F0326060044
:108AEC0083A60600832F04100326060083A6060027
:108AFC00032FC4088328C60003A8C600832E840F46
:108B0C00032E84100323441093060A0013860400DA
:108B1C009305090013850A00232A51002328F1012B
:108B2C002326E1012324D1012322C101232061004A
:108B3C00EF3001616FF0DFCBEF505057930405001D
:108B4C006FF05FDAEF50104F0327C1049307050055
:108B5C006FF09FEEEF509055930405006FF0DFBA65
:108B6C00EF50504D0327C104930705006FF05FF6DB
:108B7C00130101FB2320A1032326110423248104C8
:108B8C002322910423202105232E3103232C41037E
:108B9C00232A5103232861032326710323248103F1
:108BAC0023229103130D0500638C052A83A9C507A5
:108BBC0083A6050803A985071307F0013307D740DF
:108BCC0093DAF94123A251A123A031A1130807FE86
:108BDC0023AC219D938B0500634C082613041000D5
:108BEC0033140401130A000083A44B0883A88B08D8
:108BFC0013DBF44123A6619F23A4919E13D3F84168
:108C0C00935EF9413385244123A2619E23A0119FD9
:108C1C00B305DB41B3B6A40023AC419F23AE819EC8
:108C2C00B385D540634C0828B31505011305000026
:108C3C001386090093860A00232E0101232CD101EF
:108C4C00232A6100232811012326E100EF4051372C
:108C5C008328010103234101832E81010328C101D3
:108C6C00B38628413303D341B3B8D80023A8A19EBF
:108C7C0023AAB19E0327C10093070500138E05009C
:108C8C0033031341130C0500938C05006348082033
:108C9C00B39506011305000093860A00138609009C
:108CAC002328C1012326F100EF4091318327C10015
:108CBC00032E0101B306F5403335D500B385C5410C
:108CCC00B385A540138705009387060063CC052068
:108CDC0033E6B60093060000630206201316F70174
:108CEC0093D71700B307F6001357174033E6E70086
:108CFC0093861600E31406FE9307B00063D4F600C7
:108D0C0093860700938656FF130510003315D50084
:108D1C002326D100EF6051708326C1009305050016
:108D2C0023A6DB0823A4D1A013050D002326B10034
:108D3C00EF60916E8325C100EF600171930B05000C
:108D4C0093850C0013050C00EF70C10B93850B0081
:108D5C00EF505161930B050093850A0013850900B0
:108D6C00EF70410A9305050013850B00EF60C16D90
:108D7C009355F4019309050033854501B335B500CE
:108D8C00B38585009397F501135515003385A7001E
:108D9C0093D51540EF700107930505001385090065
:108DAC00EF50515C930504009309050013050A006C
:108DBC00EF7041059305050013850900EF60411D17
:108DCC001304050013050900EF60116593050400F9
:108DDC00EF5051591309050093050B00138504003E
:108DEC00EF7041029305090013040500EF60C152B6
:108DFC006342A00283A5419E03A5019EEF708100F2
:108E0C009305090013040500EF60815A63440500C3
:108E1C001304090013050400032481048320C104F6
:108E2C0083244104032901048329C103032A8103F8
:108E3C00832A4103032B0103832BC102032C8102E0
:108E4C00832C4102032D0102130101056FE00FACCD
:108E5C00130A1000331AEA00130400006FF0DFD875
:108E6C0083A781A0130510003315F500EF60D15ACC
:108E7C0003AC019F83AC419F83A901A083AA41A0AD
:108E8C0003AA819F03A4C19F03A9819D83A4819EF2
:108E9C0003ABC19E930505006FF01FE91306F001AB
:108EAC003306E6403395E60093D61600B315E3007F
:108EBC00B3D6C600B385B6006FF01FDE9306F00183
:108ECC0093571500B386E640B395E500B3D7D700AA
:108EDC00B385B7003315E5006FF09FD583A5818A64
:108EEC006FF01FE4B776000037760000377500008E
:108EFC009386862613064627130505259305B00E83
:108F0C00EF509230130101FE232E11002326D100C5
:108F1C002324A100EF30100E032581008326C1000D
:108F2C00B7A70000938707C02324D50E2320F50094
:108F3C008320C1011301010267800000130101F9B4
:108F4C008326C107131518002326110603230107D6
:108F5C003305F50063C6F65A130710002320E3000F
:108F6C00330E05411307060063C0C603130E16002B
:108F7C001357FE013307C701135717406340065AB6
:108F8C00634EC75813070600B30EA80063C2A602AF
:108F9C0037555555130E2600130565553315AE027E
:108FAC00135EFE413305C541634407546342E554E7
:108FBC00338E0E0163C0D603930E360013D5FE41DB
:108FCC00137535003305D50113552540634AE5501B
:108FDC0063480750B30EC80163C4C60337656666A1
:108FEC00130E4600130575663315AE02135EFE4173
:108FFC00135515403305C541634CE54C634A074C8A
:10900C00330FD80163C2D60337B5AA2A130E560004
:10901C001305B5AA3315AE02135EFE413305C541E7
:10902C006340E54A634E0748B30EE80163C6E603A6
:10903C0037254992130E6600130535493315AE02D8
:10904C00135FFE413305C501135525403305E5413A
:10905C006340E546634E0744330ED80163C0D60324
:10906C00930E760013D5FE41137575003305D501AB
:10907C00135535406346E54263440742B30EC801BD
:10908C0063C4C6033795E338130E8600130595E3C6
:10909C003315AE02135EFE41135515403305C54121
:1090AC006348E53E6346073E330FD80163C4D603DD
:1090BC0037656666130E9600130575663315AE029A
:1090CC00135EFE41135525403305C541634AE53A0D
:1090DC006348073AB30EE80163C4E60337A58B2E49
:1090EC00130EA6001305952E3315AE02135EFE412A
:1090FC00135515403305C541634CE536634A0736B5
:10910C00330FD80163C4D60337B5AA2A130EB600A1
:10911C001305B5AA3315AE02135EFE411355154067
:10912C003305C541634EE532634C0732B30EE8019B
:10913C0063C4E60337F5C44E130EC6001305F5C41D
:10914C003315AE02135EFE41135525403305C54160
:10915C006340E530634E072E330ED80163C6D60349
:10916C0037254992930ED600130535493395AE0237
:10917C0013DFFE413305D501135535403305E54169
:10918C006340E52C634E072AB30EC80163C6C603C1
:10919C0037958888130EE600130595883315AE02B3
:1091AC00135FFE413305C501135535403305E541C9
:1091BC006340E528634E072663C0D603130EF60002
:1091CC001355FE411375F5003305C5011355454084
:1091DC00634AE5246348072413071000635C1723D4
:1091EC0003250108B385E50023248106232291067B
:1091FC00232E3105232C4105232A510523248105D7
:10920C0023229105232EB103232021072328610556
:10921C00232671052320A105338AA6021304060018
:10922C0093D6F50103260300B386B60093D61640F9
:10923C002326D102930D0700B30A87400327410868
:10924C00B306C802930CF4FF3387EC00232CE10027
:10925C0083A4C18A2320110323220103B3090041F3
:10926C00B386F600B38606419386760013D6F64194
:10927C0013767600B306D60093F686FF334ADA02ED
:10928C00832641083307D802330C0741B307FC008F
:10929C002324E102232EF1006F0080038327410277
:1092AC0003278102938D1D00B389F9408327C101E7
:1092BC00B387E700232EF1000327410883278101A0
:1092CC00B387E700232CF10083270102638CB711CD
:1092DC0083270102B3E7B703E39207FC8327410816
:1092EC00E35EF0FA83270102832BC10233CBB70371
:1092FC0013850B00EF60511213090500131D3B0081
:10930C0033057D011305F5FF3345A50333056503CF
:10931C0013153500EF605110930505001305090076
:10932C00EF501147032C8101832BC101032D410800
:10933C009307F0FF232AA1002328F100B3878A01A9
:10934C001305040063467A09B34CFC021388FCFF36
:10935C003309F802B3072441B387B7019387F7FFAA
:10936C00B3E5B703338BB740EF60110B8325410195
:10937C00EF60810D2326A10033052B01EF60D1098D
:10938C00930505000325C100EF509140938504001F
:10939C0013090500EF5051789307050093850400DD
:1093AC0013050900634AF000EF5051706312050277
:1093BC0083270101639EFC00832741072328910129
:1093CC009304090023A0A7018327810723A0B701D9
:1093DC00130DFDFFB38B3B01330CBC41E3100DF6B9
:1093EC006FF0DFEB03248106832441060329010679
:1093FC008329C105032A8105832A4105032B010515
:10940C00832BC104032C8104832C4104032D010400
:10941C00832DC1038320C10613050000130101072E
:10942C0067800000130700012320E3006FF0DFDAF0
:10943C00130EF000130705002320C3016FF0DFD7D4
:10944C00930EE000130705002320D3016FF0DFD348
:10945C00130ED000130705002320C3016FF0DFCFDC
:10946C00130EC000130705002320C3016FF01FCC9F
:10947C00130EB000130705002320C3016FF05FC863
:10948C00130EA000130705002320C3016FF09FC427
:10949C00130E9000130705002320C3016FF0DFC0EB
:1094AC00930E8000130705002320D3016FF01FBD1E
:1094BC00130E7000130705002320C3016FF0DFB9F2
:1094CC00130E6000130705002320C3016FF0DFB5F6
:1094DC00130E5000130705002320C3016FF05FB279
:1094EC00930E4000130705002320D3016FF09FAEAD
:1094FC00130E3000130705002320C3016FF05FAB80
:10950C00330E05411307F0FFE3C0C6A9130E160076
:10951C001357FE013307C70113571740130E2000D2
:10952C002320C3016FF05FA6130101FA232C8104E1
:10953C002328210523263105232441052322510507
:10954C00232C8103232E1104232A9104232061054B
:10955C00232E7103232A9103032606003384F7027A
:10956C0013090500032B06008324C600938905000C
:10957C0013067B009357F64193F77700B387C70028
:10958C0093D73740B387870293051000138C0600DE
:10959C00130A0700B387970213953700EF50024D5B
:1095AC00930A05006352600763000406635E90042F
:1095BC00B30E94023383990013080500130E0000B8
:1095CC00939814001306030093050000330596408E
:1095DC00930705003387050183C60700938717009F
:1095EC002300D70033078700E318F6FE9385150098
:1095FC003386A800E31CB4FC130E1E003303D30106
:10960C003308D801E310CBFD93777C006386070009
:10961C00B307FC40138C87009357FC4193F77700FA
:10962C00B387870193DC3740B3848C029305100019
:10963C00B30B9A0213953B00EF5042439305100075
:10964C00130B050013153400EF504242930905002B
:10965C000325490093953B00EF505052930770003F
:10966C00930B050063D4872963504015B3078A0216
:10967C002328A1032326B10323269100938F0A00EC
:10968C0013153A0093030400930500001306000021
:10969C00931D140013931700330DF30093982700B8
:1096AC0093963700338EF800131F1D00B38EF640CF
:1096BC0033836A00338FEA01B38EDA01338ECA0129
:1096CC00B3881A01B382FA0013880C0013870A00BE
:1096DC0093840B00139C3500330C8B01B38C8340AB
:1096EC0013090000631A041013091900E31E2AFF62
:1096FC0013061600B3839D01B385F500B38FDF000D
:10970C00B382D2003303D300B388D800330EDE000B
:10971C00330FDF00B38EDE00E34E06FB938B0400A9
:10972C008324C100032D0103832DC102930A07007A
:10973C00638C040693943400330FAB009302000047
:10974C00930F00003387FB01B3075B0083CE070048
:10975C0003CE170003C3270083C8370003C8470094
:10976C0083C5570003C6670083C677002300D70163
:10977C00A300C70123016700A301170123020701FE
:10978C00A302B7002303C700A303D7009387870066
:10979C0033079700E39CE7FB938F8F00330FAF00E9
:1097AC00B382A200E390F4FB13050B00EF50023CD4
:1097BC0013850900EF50823B13850A00EF50023BE2
:1097CC008320C10503248105832441050329010558
:1097DC008329C104032A8104832A4104032B010435
:1097EC00032C8103832C410313850B00832BC103B2
:1097FC00130101066780000023280101B30BFD0152
:10980C00930A0400232AC100232CD100232EF1003B
:10981C0013880500B3878A401386090093860900D4
:10982C0023242101B385FF0083C505003389F20091
:10983C00034909002380B600B305F30083C5050076
:10984C00A38026013389FB00034909002381B6005C
:10985C00B385F80083C50500A38126013309FE00FA
:10986C00034909002382B600B305FF00A382260139
:10987C0003C90500B385FE0083C5050023832601BB
:10988C0093871700A383B60093868600E3CC57F921
:10989C000329810093070C0093860C002324E1001C
:1098AC0083250600032746009386160023A0B700E5
:1098BC0023A2E70013068600B387A700E3C276FE57
:1098CC001309190003278100130C8C00B38A8A003A
:1098DC00E3122AF593050800032641018326810132
:1098EC008327C101032801016FF09FE0E35E90EA3A
:1098FC00E35C40EB13153A006FF0DFE3130101FD5D
:10990C0023261102232481022322910223202103E6
:10991C00232E3101130905000325450013141600ED
:10992C0093890500930504002324C1002322E10040
:10993C002320F1002326D100EF505024930405007E
:10994C000325490093050400EF50502303268100A2
:10995C0083270100032741006352C0088326C100FE
:10996C0093850900B38F8400938E0400130F0500B8
:10997C009302F03F03A805003308D840135EF8416A
:10998C001376FE3F330606019318660013D6084182
:10999C009358F640135E6E013343160133031341A3
:1099AC00B308C80193F8F83F131303012390CE00BA
:1099BC00B388C8411353030123101F0163E26204EF
:1099CC001316A60033061601631C0605938E2E0093
:1099DC0093854500130F2F00E39EDFF9232097009A
:1099EC0023A0A7008320C102032481028324410207
:1099FC00032901028329C1011301010367800000BF
:109A0C00B776000037760000377500009386062D78
:109A1C001306862E130505259305A019EF40D27E5B
:109A2C00B776000037760000377500009386463312
:109A3C001306862E130505259305C019EF40D27C1D
:109A4C00B798E3381303F611938898E3B31813030C
:109A5C00130101F3135EF341930EF60F2320210D36
:109A6C001389060013D3FE412324810B1373F30FC8
:109A7C00138C050093D66840B386C6419395360087
:109A8C00B385D5003303D3012328610B2320A10B0D
:109A9C00232EB109137303F02326110C2324810CFC
:109AAC002322910C232E310B232C410B232A510BF7
:109ABC002326710B93955500130B0700138D07008C
:109ACC00930D0800B306C34063C0657213D8F6014A
:109ADC009309800063CA0670B76766661307F613AE
:109AEC0093877766B317F7021357F74193D77740ED
:109AFC00B387E740139727003307F7001317670066
:109B0C003307C740631E086C634CD76C1387060081
:109B1C00B7A78B2E9306F6159387972EB397F6025D
:109B2C0093D6F6419305001693D76740B387D74079
:109B3C00B387B702B387C7406340076A63CEE76851
:109B4C0093070700B7B6AA2A1307F6179386B6AA87
:109B5C00B316D7021357F74193D66640B386E64047
:109B6C00139716003307D700131777003307C74036
:109B7C0063C00766634EF76413870700B7F7C44EDC
:109B8C009306F6199387F7C4B397F60293D6F6416A
:109B9C009305001A93D77740B387D740B387B702A2
:109BAC00B387C74063CEE764634C07649307070031
:109BBC00372749929306F61B130737493397E6026A
:109BCC0093D5F6413307D700135787403307B74077
:109BDC00931637003387E640131767003307C740E7
:109BEC0063CC0760634AF76013870700B7978888D0
:109BFC009306F61D93879788B397F60293D5F64193
:109C0C00B387D70093D78740B387B7409396470065
:109C1C00B387F64093975700B387C74063C6E75E98
:109C2C006344075E939B5900338ACB00130AFAFFF7
:109C3C0033677A039307790093D4F74193F4740054
:109C4C00B384F40013F484FF032545002320C100E2
:109C5C0093D43440330AEA40B3058A02EF500072C1
:109C6C0003260100930A05006354C0466352204743
:109C7C001375C9FF93022500B3075C00B30624419A
:109C8C00B3032C0133878A412322910B2324F10047
:109C9C002322D100B38C5A00930F15009388030034
:109CAC001307F7FF93050C0093870A009306F9FF3F
:109CBC0013080000130F0000130360006378D33EF9
:109CCC0033E3F500137333006312033E3303F500E3
:109CDC0023206100133E3700938E05001383070089
:109CEC0063160E3C03AE0E0013034300938E4E001E
:109CFC00232EC3FF032E0100E316C3FF63002507C9
:109D0C00B38E78403303DC013303A3000343030019
:109D1C002320610033830A01330EA3002326610044
:109D2C000323010023006E0063DA2F033303DC01ED
:109D3C00330EF301034E0E0033830A013303F30198
:109D4C002300C30163DC2201032381003303D3010D
:109D5C00034E030033830C012300C3010323410092
:109D6C00130F1F00B3852501B387870033088800C4
:109D7C00B388280133076700E310E6F59395690073
:109D8C003387B40293F686FF138E86009318340043
:109D9C00130300001305000093060105130F1000B8
:109DAC0013173700B3876402B3027301939737001C
:109DBC00B387FA001308000023209100B303F800C6
:109DCC0093040300930E0101938F030083CC0F00C7
:109DDC0003CC1F00938E8E00238C9EFFA38C8EFFD2
:109DEC0083CC2F0003CC3F00238D9EFFA38D8EFFD1
:109DFC0083CC4F0003CC5F00238E9EFFA38E8EFF7F
:109E0C0083CC6F0003CC7F00B38F8F00238F9EFF1A
:109E1C00A38F8EFFE39CD6FB034C0101834F1101F2
:109E2C00834E210123088105034C3101230CF105DC
:109E3C002300D107834F4101834E51012304810735
:109E4C00034C61012308F107230CD107834F7101E7
:109E5C00834E810123008109034C91012304F109F4
:109E6C00A308D105834FA101834EB101A30C810539
:109E7C00034CC101A300F107A304D107834FD10107
:109E8C00834EE101A3088107034CF101A30CF107F8
:109E9C00A300D109A3048109034C0102938E06008F
:109EAC00938F030023098105034C1102230D8105B7
:109EBC00034C210223018107034C31022305810746
:109ECC00034C410223098107034C5102230D8107E6
:109EDC00034C610223018109034C710223058109A2
:109EEC00034C8102A3098105034C9102A30D81054A
:109EFC00034CA102A3018107034CB102A305810706
:109F0C00034CC102A3098107034CD102A30D8107A5
:109F1C00034CE102A3018109034CF102A305810961
:109F2C00034C0103230A8105034C1103230E810505
:109F3C00034C210323028107034C310323068107C1
:109F4C00034C4103230A8107034C5103230E810761
:109F5C00034C610323028109034C7103230681091D
:109F6C00034C8103A30A8105034C9103A30E8105C5
:109F7C00034CA103A3028107034CB103A306810781
:109F8C00034CC103A30A8107034CD103A30E810721
:109F9C00034CE103A3028109034CF103A3068109DD
:109FAC00034C0104230B8105034C1104230F810581
:109FBC00034C210423038107034C3104230781073D
:109FCC00034C4104230B8107034C5104230F8107DD
:109FDC00034C610423038109034C71042307810999
:109FEC00034C8104A30B8105034C9104A30F810541
:109FFC00034CA104A3038107034CB104A3078107FD
:10A00C00034CC104A30B8107034CD104A30F81079C
:10A01C00034CE104A3038109034CF104A307810958
:10A02C0083CC0E0003CC1E00938E8E0023809F01E8
:10A03C00A3808F0183CCAEFF03CCBEFF23819F0195
:10A04C00A3818F0183CCCEFF03CCDEFF23829F0143
:10A05C00A3828F0183CCEEFF03CCFEFF23839F01F1
:10A06C00A3838F01130C0109B38F8F00E31ADCFB60
:10A07C0093848400B3831301E3C654D4130888007B
:10A08C00E31EC8D33303B30083240100B382B200B0
:10A09C00B387E700E340C3D2630AE503130510005E
:10A0AC0063D6CB0213830B006FF0DFCF138E070048
:10A0BC0013830500834E030013031300130E1E00BD
:10A0CC00A30FDEFFE31813FF6FF05FC9832C410A67
:10A0DC00B38B4403939B3B0013850B00EF4052283A
:10A0EC00130C0500635E4007635C200713153A00F0
:10A0FC0013060000930600003307DC00B387CA0088
:10A10C009305000083C2070083CF170003CF2700FD
:10A11C0083CE370003CE470003C3570083C86700C4
:10A12C0003C8770023005700A300F7012301E701C0
:10A13C00A301D7012302C701A30267002303170160
:10A14C00A303070193851500938787003307A700A6
:10A15C00E3CA95FA9386860033068600E31ED5F88B
:10A16C0013860B0093050C0013850A00EF90022751
:10A17C0013050C00EF40921F930780002324FB0073
:10A18C0023204B0123229B0023203D0193074000F9
:10A19C0023A0FD008320C10C0324810C8324410CDB
:10A1AC000329010C8329C10B032A810B032B010BFF
:10A1BC00832BC10A032C810A032D010A832DC109AB
:10A1CC0013850A00832A410B1301010D67800000DF
:10A1DC009309C0006FF09F9A9309B0006FF09F969F
:10A1EC009309A0006FF0DF92B386C54013D8F60137
:10A1FC00930990006FF05F8E9309E0006FF01F9F42
:10A20C009309D0006FF0DF9A9309F0006FF09FA1D3
:10A21C00130101F92324810623261106232291061A
:10A22C0023202107232E3105232C410523248105CE
:10A23C0083264503032785028327050803A606000A
:10A24C0003270700130405008326840783290700CE
:10A25C0003254508032A06001307F001B307F7404E
:10A26C00938507FE83244A0003A949003305D54092
:10A27C0063CA0548B315B500130500000326C407CF
:10A28C009356F641EF30C153032784009307900097
:10A29C0083254409130C05006304F75613051000BD
:10A2AC00032ACA0083A6C900E306A900232A510584
:10A2BC002328610523267105232291052320A1055E
:10A2CC00032684098327060083A747006304A7009D
:10A2DC001387060093060A0013050400EFF0CFA4C1
:10A2EC000327840993071A002326A40E13D9F70118
:10A2FC003309F9008327070003270406930580021E
:10A30C0003A647009316170013591940B386C600CD
:10A31C0063C6C53C93071000232EF40EB38AE640A7
:10A32C009387040063C055039385140093D7F501FC
:10A33C00B387B70093D7174063C0973C63CE043AFA
:10A34C009387040093058002B309D70063C2D5023A
:10A35C00B75655559385240093866655B396D5020A
:10A36C0093D5F541B386B64063CEF63A63CC073A43
:10A37C0093068002B305370163C03603138534009E
:10A38C009356F54193F63600B386A60093D6264035
:10A39C0063C2F63A63C0073A930680023305B700EE
:10A3AC0063C4B602B7666666938544009386766688
:10A3BC00B396D50293D5F54193D61640B386B640E5
:10A3CC0063C0F63C63CE073A930680023308A700BD
:10A3DC0063C2A602B7B6AA2A938554009386B6AA7E
:10A3EC00B396D50293D5F541B386B64063C2F63A1F
:10A3FC0063C0073A930680023305070163C6060360
:10A40C00B72649929385640093863649B396D50254
:10A41C0013D8F541B386B60093D62640B3860641D1
:10A42C0063C0F63863CE073693068002B305A700E7
:10A43C0063C0A602138574009356F54193F676001B
:10A44C00B386A60093D6364063C4F63663C207368D
:10A45C00930680023305B70063C4B602B796E3389F
:10A46C0093858400938696E3B396D50293D5F541F4
:10A47C0093D61640B386B64063C4F63463C2073431
:10A48C00930680023308A70063C4A602B76666660B
:10A49C009385940093867666B396D50293D5F54151
:10A4AC0093D62640B386B64063C4F63263C20732F5
:10A4BC00930680023305070163C40603B7A68B2EEF
:10A4CC009385A4009386962EB396D50293D5F54129
:10A4DC0093D61640B386B64063C4F63063C20730D9
:10A4EC00930680023308A70063C4A602B7B6AA2A53
:10A4FC009385B4009386B6AAB396D50293D5F5414D
:10A50C0093D61640B386B64063C4F62E63C2072EAC
:10A51C00930680023305070163C40603B7F6C44EE5
:10A52C009385C4009386F6C4B396D50293D5F541B2
:10A53C0093D62640B386B64063C6F62063C4072084
:10A54C0093068002B305A70063C6A602B7264992FC
:10A55C001385D40093863649B316D5021358F541AA
:10A56C00B386A60093D63640B386064163C4F61E66
:10A57C0063C2071E930680023305B70063C6B6029A
:10A58C00B79688889385E40093869688B396D5020F
:10A59C0013D8F541B386B60093D63640B386064140
:10A5AC0063C2F61C63C0071C9306800263C0A6023C
:10A5BC009385F40093D6F54193F6F600B386B60076
:10A5CC0093D6464063C8F61A63C6071A8327C40F8E
:10A5DC00130B003C13050900B307F7022324C10237
:10A5EC00B387C700B387E7409387770013D7F7414A
:10A5FC0013777700B307F70093F787FF334BFB0212
:10A60C00EF5081619307F901930B0500930C050042
:10A61C0013D5F7411375F5013305F500137505FED8
:10A62C00EF50815F9305050013850B00EF40511629
:10A63C0003268102130D050063465B2B1387140060
:10A64C009357F701B387E700138504002324C10255
:10A65C00232EB10393DD1740EF50015C93050D00E1
:10A66C00930B0500EF40515E93850B00EF405112A8
:10A67C0083A5C18A2326F102930B0500EF40D14933
:10A68C0003268102635CA022930720002320F41090
:10A69C00930710002322F4106344CB40138504006D
:10A6AC00EF508157930505002324A10213050D00DB
:10A6BC00EF40915983258102EF40910D130D050058
:10A6CC0093850B0013050D00EF40513E631A053CBA
:10A6DC006398B43D832DC1036F008024B38AE64098
:10A6EC009307F0FFE3C055C79385140093D7F5018A
:10A6FC00B387B70093D7174093052000232EB40ED1
:10A70C006FF05FC41356F541935615003307F740AD
:10A71C00B315F60033D7E6003315F500B305B700D3
:10A72C006FF0DFB59305300093870600232EB40E2F
:10A73C006FF01FC41305400093870600232EA40E50
:10A74C006FF09FC59305D00093870600232EB40E9F
:10A75C006FF01FDF1305E00093870600232EA40E75
:10A76C006FF05FE19305F00093870600232EB40E83
:10A77C006FF09FE393070001232EF40E6FF01FE59B
:10A78C009305500093870600232EB40E6FF0DFC3A1
:10A79C009305600093870600232EB40E6FF09FC5BF
:10A7AC009305700093870600232EB40E6FF0DFC75D
:10A7BC001305800093870600232EA40E6FF05FC94B
:10A7CC009305900093870600232EB40E6FF05FCB99
:10A7DC009305A00093870600232EB40E6FF05FCD77
:10A7EC009305B00093870600232EB40E6FF05FCF55
:10A7FC009305C00093870600232EB40E6FF05FD133
:10A80C0093060900130804109307C40F1307441090
:10A81C001386040013050400EFF08FA22326A40E68
:10A82C008325040993060C00138604009307440F38
:10A83C001307040F13050400EFF04F8CB7870100CA
:10A84C009387075D2322F100B7950100B7870100BC
:10A85C00232481001308040013060400232801009C
:10A86C0023260100232001009387075A9385C5B73F
:10A87C009308000013070000930600001305300036
:10A88C00EFB01F859305050003254400232CB40E5F
:10A89C00EF4050368320C1060324810683244106F1
:10A8AC00032901068329C105032A8105032C810490
:10A8BC0013050000130101076780000013871D00BA
:10A8CC008327C102631E070083A5C18A13850B0071
:10A8DC00EF40D11D032681028327C102E30605DA6E
:10A8EC00832DC103634ACB1E138504002326F1027A
:10A8FC00EF508132930505002324A10213050D00AE
:10A90C00EF40913483258102EF4081688327C10297
:10A91C00130D050083A5C18AEF4011206354A01CC0
:10A92C00930710002320F4102322F4101309F900CC
:10A93C001355F9411375F50033052501137505FF02
:10A94C00EF50812D9305050013850C00EF404164F9
:10A95C00930C0500634C3B159387340013D9F741D6
:10A96C00137939003309F900135929409307F9FF7A
:10A97C00939727003387F440130717009359F70177
:10A98C0013850400B389E9002324F102EF50C12898
:10A99C0093850C00EF40512B8327810293F9E9FF3B
:10A9AC00930B050033853701EF5001279305050004
:10A9BC0013850B00EF40C15D93090500930505005D
:10A9CC0013050D00EF40D11E634E05009385090061
:10A9DC0013050D00EF40910D631A050C9307190038
:10A9EC006396070C93072000138D09002320F410A5
:10A9FC002322F41063485B099387140093D9F70161
:10AA0C00B389F90093D91940938AF9FF939A1A00E4
:10AA1C0033875441130717009357F701138504002C
:10AA2C00B384E700EF50411F93850C00EF40D12118
:10AA3C0093F4E4FF130B050033859A00EF50C11D0E
:10AA4C009305050013050B00EF408154930405009A
:10AA5C009305050013050D00EF409115634C05009F
:10AA6C009385040013050D00EF405104631C050091
:10AA7C00631A390113071000930720002320E410F8
:10AA8C002322F410832A4105032B0105832BC104D7
:10AA9C00832C4104032D010493040A006FF05FD84A
:10AAAC00832DC103138D0B006FF05FE81309F0FFCA
:10AABC006FF05FF4130804109307C40F13074410CE
:10AACC0013060A0013050400EFE09FF72326A40EDB
:10AADC0093040A006FF0DFD483ABC18A138D0B0093
:10AAEC006FF0DFE4232EB10383ABC18A930DF0FF2B
:10AAFC006FF01FBD1305000067800000130101FFFC
:10AB0C0023248100232291002326110093040500A5
:10AB1C00EF40402303A6840083A6440013040000E6
:10AB2C00B307D64093D72740131724003387E6008A
:10AB3C00635EF4028327070013850700638807040C
:10AB4C0083A707001304140083A74700E7800700BE
:10AB5C0083A6440003A68400131724003387E60061
:10AB6C00B307D64093D72740E346F4FC6304D600E2
:10AB7C0023A4D4008320C10003248100832441003A
:10AB8C00130500001301010167800000B307D640D4
:10AB9C001304140093D727406FF01FF96380A50EA0
:10ABAC00130101FE232C8100232A9100232E110076
:10ABBC0003A845000327050083268500938705001D
:10ABCC0083A50500B386E64013040500B304B84022
:10ABDC0063E49604032545003306E540930606001E
:10ABEC006360960A9307400063D69710138604009F
:10ABFC0013050700EF80026C83270400B3849700D1
:10AC0C00232294008320C101032481018324410168
:10AC1C001301010267800000138504002324E10066
:10AC2C00232821012322B1002326D100EF10D302C7
:10AC3C00832541001386040013090500EF80027A76
:10AC4C0003278100630807008325C1001305070053
:10AC5C00EF00D342B3049900232494002320240151
:10AC6C0003290101232294008320C10103248101C3
:10AC7C0083244101130101026780000067800000FA
:10AC8C009308400063D0C806130507002322F10087
:10AC9C00EF80426283274100032544000327040010
:10ACAC0083A5070003A84700B306E540B385D5008C
:10ACBC003306B8406354C002EF804272832704000D
:10ACCC00B3849700232294008320C10103248101C3
:10ACDC00832441011301010267800000B304970033
:10ACEC006FF01FF2E31416FD83A605002320D70096
:10ACFC006FF09FFAE394F4FE83A705002320F7007E
:10AD0C0083240400938444006FF09FEF6380A50EAE
:10AD1C00130101FE232C8100232A9100232E110004
:10AD2C0003A84500032705008326850093870500AB
:10AD3C0083A50500B386E64013040500B304B840B0
:10AD4C0063E49604032545003306E54093060600AC
:10AD5C006360960A9307400063D69710138604002D
:10AD6C0013050700EF80025583270400B384970076
:10AD7C00232294008320C1010324810183244101F7
:10AD8C001301010267800000138504002324E100F5
:10AD9C00232821012322B1002326D100EF10C36BFD
:10ADAC00832541001386040013090500EF8002631C
:10ADBC0003278100630807008325C10013050700E2
:10ADCC00EF00D32BB30499002324940023202401F7
:10ADDC0003290101232294008320C1010324810152
:10ADEC008324410113010102678000006780000089
:10ADFC009308400063D0C806130507002322F10016
:10AE0C00EF80424B832741000325440003270400B5
:10AE1C0083A5070003A84700B306E540B385D5001A
:10AE2C003306B8406354C002EF80425B83270400B2
:10AE3C00B3849700232294008320C1010324810151
:10AE4C00832441011301010267800000B3049700C1
:10AE5C006FF01FF2E31416FD83A605002320D70024
:10AE6C006FF09FFAE394F4FE83A705002320F7000C
:10AE7C0083240400938444006FF09FEF6380A50E3D
:10AE8C00130101FE232C8100232A9100232E110093
:10AE9C0003A845000327050083268500938705003A
:10AEAC0083A50500B386E64013040500B304B8403F
:10AEBC0063E49604032545003306E540930606003B
:10AECC006360960A9307400063D6971013860400BC
:10AEDC0013050700EF80023E83270400B38497001C
:10AEEC00232294008320C101032481018324410186
:10AEFC001301010267800000138504002324E10084
:10AF0C00232821012322B1002326D100EF10C354A2
:10AF1C00832541001386040013090500EF80024CC1
:10AF2C0003278100630807008325C1001305070070
:10AF3C00EF00D314B304990023249400232024019C
:10AF4C0003290101232294008320C10103248101E0
:10AF5C008324410113010102678000006780000017
:10AF6C009308400063D0C806130507002322F100A4
:10AF7C00EF8042348327410003254400032704005B
:10AF8C0083A5070003A84700B306E540B385D500A9
:10AF9C003306B8406354C002EF8042448327040058
:10AFAC00B3849700232294008320C10103248101E0
:10AFBC00832441011301010267800000B304970050
:10AFCC006FF01FF2E31416FD83A605002320D700B3
:10AFDC006FF09FFAE394F4FE83A705002320F7009B
:10AFEC0083240400938444006FF09FEF130101FF4E
:10AFFC00B7A7000023248100232291009387C7C8A0
:10B00C0023261100232021012320F50093040500A1
:10B01C00EF30505383A6840003A7440013040000B0
:10B02C00B387E64093D72740635CF4029317240060
:10B03C00B307F70003A507006300050E832705007F
:10B04C001304140083A74700E780070083A684003D
:10B05C0003A74400B387E64093D72740E348F4FCAA
:10B06C006304D70023A4E40003A4C40303A90404C9
:10B07C006304240303250400930784006308F5008C
:10B08C008325840093851500EF00437F130484010E
:10B09C00E31289FE03A9C403630A090083A54404CF
:10B0AC0013050900B3852541EF00437D03A5C402B8
:10B0BC006308050083A54403B385A540EF00037C1A
:10B0CC0003A504026308050083A58402B385A5408B
:10B0DC00EF00C37A03A544016308050083A5C401EE
:10B0EC00B385A540EF00837903A5440063080500F0
:10B0FC0083A5C400B385A540EF00437803248100E9
:10B10C008320C1000329010013850400832441001E
:10B11C00130101016FC00FEDB387E6401304140057
:10B12C0093D727406FF05FF0130101FE232E11001F
:10B13C002326A100EFF09FEB0325C1008320C10162
:10B14C0093058004130101026F004373130101FE88
:10B15C00232E11002326A100EFC0CFE70325C10049
:10B16C00B7A700009387C7C81307F0FF2322050079
:10B17C002324050023260500232A0500232C050083
:10B18C00232E050023200502232205022324050279
:10B19C002326050223280502232A0502232E050255
:10B1AC002320050423220504232805002320F50071
:10B1BC00232CE5028320C1011301010267800000EA
:10B1CC00130101FD23261102232481022322910263
:10B1DC00232021038327060013079000636CF724B8
:10B1EC0037A7000093972700130787C1B387E700A1
:10B1FC0083A70700930406001304050013890500B8
:10B20C006780070093040000032684000327C40012
:10B21C006308E61423209600032684008327440049
:10B22C00130646002324C4003306F640135626406A
:10B23C001306F6FF631226238320C1020324810226
:10B24C000329010213850400832441021301010325
:10B25C00678000001305C011EF1003201386040053
:10B26C00930504009306000093040500EFD09FC9DA
:10B27C006FF09FF91305C011EF10031E1386040025
:10B28C00930504009306000093040500EFD09FC7BC
:10B29C006FF09FF71305C011EF10031C1386040009
:10B2AC00930504009306100093040500EFD09FC58E
:10B2BC006FF09FF513058010EF10031A138604002E
:10B2CC009305040093040500EFD08FA86FF0DFF313
:10B2DC001305000FEF1043181386040093050400A8
:10B2EC0093040500EF1090316FF01FF21305800EE0
:10B2FC00EF108316138604009305040093040500D5
:10B30C00EF30804B6FF05FF03715000013054550A0
:10B31C00EF108314138604009305040093040500B6
:10B32C00EF2010426FF05FEE1305000FEF10C31209
:10B33C00138604009305040093040500EFC05FBB63
:10B34C006FF09FEC1305400FEF10031113860400F0
:10B35C009305040093040500EF30403E6FF0DFEAE4
:10B36C00232E310183264400B70500209385F5FF79
:10B37C003306D64093572640638EB71213850700C9
:10B38C0063940700130510003305F500B707002080
:10B39C006364F5001385F7FF9319250013850900E5
:10B3AC002324C1002322D1002320E100EF10C30A83
:10B3BC00032681000327010083264100B305C50045
:10B3CC0023A09500930705006306060293850600EB
:10B3DC002324E1002322C1002320D1002326A10035
:10B3EC00EF70D27F8327C100032781000326410021
:10B3FC0083260100130646003386C70063800602CD
:10B40C00B305D740138506002322F1002320C10089
:10B41C00EF00C34683274100032601003385370123
:10B42C002326A4002322F4002324C4008329C10171
:10B43C006FF09FDFB776000037760000377500009D
:10B44C0093868603130686341305C5389305300599
:10B45C00232E3101EF30425BB776000037760000C7
:10B46C00377500009386C639130686341305C53824
:10B47C0093056005232E3101EF30025913040500AA
:10B48C009305400F13850400232E3101EF00033F79
:10B49C0013050400EF70012C130405009305000F35
:10B4AC0013850400232E3101EF00433D13050400E6
:10B4BC00EF70412A377500001305850CEF10835F80
:10B4CC00B71500001304050093854550138504003F
:10B4DC00232E3101EF00833A13050400EF7081270E
:10B4EC00130405009305800E13850400232E3101EF
:10B4FC00EF00C33813050400EF70C1256FF0DFF9BE
:10B50C00130405009305801013850400232E3101CC
:10B51C00EF00C33613050400EF70C12313040500BC
:10B52C009305C01113850400232E3101EF00033560
:10B53C0013050400EF7001226FF05FFE6FF01FFE29
:10B54C002328B500930745016304F60E130101FE91
:10B55C00232C8100232A9100232E1100032846005E
:10B56C0083250600032745018326C501B304B84093
:10B57C0093070600B386E6401304050063E69604C1
:10B58C00032585013306E540930606006366960A9B
:10B59C009307400063DE9710138604001305070021
:10B5AC00EF70525183274401B3849700232C9400ED
:10B5BC008320C10103248101832441011305000070
:10B5CC001301010267800000138504002324E100AD
:10B5DC00232821012322B1002326D100EF00D367B9
:10B5EC00832541001386040013090500EF70125FD8
:10B5FC0003278100630807008325C100130507009A
:10B60C00EF00C327B3049900232E9400232A2401AE
:10B61C0003290101232C94008320C10103248101FF
:10B62C00832441011305000013010102678000000F
:10B63C0013050000678000009308400063D2C80621
:10B64C00130507002322F100EF70D2468327410037
:10B65C00032584010327440183A5070003A84700A1
:10B66C00B306E540B385D5003306B8406356C00237
:10B67C00EF70D2568327440113050000B384970062
:10B68C00232C94008320C1010324810183244101D4
:10B69C001301010267800000B30497006FF01FF1E3
:10B6AC00E31216FD83A605002320D7006FF05FFA86
:10B6BC00E394F4FE83A705002320F70083244401C0
:10B6CC00938444006FF09FEE130101FF232481004B
:10B6DC002322910023261100832745001304050023
:10B6EC0083A7070083A7870203A50700EFB05F9E1F
:10B6FC009304050003250401EFB09F9D639CA406F1
:10B70C0003260401930710008326C6016394F606F2
:10B71C00832744009305300003A707008327070401
:10B72C0083A707006384B704930690006380D70651
:10B73C00930670006390D70483264601930720007C
:10B74C00639AF602832707011305040083A50700FB
:10B75C00EF30104F8320C10003248100832441006B
:10B76C0013050000130101016780000083274601C7
:10B77C00E38AD7FC8320C100032481008324410089
:10B78C001305F0FF130101016780000083274601B8
:10B79C00E39207FE6FF01FFB130101F9232611063C
:10B7AC0023202107232C41052320A10583274500B5
:10B7BC00032A85002326010223220102330AFA40C0
:10B7CC001307CAFFB387E7002324010283A70700EE
:10B7DC002324E1001307400083A687006384E62E30
:10B7EC0003AD070283A7C701330DFD4093572D40CE
:10B7FC00232CF100130900006386071CB7070020F7
:10B80C00232A5105232EB1032324810623229106DA
:10B81C00232E310523286105232671052324810558
:10B82C0023229105232EB100930D0500938AF7FF77
:10B83C0083A78D0103A74D01B387E74093D727401A
:10B84C006356F9140327810083A74D00930640002B
:10B85C0093142900B387E70083A7070003A7870089
:10B86C006302D72083A7C70113850D00B387970008
:10B87C0083A50700EF20D07F0327810083A74D000D
:10B88C002328A100B387E70003A707008326C7017D
:10B89C008327C70403274703B386960083A60600B5
:10B8AC00B3879700330797002326D10083A707009F
:10B8BC00832C0700130770006382E71E634CF71E8E
:10B8CC006384071E13073000639AE7209307100068
:10B8DC00232AF10083274102032781026384E700B6
:10B8EC002324F10203A70C0083A74C00130D1000B6
:10B8FC00B387E74093D727406352FD0403268102A8
:10B90C00832BC10293152D00330AB700630A760D01
:10B91C0083270A002320F6008327810293874700A0
:10B92C002324F10203A70C0083A74C00130D1D0068
:10B93C00B387E74093D72740E342FDFC8327C1013F
:10B94C006384070283A74D0103260101832541016E
:10B95C00B387970003A50700130741029307000064
:10B96C0093065000EFA0DFF983A74D018325C1009A
:10B97C0013850D00B387970003A60700EF30502CFA
:10B98C008327810113091900E39427EB0325410256
:10B99C00630805008325C102B385A540EFF0126E44
:10B9AC0003248106832441068329C105832A41058A
:10B9BC00032B0105832BC104032C8104832C41042C
:10B9CC00832DC1038320C10603290106032A8105A7
:10B9DC00032D01041305000013010107678000000B
:10B9EC00032B4102B309664193D529406388551155
:10B9FC001384050063940500130410003304B40091
:10BA0C00B70700206364F40013840A0013142400A5
:10BA1C0013050400EF00532483250A003307350176
:10BA2C00130C05002320B700638809001386090056
:10BA3C0093050B00EF70921A13864900B309CC00E2
:10BA4C0063080B00B3856B4113050B00EFF0126319
:10BA5C0033048C0023268102232281032324310307
:10BA6C006FF05FEC83A7070113850D00B387970078
:10BA7C0083A50700EF20D05F0327810083A74D002B
:10BA8C002328A100B387E70003A70700832607013B
:10BA9C0083270704032787026FF01FE0930720001A
:10BAAC00232AF1006FF01FE393074000232AF100D3
:10BABC006FF05FE2130790006392E702232A010004
:10BACC006FF05FE103AD470183A70701330DFD4024
:10BADC0093572D40232CF1006FF0DFD1B776000087
:10BAEC003776000037750000938686031306463CB4
:10BAFC001305C53893051016EF2012713775000029
:10BB0C001305850CEF00137B8327410213040500FA
:10BB1C00638A07008325C10213850700B385F540AE
:10BB2C00EFF0D25513050400EF60D142130101FB75
:10BB3C00930510002322910323261104930C050076
:10BB4C00EFF09FB82326A100E316052623229104CB
:10BB5C00232C41032324810423202105232E31038C
:10BB6C00232A5103232861032326710323248103F1
:10BB7C002320A103232EB10103A78C0083A74C0023
:10BB8C009304F0FF3307F740135A2740330A9A0007
:10BB9C0063069A10130450006F00C000130AFAFFDA
:10BBAC00630C9A4413192A00B387270103A50700D5
:10BBBC008327050083A70701E780070083A74C00B4
:10BBCC00E31E85FC338927010326090083A68C001C
:10BBDC00930900008325C601032606013387F6402E
:10BBEC0083AA05000329060013572740E3D8E9FA76
:10BBFC0063043A03139B2900B387670103A507006D
:10BC0C008327050083A70701E780070083A74C0063
:10BC1C00631C850083A68C003387F640938919003A
:10BC2C00135727406FF09FFCB385670103A70500EE
:10BC3C001306000083260701032747013307D7406B
:10BC4C0013572740E358E6FC13172600B386E6008B
:10BC5C0003A706006300570303A70500130616008D
:10BC6C0083260701032747013307D7401357274083
:10BC7C006FF05FFD23A0260183A74C00130616006E
:10BC8C00B385670103A70500832607010327470136
:10BC9C003307D740135727406FF0DFFA135727406D
:10BCAC009304000063DCE4061394240033878700BC
:10BCBC0003270700130900008326C7010327070287
:10BCCC003307D740135727406350E90493192900D1
:10BCDC00B386360183A5060013850C00EF2050397E
:10BCEC00630A051C83A74C001309190033878700CE
:10BCFC00032707008326C701032707023307D74012
:10BD0C0013572740E344E9FC03A78C0093841400E9
:10BD1C003307F74013572740E3C8E4F893051000A6
:10BD2C0013850C00EFF05FA783A74C0203A70C024E
:10BD3C00B75BECC4938B5BECB387E74093D727409E
:10BD4C00B3877703130D0000130B00006350FD1233
:10BD5C0003A64C0083A78C001309F0FF130400000A
:10BD6C00B387C74093D7274093090900930A09006A
:10BD7C00130A09006354F40A93142400B3069600C2
:10BD8C0083A50600930D000003A7C50183A7050238
:10BD9C00B387E74093D7274063D6FD02139C2D0051
:10BDAC0033078701032707006302A71903A7C501FF
:10BDBC0083A70502938D1D00B387E74093D72740D7
:10BDCC00E3CEFDFC03A7050183A74501930D0000FD
:10BDDC00B387E74093D7274063D8FD02139C2D000F
:10BDEC0033078701032707006306A71B83A70600F9
:10BDFC00938D1D0003A7070183A74701B387E74075
:10BE0C0093D72740E3CCFDFC83A78C0013041400CC
:10BE1C00B387C74093D72740E340F4F683A70C02BF
:10BE2C00130D1D00B387670123A6470183A70C02DE
:10BE3C00B387670123A4570383A70C02B387670159
:10BE4C0023A8370183A70C02B387670123A227031A
:10BE5C0083A74C0203A70C02130B4B03B387E740D9
:10BE6C0093D72740B3877703E344FDEE13850C008B
:10BE7C00EF20502B03248104832441040329010463
:10BE8C008329C103032A8103832A4103032B010362
:10BE9C00832BC102032C8102032D0102832DC101CE
:10BEAC008320C1040325C100832C41021301010529
:10BEBC006780000083A74C0013850C00B3878700B4
:10BECC0083A7070083A7C701B387370183A50700A2
:10BEDC00EF209021E31805E083A74C00B38787007F
:10BEEC0083A7070083A6470303A7C70183A7C7043B
:10BEFC00B386360133073701B387370103A5060034
:10BF0C008329070003AA0700EFB08F9C9306050056
:10BF1C0013060A009385090013850C009307000093
:10BF2C0013071000EF3050076FF0DFDB93050D00A7
:10BF3C0013850C00EF20501B6306050063480904B1
:10BF4C00930A040003A74C0013850C0033079700D9
:10BF5C00032707000327C701B307870183A5070041
:10BF6C00EF20101103A64C00B306960083A5060023
:10BF7C00E30E05E263C60900130A04006FF01FE329
:10BF8C0093090400130A04006FF05FE21309040024
:10BF9C006FF01FFB93050D0013850C00EF20D014E0
:10BFAC006306050063460904930A040003A74C00CA
:10BFBC0013850C003307970003270700032707019D
:10BFCC00B307870183A50700EF20900A03A64C0056
:10BFDC00B3069600E30C05E063C60900130A0400DF
:10BFEC006FF0DFE093090400130A04006FF01FE008
:10BFFC00130904006FF05FFB03A78C0037A9000046
:10C00C00130909C43307F7409356274093040000E3
:10C01C0093095000E3D4D4C813942400B387870049
:10C02C0003A507008327050083A70701E780070006
:10C03C0063E2A95613152500330525018327050056
:10C04C006780070083A74C00130A00003387870022
:10C05C000326070083260601032746013307D74032
:10C06C00135727406350EA04931A2A00B3865601EB
:10C07C0083A5060013850C00EF20807F83A74C005E
:10C08C00338787000326070083260601630C052AE5
:10C09C0003274601130A1A003307D74013572740CA
:10C0AC00E344EAFC8326C60103270602130A0000B8
:10C0BC003307D740135727406352EA06931A2A00D6
:10C0CC00B386560183A5060013850C00EF20407A39
:10C0DC0083A74C0033878700032707008326C701FB
:10C0EC00630E052E03270702130A1A003307D740E5
:10C0FC00135727406FF05FFC83A74C0013850C008F
:10C10C00B387870083A7070083A7070183A50700D0
:10C11C00EF20007683A74C006306053803A78C003C
:10C12C00938414003307F740935627406FF09FEE2B
:10C13C0083A74C0013850C00B387870083A70700E7
:10C14C0083A7070183A50700EF20007A83A74C0083
:10C15C00E31605FCB387870083A7070083A6870235
:10C16C0003A7070183A7070403A506000324070000
:10C17C0003AA0700EFA0DFF5930605009307100054
:10C18C0013060A009305040013850C001307000026
:10C19C00EF30806083A74C006FF05FF883A74C00F2
:10C1AC00130A000033878700032607008326060145
:10C1BC00032746013307D740135727406350EA043F
:10C1CC00931A2A00B386560183A5060013850C002A
:10C1DC00EF20807183A74C0033878700032607006C
:10C1EC00832606016306051A03274601130A1A0063
:10C1FC003307D74013572740E344EAFC8326C60194
:10C20C0003270602130A00003307D74013572740B1
:10C21C00E356EAF0931A2A00B386560183A506006A
:10C22C0013850C00EF20406C83A74C0033878700EC
:10C23C00032707008326C701630405200327070291
:10C24C00130A1A003307D740135727406FF05FFCCF
:10C25C0083A74C0013850C00B387870083A70700C6
:10C26C0083A7070183A50700EF20C057631005289B
:10C27C0083A74C0013850C00B387870083A70700A6
:10C28C0083A7C70183A50700EF20C05583A74C00E7
:10C29C00E30605E8B387870083A7070013850C0026
:10C2AC0083A7070183A50700EF20C05383A74C0089
:10C2BC00E31605E6B387870083A7070013850C00F8
:10C2CC0083A7C70183A50700EF20006203A74C00DA
:10C2DC00130A050013850C0033078700832707001A
:10C2EC0083A7C70183A50700EF20805883A64C00C5
:10C2FC00130B0500B386860083A6060003A68602F0
:10C30C0003A7060183A706040325060003240700E0
:10C31C0083AA0700EFA0DFDB9306050093070A0052
:10C32C0013070B0013860A009305040013850C00F9
:10C33C00EF30804683A74C006FF05FDE83A74C0084
:10C34C006FF0DFDD0327860283270604B3865601D0
:10C35C0033075701B38757010325070083AA06004B
:10C36C0003AB0700EFA0DFD6930605009307000090
:10C37C0013060B0093850A0013850C00130710009D
:10C38C00EF30804183A74C00130A1A006FF01FCCCA
:10C39C000327860283270604B38656013307570109
:10C3AC00B38757010325070083AA060003AB0700D8
:10C3BC00EFA01FD2930605009307100013060B0085
:10C3CC0093850A0013850C0013070000EF30C03C66
:10C3DC0083A74C00130A1A006FF0DFDC0326470317
:10C3EC008327C704B386560133075601B387570119
:10C3FC000325070083AA060003AB0700EFA05FCD5F
:10C40C0093060500930700001307100013060B009A
:10C41C0093850A0013850C00EF30003883A74C007D
:10C42C00130A1A0033878700032707008326C701E6
:10C43C00032707023307D740135727406FF0DFC796
:10C44C00032647038327C704B386560133075601D7
:10C45C00B38757010325070083AA060003AB070027
:10C46C00EFA01FC7930605009307100013070000E9
:10C47C0013060B0093850A0013850C00EF30C031B6
:10C48C0083A74C00130A1A00338787000327070081
:10C49C008326C701032707023307D74013572740CA
:10C4AC006FF01FD7B387870083A7070083A6870287
:10C4BC0003A7070183A7070403A5060003240700AD
:10C4CC0003AA0700EFA0DFC0930605009307000046
:10C4DC0013060A009305040013850C0013071000C3
:10C4EC00EF30802B83A74C006FF05FC383A74C0009
:10C4FC0013850C00B387870083A7070083A7C701A8
:10C50C0083A50700EF20002EE31405D683A74C006B
:10C51C0013850C00B387870083A7070083A7070147
:10C52C0083A50700EF20403C03A74C00930A0500AD
:10C53C0013850C00330787008327070083A70701A7
:10C54C0083A50700EF20C03283A64C00930B050097
:10C55C00B386860083A6060003A6460303A7C6017E
:10C56C0083A7C60403250600032A070003AB0700B4
:10C57C00EFA01FB69306050093870A0013870B00E4
:10C58C0013060B0093050A0013850C00EF30C02036
:10C59C006FF01FCEB77600003776000037750000BD
:10C5AC00938686031306463F1305C5389305700C16
:10C5BC00EF2082459307F0FF2326F1006FF05F8E8A
:10C5CC00130101FE232C8100232821012326310194
:10C5DC00232E1100232A9100370700C083278503DF
:10C5EC008324C7041304050093890500130906006E
:10C5FC0063CE07128326840003274400B386E640EB
:10C60C0013D626406304091423225101B70A00C033
:10C61C0023244101938ACA04130A20006F00C00529
:10C62C0003278403832744009385090013172700ED
:10C63C00B387E70003A507008327050083A7C7007E
:10C64C00E7800700630245076318051683278403F8
:10C65C0093871700232CF4026358200103A70A00C8
:10C66C00330797406356270783268400032744002B
:10C67C00B386E64013D62640939527003307B700C0
:10C68C0063D6C712032507008327050083A747013C
:10C69C00E7800700E30605F89385090013050400FD
:10C6AC00EFB08FA1E31E05F6032A8100832A410017
:10C6BC008320C10103248101832441010329010149
:10C6CC008329C100130520001301010267800000BB
:10C6DC00032A8100832A4100832684000327440017
:10C6EC00B386E64093D62640E3C4D7FC1307F0FF8D
:10C6FC00232CE402B70700C083A5C70437750000DC
:10C70C0013054541B3859540EF50825D8320C101EF
:10C71C000324810183244101032901018329C100E0
:10C72C00130500001301010267800000930500004F
:10C73C00232C0502EFE05FF91305040093050000BC
:10C74C00EFF08F85832784036FF0DFEAE3D0C7FA1D
:10C75C00939727003307F70003250700832705006D
:10C76C0083A74701E7800700631C050603278403A2
:10C77C00832744009385090013172700B387E7002C
:10C78C0003A507008327050083A7C700E7800700E0
:10C79C0093072000E30EF5F063140502832784034E
:10C7AC0093871700232CF4026FF01FF3032A8100E8
:10C7BC00832A41006FF01FF3032A8100832A410072
:10C7CC008320C10103248101832441010329010138
:10C7DC008329C1001305F0FF1301010267800000DB
:10C7EC009385090013050400EFB00F8DE31005F8D5
:10C7FC006FF01FEC130101FF232481002322910011
:10C80C002326110023280500232A0500232C0500CC
:10C81C00232E0500232005022322050223240502D2
:10C82C002326050223280502232A0502232C0502B0
:10C83C00232E0502232005042322050423240504AA
:10C84C002326050423280504232A05048326060031
:10C85C0003274600B7A700009387C7CA2322B50059
:10C86C00130405002320F5002324D5002326E5001E
:10C87C00930586001305050193040600EFE00FE015
:10C88C00938544011305C401EFE04FDF9385040247
:10C89C0013058402EFE08FC79385C402130544038C
:10C8AC00EFE0CFC69385840313050404EFE00FAFCC
:10C8BC00938544041305C404EFE04FAE938704053D
:10C8CC00130484059384040E03A7870003A60700B2
:10C8DC0083A647002324E4002320C4002322D40091
:10C8EC0003A7C7009387070113040401232EE4FE5A
:10C8FC00E39C97FC8320C100032481008324410026
:10C90C0013010101678000008327C4049304050010
:10C91C00638A07008325440513850700B385F5401A
:10C92C00EFE0D27503250404630805008325840415
:10C93C00B385A540EFE0927403254403630805001A
:10C94C008325C403B385A540EFE05273032584020D
:10C95C006308050083250403B385A540EFE012723C
:10C96C000325C4016308050083254402B385A54053
:10C97C00EFE0D270032504016308050083258401D0
:10C98C00B385A540EFE0926F13850400EF50915CE6
:10C99C00130101FF23248100232611001304050039
:10C9AC000325C5046308050083254405B385A5400C
:10C9BC00EFE0D26C0325040463080500832584048E
:10C9CC00B385A540EFE0926B032544036308050093
:10C9DC008325C403B385A540EFE0526A0325840286
:10C9EC006308050083250403B385A540EFE01269B5
:10C9FC000325C4016308050083254402B385A540C3
:10CA0C00EFE0D26703250401630E05008325840142
:10CA1C00032481008320C100B385A54013010101CB
:10CA2C006FE0D2658320C100032481001301010152
:10CA3C0067800000130101FF2324810023261100CD
:10CA4C00130405000325C50463080500832544056C
:10CA5C00B385A540EFE0926203250404630805004A
:10CA6C0083258404B385A540EFE05261032544037C
:10CA7C00630805008325C403B385A540EFE012606D
:10CA8C00032584026308050083250403B385A540B0
:10CA9C00EFE0D25E0325C401630805008325440240
:10CAAC00B385A540EFE0925D032504016308050002
:10CABC0083258401B385A540EFE0525C1305040087
:10CACC00032481008320C1009305800E1301010112
:10CADC006FE0D25A032545006FA09FDAB7A700007C
:10CAEC00938747CF2320F5006FF09FEA130101FED7
:10CAFC00B7A70000232E1100938747CF2320F50002
:10CB0C002326A100EFF0DFE80325C1008320C1013B
:10CB1C009305000F130101026FE05256130101FD42
:10CB2C00B7D70100B7D5010013060500130805009F
:10CB3C00232EA10023200100938787DE938585C6D1
:10CB4C009308000013070000930600001305200053
:10CB5C0023261102EF90CFD70326C10193050500C0
:10CB6C00032546002324B60EEF20D0088320C102F3
:10CB7C00130500001301010367800000130101FD80
:10CB8C002326110223248102232291022320210334
:10CB9C00232E31018327C5011304050013890500D9
:10CBAC000325450083A50700EF105050930509009D
:10CBBC009304050013050400EFF0DFF183278402D2
:10CBCC001309050003A50700EFA08FD083270401EC
:10CBDC00930905000325440083A50700638C040416
:10CBEC00EF10D04C8327C401130605000325440025
:10CBFC0083A507002326C100EF10504B0326C1006C
:10CC0C00930605000327840E13050900938509007C
:10CC1C00EFF080298320C102032481028324410286
:10CC2C00032901028329C10113050000130101032B
:10CC3C0067800000EF1010408327C4011306050025
:10CC4C000325440083A507002326C100EF10903E66
:10CC5C000326C100930605006FF0DFFA130101FBF8
:10CC6C0023261104232291032326A1006382051697
:10CC7C00232481042322910423202105232E310314
:10CC8C00232C4103232A51032328610323267103F8
:10CC9C0023248103232EB1012320A10393840500B7
:10CCAC0003A5818A83A50506B7DC0000938C8C65EF
:10CCBC00EF20012E930A050003A5C405130970008B
:10CCCC009389FC7FEF20517503AC840503A4818A02
:10CCDC00130A050093891900938D0C0033099941AF
:10CCEC00B70B0080130BF00F6F0040011305F00F12
:10CCFC002380AD00938D1D00638EB9073305B901F8
:10CD0C0013553540EF20517193050A00EF20912502
:10CD1C0093050C00EF20417333C5AB00EFE0421DCF
:10CD2C0093050400EF10116493050500130504002E
:10CD3C00EF20012693850A00EF200171EFE04235C8
:10CD4C00130D050003A54406EF20116D93050D008E
:10CD5C00EF105161EF2051659347F5FF93D7F741E1
:10CD6C00E346ABF83375F5002380AD00938D1D00C1
:10CD7C00E396B9F9032481048324410403290104B3
:10CD8C008329C103032A8103832A4103032B010353
:10CD9C00832BC102032C8102032D0102832DC101BF
:10CDAC000327C1009307F07F63C8E7009347F7FFA1
:10CDBC0093D7F741B377F7008320C104B387FC0006
:10CDCC0003C50700832C4102130101056780000095
:10CDDC00B7DC0000938C8C656FF09FFC130101FF96
:10CDEC0023261100EF20516383A5018BEF20C16531
:10CDFC008320C100130101016FA04FB1130101FE8B
:10CE0C00232E11002326A100EFF0DF9E0325C10085
:10CE1C00B7A70000938747CF2320F5008320C101DB
:10CE2C001301010267800000130101FFB7A7000086
:10CE3C0023248100232611001387C7D3B7170000C2
:10CE4C002320E500B307F5001304050003A5474FA5
:10CE5C0063040500EF109251B7170000B307F400FC
:10CE6C0003A5874F63040500EF900FA6B7170000CA
:10CE7C00B307F40003A5C74F63040500EF90CFA4DC
:10CE8C0013050400032481008320C1001301010158
:10CE9C006FF01FB0130101E923261116232481160C
:10CEAC00232291162328611523267115232481151D
:10CEBC00232EB11323202117232E3115232C41159A
:10CECC000327050183278502930B05003714000007
:10CEDC0033848B008325070083A9070003A947002F
:10CEEC0003254500832704502324F100EF10101C68
:10CEFC0083A70B019304050003A54B0083A54700F2
:10CF0C00EF10D01A03A7090083270900832D844F43
:10CF1C00032B4700032CC44F83A787009305050000
:10CF2C0013070B0013860D0093060C00130500006D
:10CF3C00EFF0D0110F500000E3526063232A51151B
:10CF4C00232291152320A115832C444F338B6D0183
:10CF5C00130401041309000083C70D00032781008B
:10CF6C0063C0E710232AF40083C7040003470C00B6
:10CF7C0083AA8C009387872393972700B387FB00A2
:10CF8C0083A5C7002328E40013850A00EF20C14BBA
:10CF9C0083A50C0003ADCC00EF10D13C83C714006B
:10CFAC00130A050013050D0093972700B387FB00A8
:10CFBC0083A5C74EEF20414983A54C00EF10913A51
:10CFCC0083C724009309050013850A0093878733D0
:10CFDC0093972700B387FB0083A5C700EF20C146BA
:10CFEC0083C73400930A050013050D00938787430C
:10CFFC0093972700B387FB0083A5C700EF20C1449C
:10D00C00130D050093850A0013050A00EF208175A6
:10D01C002322A40093050D0013850900EF208174D1
:10D02C009307050093850A002320F40013050A00DA
:10D03C00EF105133930705002326F40093050D00E0
:10D04C0013850900EF1011322324A4009307190053
:10D05C0013079000E348F74E13048401138907006B
:10D06C00938D1D0093844400938C0C01130C1C00B5
:10D07C00E3946DEF9307F9FF232CF100E354F04E8A
:10D08C00930701049306000013870600938616008D
:10D09C0063D0264B03A6470183A5C702635AB60685
:10D0AC0003AE070003A3470083A8870003A8C700AB
:10D0BC0003A5070183A3870183A2C70183AF0702DE
:10D0CC0003AF470283AE8702232EC10223AAB70007
:10D0DC0023A6C7022324C10323ACC70123A07700D6
:10D0EC002326610223AE670023A2570023281103D5
:10D0FC0023A0170323A4F701232A010323A2070368
:10D10C0023A6E701232CA10223A4A70223A8D7015D
:10D11C0013062700635E264103A6470183A5470437
:10D12C00635AB60603AE070003A3470083A8870023
:10D13C0003A8C70003A5070183A3070383A2470322
:10D14C0083AF870303AFC70383AE0704232EC1024B
:10D15C0023AAB70023A2C7042324C10323A8C7030F
:10D16C0023A077002326610223AA670223A257007B
:10D17C002328110323AC170323A4F701232A01034B
:10D18C0023AE070323A6E701232CA10223A0A704A7
:10D19C0023A8D70113063700635C263903A6470181
:10D1AC0083A5C705635AB60603AE070003A3470061
:10D1BC0083A8870003A8C70003A5070183A38704DE
:10D1CC0083A2C70483AF070503AF470583AE87056A
:10D1DC00232EC10223AAB70023AEC7042324C10304
:10D1EC0023A4C70523A077002326610223A6670486
:10D1FC0023A257002328110323A8170523A4F70102
:10D20C00232A010323AA070523A6E701232CA10245
:10D21C0023ACA70423A8D70113064700635A263171
:10D22C0003A6470183A54707635AB60603AE07005A
:10D23C0003A3470083A8870003A8C70003A5070121
:10D24C0083A3070683A2470683AF870603AFC706EF
:10D25C0083AE0707232EC10223AAB70023AAC70651
:10D26C002324C10323A0C70723A077002326610230
:10D27C0023A2670623A257002328110323A4170710
:10D28C0023A4F701232A010323A6070723A6E701FA
:10D29C00232CA10223A8A70623A8D7011306570005
:10D2AC006358262903A6470183A5C708635AB60607
:10D2BC0003AE070003A3470083A8870003A8C70099
:10D2CC0003A5070183A3870783A2C70783AF0708BA
:10D2DC0003AF470883AE8708232EC10223AAB700E9
:10D2EC0023A6C7082324C10323ACC70723A07700B8
:10D2FC002326610223AE670623A2570023281103BD
:10D30C0023A0170923A4F701232A010323A2070949
:10D31C0023A6E701232CA10223A4A70823A8D70145
:10D32C00130667006356262103A6470183A5470A07
:10D33C00635AB60603AE070003A3470083A8870011
:10D34C0003A8C70003A5070183A3070983A2470904
:10D35C0083AF870903AFC70983AE070A232EC10227
:10D36C0023AAB70023A2C70A2324C10323A8C709F1
:10D37C0023A077002326610223AA670823A2570063
:10D38C002328110323AC170923A4F701232A010333
:10D39C0023AE070923A6E701232CA10223A0A70A89
:10D3AC0023A8D701130677006354261903A6470157
:10D3BC0083A5C70B635AB60603AE070003A3470049
:10D3CC0083A8870003A8C70003A5070183A3870AC6
:10D3DC0083A2C70A83AF070B03AF470B83AE870B40
:10D3EC00232EC10223AAB70023AEC70A2324C103EC
:10D3FC0023A4C70B23A077002326610223A6670A68
:10D40C0023A257002328110323A8170B23A4F701E9
:10D41C00232A010323AA070B23A6E701232CA1022D
:10D42C0023ACA70A23A8D701130687006352261141
:10D43C0003A6470183A5470D635AB60603AE070042
:10D44C0003A3470083A8870003A8C70003A507010F
:10D45C0083A3070C83A2470C83AF870C03AFC70CC5
:10D46C0083AE070D232EC10223AAB70023AAC70C33
:10D47C002324C10323A0C70D23A077002326610218
:10D48C0023A2670C23A257002328110323A4170DF2
:10D49C0023A4F701232A010323A6070D23A6E701E2
:10D4AC00232CA10223A8A70C23A8D70113079700AC
:10D4BC006350270903A7470103A6C70E635AC70683
:10D4CC0003A3070083A8470003A8870003A5C70090
:10D4DC0083A5070183A2870D83AFC70D03AF070E8A
:10D4EC0083AE470E03AE870E232EE10223AAC7009C
:10D4FC0023A6E70E2324610223AC670C23A057005C
:10D50C002326110323AE170D23A2F70123280103B1
:10D51C0023A0070F23A4E701232AA10223A2A70E0D
:10D52C0023A6D701232CB10223A4B70E23A8C7012D
:10D53C000327810193878701E398E6B483A7418B86
:10D54C0013048105130D0000232EF100832784FFA3
:10D55C00130D1D0063CC0718635A2D19930D04008D
:10D56C0093040D0003A70D01634C0716832944FF98
:10D57C00832AC4FE032A04FF032B84FE93850A002E
:10D58C0013850900EF20011E130C050093050B00F9
:10D59C0013050A00EF20011D9305050013050C006F
:10D5AC00EF10916A930500002328A100EF10516041
:10D5BC006358A01283A74D0003ACCD0083AC8D0043
:10D5CC00938507002324F10083A70D0013050C009D
:10D5DC002326F100EF2001198325C100232AA10085
:10D5EC0013850C00EF20011893050500032541015C
:10D5FC00EF10916593050000232AA100EF10515BF9
:10D60C006350A00E93850C0013050A00EF10515ABD
:10D61C0063440500138A0C00832CC10013050B0016
:10D62C0093850C00EF10514F93050B006344A00041
:10D63C0093850C0013050A00EF20C112130A050094
:10D64C0093050C0013850900EF10915663440500F7
:10D65C0093090C00032B810013850A0093050B0022
:10D66C00EF10914B93850A006344A00093050B00C7
:10D67C0013850900EF20010F9305000093090500A5
:10D68C00EF1091496344A00093090000930500003A
:10D69C0013050A00EF10514893050A006344A000DB
:10D6AC009305000013850900EF10115A930905002A
:10D6BC008325410103250101EF10C14A938509001F
:10D6CC00EF20410A8325C101EF1011589385090001
:10D6DC00EF10114E635605009307F0FF23A8FD00D1
:10D6EC0093841400938D8D01E39E24E7832781019D
:10D6FC0013048401E31CFDE4832401050327810644
:10D70C0093C4F4FF93D4F401634207049397140079
:10D71C00032581058325C1050326010683264106C1
:10D72C00B387970093973700B387270023A0A704EC
:10D73C0023A2B70423A4C70423A6D70423A8E70471
:10D74C000327C1069384140023AAE704930720003F
:10D75C006306F92803270108634207049397140012
:10D76C000325010783254107032681078326C1076B
:10D77C00B387970093973700B387270023A0A7049C
:10D78C0023A2B70423A4C70423A6D70423A8E70421
:10D79C00032741089384140023AAE704930730005D
:10D7AC00630EF9220327810963420704939714003F
:10D7BC00032581088325C108032601098326410915
:10D7CC00B387970093973700B387270023A0A7044C
:10D7DC0023A2B70423A4C70423A6D70423A8E704D1
:10D7EC000327C1099384140023AAE704930740007C
:10D7FC006306F91E0327010B634207049397140079
:10D80C000325010A8325410A0326810A8326C10ABE
:10D81C00B387970093973700B387270023A0A704FB
:10D82C0023A2B70423A4C70423A6D70423A8E70480
:10D83C000327410B9384140023AAE7049307500099
:10D84C00630EF9180327810C6342070493971400A5
:10D85C000325810B8325C10B0326010C8326410C68
:10D86C00B387970093973700B387270023A0A704AB
:10D87C0023A2B70423A4C70423A6D70423A8E70430
:10D88C000327C10C9384140023AAE70493076000B8
:10D89C006306F9140327010E6342070493971400DF
:10D8AC000325010D8325410D0326810D8326C10D12
:10D8BC00B387970093973700B387270023A0A7045B
:10D8CC0023A2B70423A4C70423A6D70423A8E704E0
:10D8DC000327410E9384140023AAE70493077000D6
:10D8EC00630EF90E0327810F63420704939714000C
:10D8FC000325810E8325C10E0326010F8326410FBC
:10D90C00B387970093973700B387270023A0A7040A
:10D91C0023A2B70423A4C70423A6D70423A8E7048F
:10D92C000327C10F9384140023AAE70493078000F4
:10D93C006306F90A03270111634207049397140045
:10D94C000325011083254110032681108326C11065
:10D95C00B387970093973700B387270023A0A704BA
:10D96C0023A2B70423A4C70423A6D70423A8E7043F
:10D97C00032741119384140023AAE7049307900012
:10D98C00630EF90403278112634A0704939714006A
:10D99C00032581118325C11103260112832641120F
:10D9AC00B387970093973700B387270023A0A7046A
:10D9BC0023A2B70423A4C70423A6D70423A8E704EF
:10D9CC000327C1129384140023AAE704832A411568
:10D9DC00832C4114032D01146F000001832A41157F
:10D9EC00832C4114032D011483A7CB0103A54B00F9
:10D9FC0083A50700EF00906B83A7CB0113040500F0
:10DA0C0003A54B0083A54700EF00506A83A7CB0109
:10DA1C009309050003A54B0083A58700EF0010694F
:10DA2C0083A7CB011309050003A54B0083A5C700F1
:10DA3C00EF00D067130A05006386042C03278104CA
:10DA4C008327C10403260104832641040325010511
:10DA5C002326E4002324F4002322C4002320D40032
:10DA6C00EF20811B8327410523A0A9001307100079
:10DA7C0093972700B387FB0083A7C70E2320F900D9
:10DA8C006382E428032701068327410603268105C8
:10DA9C008326C10503258106232EE400232CF400E4
:10DAAC00232AC4002328D400EF2001178327C106A2
:10DABC0023A2A9001307200093972700B387FB002C
:10DACC0083A7C70E2322F900638EE4220327810764
:10DADC008327C10703260107832641070325010875
:10DAEC002326E4022324F4022322C4022320D4029A
:10DAFC00EF2081128327410823A4A90013073000CB
:10DB0C0093972700B387FB0083A7C70E2324F90044
:10DB1C00638AE41E03270109832741090326810830
:10DB2C008326C10803258109232EE402232CF40249
:10DB3C00232AC4022328D402EF20010E8327C10913
:10DB4C0023A6A9001307400093972700B387FB0077
:10DB5C0083A7C70E2326F9006386E41A0327810ADC
:10DB6C008327C10A0326010A8326410A0325010BD8
:10DB7C002326E4042324F4042322C4042320D40401
:10DB8C00EF2081098327410B23A8A900130750001C
:10DB9C0093972700B387FB0083A7C70E2328F900B0
:10DBAC006382E4160327010C8327410C0326810BA7
:10DBBC008326C10B0325810C232EE404232CF404AF
:10DBCC00232AC4042328D404EF2001058327C10C85
:10DBDC0023AAA9001307600093972700B387FB00C3
:10DBEC0083A7C70E232AF900638EE4100327810D47
:10DBFC008327C10D0326010D8326410D0325010E3C
:10DC0C002326E4062324F4062322C4062320D40668
:10DC1C00EF2081008327410E23ACA900130770006D
:10DC2C0093972700B387FB0083A7C70E232CF9001B
:10DC3C00638AE40C0327010F8327410F0326810E0F
:10DC4C008326C10E0325810F232EE406232CF40614
:10DC5C00232AC4062328D406EF10117C8327C10F76
:10DC6C0023AEA9001307800093972700B387FB000E
:10DC7C0083A7C70E232EF9006386E40803278110BF
:10DC8C008327C1100326011083264110032501119F
:10DC9C002326E4082324F4082322C4082320D408D0
:10DCAC00EF1091778327411123A0A9021307A0003D
:10DCBC0093972700B387FB0083A7C70E2320F90295
:10DCCC006392E40483274112032681118326C11138
:10DCDC000327011203258112232CF408232AC408DC
:10DCEC002328D408232EE408EF1011738327C112C4
:10DCFC0023A2A90293972700B38BFB0083A7CB0E1B
:10DD0C002322F90213850400EF1011712320AA00BD
:10DD1C008320C1160324811683244116032901167E
:10DD2C008329C115032A8115032B0115832BC114DB
:10DD3C00032C8114832DC11313050000130101174B
:10DD4C0067800000232C2101138907006FF04FB36B
:10DD5C00832A4115832C4114032D011493040000D4
:10DD6C006FF09FC893071000E314F9FE832401059C
:10DD7C00832A4115832C411493C4F4FF032D011401
:10DD8C0093D4F4016FF05FC603264500032785008A
:10DD9C00630EE60083A705002320F60083274500C9
:10DDAC00938747002322F50067800000130101FDD3
:10DDBC002326110223248102032805009307050062
:10DDCC0037050020330606411305F5FF9356264010
:10DDDC006384A60E138506006394060013051000D9
:10DDEC003305D500B70600206364D5001385F6FF14
:10DDFC001314250013050400232EB100232CF1006D
:10DE0C00232AC100232801012326E100EFE0C2648C
:10DE1C008325C101032641010327C10083A8050006
:10DE2C00B305C5000328010123A015018327810137
:10DE3C0093060500630A060293050800232EF100E1
:10DE4C00232AE1002328C10023260101232CA10051
:10DE5C00EF50C2588327C10183268101032741015A
:10DE6C00032601010328C100130646003386C600B1
:10DE7C0063040802B305074113050800232AF100C7
:10DE8C002328D1002326C100EFD0521F8327410144
:10DE9C00832601010326C1003385860023A4A70035
:10DEAC0023A0D70023A2C7008320C1020324810230
:10DEBC001301010367800000377500001305850C02
:10DECC00EFE0523F130101FFB7A7000023248100AC
:10DEDC00232611001387C7D3B71700002320E500B2
:10DEEC00B307F5001304050003A5474F63040500B1
:10DEFC00EF00D247B7170000B307F40003A5874F14
:10DF0C0063040500EF804F9CB7170000B307F400C3
:10DF1C0003A5C74F63040500EF800F9B1305040096
:10DF2C00EFE01FA713050400032481008320C10028
:10DF3C00B715000093854550130101016FD01214E1
:10DF4C00130101FE232E11002326A100EFE09F8A6E
:10DF5C000325C100B7A700009387C7D3371700006C
:10DF6C002320F5003305E500232A054E232C054E0E
:10DF7C00232E054E8320C10113010102678000008E
:10DF8C00130101F9232AA1000327410123261106BD
:10DF9C0023202107232E3105232C4105232A51054B
:10DFAC00232EB10323248106232291062328610505
:10DFBC002326710523248105232291052320A10505
:10DFCC00032DC7050327070783270506B71D000088
:10DFDC00232EE100032741012322F100B30DB501EB
:10DFEC000327C706032541009307F0FF232CE1000C
:10DFFC0003274101371900001309C90E03248706B2
:10E00C00832C4706032C4707832B87070327C70757
:10E01C00930A0000130A00102322E1000327410198
:10E02C000327070823A0FD502324E100EF10D13E65
:10E03C002326A10013050400EF10113E83A9818B48
:10E04C00832741012328A1001384F77F1304D40EE6
:10E05C003389270113F5FA0FEF10D14C83250101F9
:10E06C0093040500EF10017093850C00EF10C13D77
:10E07C008325C100130B05002320A4801385040005
:10E08C00EF10416E93050D00EF10013C93050C0051
:10E09C0093040500EF00D16F2320A4C093850B00DF
:10E0AC0013850400EF00D16E832581002320A4008A
:10E0BC0013850400EF00D16DEFC0926393850900C6
:10E0CC00EF108138832541002320A44013850400E0
:10E0DC00EF00116CEFC0D26193850900EF10C136CF
:10E0EC002320A9009385090013050B00EF10C12212
:10E0FC006348050003A70D506354070023A05D512E
:10E10C00938A1A001304440013094900E3944AF556
:10E11C00832741018326410103A7870283A7470375
:10E12C0003270700032707000327470023A4E60E55
:10E13C0003A5070083270500032745006308F700A4
:10E14C002322F50083A7460303A5070093071000BD
:10E15C009305C1022326F102EFF01FC3832741016F
:10E16C000327410183A747031304870E03A5070068
:10E17C0083274500032785006382E72C0327410191
:10E18C000327870E23A0E7008327450093874700CA
:10E19C002322F50083274101130740009305C10298
:10E1AC0083A747032326E10203A50700EFF0DFBD99
:10E1BC008327410183A7470303A547008327050055
:10E1CC0003274500638AE7002322F50083274101DA
:10E1DC0083A7470303A54700930710009305C102CB
:10E1EC002326F102EFF05FBA8327410183A747038F
:10E1FC0003A5470083274500032785006386E72492
:10E20C00032741010327870E23A0E700832745003E
:10E21C00938747002322F5008327410183A74703F7
:10E22C0003A587008327050003274500638AE700C1
:10E23C002322F5008327410183A7470303A5870009
:10E24C00930710009305C1022326F102EFF0DFB310
:10E25C008327410183A7470303A587008327450034
:10E26C00032785006388E71E032741010327870ED8
:10E27C0023A0E70083274500938747002322F5005E
:10E28C008327410183A7470303A5C7008327050004
:10E29C0003274500638AE7002322F5008327410109
:10E2AC0083A7470303A5C7009305C102930710007A
:10E2BC002326F102EFF05FAD8327410137190000EF
:10E2CC0083A7870203A50700EF809FE08327410106
:10E2DC00338927012326A94E83A7870203A547006C
:10E2EC00EF801FDF832741012328A94E032741011B
:10E2FC0083A787020324870583A7070083A707004A
:10E30C0083AA470013954A00EF009205232AA94ED1
:10E31C00930905006350500D0325C101139B2A007E
:10E32C00330B6401EF10510F130A0500832B81018D
:10E33C00930400006F00C0008329494F93840401AB
:10E34C0003450400B389990013044400EF10911D98
:10E35C0093050A00EF10014193850B00EF10C10EDD
:10E36C0023A0A9000345D4FF8329494FEF10911B2B
:10E37C0093050A00EF10013F93850B00EF10C10CC1
:10E38C00B389990023A2A9000345E4FF8329494FCF
:10E39C00EF10511993050A00EF10C13C93850B0047
:10E3AC00EF10810AB389990023A4A9000345F4FF57
:10E3BC008329494FEF10111793050A00EF10813A8A
:10E3CC0093850B00B3899900EF10010823A6A900CF
:10E3DC00E3148BF613858A00EF705FCB8326410123
:10E3EC0037170000930705003384E60013858A0075
:10E3FC00232CF44EEF709FC9232EA44E8320C1060C
:10E40C000324810683244106032901068329C105BF
:10E41C00032A8105832A4105032B0105832BC104A3
:10E42C00032C8104832C4104032D0104832DC1038F
:10E43C001305000013010107678000009305040019
:10E44C00EFF011616FF01FD593050400EFF05160F0
:10E45C006FF09FDC93050400EFF0915F6FF05FE2CB
:10E46C00B7A70000938707D82320F5006FE04FD2A1
:10E47C00130101FEB7A70000232E1100938707D8C4
:10E48C002320F5002326A100EFE08FD00325C10047
:10E49C008320C1019305400F130101026FD0023E8E
:10E4AC00130101FEB7E50100130605002326A100A8
:10E4BC009385055F130700009306000013051000F9
:10E4CC00232E1100EF70DFC00326C1009305050059
:10E4DC00032546002324B60EEF00D0718320C10122
:10E4EC00130500001301010267800000130101FEF7
:10E4FC00232E1100232C8100232A91002328210193
:10E50C008327C50113040500138905000325450065
:10E51C0083A50700EF0080399305090093040500DB
:10E52C0013050400EFE00FDB83270401130905003A
:10E53C000325440083A5070063860408EF00003719
:10E54C008327C401930405000325440083A5070019
:10E55C00EF00C0351306050083274403032784020C
:10E56C000325C40E83A70700032707008325840E09
:10E57C0083A70700832607000327840503A88700C9
:10E58C0083A8C60083A7C7002324A1002322B100BF
:10E59C0003A3860083260406130509009385040053
:10E5AC0023206100EFD010488320C1010324810196
:10E5BC008324410103290101130500001301010209
:10E5CC0067800000EF0000278327C4019304050037
:10E5DC000325440083A50700EF00C02513060500A2
:10E5EC006FF09FF7130101FE23263101232E11003A
:10E5FC00232C8100232A9100232821019309050053
:10E60C00638005122324410103A4050683A7450654
:10E61C00938405003304F402635C80101307040038
:10E62C009307000013571740938607009387170032
:10E63C00E31A07FE13072000635CF70A9387F6FFC3
:10E64C00130510003315F500138A0700EF10C15C99
:10E65C001309050013050400EF10015C03A7040760
:10E66C0003A4440723A6440F032A81009304050046
:10E67C0023ACA1A023AA21A123A881A023A6E1A0B9
:10E68C0013850900EF10415993050900EF00D15B88
:10E69C0093850400EF00D10F83A5818BEF00814C93
:10E6AC009304050013050400EF1001579385040033
:10E6BC00EF0011506344050403A4C1A0130504002A
:10E6CC00EF10815593850400EF0011456348A002BB
:10E6DC00032481018320C101032901018329C10085
:10E6EC001385040083244101130101026F801FA2D2
:10E6FC0003A9C18B130A10006FF0DFF58320C10151
:10E70C001315040103248101832441010329010110
:10E71C008329C100135505411301010267800000D4
:10E72C0003A941A183A481A103A401A16FF05FF50A
:10E73C0003A9818A130A00006FF0DFF1130101FEB7
:10E74C00232E11002326A100EFE0CF8A0325C10060
:10E75C00B7A70000938707D82320F5008320C101B9
:10E76C0013010102678000001305000067800000A0
:10E77C001305000067800000B7A70000938747DCF3
:10E78C002320F5006FE0CFA0130101FEB7A7000016
:10E79C00232E1100938747DC2320F5002326A100AC
:10E7AC00EFE00F9F0325C1008320C1019305800E6C
:10E7BC00130101026FD0820C130101FE232E1100F4
:10E7CC002326A100EFE00F830325C100B7A70000AB
:10E7DC00938747DC2320F5008320C101130101023C
:10E7EC00678000000327050283274502B756ECC457
:10E7FC00938656ECB387E74093D72740B387D7026D
:10E80C0063D0F50293074003B385F502130510009E
:10E81C003307B70083270700638807006780000071
:10E82C001305000067800000032587013335A00025
:10E83C00678000000327050283274502B756ECC406
:10E84C00938656ECB387E74093D72740B387D7021C
:10E85C0063DCF50093074003B385F5023307B7007B
:10E86C000325070067800000130500006780000087
:10E87C0083260502832745023757ECC4130757EC50
:10E88C00B387D74093D72740B387E70263DCF50003
:10E89C0093074003B385F502B386B60003C5460162
:10E8AC006780000013050000678000000327050245
:10E8BC0083274502B756ECC4938656ECB387E740E2
:10E8CC0093D72740B387D70263DCF5009307400347
:10E8DC00B385F5023307B700032587016780000075
:10E8EC00130500006780000083260502832745027C
:10E8FC003757ECC4130757ECB387D74093D727404F
:10E90C00B387E70263DCF50093074003B385F50298
:10E91C00B386B60003C5C60267800000130500006D
:10E92C0067800000130101FE232C8100232E1100AF
:10E93C000326450283270502375EECC4130E5EECFA
:10E94C003307F64093562740B386C6039308F0FF6F
:10E95C00930500001304050013830800130800003E
:10E96C0063D4D5023385070183260500638A060E1E
:10E97C0093562740B386C6039385150013084803A6
:10E98C0093881800E3C0D5FE375EECC4130E5EEC22
:10E99C0093552740B385C503930600001308000068
:10E9AC0063D2B602B385070103A585006306D520A3
:10E9BC0093552740B385C503938616001308480367
:10E9CC00E3C2B6FE375EECC4130E5EEC93562740E2
:10E9DC00B386C6039308F0FF930500001383080069
:10E9EC001308000063D4D502338507018326850103
:10E9FC00638E061093562740B386C6039385150085
:10EA0C001308480393881800E3C0D5FE375EECC4A6
:10EA1C0013572740130E5EEC3307C7039306000011
:10EA2C009305000063D4E6023387B7000325070281
:10EA3C006308D5243307F640135727403307C70321
:10EA4C009386160093854503E3C0E6FE8320C1013F
:10EA5C0003248101130500001301010267800000EB
:10EA6C0083464500E39606F083464501E38206F0B3
:10EA7C009386080063826808130705FD6F00000188
:10EA8C009386F6FF1307C7FC6388660603460701E7
:10EA9C00E30806FE03264700E314D6FE03460700F0
:10EAAC00E31006FE832E050103268700E35AD6FDEC
:10EABC000325C5003306F7402324A700832704024F
:10EACC001307C6FF3387E700B387070103A60703C5
:10EADC00032507036378C5002328C7028327040294
:10EAEC00B387070123A4D70003264402832704021B
:10EAFC003307F6406FF0DFE72324B500032644020A
:10EB0C00832704023307F6406FF09FE68346C50166
:10EB1C00E39206EE8346C502E38E06EC938608006C
:10EB2C0063826808130785FE6F0000019386F6FF69
:10EB3C001307C7FC6388660603460701E30806FE55
:10EB4C0003264700E314D6FE03460700E31006FE37
:10EB5C00832E45020326C700E35AD6FD0325850202
:10EB6C003306F7402326A70083270402130746FE2B
:10EB7C003387E700B387070103A6070303250703C1
:10EB8C006378C5002328C70283270402B3870701D3
:10EB9C0023A0D70203264402832704023307F6403E
:10EBAC006FF05FE52320B50203264402832704029D
:10EBBC003307F6406FF01FE403A50503232601017C
:10EBCC002324D100EF708FCC832704020328C100CB
:10EBDC00B75EECC4938E5EECB387070123A0A7004D
:10EBEC008327040203264402832681009308000035
:10EBFC003307F640135727403307D703130500009C
:10EC0C00138E0E00B305F64093D5254033831701C0
:10EC1C006354E50203278300630ED7023387D503C1
:10EC2C0093884803B305F6401305150093D525408A
:10EC3C0033831701E340E5FEB38707011307F0FFA9
:10EC4C0023A4E70003264402832704023307F6407B
:10EC5C006FF01FD6B387070183A7070013051500B4
:10EC6C00938848032320F3008327040203264402DD
:10EC7C003307F640135727403307D7036FF09FF83D
:10EC8C00032507032326B1002324D100EF700FC006
:10EC9C00832704028325C100B75EECC4938E5EEC1F
:10ECAC00B387B70023ACA7008327040203264402D2
:10ECBC0083268100930800003307F6401357274042
:10ECCC003307D70313080000138E0E003305F640EC
:10ECDC0013552540338317016354E80203270302BD
:10ECEC00630CD7023307D503938848033305F640EA
:10ECFC00130818001355254033831701E340E8FE31
:10ED0C00B387B7001307F0FF23A0E70203264402E2
:10ED1C00832704026FF01FD2B387B70083A7870144
:10ED2C001308180093884803232CF300832704024C
:10ED3C00032644023307F640135727403307D70303
:10ED4C006FF0DFF8130101FE232C8100232A9100C0
:10ED5C002328210123263101232E1100032705022C
:10ED6C0083274502B759ECC4938959ECB387E74024
:10ED7C0093D72740B387370393040500130400008F
:10ED8C00130900006F00000503A50600630A0500C7
:10ED9C0083C746006396070083A7860063C0070EEF
:10EDAC00B307870003A58701630A050083C6C70163
:10EDBC006396060083A7070263CC070A83A7440265
:10EDCC001309190013044403B387E74093D7274072
:10EDDC00B3873703B3068700E348F9FA03A60403A5
:10EDEC0083A6C402130400003307D64013572740F0
:10EDFC0093172400B387F600B305D640635CE40296
:10EE0C0003A5070013D7254063000506EF70CFABB1
:10EE1C0083A6C40203A6040313041400931724004E
:10EE2C003307D64013572740B387F600B305D640B7
:10EE3C00E348E4FC83A7040203A744026384E700CD
:10EE4C0023A2F4026304D60023A8D4028320C101B8
:10EE5C000324810183244101032901018329C10079
:10EE6C001301010267800000130414006FF05FF8B7
:10EE7C00EF708FA503A704026FF05FF4EF70CFA4BF
:10EE8C0003A704026FF0DFF1130101EC9387050077
:10EE9C00B7850000232631139385C56293090500BD
:10EEAC0013850700232E1112EF20C2596306053477
:10EEBC0023225113232C8112232A9112232821134C
:10EECC002324411323206113232E7111232C811130
:10EEDC00232A91112328A1112326B11103A9C903B7
:10EEEC0083A40904930A0500638624031304090010
:10EEFC0003250400930784006308F5008325840030
:10EF0C0093851500EFC0921713048401E39284FEDD
:10EF1C0023A02905377B00009307CB422326F10061
:10EF2C00130A8102930BF00013860A009305700CF0
:10EF3C0013058103EF204205630C05088325C100EE
:10EF4C0013058103EF30521A13058103232041036B
:10EF5C00EF40425B232EA1001304050063E4AB0CCD
:10EF6C0093071000631AF50A834781032304F10207
:10EF7C0093070A0023228102B387870023800700AE
:10EF8C0003A9090403AC49046302890F1305890022
:10EF9C002320A90083270102032441026386472111
:10EFAC00032781022320F9002324E900232289006E
:10EFBC0083A7090413860A009305700C93878701B5
:10EFCC0023A0F90413058103EF10127CE31805F656
:10EFDC0013850A00EF10523103248113832441134B
:10EFEC0003290113032A8112832A4112032B0112D4
:10EFFC00832BC111032C8111832C4111032D011181
:10F00C00832DC110130500008320C1138329C11265
:10F01C001301011467800000E30C05F413050A00CA
:10F02C006F000002130600009305C10113050102D5
:10F03C00EFE042018327C1012320A1022324F10226
:10F04C001306040093058103EF4042398327010224
:10F05C000324C10123228102B38787002380070088
:10F06C0003A9090403AC4904E31289F303ABC903F4
:10F07C00B7B7AAAA9387B7AA330469411357344088
:10F08C003307F702B7575505938757556304F7189D
:10F09C00930707006314070093071000B387E7007A
:10F0AC0037575505130757556374F7009307070037
:10F0BC00939C1700B38CFC00939C3C0013850C00B4
:10F0CC00EFD082393304850083270102130D05002C
:10F0DC00130584002320A40083244102638E470D72
:10F0EC00032781022320F400232294002324E4002C
:10F0FC00232041032322010223040102630E690D24
:10F10C00930D8B0093040B0013040D006F00800211
:10F11C0003A784002320F40083A744002324E400E5
:10F12C00938484012322F400938D8D0113048401B4
:10F13C00630E9902130584002320A40083A7040006
:10F14C00E398B7FD03A6440093850D0093848401D6
:10F15C0013061600EF40822883A7C4FE938D8D0101
:10F16C00130484012326F4FEE31699FC1304840192
:10F17C00630A0B0613050B00B3056C41EFC002705C
:10F18C0003250102B30C9D0123A2990523AEA9030B
:10F19C0023A08904E30A45D98325810293851500B0
:10F1AC00EFC0C26D6FF05FD81306140093050A0010
:10F1BC00EF40C2226FF09FDF1386140093050A0004
:10F1CC00EF40C22123229400232041032322010279
:10F1DC0023040102E31669F313040D0013048401E4
:10F1EC00E31A0BF8B30C9D0123A2990523AEA903D6
:10F1FC0023A089046FF05FD31305F0FF6FF0DFE0FD
:10F20C001304050013050102EFD0D26813050400A6
:10F21C00EF304154377500001305850CEFD092097F
:10F22C000327C50383270504B7B6AAAA9386B6AAF3
:10F23C00B387E74093D73740B387D70263DEF50037
:10F24C0093971500B387B700939737003307F700F0
:10F25C00032507006780000013050000678000008D
:10F26C006356B00E1307000093060000130800004D
:10F27C009308000013030000130E0000B307E50011
:10F28C0083C7070093970701B387E70063F6F6027D
:10F29C00938607006372F80263F6F806637EF30642
:10F2AC006378FE089306080013880800930803008F
:10F2BC0013030E00138E070013071700E390E5FCF1
:10F2CC00131E0E0113130301939808011318080160
:10F2DC0093960601135E0E011353030193D8080194
:10F2EC001358080193D606012320C6012322660079
:10F2FC0023241601232606012328D600130500001B
:10F30C006780000013071700930608001388070096
:10F31C00E396E5F66FF0DFFA130717009306080083
:10F32C001388080093880700E39AE5F46FF05FF9FF
:10F33C0013071700930608001388080093080300AE
:10F34C0013830700E39CE5F26FF09FF79306000030
:10F35C00130800009308000013030000130E0000B4
:10F36C002320C6012322660023241601232606012E
:10F37C002328D6001305000067800000130101FD4F
:10F38C002324810213040500138505002326110292
:10F39C00EF60DFCF0327040383264403232EA10051
:10F3AC00930705006304D7022320A7000327040357
:10F3BC0013850700130747002328E4028320C102AA
:10F3CC000324810213010103678000002326A1009E
:10F3DC009305C1011305C402EFE0D1768327C10068
:10F3EC008320C1020324810213850700130101034A
:10F3FC0067800000130101FE232E110083270503F3
:10F40C00032745032326B1006380E70223A0B7003E
:10F41C0083270503938747002328F5028320C10126
:10F42C0013010102678000009305C1001305C5029A
:10F43C00EFE051718320C1011301010267800000CC
:10F44C00130101F92326110663C6053283274502F1
:10F45C00832605023757ECC4130757ECB388D74003
:10F46C0093D82840B388E802930E4003138E05000E
:10F47C0013080500B38ED50363CE15112324810622
:10F48C009306F0FF13040502130FC105032788022E
:10F49C002326010223080102232AD102232CD102A4
:10F4AC00232ED1022300010423220104230401048E
:10F4BC002326D104232AD1042328D104230C0104AC
:10F4CC00232E01046304F7141307C102832587005C
:10F4DC00032307000325470023A4B70023A06700DC
:10F4EC0023A2A7008325C7001307070193870701F1
:10F4FC0023AEB7FEE31CE7FD03270F00938818002B
:10F50C0023A0E70083274802938747032322F802AE
:10F51C00E35E1EF70327C60193071000032586023E
:10F52C006306F71A6310071C0326C60013030000BA
:10F53C00130E0000B338C0009305000083270802A7
:10F54C00933617001307F0FFB387D70123A0B7003A
:10F55C002382C701238A670023ACC700238E1701BF
:10F56C0023A8A7022386D70223A4E70023A6E7003B
:10F57C0023A8E70023A0E70223A2E70223A4E702C3
:10F58C00032481068320C106130500001301010723
:10F59C0067800000B386D60183A706030327860283
:10F5AC00639C070A23A8E6028327C60113071000F1
:10F5BC006388E70CE39807FC83270802B387D7011D
:10F5CC0003A58701630A050003C7C701631607007B
:10F5DC0003A70702634807148326C600130710000D
:10F5EC001305000023ACD70083270802B387D7018B
:10F5FC00238EE70083270802B387D7012386E7020F
:10F60C008320C10613010107678000009305C10226
:10F61C0013050400232EC100232CC101232A010150
:10F62C002328D10123261101EFE011608328C100AA
:10F63C00032E8101832E01019388180003284101B8
:10F64C000326C101E3481EED83274802130FC105B1
:10F65C009306F0FF6FF09FE3E388E7F4B7760000C2
:10F66C003776000037750000938646481306C6436C
:10F67C00130505479305C00E23248106EFF0C1380E
:10F68C00032708023307D701032507006308050683
:10F69C0083474700639607008327870063C8070AE0
:10F6AC008327C600930610002320F7008327080247
:10F6BC00B387D7012382D70083270802B387D701EA
:10F6CC00238AD7008327C6016FF0DFEE8325C6009F
:10F6DC009308000013030700333EB000130600002C
:10F6EC006FF0DFE59308000013030000130E000019
:10F6FC0093050000130600006FF05FE48326C6003C
:10F70C002320D700032708023307D7012302F70071
:10F71C00032708023307D701230AF7008327C60102
:10F72C006FF05FE9232AC100232801012326D101B0
:10F73C00EF609F9903280101832EC100032641012C
:10F74C0083270802B387D7016FF01FE9232AC10072
:10F75C00232801012326D101EF601F970328010103
:10F76C00832EC10003264101032708023307D7016A
:10F77C006FF01FF3B7760000377600003775000086
:10F78C00938606431306C643130505479305700E6F
:10F79C0023248106EFF04127130101F923261106DA
:10F7AC0063C40524138F05009305900063E2C51E06
:10F7BC00930510003396C500937586261303050038
:10F7CC006398050093755611638E051A939626005F
:10F7DC000326430203250302B755ECC4938555EC6D
:10F7EC00B308A64093D82840B388B80293024003CC
:10F7FC00B3025F0263481F0F232481061308F0FF36
:10F80C0013040302930FC1058325830223260102EF
:10F81C0023080102232A0103232E0103232C0103B5
:10F82C0023000104232201042304010423260105DF
:10F83C0023280105232A0105230C0104232E01048E
:10F84C006384C50E9305C10203A5850083AE050034
:10F85C0003AE45002324A6002320D6012322C60193
:10F86C0003A5C5009385050113060601232EA6FEEC
:10F87C00E39CF5FD83A50F00938818002320B600A8
:10F88C0003264302130646032322C302E35E1FF73B
:10F89C00032603029305F0FF3306560023200600CF
:10F8AC0023020600230AE600232C0600230E060082
:10F8BC002306F6022328D6022324B6002326B600FC
:10F8CC002328B6002320B6022322B6022324B60234
:10F8DC00032481068320C1061305000013010107D0
:10F8EC006780000033055500032605036314060CDE
:10F8FC002328D502630A07000327030233075700A6
:10F90C0083260700638C060CE38607FC832703021F
:10F91C00B387570003A78701E31E07FA13071000EC
:10F92C002386E7026FF01FFB9305C1021305040049
:10F93C00232EF100232CE100232AE101232861006E
:10F94C002326D1002324510023221101EFE0D12DD5
:10F95C0083284100032F41018322810093881800E2
:10F96C008326C10003230101032781018327C101E1
:10F97C00E3401FF303264302930FC1051308F0FF66
:10F98C006FF09FE81376260893961600E31206E4B0
:10F99C00B776000037760000377500009386860333
:10F9AC001306864B130505479305F00523248106A2
:10F9BC00EFF08105E300D6F4B7760000377600004F
:10F9CC0037750000938646511306864B1305054781
:10F9DC009305500623248106EFF0010393061000D3
:10F9EC00230AD7006FF05FF2B7760000377600007D
:10F9FC0037750000938606431306864B130505479F
:10FA0C009305200523248106EFF001000326450011
:10FA1C0003278500630EE60083A705002320F6006C
:10FA2C0083274500938747002322F5006780000059
:10FA3C00130101FD23261102232481020328050052
:10FA4C009307050037050020330606411305F5FF23
:10FA5C00935626406384A60E138506006394060015
:10FA6C00130510003305D500B70600206364D500DC
:10FA7C001385F6FF1314250013050400232EB10083
:10FA8C00232CF100232AC100232801012326E100A5
:10FA9C00EFC0921C8325C101032641010327C1003D
:10FAAC0083A80500B305C5000328010123A0150197
:10FABC008327810193060500630A0602930508005B
:10FACC00232EF100232AE1002328C1002326010163
:10FADC00232CA100EF3092108327C10183268101D2
:10FAEC0003274101032601010328C1001306460028
:10FAFC003386C60063040802B305074113050800EA
:10FB0C00232AF1002328D1002326C100EFB012577D
:10FB1C0083274101832601010326C100338586001A
:10FB2C0023A4A70023A0D70023A2C7008320C102CF
:10FB3C000324810213010103678000003775000064
:10FB4C001305850CEFC012770326450003278500AB
:10FB5C00630EE60083A705002320F60083274500EB
:10FB6C00938747002322F50067800000130101FDF5
:10FB7C002326110223248102032805009307050084
:10FB8C0037050020330606411305F5FF9356264032
:10FB9C006384A60E138506006394060013051000FB
:10FBAC003305D500B70600206364D5001385F6FF36
:10FBBC001314250013050400232EB100232CF1008F
:10FBCC00232AC100232801012326E100EFC0D2081B
:10FBDC008325C101032641010327C10083A8050029
:10FBEC00B305C5000328010123A01501832781015A
:10FBFC0093060500630A060293050800232EF10004
:10FC0C00232AE1002328C10023260101232CA10073
:10FC1C00EF30C27C8327C101832681010327410178
:10FC2C00032601010328C100130646003386C600D3
:10FC3C0063040802B305074113050800232AF100E9
:10FC4C002328D1002326C100EFB052438327410162
:10FC5C00832601010326C1003385860023A4A70057
:10FC6C0023A0D70023A2C7008320C1020324810252
:10FC7C001301010367800000377500001305850C24
:10FC8C00EFC05263130101FE232E11002326A100A5
:10FC9C00EFB0CFCB0325C100B7A70000938747E295
:10FCAC001307C506232C0504232E05042320050663
:10FCBC002324050623060506232E05062320050806
:10FCCC0023220508232405082326050823280508D4
:10FCDC002324050423260504232805042320F500EA
:10FCEC002322E5068320C101130101026780000075
:10FCFC00130101F9232C81042324410523206105E0
:10FD0C00232E1104232A9104232821051304050012
:10FD1C000323C40503258505232AC4042320E106F7
:10FD2C002322F1062324010723261107138B050038
:10FD3C00138A060063046500232EA40493040106B1
:10FD4C00232E91006358401523225105232E710355
:10FD5C0023263105232C8103232A91032328A10375
:10FD6C002326B103B70A00208327C405938BFAFF1F
:10FD7C00130900006F00000223A037018327C4057C
:10FD8C00130919009384440093874700232EF4042D
:10FD9C00630E2A090327040683A90400E31EF7FC5B
:10FDAC00832D8405B38CB74193D72C40638A770F8E
:10FDBC001385070063940700130510003305F50045
:10FDCC00636455011385FAFF131C250013050C0001
:10FDDC00EFC08268B307950123A03701130D05000E
:10FDEC0063880C0013860C0093850D00EF30025FC6
:10FDFC0093874C00B307FD00638C0D0093850C00BA
:10FE0C0013850D002326F100EFB052278327C10084
:10FE1C0033058D012320A406232CA405232EF404E2
:10FE2C001309190093844400E3162AF783248406EB
:10FE3C008329C104832A4104832BC103032C81032E
:10FE4C00832C4103032D0103832DC10213094406A6
:10FE5C0013050B00EF30026B1307050093060B0024
:10FE6C00138604001305090093050000EFE0420E11
:10FE7C008320C10503248105832441050329010541
:10FE8C00032A8104032B010413050000130101074D
:10FE9C006780000083248406130944066FF05FFB1F
:10FEAC00377500001305850CEFC0D240130101E239
:10FEBC00232E111C232C811C832705001304050001
:10FECC0083A74701E78007008325440513068405B3
:10FEDC0013050400EFB0CFE603254406B775000008
:10FEEC0093850512EF1002562324A404232A911C97
:10FEFC00631405006F30407D13062000930500004D
:10FF0C00EF10C27F03258404EF1012019304050047
:10FF1C00EFE011452326A4040325840413060000F6
:10FF2C0093050000EF10827D832684040325C4040E
:10FF3C001386040093051000EF10427A639CA45EB4
:10FF4C000327C404631407006F305068832607002E
:10FF5C00930740003307D7002328E40483260700C7
:10FF6C00B306D74083D5060063F6B75C03D64600CC
:10FF7C006302065C3306C700032506001306300037
:10FF8C00631AC55A2328211D2326311D2324411D04
:10FF9C002322511D2320611D232E711B232C811B19
:10FFAC00232A911B2328A11B2326B11B13066000B7
:10FFBC006372B66803D66600631406006F209074F3
:10FFCC00330AC70083270A00330AFA0093044A0055
:10FFDC009307800063E4B7006F30807383D786008B
:10FFEC0023220106638A0700B307F70003A6070064
:04FFFC00B387C70000
:020000022000DC
:100000002322F10683270A00130640009387170076
:10001000939727006394C7006F308027B70A0020AA
:10002000330AFA00138BFAFF232E01021309000092
:10003000232A01026F0040012320A9009384440079
:100040001309490063029A0A83A5040013050400FA
:10005000B385B400EF4040128327C1039309050024
:10006000E31CF9FC03274103338CE74013572C4072
:10007000631467016F3090599307070063140700FA
:1000800093071000B387E70063E4570193070B0061
:10009000939B270013850B00EFC0C23CB30785017B
:1000A00023A03701930C050063080C00832541034E
:1000B00013060C00EF3042338327410313094C0031
:1000C00033892C016388070093050C001385070012
:1000D000EFB0827BB3877C01232EF102232A9103A8
:1000E00093844400E3129AF603270405832607004D
:1000F000B306D74003D606009307C00063F2C75487
:1001000083D7C6003307F700638C075283270700A5
:10011000330BF70083270B00638207128324040844
:10012000930B4B00930C0000130D40006F00C004B4
:1001300003574700630E0704B387E70003A70700D0
:10014000B387E70003AA0700938A47008327440880
:100150006388970423A0540123A244018324040844
:10016000938C1C00938B4B00938484002320940871
:1001700083270B0063F4FC0C83A70B00B387FB0001
:1001800003A707003387E74083560700E362DDFAE1
:1001900083274408930A0000130A0000E39C97FA9F
:1001A0008329C407370700101307F7FF3389344149
:1001B000935739406394E7006F309046138C0700E3
:1001C00063940700130C1000330CFC00B7070010F9
:1001D0006364FC00138CF7FF131C3C0013050C0038
:1001E000EFC04228B306250123A0560123A24601F1
:1001F000930D0500630809001306090093850900A3
:10020000EF30821E93048900B3849D006388090047
:100210009305090013850900EFB00267338C8D0147
:1002200023228409232EB4072320940883270B005C
:10023000938C1C00938B4B00E3E0FCF483A7418C70
:100240002328F1048327410683A6818C03A7018C10
:10025000938747002320D1062326E104232EF104AF
:1002600023240106832741060327810683A707006D
:100270006364F7006F3080038327C1050327C1053E
:100280001306A00083A70700B307F70003A7070022
:100290003387E74083560700637CD6728356A700F6
:1002A0006388067203574700630407723387E700C9
:1002B000B387D700232CF104832707008326810509
:1002C00023240102B307F700232CF1020327810343
:1002D00083A6060083A70700130C470037070020FA
:1002E0001307F7FF2326D106232AE104638C074C6A
:1002F00003270C009306600093050000B30CEC008C
:1003000083A70C00B387FC4003D6070063FAC6003E
:1003100083D7670063860700B387FC0083850700E7
:1003200013050400EF30106083A70C001307C00012
:10033000130E0500B387FC4003D607006372C73075
:1003400083D5C700B386BC00638C052E83A5060049
:100350001307A000B386B60083A50600B386B64097
:1003600083D50600637CB71E83D5A6006388051E6F
:1003700083D68600930A00006386061E930600005B
:1003800013090000130A0000930800009304000002
:10039000930B0000130B80006F00000923A0F600F0
:1003A0009386460083A70C001307C000B387FC4068
:1003B00003D607006376C72803D6C700B387CC00EF
:1003C0006300062803A60700B387C70003A607003B
:1003D0003386C740835506006374BB2603568600E8
:1003E000B387C700630E062403A60700B387C700C0
:1003F00003A6070063E4CB006F30D007938B1B008C
:1004000013962B00B387C70083A7070063141A0154
:100410006F10107523A0F8009388480083A70C0084
:10042000B387FC4003D607001307C000637AC720D8
:1004300083D5C7003386BC0063840520832506006E
:100440001307A0003306B60083250600B305B640A7
:1004500003D505006376A71E83D5A5003306B60035
:100460006380051E832506003306B600832506003B
:1004700063F2BB1093973B003306F60083274600D8
:10048000E39E56F103274105B38D2A4193D62D40B3
:100490006394E6006F30900D938906006394060024
:1004A00093091000B389D9003707002063E4E900FD
:1004B0009309F7FF93992900138509002324110557
:1004C0002322C1052320F104EFB0D2798327010450
:1004D000B306B501032E410423A0F600832881044E
:1004E000130D050063800D0213860D0093050900AE
:1004F000232211052320C105EF20126F8328410418
:10050000032E010493864D00B306DD006304090247
:1005100093850D0013050900232411052322C1052D
:100520002320D104EFB0423683288104032E4104F6
:1005300083260104B30A3D0113090D006FF09FE605
:100540001304F0FF8320C11D130504000324811D43
:100550008324411D1301011E67800000930A0000DF
:100560009306000013090000130A0000930800001E
:100570009304000003D687001303000063060600FF
:100580003386CC0003230600130B00009309000000
:10059000930D0000130D0000930B400083D747001C
:1005A0006380070AB387FC0003A70700B387E7004F
:1005B00003A70700637AED08130D1D0013172D0024
:1005C000B387E70083A707009305010C1305410BD0
:1005D000232AC109232C9108232E11092320410B22
:1005E0002322210B2324D10A2326510B2328610A1D
:1005F000232A310B232CB10B232E610B2320F10C6A
:10060000EFF04FD583A70C00032E41098324810905
:10061000B387FC4003D707008328C109032A010AD6
:100620000329410A8326810A832AC10A0323010B75
:100630008329410B832D810B032BC10BE3E0EBF6E8
:100640008327000073001000832BC408832704094C
:100650006394FB006F10504C23A0CB0123A20B002E
:1006600023A40B0023A60B003386984063949800C4
:100670006F10104A13050600232461042322D104BD
:100680002320C104EFB0125E0326010423A2AB00B5
:1006900023A4AB00B307C50023A6FB009385040089
:1006A0002320F104EF2052548327010483264104C0
:1006B0000323810423A4FB0023A80B0023AA0B001F
:1006C00023AC0B0033862641639426016F10D04380
:1006D00013050600232261042320C104EFB09258C1
:1006E0000326010423A8AB0023AAAB00B307C5006F
:1006F00023ACFB00930509002320F104EF20D24E28
:10070000832701040323410423AAFB0023AE6B00CB
:1007100023A00B0223A20B0223A40B0233863D412C
:1007200063943D016F10D03D130506002320C104E2
:10073000EFB052530326010423A0AB0223A2AB0265
:10074000B30DC50023A4BB0393850900EF20D24954
:1007500023A2BB038327C4089387C7022326F40878
:1007600083278102938717002324F10263880900FD
:10077000B3053B4113850900EFB00211630809007E
:10078000B3852A4113050900EFB002106384040207
:10079000B3059A4013850400EFB0020F832781034D
:1007A0000327810283A70700637EF700130C4C0028
:1007B0006FF01FB4832781030327810283A70700FB
:1007C000E366F7FE832781050327C1069304000033
:1007D000B38AE70083A70A0013894A0063940700DD
:1007E0006F10D02F032309002324010C2326010CB2
:1007F000330B69002328010C232A010C232C010C44
:10080000232E010C2320010E2322010E2324010E8E
:100810002326010E2328010E232A010E232C010E6C
:10082000232E010E23200110232201102324011066
:100830002326011083270B00832541031306400064
:10084000B307FB4083D6070013870500637ED600FD
:1008500083D74700638A0700B307FB0003A707009D
:10086000131727003387E500832907002322910C03
:10087000130790002320310D938C09006374370116
:100880006F208063B7A600009386C6DD139729000A
:100890003307D700832707006780070003270B0073
:1008A000130810009307A0003307EB40035607001E
:1008B000639409016F20000963FEC70C8357A700EA
:1008C000638A070CB307FB0083C707009387F7FF12
:1008D0006392070C9337D600639E070A8357C700BD
:1008E000638A070AB307FB0083A6070013056000AD
:1008F000B387D70083A60700B386D74083D5060009
:100900006364B5006F20D00303D56600130D0000AB
:10091000630605003385A700032D0500130580003D
:1009200003D846006364B5006F20D05403D5860019
:10093000630405006F2080781305C00023200104A4
:100940006374B5006F200079930D00006306080002
:1009500033850701830D0500930C10001305A000DB
:1009600093890C006374B5006F20C07B930910005D
:10097000938C0900232C01026F20000883260B00B2
:100980001307A000B306DB4083D706006374F700AB
:100990006F10D02A0325010E630805008325810E00
:1009A000B385A540EFA0526E0325410D63080500F5
:1009B0008325C10DB385A540EFA0126D0325810CE1
:1009C000630805008325010DB385A540EFA0D26B18
:1009D0001304F0FF83274103638C0700138707008C
:1009E0008327C10313050700B385E740EFA0D26951
:1009F0008320C11D130504000324811D0329011D4B
:100A00008329C11C032A811C832A411C032B011C3E
:100A1000832BC11B032C811B832C411B032D011B2A
:100A2000832DC11A8324411D1301011E678000001C
:100A300003270B009307A0003306EB408355060005
:100A400063E4B7006F10501E8357A600930C00009C
:100A500063820702B307FB0083C707009387B7FFD2
:100A60006398070093B7D500639407006F20804810
:100A7000930C0000835766003307FB00E38207BC3A
:100A8000832707003307F7008326070063940600D7
:100A90006F20502A93078000E3F4B7BA835786008B
:100AA000E38007BAB307FB0003A60700B387C700BC
:100AB00003A60700631406006F20D02593051000DD
:100AC0006384B6006F2010236304D6006F2090204B
:100AD00063940C006F20101E83294700930B41087C
:100AE00093850B001305810C03AA4700032C84088F
:100AF00023223109EFF00F8683270B0013078000B4
:100B0000B307FB4083D60700E37CD7B203D7870047
:100B1000B307EB00E30607B203A70700B387E700BC
:100B200003A70700631407006F20D0161307C00245
:100B3000B389E90283A7470093850B001305410D94
:100B40002322F108B3093C01EFF0CF80938709021B
:100B500093850B001305010E2322F108EFE0DFEB74
:100B60008327C10F032701106394E7006F20C02F74
:100B700003A7090023A0E7008327C10F938747003D
:100B8000232EF10E9307C002330AFA0293850B005D
:100B90001305C10E330A4C0193070A022322F10800
:100BA000EFE09FE7832781100327C1106394E700DC
:100BB0006F20402D03270A0023A0E7008327811020
:100BC000938747002324F11083A70C0013076000CC
:100BD00093060000B387FC4003D60700637AC70082
:100BE00083D7670063860700B387FC0083A60700EE
:100BF0002328D11083A70C001307800013060000E0
:100C0000B387FC4083D50700637AB70083D787009A
:100C100063860700B387FC0003A60700232AC110E0
:100C200083A70C001307A00093050000B387FC40C6
:100C300003D50700637AA70083D7A7006386070060
:100C4000B387FC0083A50700232CB11083A70C00F9
:100C50001307C000130E0000B387FC4003D5070044
:100C6000637AA70083D7C70063860700B387FC00B9
:100C700003AE0700232EC11183A70C0003A70902AE
:100C800013050000B387FC4003D307000328470087
:100C90008328870013074000637A670083D74700E3
:100CA00063860700B387FC000385070093070108EC
:100CB0002328F1009307C1072326F10093071000B2
:100CC0002324A1002322B1002320C10113850B009E
:100CD0001387070093050400EF30806E8326C10858
:100CE000832741081307E0002320D1122322F112A9
:100CF00083A70C0093050000B387FC4083D6070050
:100D0000637AD70083D7E70063860700B387FC00C8
:100D10008385070013050400EF3080439305050029
:100D200013060A001307C11293068112130504006B
:100D3000EF40C0026F00D04A03270B009307A000CA
:100D40003307EB400355070063E4A7006F10806C86
:100D50008357A700130A000063820702B307FB0052
:100D600083C70700938757FF639807009337D50021
:100D7000639407006F204016130A00008357670032
:100D8000E380078CB307FB0083A60700B387D70077
:100D900003A60700631406006F2050469305100059
:100DA0006314B6006F20904393068000E3FAA68890
:100DB000835687003307DB00E38406888326070019
:100DC0003307D70083260700639406006F20103F87
:100DD00063140A006F20903C130520006304A600F2
:100DE0006F20D0396384B6006F20503783A9470045
:100DF00003274700930541081305810C83AC870046
:100E0000032D8408930D070023223109EFE09FD4BE
:100E100083270B0013076000B307FB4083D607004E
:100E2000E370D78203D76700B307EB00E30A0780BC
:100E300083A6070013071000B387D70083A6070017
:100E40006364D7006F20902F83A787001305810C60
:100E5000930541082322F108EFE0DFCF83270B0041
:100E600013078000B307FB4083D60700637AD7FCE3
:100E700083D787003307FB00638407FC83270700C1
:100E80003307F70083270700639407006F20806C07
:100E90009307C002338CF9020327470093054108EA
:100EA0001305410D2322E108B38CFC02330C8D01A4
:100EB000B30C9D01EFE01FCA93070C021305010E4E
:100EC000930541082322F108EFE01FB593870C0238
:100ED0001305010E930541082322F108EFE0DFB36B
:100EE0008327C10F032701106394E7006F1010716F
:100EF00003270C0023A0E7008327C10F032701105D
:100F000093874700232EF10E6314F7006F10D07003
:100F100003A70C0023A0E7008327C10F9387470096
:100F2000232EF10E9307C002B387FD0293054108FB
:100F30001305C10E330DFD00930B0D022322710921
:100F4000EFE09FAD832781100327C1106394E70072
:100F50006F10906D03270D0023A0E70083278110F9
:100F6000938747002324F11013850B00EF600F9740
:100F70002328A11083270C011307400183A7070032
:100F8000B307F040232CF11083A70C0183A70700BF
:100F9000B307F0402322F11283270D0183A7070036
:100FA000232AE1102328F11203274C0083A74C00C9
:100FB0008329070083AB07001385090093850B0085
:100FC000EFE0C03F93850B00634405009385090063
:100FD00013850500EFD0D039EFE0907B130C0500AE
:100FE00013850B00938C0500EFE0907A13060C003C
:100FF00093860C00EFC0503E83274D002324A102AE
:101000002326B10203A5070083250106EFE08044F3
:10101000EFE01078130605009386050013050C0019
:1010200093850C00EFC0503B130B0500138509009E
:10103000938B0500EFE0D07513060C0093860C002F
:10104000EFC09039138605001307C1119305050001
:101050009306011213050400EF400004832581026A
:101060000326C102130781129306C112130504005F
:10107000EF40800293050B0013860B0013078113CA
:101080009306411313050400EF40000183270A0073
:101090009306400093050000B307FA4003D707000A
:1010A00063FAE60083D7470063860700330AFA0035
:1010B00083050A0003270D00930730001305040081
:1010C0006314F7006F10504DEF3080089305050052
:1010D00013060D00130701149306C1131305040032
:1010E000EF3010616F00D00F83270B0013076000F3
:1010F000B307FB4083D607006374D7D483D7670058
:10110000638007D4B307FB0083A60700B387D7002B
:1011100083A60700639406006F20C02B13061000FF
:101120006394C6006F200033130620006394C6004A
:101130006F20403083ACC7001306C002032A840826
:10114000B38CCC0283A9470003AD87008326C40774
:10115000B30C9A0183A7CC0193973700B387F600AD
:1011600083A707002328F11083270B00B307FB4058
:1011700083D607006376D7CC03D76700B307EB00AD
:10118000630007CC03A70700B387E70003A70700A6
:10119000631407006F200028B389C90283A74700A2
:1011A000930B4108130C810C93850B0013050C0065
:1011B0002322F108B3093A01EFE0DF9983A7490040
:1011C0001307600083A70700232AF11083A70901F2
:1011D00083A70700232CF11083270B00B307FB40E4
:1011E00083D60700637ED7C403D76700B307EB003D
:1011F000630807C403A70700B387E70003A7070036
:10120000631407006F20004503A747009306C00240
:10121000832784083307D7029309010E1385090039
:1012200093850B00B387E700938707022322F10819
:10123000EFE08FFE83270B0013076000B307FB402E
:1012400083D60700637ED7BE03D76700B307EB00E2
:10125000630807BE03A70700B387E70003A70700DB
:10126000631407006F20003D83A747001307C002E7
:1012700083258408B387E702832601100327C10F63
:10128000B385F5006314D7006F10103F83A70500E6
:101290002320F7008327C10F93874700232EF10EE9
:1012A00083270B0013076000B307FB4083D60700BA
:1012B0006378D7B803D76700B307EB00630207B8BA
:1012C00083A6070013071000B387D70083A6070083
:1012D0006364D7006F2000341307C002330DED02A2
:1012E00083A7870093850B0013050C002322F108C8
:1012F000330AAA01EFE01F8683274A001307600024
:1013000083A70700232EF11083270A0183A7070074
:101310002320F11283270B00B307FB4083D607007D
:101320006370D7B203D76700B307EB00630A07B057
:1013300083A6070013071000B387D70083A6070012
:101340006364D7006F20002B03A787009306C002B9
:10135000832784083307D70293850B001385090080
:10136000B387E700938707022322F108EFE0CFEA73
:1013700083270B0013076000B307FB4083D60700E9
:101380006370D7AC03D76700B307EB00630A07AA03
:1013900083A6070013071000B387D70083A60700B2
:1013A0006364D7006F20002383A787001307C00260
:1013B00083258408B387E702832601100327C10F22
:1013C000B385F5006314D7006F10502983A705007B
:1013D0002320F7008327C10F93874700232EF10EA8
:1013E00083270B0013076000B307FB4083D6070079
:1013F0006378D7A403D76700B307EB00630207A4A1
:1014000083A6070013072000B387D70083A6070031
:101410006364D7006F20001A83A7C70013050C0070
:1014200093850B002322F108EFE0CFF283A74C0055
:101430001307600083A707002322F11283A70C0182
:1014400083A707002324F11283270B00B307FB4077
:1014500083D607006376D79E03D76700B307EB00F8
:101460006300079E83A6070013072000B387D700F9
:1014700083A607006364D7006F20C01103A7C700CD
:101480009307C002138509003307F70283278408F6
:1014900093850B00B387E700938707022322F108A7
:1014A000EFE08FD783270B0013076000B307FB40E3
:1014B00083D607006376D79803D76700B307EB009E
:1014C0006300079883A6070013072000B387D7009F
:1014D00083A607006364D7006F20C00983A7C700F5
:1014E0001307C00283258408B387E702832601100F
:1014F0000327C10FB385F5006314D7006F10501593
:1015000083A705002320F7008327C10F9387470097
:10151000232EF10E83270B0013078000B307FB4037
:1015200083D60700637ED79003D78700B307EB000D
:101530006308079003A70700B387E70003A7070026
:10154000631407006F20806D83A747001305410DCA
:1015500093850B002322F108EFE0CFDF83270B00F8
:1015600013078000B307FB4083D60700637AD78C4C
:1015700003D78700B307EB006304078C03A70700BA
:10158000B387E70003A70700631407006F20006715
:1015900003A747009306C002832784083307D702B6
:1015A0001305C10E93850B00B387E70093870702ED
:1015B0002322F108EFE04FC683270B0013078000BA
:1015C000B307FB4083D607006364D7006FF04F87F3
:1015D00003D78700B307EB00631407006FF04F8653
:1015E00003A70700B387E70003A7070063140700FA
:1015F0006F20C05E83A747001307C00283258408BD
:10160000B387E7028326C11003278110B385F50055
:101610006314D7006F10100383A705002320F70081
:1016200083278110938747002324F11083270B0021
:1016300013078000B307FB4083D607006364D7001D
:101640006FF00F8003D78700B307EB006314070028
:101650006FE01FFF83A6070013071000B387D700B2
:1016600083A607006364D7006F20405583A78700D7
:1016700093850B001305410D2322F108EFE08FCD78
:1016800083270B0013078000B307FB4083D60700B6
:101690006364D7006FE0DFFA03D78700B307EB007E
:1016A000631407006FE0DFF983A60700130710003B
:1016B000B387D70083A607006364D7006F20004E6E
:1016C00003A787009306C002832784083307D70245
:1016D00093850B001305C10EB387E70093870702BC
:1016E0002322F108EFE04FB383270B00130780009C
:1016F000B307FB4083D607006364D7006FE05FF455
:1017000003D78700B307EB00631407006FE05FF3B4
:1017100083A6070013071000B387D70083A607002E
:101720006364D7006F20804583A787001307C0023A
:1017300083258408B387E7028326C110032781101D
:10174000B385F5006314D7006F10006F83A7050001
:101750002320F70083278110938747002324F1106B
:1017600083270B0013078000B307FB4083D60700D5
:101770006364D7006FE0DFEC03D78700B307EB00AB
:10178000631407006FE0DFEB83A607001307200058
:10179000B387D70083A607006364D7006F20003C9F
:1017A00083A7C70093850B001305410D2322F10881
:1017B000EFE04FBA83270B0013078000B307FB400D
:1017C00083D607006364D7006FE09FE703D78700E5
:1017D000B307EB00631407006FE09FE683A60700E2
:1017E00013072000B387D70083A607006364D700E0
:1017F0006F20C03403A7C7009306C0028327840864
:101800003307D70293850B001305C10EB387E7009A
:10181000938707022322F108EFE00FA083270B0034
:1018200013078000B307FB4083D607006364D7002B
:101830006FE01FE103D78700B307EB0063140700D5
:101840006FE01FE083A6070013072000B387D700CF
:1018500083A607006364D7006F20402C83A7C700CE
:101860001307C00283258408B387E7028326C110CB
:1018700003278110B385F5006314D7006F10406211
:1018800083A705002320F700832781109387470053
:101890002324F11083270B0013078000B307FB40BC
:1018A00083D607006364D7006FE09FD903D7870012
:1018B000B307EB00631407006FE09FD883A607000F
:1018C00013073000B387D70083A607006364D700EF
:1018D0006F20C02283A707011305410D93850B00DC
:1018E0002322F108EFE00FA783270B0013078000E6
:1018F000B307FB4083D607006364D7006FE05FD473
:1019000003D78700B307EB00631407006FE05FD3D2
:1019100083A6070013073000B387D70083A607000C
:101920006364D7006F20801B03A707019307C002E1
:1019300093850B003307F702832784081305C10E34
:10194000B387E700938707022322F108EFE0CF8CEB
:1019500083270B0013078000B307FB4083D60700E3
:101960006364D7006FE0DFCD03D78700B307EB00D8
:10197000631407006FE0DFCC83A607001307300075
:10198000B387D70083A607006364D7006F200013D6
:1019900083A707011307C00283258408B387E702E2
:1019A0008326C11003278110B385F5006314D70087
:1019B0006F10C04F83A705002320F70083278110F5
:1019C000938747002324F1108327C1042326F112B3
:1019D0002328F11283270105232AF112232CF11267
:1019E0001306010C9385040013050400EF900FFE0D
:1019F000631405006F10403C8327050083A7870010
:101A0000E7800700630405006F10003B03254110C9
:101A1000630805008325C110B385A540EF90D26609
:101A20000325810F6308050083250110B385A540B8
:101A3000EF9092650325C10E630805008325410FD1
:101A4000B385A540EF9052640325010E630805009D
:101A50008325810EB385A540EF9012630325410DC8
:101A6000630805008325C10DB385A540EF90D261C1
:101A70000325810CE30E05048325010D93841400D6
:101A8000B385A540EF90526083A70A00E3F8F40401
:101A9000130949006FE01FD583270B00130760006F
:101AA000B307FB4083D607006364D7006FE05FB9DC
:101AB00003D76700B307EB00631407006FE05FB85C
:101AC00003A70700B387E70003A707006314070015
:101AD0006F10D07C83A74700930541081305810C44
:101AE0002322F108EFE00F8783270B0093066000A5
:101AF000B307FB4003D7070063E4E6006FE05FB481
:101B000003D76700B307EB00631407006FE05FB310
:101B100003A70700B387E70003A7070063140700C4
:101B20006F10D07503A747001306C00283278408EF
:101B30003307C7023387E70003274700032707005F
:101B40002328E11003270B003307EB4083550700E0
:101B500063E4B6006FE0DFAE835567003307BB0078
:101B6000639405006FE0DFAD832507003307B700FE
:101B700083250700639405006F10506E032747000C
:101B80003307C7023387E70003270701032707004E
:101B9000232AE11003270B003307EB40835507008E
:101BA00063E4B6006FE0DFA9835667003307DB000C
:101BB000639406006FE0DFA8832607003307D70091
:101BC00083260700639406006F10506703274700C1
:101BD000930541081305010E3307C702B387E700D9
:101BE000938707022322F108EFD01FE383270B001E
:101BF00013076000B307FB4083D607006364D70078
:101C00006FE01FA403D76700B307EB00631407005E
:101C10006FE01FA303A70700B387E70003A7070030
:101C2000631407006F10904F83A747001307C0028B
:101C300083258408B387E702832601100327C10F99
:101C4000B385F5006314D7006F10C02483A7050087
:101C50002320F7008327C10F93874700232EF10E1F
:101C600083270B0013078000B307FB4083D60700D0
:101C70006364D7006FE0DF9C03D78700B307EB00F6
:101C8000631407006FE0DF9B03A70700B387E7003B
:101C900003A70700631407006F10504683A747008F
:101CA000930541081305410D2322F108EFD09FEA67
:101CB00083270B0013068000B307FB4003D7070000
:101CC0006364E6006FE0DF9703D78700B307EB009C
:101CD000631407006FE0DF9603A70700B387E700F0
:101CE00003A70700631407006F10503F03A74700C6
:101CF0009306C002832784083307D7023387E7009F
:101D00000327470003270700232CE11003270B00BC
:101D10003307EB40835507006364B6006FE05F92C2
:101D2000835587003307BB00639405006FE05F9124
:101D3000832507003307B700832507006394050058
:101D40006F10D037032747003307D7023387E700E8
:101D50000327070103270700232EE11003270B00A9
:101D60003307EB40835507006364B6006FE05F8D77
:101D7000035687003307CB00631406006FE05F8CC7
:101D8000032607003307C700032607006314060075
:101D90006F10D03003274700930541081305C10E8B
:101DA0003307D702B387E700938707022322F1089E
:101DB000EFD09FC683270B0013078000B307FB40BB
:101DC00083D607006364D7006FE09F8703D787003F
:101DD000B307EB00631407006FE09F8603A70700BB
:101DE000B387E70003A70700631407006F101029EB
:101DF00083A747001307C00283258408B387E7023F
:101E00008326C11003278110B385F500E306D7327E
:101E100083A705002320F7008327811093874700BD
:101E20002324F1106FF0DFBB83270B009306A00083
:101E3000B307FB4003D7070063E4E6006FE05F8071
:101E400083D6A700639406006FE08FFFB306DB0024
:101E500083C60600938666FF638406006FE04FFE2C
:101E60001337D700630407006FE08FFD83D7C700E7
:101E7000B306FB00639407006FE08FFC03A7060026
:101E80001306400093070000B386E60003A7060090
:101E90003387E64083550700637AB600035747004F
:101EA00063060700B387E60083A707002328F11025
:101EB00083270B00930C6000B307FB4003D7070098
:101EC00063E4EC006FE0CFF783D76700639407000B
:101ED0006FE00FF7B307FB0083A607001307F000BE
:101EE000B387D70083A707006374F7006F1080588B
:101EF000232AF110930B8111130C40009309000069
:101F0000130AC0026F00801C8357670063940700A8
:101F10006FE00FF3B307FB0003A60700B387C7000A
:101F200003A6070063C4C9006F10000063E4C90082
:101F30006F10403EB387870183A7070093054108D0
:101F40001305810C2322F108EFD0DFC083270B009B
:101F5000B307FB4003D7070063E4EC006FE04FEEEC
:101F600003D76700B307EB00631407006FE04FED82
:101F700003A70700B387E70003A7070063E4E900AE
:101F80006F104037B387870103A7070083278408B2
:101F9000330747033387E70003274700032707007A
:101FA00023A2EB0003270B003307EB408356070007
:101FB00063E4DC006FE0CFE8835667003307DB00A3
:101FC000639406006FE0CFE7832607003307D7004E
:101FD0008326070063E4D9006F10C03D33078701F3
:101FE00003270700330747033387E7000327070169
:101FF0000327070023A0EB0003270B003307EB4068
:102000008356070063E4DC006FE08FE383566700CC
:102010003307DB00639406006FE08FE2832607003E
:102020003307D7008326070063E4D9006F1080369A
:102030003307870103270700930541081305010EA5
:1020400033074703B387E700938707022322F1088A
:10205000EFD09F9C83270B00B307FB4003D70700FB
:1020600063E4EC006FE0CFDD03D76700B307EB005C
:10207000631407006FE0CFDC03A70700B387E70016
:1020800003A7070063E4E9006F10C024B38787014A
:1020900083A70700832584080327C10FB38747035D
:1020A00083260110B385F500E30AD76683A70500F0
:1020B0002320F7008327C10F93874700232EF10EBB
:1020C00093891900130C4C00938B8B0003270B0092
:1020D0003307EB4083560700E3E8DCE28327000088
:1020E0007300100083270B0013076000B307FB4049
:1020F00083D607006364D7006FE08FD483D767006F
:10210000639407006FE0CFD3B307FB0003A707007A
:10211000B387E70003A70700631407006F1000747C
:1021200003AC4700930B410893850B001305810C0A
:10213000032A840823228109EFD0DFA103270B00A3
:10214000930680003307EB400356070063E4C600A4
:102150006FE00FCF835687003307DB0063940600E0
:102160006FE00FCE832707003307F70083270700B0
:10217000639407006F10900A9306C002B307DC0255
:102180000327470093850B001305410D2322E10827
:10219000330AFA00EFD01F9C130610002328C11049
:1021A00083270A0203274A02930600003307F740F9
:1021B0001357274063D8E60213972600B387E7003A
:1021C00083A70700938616003306F6022328C11062
:1021D00083270A0203274A023307F7401357274091
:1021E000E3CCE6FC930C0000130A6000130CC00261
:1021F0006F00800C03D76700631407006FE04FC4C3
:102200003307EB00032607003307C7000326070048
:1022100063DCCC6263E4CC006F10C011B3073701FC
:1022200003A707008327840893850B0033078703E0
:102230001305010EB387E700938707022322F108F5
:10224000EFD08FFD83270B00B307FB4003D70700B8
:102250006364EA006FE0CFBE03D76700B307EB000B
:10226000631407006FE0CFBD03A70700B387E70043
:1022700003A7070063E4EC006F10C003B3873701C6
:1022800083A70700832584080327C10FB38787032B
:1022900083260110B385F500630ED70A83A70500D6
:1022A0002320F7008327C10F93874700232EF10EC9
:1022B000938C1C009389490083270B00B307FB40D4
:1022C00083D60700E368DAF283270000730010006A
:1022D00083A70A009384140063ECF4FA8327810631
:1022E00013050400938717002324F106EF90DF8481
:1022F0008327C10593874700232EF1046FD09FF6F3
:10230000930D00006FE0CFC4930700006FE0CFBFD4
:10231000930700006FE00FBA930541091305840885
:10232000232AC109232C9108232E11092320410BB4
:102330002322210B2324D10A2326510B2328610AAF
:10234000232A310B232CB10B232E610BEFC0012864
:102350006FE00FC11305810FEFC0815A6FF05FF579
:1023600003274105B30D9A4093D52D406394E500B2
:102370006F1090379389050063940500930910004E
:10238000B389B9003707002063E4E9009309F7FF38
:1023900093992900138509002324F1042322C10500
:1023A0002320D104EFA0020C83278104B305B501DB
:1023B0008326010423A0F500032E4104130D05001C
:1023C000638C0D0013860D0093850400EF10C2018D
:1023D000032E41048326010493884D00B3081D0198
:1023E0006384040293850D001385040023241105E2
:1023F0002322C1052320D104EF90024983288104C0
:10240000032E410483260104330A3D0193040D0089
:102410006FE0CF809307600063F4A7006FE0DF9563
:1024200083270000730010009307600063F4B70077
:102430006FE00FE4832700007300100003D7A600AD
:10244000631407006FE00FD53307EB000347070065
:10245000130787FF630407006FE0CFD393B7D7005C
:10246000638407006FE00FD383D7C600639407002F
:102470006FE04FD2B307FB0003A7070093054000AE
:10248000930D0000B387E70003A707003387E740F9
:102490000356070063FCC50003574700930D000077
:1024A00063060700B387E700838D070083D76600C4
:1024B000639407006FE0CF98B307FB0003A7070002
:1024C000B387E70003A70700631407006F109002AB
:1024D00093081000631417016F10C07F13062000CB
:1024E0006314C7006F10007D83D686003307DB00BE
:1024F000639406006FE0CF94832607003307D7006C
:1025000083260700639406006F10C078032C4700F1
:1025100083AC470083AB870003AEC7001305C0023E
:10252000330CAC02032A8408930781072328F100A7
:102530009307C1072326F100232401002322110160
:102540002320110113880800B38CAC029387080084
:10255000138708009386080013860800930504007B
:10256000330C8A01B38BAB02B30C9A01330EAE026B
:1025700013054108B30B7A01330ACA01EF10506406
:10258000032D41088329C1083775000013060D008B
:102590009385090013054574EFF04175930710000A
:1025A00093850D001305040023283111232AA1115E
:1025B000232CF110232EF1102320F1122322F112EB
:1025C000EF101039130701142322E1001307C11380
:1025D000930705002320E1002326010023240100A6
:1025E000930881131308411313070C0093060A0084
:1025F00013860B0093850C0013050400EF200027C1
:102600000326811383254113377500003306C0402C
:10261000232CC11283A70C011305857583A707001E
:10262000B307F0402324F11283A70B0183A707000F
:10263000B307F0402326F11283270C0183A707007C
:102640002328F112EFF0816A832601130326C112B9
:10265000832581123775000013058577EFF0016936
:1026600083270B0013066000B307FB4003D7070066
:102670006364E6006FD0DFFC83D7670063940700D4
:102680006FD01FFCB307FB0083A6070013073000C1
:10269000B387D70083A607006384E6006F108069C4
:1026A00083A787009305C00283268408B387B702F7
:1026B0000327C407B387F60083A7C70193973700A2
:1026C000B307F70083A707002326F11483270B0025
:1026D000B307FB4003D507006364A6006FD05FF625
:1026E00003D66700B307CB00631406006FD05FF515
:1026F00003A5070013062000B387A70003A5070062
:102700006364A6006F10006103A6C7009309010867
:1027100093870C023306B6021305010E9385090058
:10272000B386C60083A6C601939636003307D7004A
:10273000032707002320F1082324E114EFD0CFADB5
:102740008327C10F03270110E38EE72203A70C00A4
:1027500023A0E7008327C10F93874700232EF10EA4
:1027600093070C02938509001305C10E2320F1087D
:10277000EFD08FAA832781100327C110E38CE71EB7
:1027800003270C0023A0E7008327811093874700CD
:102790002324F110938B0B02130A0A0223287115CC
:1027A000232A411583270B0013076000B307FB4062
:1027B00083D607006364D7006FD09FE803D7670014
:1027C000B307EB00631407006FD09FE703A7070070
:1027D000B387E70003A70700E30E074083A747007E
:1027E000938509001305810C2320F108EFD08FB6E3
:1027F00083270B0013078000B307FB4083D6070035
:102800006364D7006FD0DFE303D78700B307EB0023
:10281000631407006FD0DFE203A70700B387E70068
:1028200003A70700631E0754B77600003776000041
:10283000377500009386C656130606641305456176
:102840009305000BEFC0011D130C000093098000DD
:10285000130AC00263E4D9006FD09FDE83D78700DC
:10286000639407006FD0DFDDB307FB0003A7070009
:10287000B387E70003A707006354EC96E37CEC2CD6
:10288000930C1C00139D2C00B387A70103A707001E
:102890008327840893850B00330747031305C10E74
:1028A000B387E700938707022322F108EFD0CF9682
:1028B00083270B00B307FB4003D7070063E4E9005D
:1028C0006FD01FD803D78700B307EB00631407004E
:1028D0006FD01FD703A70700B387E70003A7070040
:1028E000E37AEC28B387A70183A707008325840830
:1028F00003278110B38747038326C110B385F500F2
:102900006306D70283A705002320F70083278110E1
:10291000938747002324F11083270B00138C0C00AE
:10292000B307FB4083D607006FF0DFF213054110B9
:10293000EFB0117D6FF05FFE13054110EFB0517CD9
:102940006FF00F8A63E4C7006FE0CF848357A7005E
:10295000639407006FE00F84B307FB0083C7070091
:102960009387E7FF638407006FE0CF829337D60039
:10297000638407006FE00F828357C70063940700EA
:102980006FE04F81B307FB0083A50700930660004B
:10299000B387B70083A50700B385B74003D505000B
:1029A000E3F2A60083D66500130D000063860600DF
:1029B000B386D70003AD06001308800083D6450018
:1029C0006364A8006F10802903D88500E310080015
:1029D0001308E00023200104E364A800930D000025
:1029E00063860600B386D700838D06009306C00079
:1029F000232C0102E3E6A6008357670063940700D7
:102A00006FD01FC4B307FB0083A60700B387D700AE
:102A100083A60700E384065293051000E380B65AAC
:102A200093052000E38CB6569306800063E4C6004D
:102A30006FD01FC1835687003307DB006394060005
:102A40006FD01FC0832607003307D70083260700F7
:102A5000E386065283AB4700930EC00203AA8700A9
:102A6000B38BDB0383A7C700032E8408032C470026
:102A7000377500001305456E330ADA03B30B7E0188
:102A800003A70B02832887000328470093850800CB
:102A900013060800B387D703330A4E0103270A023F
:102AA000232C1105232A01058326870003274700CD
:102AB0002324D1042322E104330CDC03B307FE00FA
:102AC0002324F102330C8E01EFF04122832681048E
:102AD000032741042324B101832D010493078107B7
:102AE00083288105032841052328F1009307C107A6
:102AF0002322D1002320E1002326F10013870900BF
:102B000093870C0093060D0013860D0093050400B7
:102B100013054108EF10D00A0327C1088327410895
:102B20008325810313050400232CA111232EB11149
:102B300023209113232231132328E110232AF1109B
:102B4000EF10006113070114832681022322E100A4
:102B50001307C113930705002320E100232601007A
:102B600023240100930881131308411313070C0059
:102B700013060A0093850B0013050400EF10104F95
:102B80008327811313066000B307F040232CF11252
:102B900083A70B0183A70700B307F0402324F1129A
:102BA00083270A0183A70700B307F0402326F11209
:102BB00083270C0183A707002328F11283270B002A
:102BC000B307FB4003D707006364E6006FD05FA73D
:102BD00083D76700639407006FD09FA6B307FB00FD
:102BE00083A6070013073000B387D70083A607002A
:102BF000E396E63683A787009305C0028326840800
:102C0000B387B7020327C407B387F60083A7C701BA
:102C100093973700B307F70083A707002326F11423
:102C200083270B00B307FB4003D507006364A600AE
:102C30006FD01FA103D66700B307CB006314060053
:102C40006FD01FA003A5070013062000B387A700BD
:102C500003A507006364A6006F00507E03A6C700AB
:102C60009309010893870B023306B6021305010E80
:102C700093850900B386C60083A6C60193963600E5
:102C80003307D700032707002320F1082324E1148A
:102C9000EFC09FD88327C10F03270110638CE74E35
:102CA00003A70B0023A0E7008327C10F93874700EA
:102CB000232EF10E93070C02938509001305C10E14
:102CC0002320F108EFC05FD5832781100327C110AF
:102CD000638AE74803270C0023A0E70083278110BD
:102CE000938747002324F11083278102130A0A02E5
:102CF0002328411593870702232AF11483270B0009
:102D000013076000B307FB4083D607006364D70056
:102D10006FD01F9303D76700B307EB00631407005E
:102D20006FD01F9203A70700B387E70003A7070030
:102D3000E302071683A74700938509001305810C5A
:102D40002320F108EFC01FE183270B001307800049
:102D5000B307FB4083D607006364D7006FD05F8E54
:102D600003D78700B307EB00631407006FD05F8DB4
:102D700003A70700B387E70003A70700E30C0712C8
:102D800083A74700938509001305410D2320F1080F
:102D9000EFC05FDC6FE0DFC4EF10803B9305050000
:102DA00013060D00130701149306C1131305040045
:102DB000EF10D07A6FE0DFC20325411063080500F1
:102DC0008325C110B385A540EF80122C0325810F08
:102DD00083250110B385A54063040500EF80D22A46
:102DE0000325C10E631405006FD0DFBA8325410FA0
:102DF000B385A540EF8052296FD0DFB993050C0051
:102E00001305810FEFB0D12F8327C10F03270110C6
:102E10006304F7006FE0CF8F93850C001305810FDB
:102E2000EFB0112E6FE00F9093050D0013054110C8
:102E3000EFB0112D6FE04F9313054110EFB0512CFF
:102E40006FE01F9213054110EFB0912B6FE00FFE62
:102E50001305810FEFB0D12A6FE0CFEB1305810F7F
:102E6000EFB0112A6FE0CFD7938509001305810FCA
:102E7000EFB011296FD01FD11305810FEFB051288A
:102E80006FE00FC293050A0013054110EFB0512700
:102E90006FD09FD31305810FEFB091266FE05FDCF9
:102EA00013054110EFB0D1256FE0DF9E13054110EF
:102EB000EFB011256FE05FB1B77600003776000004
:102EC0003775000093868603130646531305C555D0
:102ED0009305601DEFB011348357C700639407005A
:102EE0006FD0DFE9B307FB0003AA0700338A47016D
:102EF0006FD0DFE80357C600631407006FD09FB799
:102F00003307EB0083270700B30CF7006FD09FB6A1
:102F100093840700130A00006FD04F8C1305810FB4
:102F2000EFB0111E6FF0CF999307800063E4D700D4
:102F30006FD00FF103578700B307EB00631407004E
:102F40006FD00FF003A70700B387E70003A70700C0
:102F5000E306070E83A74700930541081305410DBB
:102F60002322F108EFC01FBF83270B001306800048
:102F7000B307FB4003D707006364E6006FD04FEC54
:102F800003D78700B307EB00631407006FD04FEB44
:102F900003A70700B387E70003A70700E3000708BC
:102FA00003A747009306C002832784083307D7028C
:102FB0003387E7000327470003270700232EE11884
:102FC00003270B003307EB40835507006364B6000B
:102FD0006FD00FE7835587003307BB00639405006C
:102FE0006FD00FE6832507003307B700832507005E
:102FF000E3860500032747003307D7023387E7003E
:103000000327070103270700232CE11803270B00E0
:103010003307EB40835507006364B6006FD04FE27F
:10302000035687003307CB00631406006FD04FE1CF
:10303000032607003307C700032607006300067A4C
:1030400003274700930541081305C10E3307D70234
:10305000B387E700938707022322F108EFC0DF9BC5
:1030600083270B0013078000B307FB4083D60700BC
:103070006364D7006FD0CFDC03D78700B307EB00C2
:10308000631407006FD0CFDB03A70700B387E70007
:1030900003A70700630407006FE09FD5B776000021
:1030A00037760000377500009386C656130606640F
:1030B000130545619305000BEFB0D1153385A700CB
:1030C000032505009308C0002320A10463E4B80091
:1030D0006FD09F8703D5C600630205163385A7000E
:1030E0009308E000832C050063EEB800630808161F
:1030F00033850701830D0500930910006F008002DE
:10310000930C100083D5E600E38205FEB385B7007B
:1031100083A90500930D00006306080033850701AD
:10312000830D050083D6A600232C0102E386068CBE
:10313000B387D70083870700232CF1026FF0DF8B62
:10314000130540006362B512930C08009309080050
:1031500023200104130D0000232C0102930D000015
:103160006FF09F8993050C0013054110EFB0417972
:103170006FF09FB793050C0013054110EFB0417835
:103180006FF04FE193850C001305810FEFB041778D
:103190006FF00FDD93850B001305810FEFB04176C3
:1031A0006FF05FB193064000E3F4A6FA83D64500C2
:1031B000E38006FAB386D700838D0600232001043E
:1031C000130D0000232C01026FF01F8333880701C9
:1031D000032808009308E00023200105E3F0A880FD
:1031E00003D8E5006306080233880701930800014D
:1031F000832C080063E4A802639C0602930D000080
:1032000083D6C500232C0102638806FE6FF05FF2AF
:1032100013080001E372A8FE938C090003D5050191
:10322000E30C05FC3385A70083290500E38806FC31
:10323000B386D700838D06006FF09FFC1305E00076
:10324000E360B5EC630C080433850701930C1000B0
:10325000830D050093890C006FF0DFEC93091000DB
:10326000930D00006FF01FEC83D64600E38E06EC52
:10327000B386D700838D0600930C080093090800DD
:1032800023200104130D0000232C01026FF0CFF660
:10329000232E0102232A01026FC0DFE5930C1000E8
:1032A00093890C00930D00006FF0DFE7130400001A
:1032B0006FD04FF2B7760000377600003775000008
:1032C0009386C65613060664130545619305000BE5
:1032D000EFB04174B7760000377600003775000014
:1032E0009386C65613060664130545619305000BC5
:1032F000EFB04172B77600003776000037750000F6
:103300009386C65613060664130545619305000BA4
:10331000EFB04170B77600003776000037750000D7
:103320009386C65613060664130545619305000B84
:10333000EFB0416EB77600003776000037750000B9
:103340009386C65613060664130545619305000B64
:10335000EFB0416CB776000037760000377500009B
:103360009386C65613060664130545619305000B44
:10337000EFB0416AB776000037760000377500007D
:103380009386C65613060664130545619305000B24
:10339000EFB04168B776000037760000377500005F
:1033A0009386C65613060664130545619305000B04
:1033B000EFB04166B7760000377600003775000041
:1033C0009386C65613060664130545619305000BE4
:1033D000EFB04164B7760000377600003775000023
:1033E0009386C65613060664130545619305000BC4
:1033F000EFB04162B7760000377600003775000005
:103400009386C65613060664130545619305000BA3
:10341000EFB04160B77600003776000037750000E6
:103420009386C65613060664130545619305000B83
:10343000EFB0415EB77600003776000037750000C8
:103440009386C65613060664130545619305000B63
:10345000EFB0415CB77600003776000037750000AA
:103460009386C65613060664130545619305000B43
:10347000EFB0415AB776000037760000377500008C
:103480009386867A130646531305C5559305F012A5
:10349000EFB04158B776000037760000377500006E
:1034A0009386C65613060664130545619305000B03
:1034B000EFB04156B7860000377600003775000040
:1034C0009386C682130646531305C5559305F01B14
:1034D000EFB04154B7760000377600003775000032
:1034E0009386867F130646531305C5559305E01B47
:1034F000EFB04152B7860000377600003775000004
:1035000093864681130646531305C5559305D01B74
:10351000EFB04150B77600003776000037750000F5
:103520009386C65613060664130545619305000B82
:10353000EFB0414EB77600003776000037750000D7
:103540009386C65613060664130545619305000B62
:10355000EFB0414CB77600003776000037750000B9
:103560009386C65613060664130545619305000B42
:10357000EFB0414AB776000037760000377500009B
:103580009386C65613060664130545619305000B22
:10359000EFB04148B776000037760000377500007D
:1035A0009386C65613060664130545619305000B02
:1035B000EFB04146B776000037760000377500005F
:1035C0009386C65613060664130545619305000BE2
:1035D000EFB04144B7760000377600003775000041
:1035E0009386C65613060664130545619305000BC2
:1035F000EFB04142B7760000377600003775000023
:103600009386C65613060664130545619305000BA1
:10361000EFB04140B7760000377600003775000004
:103620009386C65613060664130545619305000B81
:10363000EFB0413EB77600003776000037750000E6
:103640009386C65613060664130545619305000B61
:10365000EFB0413CB77600003776000037750000C8
:103660009386C65613060664130545619305000B41
:10367000EFB0413A6300086E3385070193091000EB
:10368000830D0500938C090023200104232C0102E3
:103690006FF08FB6B7760000377600003775000000
:1036A0009386C65613060664130545619305000B01
:1036B000EFB04136B776000037760000377500006E
:1036C0009386C65613060664130545619305000BE1
:1036D000EFB04134B7760000377600003775000050
:1036E0009386C652130646531305C55593057005B8
:1036F0002328211D2326311D2324411D2322511D52
:103700002320611D232E711B232C811B232A911B37
:103710002328A11B2326B11BEFB0C12F83270A004A
:103720001307400023220106938717009397270071
:103730006384E7006FC09F8E6FC09FF0B776000074
:1037400037760000377500009386C6561306066468
:10375000130545619305000BEFB0C12BB776000050
:1037600037760000377500009386C67213064653FD
:103770001305C5559305C00DEFB0C129B7760000FC
:1037800037760000377500009386C6561306066428
:10379000130545619305000BEFB0C127B776000014
:1037A00037760000377500009386C6561306066408
:1037B000130545619305000BEFB0C125B7760000F6
:1037C00037760000377500009386C65613060664E8
:1037D000130545619305000BEFB0C123B7760000D8
:1037E00037760000377500009386C65613060664C8
:1037F000130545619305000BEFB0C121B7760000BA
:1038000037760000377500009386C65613060664A7
:10381000130545619305000BEFB0C11FB77600009B
:1038200037760000377500009386C6561306066487
:10383000130545619305000BEFB0C11DB77600007D
:1038400037760000377500009386C6561306066467
:10385000130545619305000BEFB0C11BB77600005F
:1038600037760000377500009386C6561306066447
:10387000130545619305000BEFB0C119B776000041
:1038800037760000377500009386C6561306066427
:10389000130545619305000BEFB0C117B776000023
:1038A00037760000377500009386C6561306066407
:1038B000130545619305000BEFB0C115B776000005
:1038C00037760000377500009386C65613060664E7
:1038D000130545619305000BEFB0C113B7760000E7
:1038E00037760000377500009386C65613060664C7
:1038F000130545619305000BEFB0C111B7760000C9
:1039000037760000377500009386C65613060664A6
:10391000130545619305000BEFB0C10FB7760000AA
:1039200037760000377500009386C6561306066486
:10393000130545619305000BEFB0C10DB77600008C
:1039400037760000377500009386C6561306066466
:10395000130545619305000BEFB0C10BB77600006E
:1039600037760000377500009386867F130646532E
:103970001305C5559305C018EFB0C109B77600000F
:1039800037760000377500009386067E130646538F
:103990001305C5559305B018EFB0C107B776000001
:1039A00037760000377500009386467D1306465330
:1039B0001305C5559305A018EFB0C105B7760000F3
:1039C00037760000377500009386C65613060664E6
:1039D000130545619305000BEFB0C103B7760000F6
:1039E00037760000377500009386C65613060664C6
:1039F000130545619305000BEFB0C101B7760000D8
:103A000037760000377500009386C65613060664A5
:103A1000130545619305000BEFA0D17FB776000039
:103A200037760000377500009386C6561306066485
:103A3000130545619305000BEFA0D17DB77600001B
:103A400037760000377500009386C6561306066465
:103A5000130545619305000BEFA0D17BB7760000FD
:103A600037760000377500009386C6561306066445
:103A7000130545619305000BEFA0D179B7760000DF
:103A800037760000377500009386C6561306066425
:103A9000130545619305000BEFA0D177B7760000C1
:103AA00037760000377500009386C6561306066405
:103AB000130545619305000BEFA0D175B7760000A3
:103AC00037760000377500009386C65613060664E5
:103AD000130545619305000BEFA0D173B776000085
:103AE00037760000377500009386C65613060664C5
:103AF000130545619305000BEFA0D171B776000067
:103B000037760000377500009386C65613060664A4
:103B1000130545619305000BEFA0D16FB776000048
:103B200037760000377500009386C6561306066484
:103B3000130545619305000BEFA0D16DB77600002A
:103B400037760000377500009386C6561306066464
:103B5000130545619305000BEFA0D16BB77600000C
:103B600037760000377500009386C6561306066444
:103B7000130545619305000BEFA0D169B7760000EE
:103B800037760000377500009386C6561306066424
:103B9000130545619305000BEFA0D167B7760000D0
:103BA00037760000377500009386C6561306066404
:103BB000130545619305000BEFA0D165B7760000B2
:103BC00037760000377500009386C65613060664E4
:103BD000130545619305000BEFA0D163B776000094
:103BE00037760000377500009386C65613060664C4
:103BF000130545619305000BEFA0D161B776000076
:103C000037760000377500009386C65613060664A3
:103C1000130545619305000BEFA0D15FB776000057
:103C200037760000377500009386C6561306066483
:103C3000130545619305000BEFA0D15DB776000039
:103C400037760000377500009386C6561306066463
:103C5000130545619305000BEFA0D15B638006104F
:103C6000B386D700838D060023200104232C010294
:103C70006FE09FD8B77600003776000037750000F8
:103C80009386C65613068657130545619305000BA8
:103C9000EFA05158B7760000377600003775000066
:103CA0009386C65613060664130545619305000BFB
:103CB000EFA05156B7760000377600003775000048
:103CC0009386C65613060664130545619305000BDB
:103CD000EFA05154B776000037760000377500002A
:103CE0009386C65613060664130545619305000BBB
:103CF000EFA05152B776000037760000377500000C
:103D00009386C65613060664130545619305000B9A
:103D1000EFA05150B77600003776000037750000ED
:103D20009386C65613060664130545619305000B7A
:103D3000EFA0514EB77600003776000037750000CF
:103D40009386C672130646531305C5559305F011A5
:103D5000EFA0514C93091000938C0900232001041B
:103D6000232C0102930D00006FE01FC9377500007E
:103D70001305850CEF80D2541304050013854B0006
:103D8000EFA0417E63880900B3053B41138509001C
:103D9000EF70922F63080900B3852A4113050900CB
:103DA000EF70922E63880400B3059A4013850400D7
:103DB000EF70922D83274103638C07000327410393
:103DC0008327C10313050700B385E740EF70D22BAB
:103DD00013050400EFE0D0182328211D2326311DF0
:103DE0002324411D2322511D2320611D232E711BDD
:103DF000232C811B232A911B2328A11B2326B11BC3
:103E00002328040483270000730010003775000086
:103E10001305850CEF80D24A130405006FF09FF95B
:103E2000377500001305850CEF80924983274110F8
:103E300013040500638A07008325C110138507005A
:103E4000B385F540EF7052240325810F6308050008
:103E500083250110B385A540EF7012230325C10E01
:103E6000630805008325410FB385A540EF70D2217B
:103E70000325010E630805008325810EB385A54047
:103E8000EF7092200325410D630805008325C10DC5
:103E9000B385A540EF70521F0325810CE30C05F09C
:103EA0008325010DB385A540EF70121E6FF09FF0C2
:103EB0008329410B83248109032A010A0329410A2A
:103EC000832AC10A032BC10B13040500E39E09EAF0
:103ED0006FF05FEC13040500E31009EC6FF09FEC4A
:103EE000130405006FF01FED377500001305850CF6
:103EF000EF80123D83A74B0013040500E38407E81D
:103F000083A5CB0013850700B385F540EF70D2176A
:103F1000E39C09E66FF01FE813040500E39609E649
:103F20006FF05FE7130101FE232A9100232E110099
:103F3000930405002328210123263101EF60DFBC13
:103F400003A5C40463060500EFA0114323A60404DF
:103F500003A5840463060500EFC0D13923A404043B
:103F600083A7C40703A704086384E70023A0F40819
:103F700083A9840803A9C40863822907232C81002C
:103F80001384090083270402138507006388070050
:103F900083258402B385F540EF70120F8327040157
:103FA000138507006388070083258401B385F540E6
:103FB000EF70920D8327440013850700638E07027C
:103FC0008325C4001304C402B385F540EF70D20BFF
:103FD000E31A89FA23A63409032481018320C1014D
:103FE00083244101032901018329C1001305000035
:103FF00013010102678000001304C402E31489F86E
:104000006FF05FFD130101FFB7A7000023248100BB
:10401000232291002320210123261100938747E2C8
:10402000130905002320F500EFF0DFEF03248908D2
:104030008324C90863069404032504026308050069
:1040400083258402B385A540EF7012040325040183
:104050006308050083258401B385A540EF70D20273
:1040600003254400630605088325C4001304C40225
:10407000B385A540EF705201E39084FC8324890846
:10408000638A04008325090913850400B3859540DC
:10409000EF70827F0325C90763080500832549085F
:1040A000B385A540EF70427E032549069307C906F4
:1040B0006308F5008325C90693851500EF70C27C5F
:1040C000032589056308050083250906B385A540F6
:1040D000EF70827B032481008320C1008324410090
:1040E0001305090003290100130101016F60DFF0CE
:1040F0001304C402E39284F4832489086FF05FF808
:10410000130101FE232E11002326A100EFF09FEFE3
:104110000325C1008320C101930540091301010259
:104120006F70827693F5F50F9307900063EEB700FA
:10413000B7A7000093952500938787FCB387B70046
:1041400003A50700678000001305F0FF67800000EB
:1041500093F5F50F930730001305400063ECB700AB
:10416000B7A7000093952500938787FCB387B70016
:1041700003A5870267800000130101FF23261100B9
:1041800083A705009306A000B387F54003D7070077
:1041900063EEE600930640001305600063E4E60862
:1041A0008320C100130101016780000083D6A700AE
:1041B00003D74700638E0602B386D50003A6060028
:1041C000631C07029346F6FF93D6F641B376D600FA
:1041D000130700026364D70A37A600001306C6E37C
:1041E000139726003307C70003270700670007005F
:1041F00063080706130600003387E50083060700FF
:1042000063C8C60613070002636AD70637A6000014
:10421000130606EC139726003307C7000327070091
:104220006700070083D64700E38C06F6B386D50007
:10423000838606001305000213C6F6FF1356F641E7
:10424000B3F6C600636CD50237A50000130545F42C
:10425000139626003306A600032606006700060014
:104260008320C10013056000130101016780000075
:104270009306060013070002E37AD7F8378500009B
:104280009385060013058585EFD051261305800020
:104290006FF01FF1930660001305400063F0E60223
:1042A00083D7670013054000638A0700B387F500D2
:1042B00003A50700130545003385A700B785000057
:1042C00093858583EFF0D07A93070500130550009E
:1042D000E38807EC6FF09FFB130540006FF05FEC85
:1042E000130530006FF0DFEB130590006FF05FEB0C
:1042F000130510006FF0DFEA130500006FF05FEAAE
:10430000130520006FF0DFE9130570006FF05FE91F
:104310001307F7FF3307C7029387F7FFB387B70287
:10432000130717003307F700B306D74093D7F601FA
:10433000B387D70093D7174013C5F7FF1355F5413F
:1043400033F5A700678000001307F7FF3307C702A4
:104350009387F7FFB387B702130717003305F700FA
:104360003305D5409347F5FF93D7F7413375F500F3
:10437000937715002320F80013551540678000003F
:1043800063880502130510006386A500130500006D
:10439000678000009386F6FFB386F6023306E600D8
:1043A000938616003306D6403345E6026780000048
:1043B0003306E6001306F6FF3345E6026780000089
:1043C0000323410083250100832EC1001303F3FF63
:1043D0009385F5FFB307F30203038100032E010168
:1043E000B385E5029387170013871500630E030852
:1043F000930510006312B308B305C800B385E54008
:104400003383D800B3C5C5023303F3403343D3022B
:10441000138FF5FF23206E0023A0BE0083250E001E
:104420009385F5FFB385D5023306E603B385F50022
:10443000B388154193C7F8FF93D7F741B3F8F80055
:1044400093D718402324F50093F81800232615016C
:104450003306E600330806419347F8FF93D7F74148
:104460003378F80093571840137818002320F5008C
:10447000232205016780000013030000130FF0FFE3
:10448000930500006FF01FF9B305C8009385F5FF91
:10449000B3C5C5023383D8001303F3FF3343D302FC
:1044A000138FF5FF6FF01FF7130101FE232A910010
:1044B00023263101138505009309060093050600A4
:1044C000938406001306000093060000232C81004D
:1044D00023282101232E11001309050013040700CE
:1044E000EF90105B6314050223A004002320040056
:1044F0008320C10103248101832441010329010197
:104500008329C10013010102678000001306040023
:104510001305090093850900EFF0410803A6018304
:1045200083A64183EF90107AEF601227EFA0005826
:104530006340B006638A05043707008083270400C0
:10454000630AE502130710FE63D6E7002320040088
:104550001305000023A0A4008320C10103248101CE
:1045600083244101032901018329C10013010102B0
:1045700067800000E39805FC938717002320F40070
:10458000370500406FF01FFCB7070080E3F6A7FA7D
:10459000B7860000378600003785000093860687BF
:1045A000130686881305458C9305800AEFA0814683
:1045B000130101FE232E1100232C8100232A9100D8
:1045C0008326460083A545002324F1002326E1002D
:1045D00003A5050083A50600EFA0D067EFB0501B30
:1045E0000327C10013040500938405000327470037
:1045F00003250700EFB0D0191306050093860500C8
:104600001305040093850400EF90005D832781006B
:10461000130605001305000023A0C70023A2B7005E
:104620008320C1010324810183244101130101027C
:1046300067800000130101FE232E1100232C81004E
:10464000232A91008327460083A545002324E10007
:104650002326D10003A5050083A50700EFA0905FE6
:10466000EFB010138326C1001304050093840500E6
:1046700083A7460003A50700EFB0901113060500BD
:10468000938605001305040093850400EF90C05441
:104690000327810013060500130500002320C7002F
:1046A0002322B7008320C101032481018324410117
:1046B0001301010267800000130101FD2324810220
:1046C000232291022326110223202103832847005D
:1046D0000325070113071000938406000329050032
:1046E00083A6080013040600638CE50A1307200064
:1046F0006386E502130730006380E51023A087007E
:10470000232098008320C1020324810283244102D4
:10471000032901021301010367800000938506004D
:1047200013050000232601012324F1002322D100D8
:10473000EFA0D006EF609216EFB0C0473305250119
:1047400083264100832781000328C1006342A40A15
:1047500003A5C18C93850600232401012322F100C7
:10476000EFA0D003EF609213EFB0C04433052501F2
:104770008327410003288100E35295F823A0870096
:1047800093040500232098008320C10203248102A2
:104790008324410203290102130101036780000001
:1047A0009385060013050000232401012322F10054
:1047B000EFA0C07EEF60920EEFB0C03F3305250141
:1047C0008327410003288100E35AA4F21304050063
:1047D00023A08700232098008320C10203248102A4
:1047E00083244102032901021301010367800000B1
:1047F000130405006FF0DFF503A5C18A9385060059
:10480000232401012322F100232E3101EFA000799E
:1048100093090500EF609208EFB0C0393305250118
:1048200083274100032881006354A400130405007A
:104830003705008033453501232401012322F1008F
:10484000EF60D205EFB00037330525018327410023
:1048500003288100635895008329C1019304050052
:104860006FF0DFE98329C1016FF05FE983268600DD
:10487000032646009386C6FF6392C62A130101FBF6
:1048800023261104232481042322910423202105BB
:10489000232E3103232C4103232A510323286103B0
:1048A000232671031389070083A74500938405001D
:1048B000930B05008325060003A5070013040700DA
:1048C00093890800130A0800EFA0D038EFB0406CBD
:1048D00083274400930A0500138B050003A50700F6
:1048E000EFB0006B130605009386050013850A00E0
:1048F00093050B00EF90402E130600009306000076
:10490000930A0500138B0500EF90901863100506BD
:1049100093070000130700002320FA0023A0E900FA
:1049200003A70400930730006300F70A032644003E
:1049300083260401130710008325060003A4060044
:104940006302E90E130720006308E9186304F912F3
:1049500003270105930700F82320F70003274105EB
:104960009307F0072320F7006F0000081306C1012A
:1049700013850A0093050B00EFE0514203A6018363
:1049800083A64183EF901034EF600261EFA0001224
:1049900093070500634CB01863860518B7060080BE
:1049A0000327C1016382D712930610FE6346D70620
:1049B0002320FA003307E04023A0E90003A7040006
:1049C00093073000E314F7F6032841058327010518
:1049D000130704009305090013850B009306F00FDD
:1049E00013060000EFF05FCD8320C104032481048F
:1049F00083244104032901048329C103032A810379
:104A0000832A4103032B0103832BC10213050000FA
:104A100013010105678000001307000093070000E1
:104A20006FF09FEF13050000EFA04057EF600267A3
:104A3000EFB0401833058500930700F8634EF5008A
:104A4000832701050327410523A0A7009307F0074B
:104A50002320F7006FF05FF9138507008327010516
:104A60000327410523A0A7009307F0072320F700A1
:104A70006FF09FF703A5C18AEFA040529304050091
:104A8000EF60C261EFB00013B3078500130700F8B1
:104A900063C2E70803270105370500803345950009
:104AA0002320F700EF60825FEFB0C0103305850070
:104AB0009307F00763D4A7001385070083274105F8
:104AC00023A0A7006FF05FF2E39005EE1307170035
:104AD000B70700406FF05FED130500002326B1001B
:104AE000EFA0C04BEF60825BEFB0C00CB307850056
:104AF000130700F88325C10063D4E700930707007C
:104B000003A5C18C032701052320F700EFA000496E
:104B10006FF05FF9930707006FF0DFF71305F0FF01
:104B20006780000037070080E37AA7E6B7860000B9
:104B3000378600003785000093860687130686882F
:104B40001305458C9305800AEF90D16C83270600EE
:104B500013057000638CA70C13059000638AA700EF
:104B6000130830001305F0FF638A070D678000000B
:104B70001308F007930800F8130101FE232C8100AD
:104B8000232A9100232E11009387050083254600D8
:104B900003260601930407001307100003260600EE
:104BA00083A5050013040600638AE70213072000AB
:104BB0006384E70A130730006380E71223A016011D
:104BC00023A004018320C101032481018324410126
:104BD00013050000130101026780000013050000A7
:104BE0002324D1002322010123201101EFA0003B47
:104BF000EF60C24AEFA0107C8328010033058500D6
:104C000003284100832681006340150523A0A600E8
:104C100023A004018320C1010324810183244101D5
:104C200013050000130101026780000037880000AF
:104C30001308F8FFB788FFFF6FF01FF41308F00F99
:104C4000930800006FF05FF31385080023A0A6000F
:104C500023A004016FF01FFC130500002326D100E0
:104C600023240101232211012320B100EFA00033EE
:104C7000EF60C242EFA0107483284100B3078500A3
:104C800083250100032881008326C10063D4170116
:104C90009387080003A5C18C23A0F60023200101FF
:104CA000EFA0C02FEF60823FEFA0D070032801007B
:104CB000330585006354A8001305080023A0A40051
:104CC0008320C101032481018324410113050000D5
:104CD000130101026780000003A5C18A2324D100CB
:104CE000232201012320110123282101EFA0002B01
:104CF00013090500EF60823AEFA0D06B8328010012
:104D0000B3078500032841008326810063D417017F
:104D1000938708003705008023A0F600334525015E
:104D200023200101EF608237EFA0D0680328010043
:104D3000330585006354A8001305080023A0A400D0
:104D40008320C1010324810103290101832441013E
:104D5000130500001301010267800000130101FE2A
:104D6000232E1100232C8100032546000326060173
:104D70009307100003280500032406006388F50A42
:104D8000930720006386F5021306300093070000A6
:104D90001305F00F6384C50E23A0F6002320A7009F
:104DA0008320C101032481011301010267800000F7
:104DB00093050800130500002326E1002324D100F9
:104DC00023220101EFA0801DEF60422DEFA0905E35
:104DD000B30785008325410003A5C18C13C6F7FFE7
:104DE0001356F641B3F7C7002322F100EFA0001BD2
:104DF000EF60C22AEFA0105C330585001306F00FA8
:104E000083274100832681000327C100E356A6F8CB
:104E100023A0F600130506002320A7008320C1016C
:104E2000032481011301010267800000930508003B
:104E3000130500002324E1002322D100EFA0001677
:104E4000EF60C225EFA01057B3078500832641000D
:104E500013C6F7FF032781001356F641B3F7C700C7
:104E600023A0F6001305F00F2320A7008320C10123
:104E700003248101130101026780000003A5C18A98
:104E8000930508002326E1002324D100232A910062
:104E9000EFA0C01093040500EF604220EFA09051F6
:104EA000B307850013C6F7FF1356F6413705008098
:104EB000B3F7C700334595002322F100EF60021ECF
:104EC000EFA0504F330585001306F00F83274100F4
:104ED000832681000327C1006358A6008324410173
:104EE000130506006FF05FEB832441016FF0DFEAEA
:104EF000130101FE232E1100232C810003254600FF
:104F0000032606019307100003280500032406006A
:104F10006380F50C930720006386F50213063000CA
:104F2000930700F81305F0076386C50E23A0F6006B
:104F30002320A7008320C101032481011301010262
:104F40006780000093050800130500002326E10098
:104F50002324D10023220101EFA04004EF600214BA
:104F6000EFA05045B3078500130600F80328410061
:104F7000832681000327C10063CAC70803A5C18C2B
:104F8000930508002326E1002324D1002322F10009
:104F9000EFA0C000EF608210EFA0D0413305850084
:104FA0001306F00783274100832681000327C100F1
:104FB000E35EA6F61305F00723A0F6002320A70062
:104FC0008320C101032481011301010267800000D5
:104FD00093050800130500002324E1002322D100DB
:104FE000EF90D07BEF60820BEFA0D03CB307850041
:104FF000130600F88326410003278100E3DCC7FA8B
:10500000930706001305F0076FF01FFB93070600D8
:105010006FF0DFF603A5C18A930508002324E100A1
:105020002322D100232A9100EF90507793040500AA
:10503000EF60C206EFA01038B3078500130600F832
:10504000832641000327810063D4C700930706002D
:1050500037050080334595002326E1002324D10045
:105060002322F100EF608203EFA0D03433058500E6
:105070001306F00783274100832681000327C10020
:105080006358A60083244101130506006FF01FEA50
:10509000832441016FF09FE9130101FD2324810264
:1050A0002322910223202103138405009304060088
:1050B000138906001385050083A6C18393050600A6
:1050C00003A68183232E31012326110293090700B1
:1050D000EF90C0316352050E1306000093060000E6
:1050E0001305040093850400EF90C0226356A00EC0
:1050F0001306C1001305040093850400EFE0014A84
:1051000003A6018383A64183EF90C03BEF50D26892
:10511000EF90D0196342B008638C05063707008012
:105120008327C100630EE504130710FE63D6E70270
:10513000232009009307000023A0F9008320C10267
:105140000324810283244102032901028329C1012E
:1051500013010103678000002320A900E35EF0FC37
:10516000B786000037860000378500009386869555
:105170001306068F1305458C9305D015EF90910902
:10518000E39405FA93871700370500406FF0DFF9C5
:10519000B7070080E3F4A7F8B78600003786000061
:1051A0003785000093860687130686881305458C8D
:1051B0009305800AEF901106B7860000378600003D
:1051C000378500009386868D1306068F1305458C60
:1051D00093059015EF901104B78600003786000004
:1051E00037850000938606941306068F1305458CB9
:1051F0009305A015EF901102130101FA232E11045B
:10520000832605001388050093D7F601B387D700DE
:1052100093D717409387F71F13D7F7411377F71FDB
:10522000B307F70093F707E0232EF100638605002C
:1052300013880700232ED1008327C101635AF83059
:10524000B7460000B7070100B705008037060080A9
:10525000371700809385056A1306067A9386F6FF52
:10526000130707929387F7FF232C8104232A9104C5
:105270002328210523263105232441052322510516
:1052800023206105232E7103232C8103232A9103FC
:105290002328A1032326B1032324B1002326C10020
:1052A0002328D100232AE100232CF1001304080055
:1052B000930405008327810037130000370700801F
:1052C00023A0670093083000232017738326C100B2
:1052D00003260101B71700801308001023A0C600A1
:1052E00023A007BA23A007839386078A2320D1002F
:1052F0001305F00023A0A6000326410183258101A8
:10530000938607C2930C70002320B6002322D1009D
:1053100023A006002320972B130D10002320A74362
:105320002320976323A007CA23200722130E0020FF
:1053300037CF0F0023A0C7D3130FFF0923A0E79B8C
:105340002320A743930EF01F2320D72B83A504000F
:10535000930B0700938D07009385F5FFB385854078
:105360002320B76223A087CA83AF0400B7D50F00FC
:105370009385D509B38F8F4023A0F7FB83AF4400FB
:10538000B7020500B382A201B30FF4012320F72373
:10539000B70F030023A0B79AB38FAF01232AF701F9
:1053A000832F810023A06F0023201773832801011E
:1053B0000327C100930F80002320170123A007BA01
:1053C00023A007838327010023A0A70003278101CF
:1053D0008327410123A0E7008327410023A0070082
:1053E00023A09B2B23A0AB4323A09B6323A00DCA28
:1053F00023A0FB2323A0CDD323A0ED9B23A0AB436D
:1054000023A0DB2B03AF0400B78F8C3C938F4F900E
:10541000130FFFFF330F8F4023A0EB6323A08DCA30
:1054200003AF0400330F8F4023A0EDFB83A3840060
:10543000B303740023A07B2223A0BD9A23AA5B00A0
:1054400023AAFB0123A20B02EF704073930EF01FFF
:1054500023A0AB4323A0DB2B83A50400130E002065
:10546000B7DE0F009385F5FFB385854023A0BB62AF
:1054700023A08DCA83AF0400938EFE09371300006A
:10548000B38F8F4023A0FDFB83AFC400930830008F
:1054900013080010B30FF40123A0FB2323A0CDD3E6
:1054A00023A0DD9B832781001305F000130F00016B
:1054B00023A0670023A01B738327C10003270101DA
:1054C000B7C50F009385D50923A0E70023A00DBA27
:1054D00023A00D8383270100370601003306A601B0
:1054E00023A0A70083274101032781013304C401BE
:1054F00023A0E7008327410023A0070023A09B2BC4
:1055000023A0AB4323A09B6323A00DCA23A0EB23BE
:1055100023A0BD9A23AACB008327C101E34CF4D872
:105520000324810583244105032901058329C1043E
:10553000032A8104832A4104032B0104832BC10322
:10554000032C8103832C4103032D0103832DC1020E
:105550008320C1051301010667800000130101E7E4
:10556000232671172322911723261118232481182B
:105570002322911823202119232E3117232C411780
:10558000232A511723286117232481172320A117C9
:10559000232EB1158329C504930740000327450333
:1055A000B3C73703832A4504232EE1001307800085
:1055B000332757011317370013078700232EE108FD
:1055C00003270502232EB10A832D8504232EE10231
:1055D0000327050313068002930C05002320E10432
:1055E000032785022322E1040327C5022326E102C3
:1055F000032785032328F1028327C5012324E1041F
:1056000003270501B38BB9038326C101232AE112C5
:1056100003270500232CE11203270103131737008A
:105620002322E10E3387F7022322E1100327C10171
:10563000330757032324E1060327C1013307770308
:10564000232AE102032781063387E7003307D74087
:10565000130777009356F74193F676003387E600F9
:10566000B386F702137787FF232CE10C032701038E
:105670003307D70283264103B387D7008326C101AE
:10568000B387D7402324F110931737002322F11258
:1056900083270103B387F9022320F1028327810DB9
:1056A0006354F6006F10901F032781109307800149
:1056B00063D4E7006F10102003A70C0393072000AA
:1056C00063D4E7006F109020370F0080130F0F6A2C
:1056D000B71F00002320FF0183270102B70E0080BF
:1056E00023A00E729397C700370E00809387F7FFB1
:1056F0002324F102371300802320FE7AB71800809C
:10570000232003BA371800809388088213040010FE
:1057100023A08800B71500801308088A9303F000BF
:105720003705010023207800371600809385059205
:105730001305F5FF23A0A500B7060080232006C2AD
:10574000B707008023A0062A938707422322F1008F
:105750000327410093021000B70700802320570061
:10576000938707622324F10083248100371A008085
:10577000130A0ACA23A00400B707008023200A00E6
:10578000938707222326F1008324C1009307800119
:10579000130C000123A0F400B7170080938707D2F1
:1057A0002328F10003290101B7040800B71700807E
:1057B000232089019384F4079387079A232C91006F
:1057C00023A0970003A94C03371D0080B7D40F0016
:1057D00023202DE39384D487232A9100032B4101B6
:1057E00037090080B70406001309490123A06701A7
:1057F000338B5400232069012320FF0123A00E7264
:1058000083248102938E0E72130E0E7A23209E0043
:10581000232003BA23A088002320780023A0A5001A
:10582000232006C223A0062A03274100130303BA3C
:10583000130606C223205700832481009386062A7C
:10584000130D0DE223A0040023200A000327C1004A
:105850009304B00123209700032701019304C001A2
:10586000232087010327810123A0E70003A74C051C
:105870002320ED000327410123A0E7002320690135
:105880002320FF0123A00E00032781022320EE0026
:105890002320030023A088002320780023A0A50054
:1058A0002320060023A006000327410023205700E1
:1058B000032781002320070023200A000327C100BB
:1058C00023209700032701019304900123208701DF
:1058D0000327810123A0E70003A7CC032320ED00C9
:1058E0000327410123A0E700232069012320FF01B2
:1058F00023A00E00032781022320EE0023200300B3
:1059000023A088002320780023A0A50023200600E0
:1059100023A006000327410023205700032781000E
:105920002320070023200A000327C100232097001B
:10593000032701019304D00123208701032781015C
:1059400023A0E700130740002320ED0003274101B7
:1059500023A0E700232069012320FF0123A00E00DC
:10596000032781022320EE002320030023A08800C8
:105970002320780023A0A5002320060023A00600F2
:10598000032741002320570003278100232007001D
:1059900023200A000327C1002320970003270101C9
:1059A000232087010327810123A0E7000327810D1E
:1059B0002320ED000327410123A0E70037C70F0094
:1059C000232069011307F7072322E10203270102BD
:1059D000232C01006350E00A232C5103930A00009A
:1059E0002320FF0123A00E0003278102B3045741A7
:1059F00023209E002320530123A088002320780029
:105A000023A0A5002320060023A0060003274100B1
:105A10009384AA01B38AFA01232057000327810047
:105A20002320070023200A000327C100232097001A
:105A300003278101B3643703032701012320870172
:105A40000327410223A0E700032781011307170062
:105A5000232CE10023209D000327410123A0E70020
:105A6000232069010327010283248101E31A97F6A9
:105A7000832A8103832701021387F7FF1317270166
:105A8000232CE10283268103B707803C938747508C
:105A9000B387F60037070080232AF700B707008096
:105AA00023A20702EF70800D03A70C028326410E8C
:105AB0009357F701B387E70093D71740B387D70011
:105AC0009387F7FFB3E6D702338DD7408327C10B07
:105AD00063860700232EA10B130D07001397C9003F
:105AE0002328E108B707008023A0E732032701033A
:105AF000B7070080B71600001307F7FF2320E10265
:105B000023A0E73A03278102B707008037150080FA
:105B100023A0E75AB717008023A007B2B707008079
:105B20009387076A232CF10003278101B7070080C0
:105B30001305058A2320D7003707000123A0077229
:105B40001307F7FF2320E108B707008023A0E77AB7
:105B5000B717008023A007BA8327411037170080AA
:105B6000130807929387F7FF2320F500930780001F
:105B70002320F782930770182320F8003703008052
:105B8000232007C21303032A130670002320C30037
:105B900037060080930E0642130E100023A0CE019C
:105BA0002320F6629385F9FF2322B102B70708008C
:105BB000232007CA938787002320F622032441125B
:105BC00093F7F5019397E700232087D2130F06621E
:105BD0009302062213E617082320C79A0326810D95
:105BE00003248110930807C2930F07CA3306860265
:105BF000930307D2930507002322C1062320D782EF
:105C000023200500032781021306F03B3705080017
:105C10002320E80023A00800832641061305051A67
:105C2000370708009386F6FF2320D30023A0CE0178
:105C30002320CF0023A00F0023A0A200832641062B
:105C40001307370823A0D30023A0E59A0327C10B2D
:105C5000E354A73583260104032741040326C10228
:105C600093E7F7073347D7022324F11283278103F1
:105C7000138C0A002324E1000327C1039306770055
:105C800013D7F641137777003307D70083268104B3
:105C900093961600B306D6402326D102935637407A
:105CA0003717800313074700B387E7002328F10065
:105CB00093976B009387F7FF232AF10A93973B0092
:105CC0009387F7FF2326F10A939739009387F7FF0D
:105CD0002322F10A93977B009387F7FF232AF10E83
:105CE00093974B009387F7FF03270104232EF10EB0
:105CF0008327C10313966B002328C10AB3C7E702A9
:105D000013963B00232CC10A139639002320C10AA5
:105D100013967B002324C10E13964B002328C10E3B
:105D2000139649000327C102232CC10E2328F11228
:105D30009307F6FF2320F110832741103307E70272
:105D4000B387F6022322E100939737002326F10060
:105D50009387F7FF232EF1128327810D3387F902F2
:105D6000832701038326C100032681002320A11578
:105D7000B387FB02B386C60213966700939777003A
:105D80002328F1109307F6FF2324F10A832701113A
:105D9000232EC10C9387F7FF2326F10E93070700EC
:105DA0000327C101338AE7029387F6FF03274100E7
:105DB0002326F112832741048326C102B387E70219
:105DC00003274103130D0A003307D7029387F7FF18
:105DD000232AF10693870D00938D0900938907000C
:105DE0002320E1120327810183260109B7070080E0
:105DF000938707722320D700232AF100032701028B
:105E00008326410137040080B717008023A0E600F5
:105E100003278102938407BA138E07822320E47A32
:105E200023A004003719000023202E0123A0078A95
:105E300003270108370500809306700023A0E7922E
:105E400023A007C22320D52A93081000232015433E
:105E50002320D5621386070023A007CA938E078AE2
:105E6000138F0792938F07C2B7070800938707190C
:105E70002320F5220323410E37DB0F00130BDB0732
:105E8000232066D28327C10B032A410E1303069AEF
:105E9000232EF100B3874701232EF10A83278112B5
:105EA000930A45011304047A2320F3008327C10BCE
:105EB00023201543032AC1019387F7FF1308050028
:105EC000B38747412328F1062320F52A03AA0C02B1
:105ED000930206D29307FAFF032AC101B387474111
:105EE0002320F5628327C1012320F6CA03AA8C0070
:105EF00093571A00032AC101B38747012320F522D3
:105F0000B707060023206301338A170123A04A0143
:105F1000832781018323010923A0770083270102BE
:105F20008323410123A0F300832781022320F4006F
:105F300023A0040023202E0123A00E0083270108A4
:105F40002320FF0023A00F002320D52A2320154360
:105F50002320D562B7070800232006CA9387871934
:105F60002320F5228327410E23A0F20083278112EC
:105F70002320F30023201543832701072320F52A3C
:105F80008327C10183A30C028326411093D7374096
:105F9000B386D7029387F3FF8323C101B38777408A
:105FA0002320F5628327C101B7D30F0093835308E1
:105FB0002320F6CA03A4CC0093963600935714000E
:105FC0000324C101B38787002320F5222320630126
:105FD00023A04A018327C1002320FE0023A00E0036
:105FE0008327C1122320FF008327411223A00F0023
:105FF00023201543B387D7009387F7FFB387D74094
:106000002320F52A0325C113B38717013305D54093
:106010002320A8622320D6CA03268113B386C60094
:106020002320D82223A0F2002320730083A74C0250
:10603000635EF074832601130327C10103288100E6
:1060400003A58C033347D70283260107138B0D006A
:10605000938A0900B38516018326C102938D0B0034
:1060600013890C003306D500B306A040330707039D
:106070000328C102338A7503B3860603232ED10297
:1060800093163A00232AD10C8326410033060603D7
:106090003307D7021306F6FF2320C10493860B00B3
:1060A000930B0C002326E10613070A00130A0D00C8
:1060B000130D07006358F06A3306A040232AC1007D
:1060C00003268103B707803D93874700B307F60097
:1060D000232CF1069387FDFF232CF10893174D0025
:1060E0002326F110832781100327C103B70C0080FA
:1060F0009387F7FF232EF1068327810D938CCC0520
:10610000B389B6419387F7FF2324F1088327C1029F
:10611000130400002322D1149387F7FF2326F108EC
:10612000832741132324B1152326A115B387E70044
:106130002322F1080327810183264100B70700804D
:10614000130610002320D70023A00772032741075E
:10615000B7070080370C008023A0E77AB7170080CC
:1061600023A007BA0327C102B7170080130C0C063F
:1061700023A0E7820327C107B7170080130D000093
:1061800023A0E78A03270104B717008023A0E79222
:106190000327C103B717008023A0E7C2B707008019
:1061A00023A0C74203278108B707008023A0E72A5E
:1061B0000327C10883264101B70700803306D74073
:1061C00023A0C76203274101B717008023A0E7CAB5
:1061D0000327410883264101B70700803306D70013
:1061E00023A0C72203274106B717008023A0E7D2C8
:1061F00003260905B71700803306C04023A0C7E275
:1062000037D60F00B71700801306760823A0C79A69
:1062100023A05C0103278107B707008023AAE700BA
:10622000832781006358F010832DC106930709006E
:106230009304000013090A00138A0700B7070080BF
:1062400023A20702EF609013B707008023AA070A72
:106250001305E001B717008023A0A79A3707008035
:10626000232A071AB706008023A0B62303260A05AF
:106270009305C0013306C04023A0C7E237060300E0
:1062800023A0B79A1306160023AAC60023AA060263
:1062900023A0A79A23AA061223A0A62323A0B79A75
:1062A000B70705009387170023AAF600635050072D
:1062B00003264A02B305864063D4BB0093850B00D6
:1062C000832701019385F5FF9395A501370500808C
:1062D00013870900B385F5001305450193060000F7
:1062E000930700006354C70223A0FC002320DC00B6
:1062F0002320B50093871700638AFA0003264A0219
:1063000033076701B3862601E340C7FE83274100B8
:1063100093841400B38DFD008327C100330DFD006D
:1063200083278100E39C97F093070A00130A090072
:1063300013890700832781033726803D1306469083
:10634000B70500803386C700938545019307000099
:10635000635A500123A0FC0023A0C50093871700B7
:10636000E39AFAFEB707008023A20702EF6010014C
:106370008327C905130610009385F7FF637CB64495
:1063800093F7D7FF639607380327C10993070001E6
:106390009385FAFFE300F708832781010327010BA8
:1063A000B70F0080B71E008023A0E70083270102FB
:1063B000130C80009303100023A0FF728327810A2F
:1063C00037D60F001306F68923A0FF7A23A00EBA52
:1063D00093870F122322F104032741048326810BA4
:1063E00093870F1A2320D7002324F1040327810465
:1063F000930770002320F7008326410B13870F5269
:106400002326E1042320D70013870EAA2328E104C2
:10641000232007008326010A13870F32232AE10471
:106420002320D70013870F3A232CE1042320B70041
:106430008326C10A13870F5A232EE1042320D70095
:1064400013870EB22320E1062320070023A08E83AA
:106450000327410223A0EE8A0327410A23A0EE92DC
:1064600023A00EC223A07F4223A0FF2A13870F621E
:106470002328E1022320F70013870ECA232AE10212
:106480002320070023A00F228324C10D13870ED2DF
:10649000232AE1082320970023A0CE9A0326810116
:1064A00083220109232056000326010223A0CF7274
:1064B0000326810223A0CF7A23A00EBA371600004C
:1064C00023A0CE820326410223A0CE8A0326010800
:1064D00023A0CE9223A00EC21306001023A0CF4209
:1064E00023A0FF2A83220103370601001306F6FFCB
:1064F00023A0C200032641032320060003268105B2
:106500002320B60003264105232086018322C105EE
:106510001306F00023A0C2008322010623A002007C
:106520008322810423A0F2008322410423A072006D
:106530008322C10423A0C20003260105B7D20F00A5
:106540009382F2092320060037C60F0023A00F22F2
:106550001306D64923A0CE9A37060100130616016A
:1065600023AACF00032649022320510CB7D20F00E3
:106570003306C6029382D2892322510CB702060049
:10658000938212012324510C8322810123A0C20093
:106590000326010723A0CF7283224902032DC101E4
:1065A00003260902B38252023306A641330656027D
:1065B0001306F6FF23A0CF7A032649028322C101E6
:1065C0003306C6023306560223A0CEBA032649027A
:1065D00023A0CE820326810923A0CE8A83224902EA
:1065E00033863241330656021306F6FF23A0CE92BD
:1065F000032649023386C90223A0CEC223A07F42CC
:1066000023A0FF2A03264902832201031306F6FF73
:106610003306864023A0C2000326410323208600C0
:1066200083224902032DC10133865202B382320311
:106630003306A6033306560083224901330686003B
:106640003306560023A0CF22032641098322410DA1
:10665000232056000326010C23A0CE9A03264104D2
:106660008322010B2320560003268104832201028A
:10667000232056000326C1048322810A23205600CA
:106680000326010523200600032641058322810BF2
:1066900023205600032681052320F6000326C1058A
:1066A0008322410B232056000326010623200600E7
:1066B000032681018322010A2320560023A0BF72F2
:1066C0000326C10A23A0CF7A23A00EBA23A08E836B
:1066D0000326410223A0CE8A0326410A23A0CE929C
:1066E00023A00EC223A07F4223A0FF2A032601037A
:1066F0002320F6008327410323A0070023A00F22B5
:106700008327410C23A0FE9A8327810C23AAFF0034
:10671000032741018326810683274902330474013C
:106720003307D700232AE100E346F4A0832641146F
:10673000832D8114032DC114E3DCF6120327010419
:106740000326011203258903B386B6013307C74028
:106750002320E1040327C1033307C700232EE102EE
:10676000E34CF094138C0B0093890A00938B0D007B
:10677000130D0A00930D0B00930C0900138B0600F8
:1067800063D6F600330B7B01E34EFBFE8327C10B80
:106790000327011463C8E7E48320C1180324811888
:1067A00083244118032901188329C117032A81175B
:1067B000832A4117032B0117832BC116032C811643
:1067C000832C4116032D0116832DC11513010119C8
:1067D0006780000083274902032809020327C109B3
:1067E00013050001B38707039385FAFF6308A71E0B
:1067F0000327810137080080930F70002320F700E2
:1068000083278109130C08002320F872832749028B
:1068100003230902B3883741B38767023713008027
:10682000130703D2B3871703B71800009387F7FF46
:106830002320F87A032F4902832709022328E10243
:10684000B307FF0237DF0F00130FFF09232AE1030D
:10685000130F08322322E105B38737032320F3BA4D
:10686000832709022320F3822320F38B8327490205
:10687000032F0902B3878740B387E703130F083A52
:106880002324E105130F085A2326E105130F03B251
:106890009387F7FF2320F392832709022328E1053A
:1068A000B307F4022320F3C22320C8428327010741
:1068B0002320F82A83270902032FC1019387F7FFBA
:1068C000B387E7412320F862032FC1012320E3CBE4
:1068D000032F0902832749028324C101B307FF0262
:1068E000330F8F02B3873703B387E701032F890183
:1068F000B3879700B387E7012320F822832701039A
:10690000032F410D23A0E701832741032320F39A9E
:10691000832701092320F382832701022320F38A9E
:10692000832781022320F392232003C2832741047B
:1069300023A01701832781048328410223A0170184
:106940008327C1048328010823A017018327010599
:1069500023A00700832881019307001023A0F800DB
:10696000B70701002320F8739387F7FF2320F87AF5
:10697000232003BAB707008023A0B71A13088000AA
:10698000B707008023A00713138507001308F00042
:1069900023200553B717008023A007AA2320FC2B30
:1069A0002320CC4223200C63232003CA37C50F00C9
:1069B00023200C221305D50937060100B7070080F4
:1069C0002320A39A1306160023AAC7008327C9050C
:1069D00093F7D7FFE382079C6FF09FD303278101D2
:1069E000370F0080130F0F722320F70083278109D0
:1069F000B70F0080938F0F7A2320FF00832749026F
:106A0000832809023713008033883741B38717037F
:106A1000B7120080938202BA371E00801305F0007F
:106A2000B70300809383032AB7060080938606226B
:106A300093088000B38E0703371800009387FEFF8A
:106A400023A0FF0083270902832E4902B38EFE0292
:106A5000930703D22328F102B7D70F009387F709D2
:106A6000232AF102B3873E03B70E0080938E0E32C5
:106A70002322D10523A0F200832709022320FE82CE
:106A80002320A38A83274902832E0902B3878740E4
:106A9000B38ED703B70700809387073A2324F10406
:106AA000B70700809387075A2326F1049387FEFFD8
:106AB0002320F39283270902930E03B22328D105E2
:106AC000B307F4022320F3C2B707008023A0C74214
:106AD000938707428327010723A0F3008327090236
:106AE000832EC1019387F7FFB387D741B70E00808C
:106AF00023A0FE62938E0E62832EC1012320D3CB8E
:106B0000832E0902832749028324C101B387FE0231
:106B1000B38E8E02B3873703B387D701832E8901E3
:106B2000B3879700B387D70123A0F600832701031B
:106B3000832EC11023A0D701832741032320F39A7A
:106B4000832701092320FE82832701022320F38A61
:106B5000832781022320F392232003C28327410449
:106B600023A00701832781040328410223A00701F2
:106B70008327C1040328010823A0070183270105F7
:106B800023A0070003288101930700102320F800A9
:106B9000B70701002320AF009387F7FF23A0FF0072
:106BA00037080080B707008023A0020023A0B71A8F
:106BB000232018139307080023A0A752371800803A
:106BC000232008AA9307700023A0F300B7070080D2
:106BD0009387074223A0C700B707008023A0A762BE
:106BE000232003CA37C50F0023A00600938707623E
:106BF0001305D50937060100B70700802320A39AA3
:106C00001306160023AAC7008327C90593F7D7FFE9
:106C1000E39007B0832781010327810EB70E008020
:106C20003713008023A0E7008327010213067000BA
:106C3000930D000123A0FE728327C10E130D800067
:106C40001305100023A0FE7A232003BA93870E02B7
:106C50002326F1040327C1048326010F93870E0A1C
:106C6000130FF0002320D7002328F1040327010588
:106C700093870E4A2320C700232AF10403274105E6
:106C80008326410F930703A22320D700232CF1046E
:106C90000327810593870E1223200700232EF1047A
:106CA0000327C1058326810F93870E1A2320D7005F
:106CB0002320F1060327010693870E522320B700F5
:106CC000232AF108032741098326C10F930703AA4A
:106CD0002320D7002320F10C23A007002320B38317
:106CE0000327410293870E322320E38A03270110F2
:106CF0002320E392232003C22322F10C0327410C1B
:106D000093870E3A2320A7012324F10C0327810C3B
:106D100093870E5A2320A7002326F10C0327C10CCA
:106D2000930703B22320E7012328F10C0327010D69
:106D300093870E42232007002328F1020327010333
:106D400093870E2A2320A700232AF1020327410359
:106D500093870E622320C7002322F10403274104F6
:106D6000930703CA2320C7002324F10403278104C7
:106D7000930703D22320070023A00E222320F10E25
:106D8000832401118326010EB7D70F009387F7895B
:106D900023A096002320F39A83278101832F0109E2
:106DA00023A0F7018327010223A0FE72832781021B
:106DB00023A0FE7A232003BAB71700002320F38212
:106DC000832F4102938707802320F38B832F0108B1
:106DD0002320F393232003C2832F410C23A0FF0021
:106DE000832F810CB70740009387F7FF23A0AF00E4
:106DF000832FC10C23A0FF008327010D23A00700D0
:106E0000832F01039307001023A0FF00832F41036A
:106E1000B70701009387F7FF23A0CF00832F41041A
:106E200023A0FF0083278104B7DF0F00938FFF09A2
:106E300023A007008327010623A0B7008327C105ED
:106E400023A0A7018327410923A0E7018327010C81
:106E500023A007008327010523A0C7008327C104BF
:106E600023A0A7008327410523A0E70183278105ED
:106E700023A00700B7C70F0023A00E229387D7498E
:106E80002320F39AB70701009387170123AAFE0076
:106E900083274902232AF111B7DF0F00B387F702D6
:106EA000938FDF89232CF111B70F0600938F1F01F9
:106EB000232EF111832F810123A0FF0083270107D7
:106EC00023A0FE72832F49028324C1018327090274
:106ED000B38FFF03B3879740B387F7039387F7FF19
:106EE00023A0FE7A83274902832FC101B387F702CB
:106EF000B387F7032320F3BA832749022320F382C1
:106F0000832781092320F38A832F4902B3873F41D6
:106F1000B387F7039387F7FF2320F3928327490270
:106F2000B387F9022320F3C28327010323A0A7001C
:106F30008327410323A0E70183274902832F4104CC
:106F40009387F7FFB387874023A0FF00832781043F
:106F500023A08700832F49028324C101B387FF0345
:106F6000B38F3F03B3879702B387F701832F49019C
:106F7000B3878700B387F70123A0FE228327010E82
:106F8000832FC11023A0F701832741112320F39AF7
:106F9000832F810E8327C10423A0F70183270105D6
:106FA000832F010223A0F70183274105832FC10E00
:106FB00023A0F7018327810523A007008327C105AC
:106FC000832F010F23A0F7018327010623A0C70009
:106FD00083274109832F410F23A0F7018327010C49
:106FE00023A007008327410C832F810F23A0F701E3
:106FF0008327810C23A0B7008327C10C8325C10FF1
:1070000023A0B7008327010D23A007008327810158
:1070100023A0B7018327410223A0FE72832701101A
:1070200023A0FE7A232003BA2320A3832320A38A4C
:107030002320E393232003C28327010323A0A70077
:107040008327410323A0C7008327410423A0C7004F
:107050008327810423A0070023A00E228327811108
:107060002320F39A8327C11123AAFE006FF04FEA71
:107070008327C10B03270114138C0B0093890A008B
:10708000938B0D00130D0A00930D0B00930C090058
:1070900063D4E7006FE01FD56FF00FF01305000019
:1070A000EFF04EAE032781109307800163C4E70021
:1070B0006FE08FE013050000EFF0CEAC03A70C03E8
:1070C0009307200063C4E7006FE00FE013050000A2
:1070D000EFF04EAB6FE04FDF130101E9232481167F
:1070E0002322911623248115232EB1132326111652
:1070F00023202117232E3115232C4115232A511526
:107100002328611523267115232291152320A1150B
:10711000832645020327C5028327C501B386D6020D
:10712000374600001306F6FF2326A1002320B112E4
:10713000930D10002326C10893040000130C0000D7
:10714000130430003307E702232CD100930610000C
:10715000232AD104B70601009386F6FF232ED1100F
:10716000B387F7022320E10E13074000232CE10828
:10717000232AF10E8327C100330C9C0003A90702C8
:10718000330789416352E00683268109930717007C
:1071900093D71740939636002326D10C8326810976
:1071A0009387770093F787FF638EB6078326C10C1A
:1071B000B3C7D702B387D7029394170063549700DD
:1071C0009304070063960406832781091304F4FFE0
:1071D00093D71740232CF108832741059397170075
:1071E000232AF104E31804F88320C116032481162E
:1071F00083244116032901168329C115032A811509
:10720000832A4115032B0115832BC114032C8114F0
:10721000832C4114032D0114832DC1131301011775
:10722000678000009394170063549700930407004D
:10723000832741056394B7016F10D01F93974700D0
:107240002324F102032781028327810183268109F8
:10725000B387E7009387F7FFB3C7E7020327410F20
:107260003307D702232EF10493078000131737004A
:10727000232EE10E0327C10563D4E7006F1010171A
:107280008327C1050327810213068034B38BE702ED
:1072900013877B009357F74193F77700B387E70095
:1072A00093F787FF6344F6006F10D0238327810292
:1072B0008325C1053387FB401385070093067700BC
:1072C00093D7F64193F77700B387D70093F787FFFB
:1072D000930607009385F5FF3307A740E340F6FECA
:1072E000130A0001232EB104938B060023284105C5
:1072F0008327C10083A787022320F1108327C100C1
:1073000003A7070383A70701232AF1088327C100E6
:1073100083A707002326F11083270110B3C7E702D4
:107320002320F1068327810163C2FB028327010624
:107330009396F70193D7F601639A07008327C10557
:1073400093A75700638407006F10900B032DC10CA7
:10735000930710002328010E232EF100930720002D
:1073600063D4E7006F101009B70500809385056AA4
:10737000371600003705008023A0C50023200572C2
:107380000327C10837080080B71800802320E87A57
:10739000371E008023A008BA371F0080130E0E820C
:1073A0001303001023206E00130F0F8A930EF000BA
:1073B0002320DF010327C111B71F0080B71200800F
:1073C00023A0EF92B703008023A002C2B70A008077
:1073D00023A0032A370B008023A0BA43B7190080EB
:1073E00023200B62B707008023A009CA93870722D6
:1073F0002320F10003270100B7170080938707D2ED
:107400002320B7012322F100832C410093060001C1
:10741000B717008023A0DC00B70C0800938CFC0792
:107420002320910323A0979B832CC10037070600DC
:107430001307170083A64C05938C07E223249101C0
:1074400023A0DC00B7DC0F00938CDC87232891019C
:1074500023A0979BB7060080232AE10023AAE60019
:1074600023A0C500232005720327C108938C460181
:10747000130505722320E87A23A008BA23206E00A2
:107480002320DF010327C1111308087A938808BA63
:1074900023A0EF9223A002C223A0032A23A0BA4371
:1074A00023200B6223A009CA8326010013072000B2
:1074B000938F0F9223A0E60083264100130700015B
:1074C000938202C223A0E600832601029383032A4B
:1074D000938A0A4223A0D79A832681000327810238
:1074E000130B0B62938909CA23A0E60083260101CE
:1074F00023A0D79A0327410123A0EC0023A0C500B5
:10750000232005008326C108130730002320D8005C
:1075100023A0080023206E002320DF018326C11151
:1075200023A0DF0023A0020023A0030023A0BA01B0
:1075300023200B0023A009008326010023A0E600DE
:10754000832641001307000123A0E60083260102E1
:1075500023A0D79A8326810023A04601032A010194
:1075600023A0479B0327410123A0EC0023A0C500D3
:10757000232005000326C10837C70F001307F707AC
:107580002320C80023A0080023206E002320DF0151
:107590000326C11123A0CF0023A0020023A00300D3
:1075A00023A0BA0123200B0023A009000326010019
:1075B00023200600832541001306000123A0C500F7
:1075C00023A0E79A03278100130600002320070069
:1075D0000327010123A0E79A8327410123A0FC0090
:1075E0008327C10003A7C7019307B0006306F70014
:1075F0008327410533E6FD02B7160000B707008078
:1076000023A0D76A37370000B707008023A007728E
:107610001307F7FFB707008023A0E77AB7170080AA
:1076200023A0D7BA13070010B717008023A0E78262
:10763000B71700801307F00023A0E78A8325C11144
:1076400037170080930707002320B79223A007C2B3
:10765000370700802320072A2320B743232007620F
:10766000B717008023A007CA370700802320D7223E
:10767000B71700809306000123A0D7D21387070015
:107680009386079AB7C70F009387F70723A0F600E2
:10769000B7D70F002320C7E29387D78737070600A5
:1076A00023A0F60013071700B707008023AAE700FE
:1076B0008327C1001307000083A6C7019307B0000A
:1076C0006388F60083274105130720003367F7021C
:1076D000B7070080B716000023A0D76A372600003E
:1076E000B707008023A007729306F6FFB707008054
:1076F00023A0D77AB717008023A0C7BA930600103B
:10770000B717008023A0D782B71700809306F00038
:1077100023A0D78A8326C111B717008023A0D79250
:10772000B717008023A007C2B707008023A0072A4D
:10773000B707008023A0B743B707008023A00762E4
:10774000B717008023A007CAB707008023A0C7226D
:1077500093060001B717008023A0D7D2B7C60F0049
:10776000B71700809386F60723A0D79A23A0E7E2F5
:1077700037D70F001307D78723A0E79A37070600EC
:10778000B70700801307170023AAE7008327C1006B
:107790001306000003A7C7019307B0006308F700B2
:1077A000032741059307300033E6E70237070080DF
:1077B000B71700002320F76A3707008023200772DD
:1077C0009387F7FF370700802320F77AB73600004A
:1077D000B717008023A0D7BA13070010B71700808F
:1077E00023A0E782B71700801307F00023A0E78AE1
:1077F0008325C11137170080930707002320B79214
:1078000023A007C2370700802320072A2320B7437D
:1078100023200762B717008023A007CA370700801C
:107820002320D722B71700809306000137C70F0027
:1078300023A0D7D29385079A1307F70723A0E50063
:10784000B7170080B7D60F0023A0C7E29386D6876C
:1078500023A0D50037070600B706008093864601AF
:107860001307170023A0E60037578C3C13074790F7
:10787000B707008023A0E60023A20702EF500030E4
:107880009387140093D717409387770013FA87FFE5
:1078900083270112639407006F108034B30C4C01EE
:1078A000130B0A00138A0400832A01053715000010
:1078B00093054000130535EC13860A00EFE08EF8BF
:1078C0008326810903274105B7070080B719000007
:1078D0003307D702832641059396C6002322D10A97
:1078E0008325410A9386076A232ED10223A0B6007E
:1078F000832681091317C7001307F7FF9386F6FF46
:107900002322D10423A0D7722324E10AB7070080E1
:1079100023A0E77AB717008023A007BAB717008023
:1079200023A0378337170080B717008023A0078A6A
:1079300013070792B70700012328E1001387F7FF19
:107940002326E10A8326C10A03270101B717008015
:107950002320D70023A007C20327010FB707008009
:107960009306F00123A0E73AB707008013078000D1
:1079700023A0E732B707008023A0D75AB7170080AB
:1079800023A007B213077000B707008023A0E72ADF
:10799000B707008023A0B743B707008023A0D762B2
:1079A000B717008023A007CA8326410537070800C0
:1079B000B70700809386F6FF2320D10813078700BE
:1079C00023A0E72203270108B717008023A0A7D32D
:1079D0009376F7019396E600B717008013E7160831
:1079E00023A0E79A232AA10063504BFF03278101BC
:1079F00033058A012328A110336677031307790022
:107A00009357F74193F77700B387E70093D5374053
:107A100093971A002328F10AB3875701232AF10A02
:107A20008327010E0327410593EBF6079397170071
:107A3000232CF10C832781098326410B1317470060
:107A40009397C700232CE10A93961600032701059C
:107A50009387F7FF2328D10C232AF10C8326810D6D
:107A60008327810B131727002322E10C93867600CE
:107A70009387F7FF2326D10E232EF10A83260105D3
:107A80008327410C03270105B387D7002324F10C7A
:107A900093173700B387D7400327C101232EF10C7A
:107AA00083270106B3C7E702032781022322F102DD
:107AB00083278102B307F6009387F7FFB3C7E70276
:107AC000232CF1028327410FB387F50293973700E8
:107AD000232CF10E8327C1010327810F8326010E7A
:107AE00023229112B387E7022324811323268112D4
:107AF0002320F1009307F7FF232AF1100327410207
:107B000083270100B387E702032701001307F7FF6C
:107B10002324E1100327C1013307D7029387F7FF1E
:107B20002322F1108327C10C2326E10403278101BE
:107B3000B387E702232CF1108327C1049387F7FF53
:107B40002328F108B387EC022322F1068327C1031F
:107B50000327410AB7020080371F008023A0E700F7
:107B600083274104B713000013890C0023A0F2728D
:107B70008327810AB7DA0F00938ADA0723A0F27A03
:107B800023200FBA23207F8223200F8A832701011D
:107B90000327C10A13850200938F020023A0E70088
:107BA00023200FC29307700023A0F22A23A0B24320
:107BB00023A0F2623707080023200FCA13078702A9
:107BC00023A0E2220324C10C1388020013030F0038
:107BD00023208FD20324C10C2328910323207F9BD1
:107BE000B38C8C001384FCFF23A0B24333042441E4
:107BF0002320810423A0822A0324C100930E0F00B6
:107C0000130E0F00032404021304F4FF3304244171
:107C100023A082620324010323208FCA0324C1000E
:107C2000032901038324840093D41400B384240122
:107C300023A09222B704060023205F9B93841400A4
:107C400023AA92000329C1038329410A2320390171
:107C500003294104B7D90F009389390823A022735F
:107C60000329810A23A0227B23200FBA23207F82AD
:107C700023200F8A0329C10A8323010123A02301A2
:107C800023200FC223A0F22A23A0B24323A0F26232
:107C9000B707080023200FCA9387070323A0F22207
:107CA0008327C10C2320FFD223207F9B23A0B24334
:107CB0008327010423A0F22A8327C10083A307029C
:107CC000832701030329410F9383F3FF93D73740A1
:107CD000B387270303290103B383234123A07262DF
:107CE0008323010323207FCA8323C10003290103C7
:107CF0009397370083A3C30093D31300B383230167
:107D000023A0722223205F9B23AA92000324C10395
:107D1000832401008323C10F2320940023A0027237
:107D200083224110B383F3009383F3FF23A05F7A90
:107D300023200FBA032FC101B383F340938F1300A5
:107D4000B38FEF03032F810F23A0EE83832E010F48
:107D50002320DE8B032E0101832E81102320DE01E0
:107D6000232003C22320B5432320752A0325411174
:107D70003305F5402320A8622320F3CA0326C1104F
:107D8000B387C7002320F8222320F3D32320339B7B
:107D900083278101E38007540327C1018327011052
:107DA000B7A6000093860600B3C7E7020327C10405
:107DB000370D00802324D108130D4D02930A0000D3
:107DC0002322910F2324710FB387E7029387F7FFD4
:107DD0002322F1088327810103278102B3875741BA
:107DE000232AF1023387E700832781021307F7FF75
:107DF000334AF7028327C10563D44701138A07007A
:107E000093276A00639C07028327810393A7570087
:107E10006386070203278103930750009306BAFF86
:107E2000B387E74063D4F6009387060003278103F6
:107E3000330AFA40B307F700232CF1020327810825
:107E40009307FAFF2324F10493972700B307F70061
:107E500003A507000326010593054000EFE08E9E71
:107E60008327810213040500B387470393867700B5
:107E70002320F10293D7F64193F77700B387D70019
:107E800013F787FF93D73740232CF1048327C101D1
:107E90002326E102B38EE70213072000E388E752AE
:107EA0008327C104371E0080338F5E012320FE82AA
:107EB00023200E8A8327010103274108B70500808C
:107EC000130FFFFF23A0E70023200EC223A0B5431A
:107ED000330F5F4123A0E52B83270109938C0522F3
:107EE000130F1F00B387574123A0F56223205ECBF9
:107EF00083274109130C0E9A9388FEFFB387FA007B
:107F000023A0FC002320EED337DF0F00130F5F0800
:107F10002320EC01371F00002320EE8323200E8A4C
:107F2000032701010325C10813880500B7060800CF
:107F30002320A70023200EC223A0152B23A0B54386
:107F4000930570342320B86223200ECA938686439B
:107F500023A0DC00B70708002320DED3938777082F
:107F60002320FC00B707008037468C3DB706008011
:107F700023AE47051306464023AAC6000327C101C6
:107F8000930620009387C705E30AD73623A007008E
:107F9000B707008023A0070683270106635CF00A69
:107FA00013890700B70700809387471B2322F1003E
:107FB0008324C104B7070080938747132324410714
:107FC000930B0400232651072324F1009309E001B9
:107FD000130BC001130A0000930A000013040000F1
:107FE00023200D00EF40903983274100370703001D
:107FF0001307170023A0070023203C0183278100DB
:10800000130A1A0023A0070023A05C0123206C019F
:10801000B707008023AAE70023AA070223203C0118
:1080200023AA070A23A08C003707050023206C0130
:108030001307170023AAE70023AA7701832701006B
:10804000B38A9A003304F400E31C49F9032A810639
:10805000832AC10623200D00EF4050326358400FA1
:108060003706008093060600232E060423A006068A
:1080700003274101938706001306C60523AAE700DC
:1080800093860606938747016302BA0D2320B60143
:108090000327010523A0E6000327410123A0E700F1
:1080A000130720006304EA0A2320E6000327010BDC
:1080B0009305300023A0E6000327410123A0E70039
:1080C0006306BA082320B6000327410B930540003E
:1080D00023A0E6000327410123A0E7006308BA06B6
:1080E0002320B6000327410C9305500023A0E6008F
:1080F0000327410123A0E700630ABA042320B60046
:108100000327810C9305600023A0E60003274101AB
:1081100023A0E700630CBA022320B6000327010D59
:108120009305800023A0E6000327410123A0E70078
:10813000631EBA00930570002320B6000327C10D0B
:1081400023A0E6000327410123A0E70023200D0020
:10815000EF40D022032701028327C100B30C57014F
:1081600083A7C705032741059386F7FF63D2ED5820
:1081700063EADD168327C100371F0080B70800803F
:1081800083A70702B7D20F009382F2092320FF8250
:108190009387FCFFB38757412320FF8A0327C10041
:1081A00093871700B71900008326070203274103AE
:1081B000130EF000B7C50F00B306D7020327010165
:1081C0009385D5099386F6FF2320D7000327C100A6
:1081D0008326070203270104B386DA021306170079
:1081E0002320DFC223A0B84303270104B387C702BB
:1081F00023A0E82A0327C1008326070203270103DF
:108200009386F6FFB386E64023A0D86203270103D6
:108210002320EFCA0327C10003240103832607029A
:1082200003278701B386DA02B3868600B386E600A9
:1082300023A0D8222320FFD223205F9A8327410A3C
:10824000930600082320FF82832741042320FF8A0E
:10825000832701010327810A23A0E70023200FC2FF
:1082600023A03833032701089307F03F23A0E83AFF
:108270000327C10A23A0E85A23200FB20327810451
:1082800023A0E81A23A0D81223A0F85223200FAA73
:1082900023A0C8730327C10393068000130E700048
:1082A0002320D70023A0F87A23200FBA23A0C82BBD
:1082B00023A0B84323A0F862B706080023200FCA02
:1082C0009386860323A0D822B70601002320BF9AF5
:1082D000B70700809386160023AAD7008327C10022
:1082E00083A7C70593F7D7FF639C073E8327410504
:1082F0003707008013070772B307FA022324E1004F
:10830000370700801307077A2320E1023717008020
:10831000130707BA2326E10203278109B703008068
:10832000939B7700B386E7020327C1039397470027
:108330009385FBFF23207701032781000326410457
:10834000B71E0080130B00012320C7001387FBFF1B
:108350002320E10C939676001387034A232AE10237
:108360001387F6FF232EE1088326C10903270102A4
:108370002322F100930770002320D7000327C102B6
:10838000130980009309000423200700832641007D
:10839000032781099388030023A0D30223A0F30AB3
:1083A00003264103B7160080938606A22320B60059
:1083B000232CD10403268105938603123307EA0296
:1083C000232006002324D106032681068325810B62
:1083D0009386031A938203002320B6002326D10636
:1083E0000326410083258104938603521306F6FF7A
:1083F0002320C10A0326C106938F03002320B60061
:108400002328D106032601078325010AB716008019
:10841000938606AA2320B600232AD10623A00600AD
:1084200023A06E838326010823A0DE8A83264105CC
:108430000326C10B3307D7028326010123A0C60000
:1084400023A00EC293860332232CD1060326810774
:108450009386033A1317770023202601232ED10693
:1084600023A0B6019306F00023A0D35A23A00EB296
:1084700023A0B34323A0F32A23A0F36223A00ECAB0
:1084800023A0032223A0EED237D70F001307F789CA
:1084900023A0EE9A0324C1038324410A3717000066
:1084A000232094000324810083244104232094008A
:1084B000032401028324810A232094000324C1029F
:1084C0002320040023A0EE820324010813070008E0
:1084D00023A08E8A032401018324C10A232094004F
:1084E00023A00EC20324C106832481042320940008
:1084F000032481062320E400032401071307F03F2F
:108500002320E40003244107232004000324C1079F
:108510002320B401032481072320340123A0E35A3C
:1085200023A00EB223A0F32A23A0234323A0E362B7
:1085300023A00ECA23A0F30A23A0B30303244103FC
:108540002320E4000324810537070800130787036D
:108550002320040023A0E32237C70F001307D749C5
:1085600023A0EE9A370701001307170123AAE3009F
:108570000324810123A08E820324010423A08E8A78
:108580000324C100032704021384FCFFB3045441F5
:1085900003240103138C1400330787400324810153
:1085A000330787020324010413041400330C8403EB
:1085B000032401011307F7FF2320E40003244106ED
:1085C00023A08EC223A0B34323A0932A03248101B6
:1085D0001307F4FF3307574123A0E36223A05ECBC8
:1085E0000324C10037D70F001307F7090324440100
:1085F00083244106B38A5401B38A8A0023A05323FB
:1086000023A08ED323A0EE9A23A0730383234104D7
:108610001307F00023A0720A832241038323C109B8
:1086200023A072008322810523A0020083228106F9
:108630008323410023A072008322C10623A0F200FD
:10864000832201078323010C23A0720083224107A8
:1086500023A00200832281078323810B23A07200C1
:108660008322C1078323810423A072008322010A8D
:1086700023A05F5A23A00EB2032FC10323206F0152
:10868000032F8100832F01082320FF01032F010204
:10869000832FC10B2320FF01032FC10223200F00D2
:1086A00023A02E8323A0BE8B032E01012320EE00E6
:1086B00023A00EC223A0B84323A0F82A23A0F86267
:1086C00023A00ECA37D70F0023A008221307D7898B
:1086D000B707060023A0EE9A9387170123AAF80094
:1086E0008327810163D4FC3E938A0C006FF0CFEEA8
:1086F00063E4DD148327C100B71E008037080080C3
:1087000083A70702B7DF0F00938FFF0923A0FE8224
:108710009387FCFFB387574123A0FE8A0327C1003C
:10872000832641039387170003270702B71300002E
:108730001303F03F3387E6028326010137C60F009B
:108740001306D6091307F7FF23A0E6000327C1008D
:10875000832601040327070293861600B387D702F6
:1087600083260102138AF6FF3387EA0223A0EEC2B2
:108770002320B843032701042320E82A0327C1004C
:10878000032F0103032707021307F7FF3307E7410E
:108790002320E8620327010323A0EECA0327C100B8
:1087A000032FC100032401030327070283298F013C
:1087B0003387EA0233078700330737012320E82293
:1087C00023A0FED223A0FE9B23A07E828327410408
:1087D00023A0FE8A832701010327410D23A0E70080
:1087E00023A00EC2232048730327C10393078000F0
:1087F0002320F7002320687A23A00EBA9307700085
:108800002320F82A2320B843232068623707080072
:1088100023A00ECA130787032320E822370701008D
:1088200023A0CE9AB70700801307170023AAE700FA
:108830008327C10083A7C70593F7D7FFE39207EA11
:108840008327810503278109B71E0080B7040080B4
:108850003387E7029397670023A0FE82138B0700FC
:108860008327410493840432370A008023A0FE8AC0
:1088700013098000131767009307F7FF2324F106FD
:10888000832701019306F7FF23A0D70023A00EC280
:108890008327C1029306FBFF23A0F4009307700017
:1088A0002320FA3A2320D1022320DA5A23A00EB241
:1088B000832681059386F6FF2322D1008326C103F8
:1088C00023A02601832641002320DA728326C102D9
:1088D0009386F6FF232AD1020326410393860EBA1C
:1088E0002320CA7A2324D10023A006002320BA43E0
:1088F0002320FA2A2320FA6223A00ECA93860ED2DE
:1089000023200A222324D10423A0E60037D70F0016
:108910001307F78923A0EE9A3717000023A0EE82F1
:108920000327410423A0EE8A03270101032F410DF1
:108930002320E70123A00EC2032741002320EA726F
:10894000032FC103130700042320EF001307F03F98
:108950002320EA7A032F810023200F002320FA2A04
:1089600023202A432320EA6223A00ECA2320FA3AB6
:1089700023A0B4012320EA5A3707080023A00EB22F
:10898000130787032320EA2237C70F001307D749AD
:1089900023A0EE9A3707010013071701232AEA00E4
:1089A0000327810123A0EE820327010423A0EE8A7E
:1089B0000327C1000327070203240103032FC10279
:1089C0003307874003248101330F5F01130FFFFF3B
:1089D0003307870203240104330F5F41130C1F0088
:1089E00013041400330C8403032401011307F7FF5D
:1089F0002320E4000327410623A0EEC22320BA432C
:108A00002320EA2B032781011307F7FF3307574180
:108A10002320EA6223A05ECB0327C100032F470176
:108A200003274106B30A5701B38AEA0123205A23D8
:108A3000032F810437D70F001307F70923208F0175
:108A400023A0EE9A23A06401032741042320EA3ADD
:108A5000032781062320EA5A23A00EB20327C1036D
:108A6000032FC1022320E7012320FA72032701020A
:108A70002320EA7A032781002320070023A02E83E6
:108A80000327410023A0EE8A03270101032E41039F
:108A90002320C70123A00EC22320BA432320FA2A91
:108AA0002320FA6223A00ECA37D70F0023200A2200
:108AB0001307D789B707060023A0EE9A93871701FB
:108AC000232AFA0083278101E3C0FCC2832C410ED4
:108AD000832B810E8327410603278111B387E7008B
:108AE0002322F1068327011163C2FC8683244112ED
:108AF000032C81120324C1126FE00FED8327410282
:108B0000930900006358F0D437070080B70700804E
:108B1000032BC104832B010E1307471B93874713B5
:108B20002324410723265107130A04002322E100CE
:108B30002324F1001309E0019304C001930A00000B
:108B40001384090023200D00EF40400383274100D8
:108B5000370703001307170023A0070023202C0169
:108B600083278100938A1A0023A0070023A08C008A
:108B700023209C00B707008023AAE70023AA07024E
:108B800023202C0123AA070A23A03C013707050054
:108B900023209C001307170023AAE70023AE070435
:108BA00023A0070623AA470123AE770523A0B70712
:108BB00023AA47018327010033046401B389F90024
:108BC00083274102E39057F96FF04FC88327810D47
:108BD00063D8D7AD8327C10E93FE87FF6FF04FACEC
:108BE000930C0C00130B00006FE01FCC232EF1043C
:108BF0006FE00FE913050000EFD0CEF86FE0CFF67D
:108C000093971B009387770093F787FF9306803431
:108C100063D4F6006FE08FF383278109139D47002B
:108C2000930710002328F10E93072000232EF10054
:108C30006FE0CFF283278101372749921307374925
:108C40009387D70093D71700B3B7E70203278101B3
:108C500037968888130696881307E70083268101D4
:108C60009386F6003337C70293D727001357370090
:108C70006344F706130AE000138707002328410521
:108C800093D7464063D6E700130A00012328410525
:108C90000327810183268109B307EA009387F7FF41
:108CA000B3C747030327410F3307D702232EF1042D
:108CB0009307800013173700232EE10E0327C10509
:108CC00063D4E700232EF1048327C1052324410345
:108CD000B38B47036FE0CFE1130AF000232841056F
:108CE0006FF01FFA130A0001232841056FE04FE0DF
:108CF000130101E4232E111A0328C50113070001F3
:108D000083264503635407016F10104F9397160095
:108D1000B38707013386D7406354C7006F10D04D27
:108D200003274502130620002326C1081306170057
:108D30009358F601B388C80093D8184063C4E8007C
:108D40006F10903913060001634CF62E37565555B7
:108D500013032700130666553316C3021353F3415A
:108D6000B387F60033066640635416016F109029EE
:108D7000138608009308000163C4F82C130337001E
:108D80009358F34193F83800B388680093D828408B
:108D9000B387F60063D4C8006F1050339308060001
:108DA00013060001634EF628376666661303470014
:108DB000130676663316C3021353F341B387F600E6
:108DC0001356164033066640635416016F10502F39
:108DD000138608009308000163C4F826B7B8AA2ACE
:108DE000130357009388B8AAB31813031353F3411E
:108DF000B387F600B388684063D4C8006F10902F23
:108E00009308060013060001634CF62237264992A8
:108E100013036700130636493316C302135EF3418A
:108E2000B387F60033066600135626403306C64164
:108E3000635416016F10502B13860800930800012D
:108E400063C0F8209308770013D3F84113737300BD
:108E50003303130113533340B387F6006354C30045
:108E60006F10102A13030600930E000163CAFE1C44
:108E7000B798E33813068700938898E3B31816036E
:108E8000135EF641B387F6001306970093D8184097
:108E9000B388C84163D468006F10901763C2FE1A8C
:108EA000B768666693887866B31816031356F6415A
:108EB000B387F600130EA70093D828403386C84026
:108EC000634466006F105035930E000163D4FE00BA
:108ED0006F109035B7A88B2E9388982EB3181E0369
:108EE0001353FE41B387F600130EB70093D8184012
:108EF000B388684063C4C8006F10D030930E00017F
:108F000063D4FE006F10D03437B3AA2A1303B3AA78
:108F100033136E021356FE41B387F600130EC700DB
:108F2000135313403303C3406346130563D4FE0059
:108F30006F101032138608009308B000B387F60054
:108F400023261109B7F8C44E9388F8C4B3181E033A
:108F5000135EFE41930ED70093D82840B388C841D2
:108F600063C4C8049308000163C2F80CB387F60019
:108F70006F10D024130600016354F6006F10502EBA
:108F8000B7F8C44E9388F8C4B3181E03135EFE41AD
:108F9000B387F600930ED70093D82840B388C84112
:108FA00063C468006F105020130600016354F6007C
:108FB0006F10102C372349921303334933936E02F9
:108FC00013DFFE41B387F600130EE7003303D3012E
:108FD000135333403303E341635413016F101013F1
:108FE0006354F6006F10D0281306D000B387F60044
:108FF000138308002326C1083796888813069688AD
:109000003316CE029358FE411307F7003306C6010C
:109010001356364033061641635466006F105015E0
:10902000130600016344F6006F10101213070001CD
:10903000232EE1100327C1089307800063C6E700D1
:1090400093078000232EF110B38706419387A70072
:10905000B3C7D7021306400013873700B347F702A0
:109060002326F1146354F6006F10C076B30708038B
:109070002328211B2328A119232C811A232A911A82
:109080002326311B2324411B2322511B2320611B38
:10909000232E7119232C8119232A91192326B11902
:1090A0008326050203278503130905000325C5024E
:1090B0002324B11613171700938576002320F1148B
:1090C0003307E54093D7F5412326E10493F7770072
:1090D00003270114B387B70093D73740B387E7025C
:1090E0000327090183258902374500002324E11461
:1090F00003270900232CB10C2324C1002326E116E9
:10910000370700011307F7FF2328E10A0327C104EB
:109110001306F5FFB70501003307E702232EC1123E
:10912000939737001386F5FF2328F1162324C10AED
:10913000130D0900232CE10E232401128327C104FF
:109140000327810D232C0112B387E702232AF10E96
:109150006F00C002B3C76703B38767039397170015
:109160002324F1126354F7002324E1128327811290
:1091700063960708832741142324F1008327811372
:1091800003278112B387E700232CF1123387F640BF
:109190006344E0006F100061032681008325810095
:1091A000930717001356F6013306B6001356164000
:1091B0002322C114139B3500032641148325C114B7
:1091C00093D717409387770093F787FFE354B6F858
:1091D000B38767019387F7FFB3C76703B387670355
:1091E000939717002324F1126354F7002324E1120C
:1091F00083278112639407006F10C05A0327C108A8
:109200009307000183268100B3C4E70213074000DF
:10921000930720003344D70263D497009384070058
:1092200003294D030327CD011306A000B3062741F0
:10923000B3878402B3872703B387D7006354F6004C
:109240009304100083274D0213063000B307F40087
:109250009387F7FFB3C78702B38797009387F7FF1A
:10926000B3C797022324F1046354F6002324C104F6
:10927000832781041306A000B3879702B305F40285
:10928000B3852503B385D500635CB602B3879740E9
:10929000B3878702B3059040B3858502B387270360
:1092A000B387D700B3862503832581041385070080
:1092B0009385F5FFB387D700E34AA6FE2324B104C4
:1092C000930720002320F1128327810403268100C5
:1092D00093060001B307F4022324F102B387970237
:1092E0002326F1028327C108B307F902232EF10ACE
:1092F0008327C102B307F9022322F1028327C10B9E
:10930000B307F700B3872741232AF10A8327011403
:10931000B387C702032641023307C700330727413B
:109320002322E11293973700232CF1148327C111D4
:109330006384D700232091120327410B9307000178
:1093400063D4E7006F10C049032741129307A000C0
:1093500063D4E7006F10404437080080B71800005E
:109360002320186B232008728327C113371600802F
:10937000930E00102320F87A232006BA2320D683E8
:10938000930FF0002320F68B0327810A9306100029
:10939000930708222320E692232006C22320082ACE
:1093A0002320D84223200862232006CA2326F10066
:1093B0000327C10093070002930D00012320F7004B
:1093C000930706D22328F10003230101370E08007A
:1093D000130EFE072320B3012320C69B03234D0356
:1093E000130706E2232AE1002320670037D70F0086
:1093F0001307D787232CE100832A81013703060056
:109400003303D3002320569B13074801232E61000A
:10941000232067002320186B232008720323C11325
:1094200093050800373500002320687A232006BA08
:109430002320D6832320F68B0323810A130F0600F3
:1094400023206692232006C22320082A2320D84204
:1094500023200862232006CA832AC10013032002A6
:1094600023A06A00032301012320B3012320C69B0C
:10947000832A410103234D0523A06A0003238101B0
:10948000930A30022320669A0323C1012320670038
:109490002320186B232008720323C1132320687A2A
:1094A000232006BA2320D6832320F68B0323810AA8
:1094B00023206692232006C22320082A2320D84294
:1094C00023200862232006CA0323C100232053015E
:1094D000032301012320B3012320C69B0323CD03D3
:1094E000832A410123A06A0003238101930A4002D9
:1094F0002320669A0323C101232067002320186BD1
:10950000232008720323C1132320687A232006BA7C
:109510002320D6832320F68B0323810A23206692FF
:10952000232006C22320082A2320D84223200862B1
:10953000232006CA0323C100232053010323010172
:109540002320B3012320C69B03234101032E410B9B
:109550002320C301032381012320669A0323C10131
:10956000232067002320186B232008720323C113D4
:109570002320687A232006BA2320D6832320F68B63
:109580000323810A23206692232006C22320082A6F
:109590002320D84223200862232006CA032EC100BC
:1095A0001303100223206E00032E010137C30F00A6
:1095B0001303F3072320BE01232061022320669AB0
:1095C0000323410123200300032381012320669A02
:1095D0000323C101232067002320186B37330000C9
:1095E000232008721303F3FF2320687A232016BB7D
:1095F0002320D6832320F68B0323810A232066921F
:10960000232006C22320082A2320D84223200862D0
:10961000232006CA032EC1001383180223206E00E4
:1096200033EE8602032301012320B3010323010249
:109630002320669A032341012320C30103238101D0
:109640002320669A0323C101232067002320186B7F
:109650003723000023200872130EF3FF2320C87B5A
:10966000130E2000336E8E02232066BA2320D68389
:109670002320F68B0323810A23206692232006C22F
:109680002320082A2320D84223200862232006CA48
:10969000832AC100372300001303130223A06A00AA
:1096A000832A01011303300023A0BA01832A010297
:1096B0002320569B832A410123A0CA01032E810146
:1096C000336383022320C69B032EC1012320C701DD
:1096D0002320186B232008721388F8FF23A0057B32
:1096E0002320A6BA2320D6832320F68B0326810AC3
:1096F0002320CF9223200FC223A0052A23A0D542E6
:1097000023A0056223200FCA8325C100130615027A
:1097100023A0C500032601012320B6010326010270
:109720002320CF9A032641012320660003268101CE
:109730002320CF9A8327C1012320F700B7278C3C31
:109740006394D4006F100000938747602320F700D4
:10975000B707008023A20702EF304042832781121F
:10976000138717009357F701B387E70093D7174084
:109770009387770013D7F74113777700B307F70084
:1097800093F987FF83278116E388077A832781135C
:10979000138A0900B38BF900832981128327C1083A
:1097A00013868700930540001305306CEFC09E8937
:1097B000832781009316C400370600802320D10C34
:1097C0003307F4022320D63283268100B7050080B8
:1097D0009385053A9386F6FF232ED1028327C10392
:1097E00037180080130808B223A0F5009317C700AC
:1097F0009387F7FF2326F10AB70700809387075A5C
:109800002326F1000327C10A8326C100B707008081
:109810009387076A23A0E6000327410B83264112A2
:10982000232008002328F100B306D70203270101F3
:10983000B70D0080B718000023201701B70700807C
:1098400023A00D729387077A232AF1000327410191
:109850000323010BB7170080938707BA2320670003
:10986000232CF1000323810183270114371E00807C
:10987000232003009387F7FF371300802320FE8AFD
:1098800093028000B71E00802320538213077004C8
:10989000371F008023A0EE92B70F00809303700063
:1098A00023200FC223A07F2A232AD102832A8100EA
:1098B000B7030080370C0080B386DA02938303423B
:1098C000130C0C62B71C0080B70A0080938C0CCA82
:1098D000938A0A229307F4FF93F7F7019397E7001F
:1098E0002328D1029306100023A0D3002320EC00EC
:1098F0001307F4FF2320E10423A00C00370708001E
:10990000232E51013307570023A0EA0037170080A8
:10991000130707D22320E102930A070003278115CA
:10992000B71600809386069A23A0EA0013E717086B
:1099300023A0E60013E73708232CE10203270103E5
:10994000832A8D05232AA104131737002328E10257
:109950000327410313060632938D0D72130E0E8AF0
:1099600013030382938E0E92130F0FC2938F0F2A4D
:109970001307F7FFE38A0A54832A01011315C40071
:1099800023A0AA000325C10323A0AD0003254101A4
:10999000832AC10A232055010325810123200500C4
:1099A0002320130123200E000325010B23A0AE006A
:1099B00023200F0023A0E500232056000326C1002A
:1099C0001307F04F2320E600232008001306700041
:1099D00023A0CF001306100023A0C3002320EC0017
:1099E00023A00C000326C101370708001307070551
:1099F0002320E60003270102032601032320C700DA
:109A000013E7370823A0E600E3563A4B0326810DFF
:109A100093E7F7072322F116330376410326011259
:109A2000032781000328810D13163600232CC1045F
:109A300083278105931667000327410B9387F7FF60
:109A4000232EF1069307FBFFB38777012326F1123C
:109A5000B70700809387076A2328F1009307F8FF70
:109A60003307E402B3876701232EF116832701171A
:109A700083288113832501129387F7FF232CF11686
:109A800083270112B3881901232A1117B38787028C
:109A9000B71C0080938C0C92B30827030327810224
:109AA000338686023307B702939537002328B10621
:109AB0009385F5FF232CB106832581043306B60276
:109AC000931567002322B106931537002320B106B2
:109AD000931567009385F5FF2326B1063387E602C9
:109AE00083268104B387D7021307F7FF232EE104EF
:109AF000939737009387F7FF33879802232AF1065D
:109B0000B38784022328E10C232EF1149317170046
:109B10000327810F232EF10CB307E3020327011261
:109B20008329C111832AC1029387F7FF2320F110F3
:109B30008327810F3307E602B38767032324E10CF1
:109B4000032741022320F1168327810FB387770370
:109B5000232EF10E8327410FB38DE7028327C10423
:109B6000338CE7028327810D0327C10BB387E702FC
:109B70002324F106032701018326010CB70F00807F
:109B8000938F0F722320D7000327C103B7020080F1
:109B9000B717008023A0EF000327C10A938307BAF9
:109BA0009384078223A0E27A23A0030037140000E5
:109BB00023A0840023A0078A0327010B3705008018
:109BC000138A07C223A0EC0023200A00B7050080F7
:109BD0001305052A130E70002320C50193061000FB
:109BE0003708008023A0D542B71800802320C8631F
:109BF0001389078AB707080023A008CA370700801F
:109C0000B71E0080938707552320F72223A06ED329
:109C1000832741163716008023267103130307227A
:109C200013870B00B38B6B012320F69A9387FBFFFE
:109C300023A0D542B387E740232CF10A2320F50067
:109C4000032F0D02B7D70F009387D7072324F10006
:109C50009307FFFFB387E7402320F8628327C10201
:109C6000370F0080130F4F0123A0F8CA83278D0000
:109C70000327C1029382027A93D71700B387E700C4
:109C80002320F30003278100B7070600B387D7001E
:109C90002320E69A2326F1002320FF0083270101D9
:109CA0000327010C1306069A9385054223A0E700BB
:109CB0008327C10313080862938808CA23A0FF0002
:109CC0008327C10A938E0ED223A0F20023A00300A3
:109CD00023A08400232009008327010B23A0FC007C
:109CE00023200A002320C50123A0D5002320C8017A
:109CF000B707080023A00800938787552320F300A7
:109D000023A06E01832741162320F60023A0D5004F
:109D10008327810B2320F5008327C1020327011429
:109D2000832F0D0293D73740338EE7020327C102FA
:109D30009387FFFFB7DF0F00B387E7402320F800CA
:109D40008327C102938F5F0823A0F8008322CD00F0
:109D50000327C10293D71200B387E7002320F30043
:109D60000327810093173E002320E6000327811577
:109D7000032EC1003307F7002320CF011307F7FF9D
:109D800023A0D5003307F7402320E5008326811761
:109D900013071700B386F6402320D80023A0F8004D
:109DA0008326C116B387D7002320F30023A0EE003B
:109DB0002320F601B707008023AA07021307E0015A
:109DC0002320E600B707008023AA07121307C0016B
:109DD000B70705002320E600938717002320FF0024
:109DE00083274D02E350F00A032681148326C10421
:109DF00003278D038325410F3388C600B306CB406C
:109E0000338A76418326C1153306E0403385C50287
:109E1000939616002326D10C8326C1158325C104F1
:109E2000232A01002322D10C8326810BB305B7001E
:109E300023287115938616002328D1128326C11773
:109E4000232A6115232A4113B38676412322D11098
:109E50008326C104B386C6020326C1022320D10E85
:109E600083268114B306D500B386C6000325010EF0
:109E7000232AD10C8326410F3386B602B306A800ED
:109E80000325C10FB386A6002326D10E8326C10465
:109E900013050C00B386B6021306F6FF2324C10E89
:109EA0009386F6FF2322D10E832641013389DA00FF
:109EB0006354F07A9307F9FFB387D740938617006E
:109EC0002328F10883270113370600801306067242
:109ED000B386D7028327C1042324C1000326410D82
:109EE000B307F700232CF100B307E04037070080E9
:109EF0001307077A2326E100032741138325C102B4
:109F0000B38636033307C7002328E10E03268101F9
:109F10000327810D371C00802324B111130C0C9AE8
:109F20002326A110232821113307C7020326810409
:109F3000232ED108232A31111306F6FF2328C1024C
:109F400003260112232C5111930D00001306F6FF76
:109F50001307F7FF232AC1022328E1040326C112B5
:109F60000327810D3306B640B387E7022320C10AD9
:109F7000032641121306F6FF2322C10A0326C10459
:109F80001306F6FF232AC1081386F9FF232CC10804
:109F9000232CF1026F00C05637070080232A070ADE
:109FA0001307E0012320EC00032701018326410F62
:109FB0002320D700032781008326410A2320D700CE
:109FC0008326C1000326810E3717008023A0C60018
:109FD0008326010F2320D7BA8326810D37170080EF
:109FE0002320D782371700802320F78A0327010513
:109FF000B717008023A0EC000327810323A0E7C24A
:10A00000B70700801307100023A0E7420327010AC7
:10A01000B707008023A0E72A03274110B707008075
:10A0200023A0E7620327C102B717008023A0E7CA75
:10A030000327410D83268103B70700803307D7002C
:10A0400023A0E722B717008023A007E2B7D70F00AD
:10A050009387D709370703002320FC001307170055
:10A06000B707008023AAE70083278104635AF0081A
:10A0700083274D02032741016354F708B706008088
:10A0800023AE060413870600232007060326410596
:10A09000930707009386C60523AAC700832581047A
:10A0A000130610001307070693874701638AC50448
:10A0B00083254D020325410C6354B50423A0C6003B
:10A0C0000326010D2320C7000326410523A0C70056
:10A0D00083258104130630006394C50203264D02D4
:10A0E0008325C10C63DEC5001306200023A0C60033
:10A0F0008326C10D2320D7000327410523A0E700B5
:10A10000B707008023A20702EF2050278327010111
:10A1100003274106B71E0080B709008023A0E7008F
:10A12000832781000327C103130A8000130B10004B
:10A1300023A0E7008327C1000327C10523A0E70070
:10A14000B707008023A00EBA93870702232EF100E1
:10A150000327C10183260106B70700809387070AFA
:10A160002320D7002320F102832601021307700069
:10A17000B707008023A0E6009387074A2322F10255
:10A18000832641020326C10693870EA223A0C600A0
:10A190002324F10223A007008327010723A0F9123B
:10A1A0008327010323A0F91A8327410723A0F9522B
:10A1B00023A00EAA8327810523A0FE828327010402
:10A1C00023A0FE8A8327810723A0FC0023A00EC2C0
:10A1D00023A049338327410323A0F93A8327C107EA
:10A1E00023A0F95A23A00EB223A0694323A0E92A91
:10A1F00023A0E96223A00ECA23A00922832A810C8E
:10A20000B7D70F009387F78923A05ED32320FC00E4
:10A2100083270101832A010C23A057018327810092
:10A22000832AC10323A057018327C100832AC10ABF
:10A2300023A0570123A00EBAB717000023A0FE8267
:10A24000832A01049387078023A05E8B832A010B56
:10A2500023A05C0123A00EC223A0F932832A41036C
:10A26000B70740009387F7FF23A0593B23A0F95A73
:10A2700023A00EB29307001023A0F94223A0E92ADD
:10A280008327810A23A0F96223A00ECA8327010332
:10A2900023A0F91A23A049139307700123A0F952B0
:10A2A00023A00EAA832A0102138A490123A0EA00EF
:10A2B000832AC10123A06A01832A410223A0FA0054
:10A2C0008327810223A00700B7C70F0023A009221C
:10A2D0009387D7492320FC00B707010023224105BB
:10A2E000938717012320FA0083274D02032A0105D3
:10A2F000832A8106B387F702330A5A41232841058E
:10A30000832A8103032A8106B38A4A01232C51033D
:10A31000032AC10B832A8101B38A4A41232C5101AC
:10A32000B7DA0F00938AFA0923205109B7DA0F0030
:10A33000938ADA8923225109B70A0600938A1A01FF
:10A3400023245109832A010123A0FA0083278100D5
:10A35000832A810B23A05701032A4D02832AC102BD
:10A3600083270D02330A4A03B3875741832AC1006A
:10A37000B38747039387F7FF23A0FA0083274D0293
:10A38000832AC102B387F702B387570323A0FEBA1B
:10A3900083274D0223A0FE828327010923A0FE8A82
:10A3A000032A4D0283274101B307FA40B3874703CD
:10A3B0009387F7FF23A0FC0083274D02832A4101E6
:10A3C000B387FA0223A0FEC223A069438327810931
:10A3D00023A0F92A83274D029387F7FFB387B7415C
:10A3E00023A0F96223A0BECB032A4D02832A410198
:10A3F000B3074A03330A5A03832AC102B3875703B8
:10A40000832A4D01B3874701B387B701B38757014B
:10A4100023A0F9228327C109130A800023A0FED2BA
:10A42000832701082320FC008327C101832A4106DA
:10A4300023A0570183270102832AC10323A05701C8
:10A4400083274102832AC10523A057018327810264
:10A4500023A007008327010623A0F91223A0E91AED
:10A460008327C10623A0F95223A00EAA8327010740
:10A4700023A0F9328327010323A0F93A8327410758
:10A4800023A0F95A23A00EB283270101032F8105CF
:10A4900023A0E70183278100032F010423A0E70104
:10A4A0008327C100032F810723A0E70123A00EBA51
:10A4B00023A04E838327410323A0FE8A8327C1075D
:10A4C00023A0FC0023A00EC223A0694323A0E92AF5
:10A4D00023A0E96223A00ECA23A0092283274108F2
:10A4E0002320FC0083278108032741042320F70051
:10A4F0000327C10883274D02B38DED0063DEFD0CF9
:10A500008326410B832741090326810103278D05FB
:10A51000B387D7008326C104B387D740B386C6402C
:10A52000E31C07A637070080232A070A1307E00168
:10A530002320EC00032701010326810F2320C700FD
:10A54000032781000326010A2320C7000326C10038
:10A5500083250110371700802320B6000326C10F82
:10A560002320C7BA0326C104371700802320C782DF
:10A570000326410A371700802320C78A0326410E8D
:10A580003717008023A0CC000326010E2320C7C26A
:10A5900037070080130610002320C74237060080CB
:10A5A0002320F62A83278101130706001386F7FF6D
:10A5B0002320C762B717008023A0D7CA8327C10E04
:10A5C0008326810137070080B386D7402320D72216
:10A5D000B71700806FF05FA703290111832D811049
:10A5E0000325C11083294111832A81116356F9087B
:10A5F0000327410C232A2101930609003307570141
:10A600002322E10C0327C10C3389DA0033075701F9
:10A610002326E10C0327810E3307B7412324E10EE3
:10A620000327410D3307B701232AE10C0327410E0D
:10A630003307A7402322E10E0327010E3307A700AB
:10A640002320E10E0327C10E3307A7002326E10EC6
:10A6500003278D03E340F086832B0115032B41155F
:10A66000130C05006350F9026340F03E33095901B1
:10A67000E34EF9FE6F000001832B0115032B4115FA
:10A68000130C05008327C10F03270116B387E700CA
:10A69000232EF10E83270110B387E7402320F1100A
:10A6A0008327C112B38767012326F112832741173D
:10A6B00063C2FBCC832741140327C11463C4E70E94
:10A6C00083260D026FE01FAB1315C4002320A600E4
:10A6D0000326C10323A0C5000326C10A8325C100A8
:10A6E00023A0C500232008002320130123200E00EF
:10A6F0000326010B9305100023A0CE0023200F009A
:10A7000023A0EF0023A053001307F04F2320EC00F9
:10A7100023A00C001306700023A0CD000326010126
:10A720002320B600032641012320E60003268101F1
:10A73000232006006FF00FAB832B8113130A000058
:10A740006FF0CF85938747C02320F700B7070080BD
:10A7500023A20702EF2080428327811233879700CC
:10A760009357F701B387E70093D717409387770094
:10A7700013D7F74113777700B307F70093F987FFF3
:10A780008327811663940706832B81130326C10850
:10A79000130A00006FF00F8113050000EFB09EBE9A
:10A7A0006FE09FBB0324811B8324411B0329011BF2
:10A7B0008329C11A032A811A832A411A032B011AF9
:10A7C000832BC119032C8119832C4119032D0119E5
:10A7D000832DC1188320C11B1301011C6780000059
:10A7E00013050000EFB01EBA6FE01FB68327811378
:10A7F000138A09000326C108B38B3701832981120C
:10A800006FE05FFA93083000232611096FE08FD6BE
:10A8100063C4FE22376366661303736633136602EE
:10A820001356F641B387F600130EA70013532340C7
:10A830003306C340635416016FE00FE963CEFE1E7A
:10A8400013069000B387F600138308002326C1087F
:10A85000B7A88B2E9388982EB3181E031356FE416B
:10A86000130EB70093D81840B388C84063D468006B
:10A870006FE0CFE8130600016354F6006FE00FFBB2
:10A88000B387F6001306030037B3AA2A1303B3AA4B
:10A8900033136E029358FE41130EC7001353134037
:10A8A000330313416354C3006FE0CFEC93080001FE
:10A8B00063D4F8006FE08FF7B387F6006FE08FE89E
:10A8C00093085000232611096FE0CFD013064000F3
:10A8D0002326C1086FE0CFCC1306100093080700B1
:10A8E0002326C1086FE00FC69308700023261109C4
:10A8F0006FE0CFD4130660002326C1086FE08FD02D
:10A90000130680002326C1086FE00FD693080001CC
:10A9100063C8F81637968888130696883316CE02D1
:10A92000935EFE41B387F6001307F7003306C601B6
:10A93000135636403306D641634C660263C2F814A0
:10A940009307E0002326F1089357F74193F7F700A8
:10A95000B387E70093D7474063C467006FE00FED0C
:10A96000930700012326F108232EF1106FE0CFEDAD
:10A970009308000163C2F8029357F74193F7F70079
:10A98000B387E70093D7474063D8C7002326110950
:10A99000232E11116FE04FEB9307F000232E1111BE
:10A9A0002326F1086FE04FEA634CF60A9308C000D3
:10A9B000B387F600130603002326110937234992B3
:10A9C0001303334933936E0293D8FE41130EE7000D
:10A9D0003303D3011353334033031341E348C3F22A
:10A9E0009308000163D4F8006FE04FE4B387F600EA
:10A9F000130306006FE04FE0930710002326F108D1
:10AA00006FE00FE463C2FE029308A000B387F60074
:10AA1000232611096FF05FE763D4FE006FE04FE279
:10AA2000B387F6006FF0DFE29307A000232ED11169
:10AA30002326F1086FE04FE193079000232ED111F8
:10AA40002326F1086FE04FE0330959016FF09FC1F1
:10AA50009307B000232ED1112326F1086FE0CFDE3B
:10AA60009307C000232EC1102326F1086FE0CFDD2D
:10AA70009307D000232EC1102326F1086FE0CFDC0E
:10AA80009307E000232E11112326F1086FE0CFDB9E
:10AA9000130101FC37C80000232821031309050016
:10AAA000130588FA232E1102232C8102232A9102F6
:10AAB00013840700938405002326C1002324D100BA
:10AAC0002322E100EF20401813050400EF20C03ED0
:10AAD0000326C10083268100032741003755020069
:10AAE0009305C1011305851F232E91002320C10268
:10AAF0002322D1022324E10223268102EFB04ECC8F
:10AB000013050900EF20C0458320C10303248103FE
:10AB1000832441030329010313010104678000001A
:10AB2000130101F637C30000232C8108130405002C
:10AB3000130583FA232EB100232CC100232AD10050
:10AB40002328E1002326F1002324010123221101FF
:10AB5000232E1108EF20400F0325810BEF20C03575
:10AB60008327C1008325C101032681012320F1042D
:10AB70008327010A83264101032701012326F104CB
:10AB80008327410A03288100832841002328F104F8
:10AB90008327810A2326B102232AC102232AF10432
:10ABA0008327C10A232CD102232EE102232CF10496
:10ABB0008327010B2322010523241105232EF106EF
:10ABC0008327410B2320F1088327810B2326F108DB
:10ABD0008327C10B232EF1048327010C2320F106C8
:10ABE0008327410C2322F1068327810C2328F106B9
:10ABF0008327C10C232AF1068327010D232CF1069C
:10AC00008327410D2322F1088327810D2324F10896
:10AC1000930710006386F802375502009305C102BE
:10AC20001305C555EFB0CEB913050400EF2040332E
:10AC30008320C109032481091301010A67800000F0
:10AC4000377502009305C1021305850DEFB04EB7AD
:10AC500013050400EF20C0308320C10903248109BB
:10AC60001301010A67800000130101F637C30000D9
:10AC7000232C810813040500130583FA232E1108E1
:10AC8000232EB100232CC100232AD1002328E10068
:10AC90002326F1002324010123221101EF10D07A91
:10ACA0000325810BEF2040218327C100032681016A
:10ACB000832641012320F1048327010A0327010190
:10ACC000032881002326F1048327410A83284100B9
:10ACD0008325C1012328F1048327810A232AC10285
:10ACE000232CD102232AF1048327C10A232EE10257
:10ACF00023220105232CF1048327010B23241105B2
:10AD00002326B102232EF1068327410B379502003B
:10AD10009305C1022320F1088327810B130505CF7A
:10AD20002326F1088327C10B232EF1048327010C6E
:10AD30002320F1068327410C2322F1068327810C6F
:10AD40002328F1068327C10C232AF1068327010D4E
:10AD5000232CF1068327410D2322F1088327810D3F
:10AD60002324F108EFB0CEA513050400EF20401F07
:10AD70008320C109032481091301010A67800000AF
:10AD8000130101F8232A91052328A1052326B105E3
:10AD9000232E1106232C8106232A910603268503E0
:10ADA000B70700801387076A232EC100B71600007B
:10ADB000832445020324C5022320D700374700001F
:10ADC00023A007721307F7FFB707008023A0E77AD5
:10ADD000B717008023A007BA13070010B717008029
:10ADE00023A0E7820327C101B7170080138D050058
:10ADF0001307F7FF2326E10023A0E78A37070100A6
:10AE0000B71700801307F7FF23A0E792B71700805A
:10AE100023A007C2B707008023A0072A130710004A
:10AE2000B707008023A0E742B707008023A007628E
:10AE3000B717008023A007CA13078005B707008053
:10AE400023A0E7220327C101B7170080930D050057
:10AE500023A0E7D237070800B71700801307F707CA
:10AE600023A0E79A8326050337D70F001307D78758
:10AE700023A0D7E223A0E79A0326C100B7078C00DE
:10AE8000B706060037070080931CA601938747008A
:10AE900093861600232AD700B387FC00232AF700E5
:10AEA00023220702EF10904D63040D0003ADCD0285
:10AEB0001397340083A74D012320E10013173400BA
:10AEC000232EE102635CFD5A37070100B7870000BB
:10AED000370600801306066A371400801307F7FF51
:10AEE0009387F7FF232821072326310723244107CF
:10AEF0002322510723206107232E7105232C81056E
:10AF00002328C10013040492232AE1002328F1021C
:10AF1000232C910303A7CD0383260101371B0000D7
:10AF2000370A008023A066019307F7FF2320FA72F7
:10AF300093060A7A2324D1008326C1011316C70081
:10AF40001306F6FF3387E60283268100232CC10017
:10AF5000B719008023A0C60023A009BA930A0010E5
:10AF600023A059838326C10093047000930F10001F
:10AF700023A0D98A032641019306800413173700C2
:10AF80002320C40023A009C223209A2A2320FA43A5
:10AF900023209A6223A009CA2320DA22B7C20F0015
:10AFA00023A0E9D29382F20723A0599A03A3CD02EA
:10AFB0002320FA4337DF0F0033036D001303F3FF41
:10AFC0003303A34123206A2A03AE4D01130FDF0789
:10AFD000B70E0600130EFEFF330EAE412320CA63E8
:10AFE00023A0A9CB03AE4D00B38EFE0113080A00C7
:10AFF000135E1E00330EAE012320CA2323A0E99B5B
:10B00000232ADA01032E010113050A00138C09C259
:10B0100023206E012320FA72032E8100032A81016E
:10B02000938B098A23204E0123A009BA23A05983B8
:10B03000032EC10023A0CB01032E41012320C40114
:10B0400023200C002320982A2320F84323209862F1
:10B0500023A009CA130E00052320C82323A0E9D288
:10B0600023A0599A03AECD022320F84393942701DD
:10B07000B308CD019388F8FFB388A8412320182B8B
:10B0800003A84D0137078000130747201308F8FF76
:10B090003308A8412320056323A0A9CB83A58D00F5
:10B0A000832781033387E40093D51500B385A50179
:10B0B0002320B52223A0E99B3307F700232AD501DB
:10B0C000232AE50023220502EF10502B83A7CD0190
:10B0D000635EF0368326C10313163D0013153D0051
:10B0E0003386C6001306F6FF93173D003306A640CD
:10B0F0002322F1002320C102B71780000326810319
:10B1000083260100938747C0B387F400B387C70045
:10B1100037078000232AF1029387F6FFB387A74001
:10B12000130747403387E4002322F102B70700806A
:10B130003307C7009387075A2324E1022326F1022D
:10B14000930B0000130B00006F00000F83224103DC
:10B15000930A000423A0580003A8CD0223A0F50100
:10B16000B7D20F0033080D011308F8FF3308A841C8
:10B170002320050103AA4D013308F8019382F20947
:10B18000130AFAFF330AAA412320460123A0A6018D
:10B1900003AA0D01330A4D012320470123A0030117
:10B1A00023A0570003A8CD0383220101B7030100A8
:10B1B0001308F8FF23A0820123A0090103A8CD03EF
:10B1C00083298100B7C20F001318C8001308F8FFC5
:10B1D00023A00901232009001308001023200F01D8
:10B1E0000328C1009382D209B383F30123A00E0187
:10B1F000032841012320040123200E0023206500A1
:10B2000023A0F5012320660023A006002320570178
:10B2100023A05700B707008023A0780023A20702CD
:10B22000EF10D01583A7CD0163D2F422832701004C
:10B23000130B1B00B38BFB0083A7CD0337070080E4
:10B24000371C0000232087339386F7FF37070080E1
:10B250002320D73A8326C102032601033717008033
:10B26000B709008023A0C600232007B2832601016E
:10B27000130700103719008023A0E6008326C100C1
:10B28000930E09001303700023A0D9728326C10115
:10B2900003264101930C8000B387D70283268100E7
:10B2A0001307F0033705008023A0C600232009BA46
:10B2B00023A06E8A23A09E832320E40023A00EC235
:10B2C0002320652A930F10002320F5432320E562F5
:10B2D00023A00ECA232005229397670037C80F00CA
:10B2E00023A0FED21308F80923A00E9B8328010097
:10B2F000B7D40F009384D40923A01E8323A00E8A01
:10B300008328410003A88D02B70A0500B3827801A3
:10B310008328010033086841B38AFA01330818030F
:10B32000138E0E0093860E00370A0800330A9A0126
:10B33000130605001307050093870E009308050008
:10B34000138F0E821308F8FF2320040123A07EC36D
:10B350002320F54303280102938306D29305054277
:10B360002320052B0328410293890972130909BA86
:10B370002320056303284100938E0E8A130E0EC20C
:10B3800023A00E4103A80D001305052A130606622B
:10B39000B3820201232055F823A09E10232A55D7FB
:10B3A00023A08EF923A00E00832281013708080014
:10B3B0001308F8092320540023200E0023206500E1
:10B3C0002320F5192320653823A006CA232045F938
:10B3D00023A096D323A0069B2320F51923206500E4
:10B3E00003AACD0113183B00B7020300130AFAFFAA
:10B3F000330A0A412320460123A006CB03AACD002D
:10B40000B382F201938606CA330A480123204723F8
:10B4100023A0979A23AA580083228102B30498019B
:10B420001307072223AA580083A2CD019387079A06
:10B4300093884801E3DC54D0B707008023A20702B9
:10B44000EF10C07383A7CD01E3C2F4DE83A7CD0262
:10B4500003A74D0193971700330DFD00E34CEDAAB0
:10B46000032901078329C106032A8106832A41068D
:10B47000032B0106832BC105032C81058320C10703
:10B480000324810783244107832C4105032D0105F3
:10B49000832DC1041301010867800000130101F826
:10B4A000232C8105032C0500232A91062324410720
:10B4B0009357FC0123225107B3878701232E1106DE
:10B4C0002326B105232EA1008324C50093DA17405B
:10B4D000138A050063860500138A0A00930A0C008C
:10B4E000B70700803717000023A0E76AB70700807E
:10B4F0003747000023A007721307F7FF232CE10052
:10B50000B707008023A0E77AB717008023A007BA07
:10B5100013070010B717008023A0E782B717008039
:10B520001307F00023A0E78AB71D0080B7070100CA
:10B530009387F7FF23A0FD92B717008023A007C2CF
:10B54000B707008023A0072A13071000B707008061
:10B5500023A0E742B707008023A00762B717008047
:10B5600023A007CA13078004B707008023A0E7229F
:10B57000B71700801307000123A0E7D2B707080020
:10B58000371700809387F7072320F79A8327C10195
:10B5900037D60F001306D68783A60702B7070080A9
:10B5A000938D0D922320D7E22320C79A37070600F8
:10B5B00013071700B7168C3C23AAE700938646F0C2
:10B5C00023AAD70023A20702EF10405B635A5A3B1D
:10B5D000B3879402232E710523206107130BFCFF10
:10B5E000232C81062328210723263107232A9105AE
:10B5F0002328A10523285103232AF100939B9700B8
:10B60000B307FA02232A7103232C61032328F100D4
:10B6100083274101330CFC02232E81038327410140
:10B62000638A07248327C10303260101370701002A
:10B630009387F7FFB387C7402320F102B707008045
:10B640009387075A2326F1009307F7FF2322F1027D
:10B6500083274101130D0000232641039387F7FF41
:10B660002324F102B70400809307004023A0F432A2
:10B67000130C300023A0843B0327C10037190000BE
:10B680009306F9FF2320D700B713008023A003B24D
:10B690001307000423A0E46A930BF00023A0747343
:10B6A0009386047A2322D100138606009306F03F86
:10B6B0002320D600938703BA2324F10023A0070098
:10B6C000130B800023A063839307700023A0F38AE9
:10B6D000130AF00323A04D0123A003C29309100015
:10B6E00023A0344323A0F42A23A0F46223A003CA96
:10B6F00023A00422B7DE0F0023A023D3938EFE895C
:10B7000023A0D39B832E4101130F0900930A00400D
:10B7100023A0D383930EF01F23A0D38B832E01028B
:10B720009308000437178C3C23A0DD01832E010110
:10B730001307471023A0D3C323A0344323A0F42A24
:10B74000832E8102B38EAE4123A0D46323A0A3CB6A
:10B75000832EC10183ACCE01832E01013389AE015A
:10B7600033099901B7DE0F0023A02423938EDE094D
:10B770003709060023A0D39B1309190123AA24012A
:10B7800023A0E38323A0838B032F8101930C00105C
:10B79000330D6D0123A0ED0123A003C223A0943338
:10B7A00023A0743B032FC100832C410223209F015F
:10B7B00023A003B223A0F42A23A0644323A044635C
:10B7C00023A003CA23A0F47223A0346B032F4100EB
:10B7D000B7CC0F00938CFC4923204F01032F81002D
:10B7E00023200F0023A00422371F000023A0E3D34F
:10B7F00023A0939B1303FFFF23A0538323A0838BDA
:10B8000023A06D0023A003C223A0143323A0743B04
:10B810000323C1009308F03F2320130123A003B2A8
:10B8200023A0646B23A0F4728328410023A0480165
:10B830008328810023A0080023A0344323A0F42AF6
:10B8400023A0F46223A003CAB7D70F0023A00422C9
:10B850009387D78923A0F39A23AA240123AAE4007B
:10B8600023A20402EF10803183274101E34CFDDE67
:10B87000032AC102B7278C3C37040080938747A076
:10B88000232AF40023220402EF10402F1303100098
:10B89000232064429307F01F2320F42A8327810387
:10B8A000B716008013080020B38747412320F462B5
:10B8B00023A046CB8327C101B7180000130E300028
:10B8C00083A787011306000437070100B307FA00B6
:10B8D0002320F42223A006D337D80F001308F80939
:10B8E00023A0069B2320146B2320C473832881018B
:10B8F000130E0010130870002320147B23A006BA37
:10B9000023A0C683B7080100130EF00023A0C68B46
:10B910009388F8FF23A01D0123A006C22320042B37
:10B92000232064422320046323A006CA93870600D1
:10B93000B7C60F002320C4229386D60923A0D79A26
:10B94000B3076700232AF40083270101032741037B
:10B95000130A0A20B387E7002328F1008327010395
:10B96000E34EFACA03248107032901078329C1068C
:10B97000032B0106832BC105832C4105032D0105F3
:10B980008320C10783244107032A8106832A4106B5
:10B99000032C8105832DC104130101086780000079
:10B9A000130101F737C8000023248108232EB105B5
:10B9B00013040500938D050013050875232611084F
:10B9C000232CC100232AD1002328E1002326F100E3
:10B9D000EF108027635AB02DB74500009387F5FF1D
:10B9E0000326810183264101032701012324F1005D
:10B9F0008327C1002328610723267107232291078B
:10BA00002320A1072322910823202109232E310777
:10BA1000232C4107232A510723248107930C00007C
:10BA2000130D0000B71B0000130B10002326810428
:10BA30002328B103232AC102232CD102232EE102A1
:10BA40002320F1048327C103B387970103A50700CF
:10BA500083274103B38697018327810383A60600CA
:10BA600033879701832701042326D100032407008D
:10BA7000B387970183A707002328F10063120524E9
:10BA80006356801E3716008013060692B70706001D
:10BA90009387170037070001232AC100B7C60F009C
:10BAA00037060800371A0080370F0080B70E008075
:10BAB000370E008013068600371300809386F60940
:10BAC0001307F7FFB7080080232EF1009307F4FF58
:10BAD000130A0A82130F0F42938E0E62130E0E2268
:10BAE000232CC1001303039A2326D1022324E1024D
:10BAF000938848012322F102930F0000930AF06318
:10BB0000232291052324A105832781023715008074
:10BB1000B7150080B38DF7418327C1003706008039
:10BB2000B7160080338DF701832741023718008054
:10BB3000B7D40F00B38CF74183270101B7D30F00AF
:10BB400093090064338CF701B7C70F009387D709B7
:10BB50002320F1029307740093F787FF1305058AEA
:10BB6000938505C21306062A938606CA130808D2CF
:10BB700013870F009384D409130980059383F30975
:10BB800063D4F9009387090023207A01232005005C
:10BB90008329410183228100B38FFF003304F440E5
:10BBA00023A0590023A005009389F7FF2320360125
:10BBB00023206F0123A05E0123A0060083228101C0
:10BBC00023205E002320F8008322C1029387FFFF19
:10BBD000B387E7402320530023206F012320F60082
:10BBE00023A0BE0123A0E6002320AE012320930062
:10BBF0008322C10123A0580023A0280123206F0124
:10BC00002320F60023A09E0123A0E60023208E011E
:10BC1000938717002320F8002320730023207A0144
:10BC200023200500832741010327810023A0E7008B
:10BC300023A005002320360123206F0123A05E01ED
:10BC400023A00600832781012320FE008327010211
:10BC50002320F3008327C10123A0F80023A028019B
:10BC6000E34480EA832C4104032D810483270103EC
:10BC7000130D1D00938C4C00E396A7DD0324C10433
:10BC800083244108032901088329C107032A810766
:10BC9000832A4107032B0107832BC106032C81064E
:10BCA000832C4106032D010613050400032481089B
:10BCB0008320C108832DC105130101096F10402A9B
:10BCC000EF10801FE35480FA3716008013060692A7
:10BCD000B70706009387170037070001232AC10022
:10BCE000B7C60F0037060800B71A0080371A008061
:10BCF000B70E0080370E00803703008013068600E1
:10BD0000B71800809386F6091307F7FF37080080FD
:10BD10002326F1029307F4FF938A0A82130A0A8A00
:10BD2000938E0E42130E0E6213030322232CC100C6
:10BD30009388089A2324D1022322E10213084801A0
:10BD40002320F102130F0000232291052324A105D3
:10BD500083274102B715008037060080B38DE74185
:10BD60008327C100B716008037150080330DFF0010
:10BD700083270102B7D40F00B7C20F00B38CE7418D
:10BD800083270101B70F010093030064330CFF0008
:10BD9000B7D70F009387F709232EF100930774009C
:10BDA00093F787FF938505C21306062A938606CA72
:10BDB000130505D213070F009384D40913098005D6
:10BDC0009382D209938F1F0063D4F30093870300FB
:10BDD00023A07A0123200A008323410183298100C3
:10BDE000330FFF003304F44023A0330123A00500E8
:10BDF0009389F7FF2320360123A06E019303F0639C
:10BE000023207E0023A006008323810123207300CA
:10BE10002320F500832381029307FFFFB387E740C8
:10BE200023A0780023A06E012320F6002320BE016A
:10BE300023A0E6002320A30123A098008324C102AD
:10BE40009303F063232098002320280123A06E0190
:10BE50002320F60023209E0123A0E6002320830157
:10BE6000938717002320F5008327C10123A0F80042
:10BE700023A07A0123200A008327410103278100A0
:10BE800023A0E70023A005002320360123A06E0194
:10BE900023207E0023A00600832781012320F300B6
:10BEA00023A058002320F80123202801E34280EA40
:10BEB0006FF05FDB130101F9B7C700002322910681
:10BEC0009304050013850775232611062324810694
:10BED000232021071384050013090700232CC10028
:10BEE000232ED100EF00505613050900EF00D07C3F
:10BEF0009307F4FF232AF100635C802237070001D7
:10BF0000B7C60F00B7070300232A51052328610590
:10BF1000232671052320A10537450000B71B0080AB
:10BF2000371B0080B71A0080B70E0080370E0080E4
:10BF300037030080370D0800B71800809386F60994
:10BF40001307F7FFB70500809387170023248105A7
:10BF500023229105232EB103232E3105232C4105E5
:10BF6000130F0000938B0B82130B0B8A938A0A9298
:10BF7000930DF5FF938E0E42130E0E6213030322F0
:10BF8000130D8D009388089A2322D1022320E10209
:10BF9000938545012324F102B71C0000930F100084
:10BFA000130CF063232691028327010237150080CA
:10BFB00037060080338AE74183278101B716008066
:10BFC00037180080B309FF00B7D70F009387D70950
:10BFD0002322F1008327410193040064130505C265
:10BFE0003389E7418327C1011306062A938606CACF
:10BFF000B307FF002320F100B7D70F009387F7099D
:10C000002324F100B7C70F009387D7092326F10037
:10C01000B7070100938717002328F10093077400E6
:10C0200093F787FF130808D213070F0093038005C7
:10C0300063D4F4009387040023A09B0123200B000A
:10C0400023A0BA01232005009384F7FF2320960044
:10C0500023A0FE0123208E0123A006002320A3019C
:10C060002320F80083224102330FFF003304F44001
:10C0700023A058009307FFFF23A0FE01B387E740EA
:10C080002320F60023204E0123A0E60023203301C5
:10C090008322410023A058008322810223A055005F
:10C0A00023A0750023A0FE012320F60023202E01EB
:10C0B00023A0E60003270100938717002320E30055
:10C0C0002320F8008327810023A0F80023A09B01F0
:10C0D00023200B0023A0BA01232005002320960073
:10C0E00023A0FE0123208E0123A006002320A3010C
:10C0F0008327C10023A0F8008327010123A0F500B6
:10C1000023A07500E34280EA8324C1028329C1058C
:10C11000032A8105832A4105032B0105832BC104D2
:10C12000032C8104832C4104032D0104832DC103BE
:10C13000032481068320C106032901061385040018
:10C1400083244106130101076F009061130101F977
:10C1500037C300002324810613040500130503756B
:10C1600023261106232EB100232CC100232AD1003F
:10C170002328E1002326F1002324010123221101B9
:10C18000EF00902C03258107EF001053832701084F
:10C19000032741088325C101032681013383E70278
:10C1A0008327C10083264101032701012328F102CF
:10C1B0008327010703288100832841002322F104FB
:10C1C0008327410737B502002320B1022324F1045D
:10C1D000832781079305010213133300232AF104F7
:10C1E0008327C107130505D82322C1022328F104A0
:10C1F000832701082324D1022326E102232EF10400
:10C2000083274108232A0103232E110323266104D7
:10C21000232CF104EF90DEDA13050400EF005054F4
:10C220008320C106032481061301010767800000F3
:10C23000130101FA37C30000232A91049304050077
:10C2400013050375232E1104232C8104232EC10012
:10C2500013840500232CD100232AE1002328F100B8
:10C260002326010123241101EF00101E032541069E
:10C27000EF009044832701010326C1018326810139
:10C280002324F10283270106032741010328C1006B
:10C29000232AF102832741068328810037B5020053
:10C2A0002326F10483278106930581021305C549DE
:10C2B000232281042320C104232CD102232EE10256
:10C2C00023260103232811032324F104EF905ECFDA
:10C2D00013850400EF00D0488320C10503248105A5
:10C2E0008324410513010106678000000327C50070
:10C2F00083270500130101F723261108232CF102DF
:10C300009357F74193F7F700B387E70093D7474078
:10C3100093973700232EF102832745002320F10451
:10C32000832785002322F104638E05020326C103BF
:10C3300083270501832601043307C740B307F602AC
:10C34000B386C6002320D104232EE10283264104B4
:10C3500003278103B386C6002322D104B307F70065
:10C36000232CF1028327C103232E01009387F7FFBB
:10C370002324F1048327C103638A074CB7470000D5
:10C38000B706008037078C3C9386460113074700A9
:10C390009387F7FF23229107232481082322910802
:10C3A00023202109232E3107232C4107232A51075B
:10C3B0002328610723267107232481072320A1074F
:10C3C000232EB105232CD1002326E1042326F102DC
:10C3D000930C0500832781010327C104930D0000FE
:10C3E00023A0E7000327C1038326C10183A70C0113
:10C3F0003307D7402328E1026358F02AB70701002A
:10C40000B70600809386065A371D00809387F7FF92
:10C410002320D102130D0D92232AF102370F008041
:10C42000130700402320EF3293070F3A2322F10035
:10C43000930A300023A0570183260102B71F000092
:10C440001386FFFFB717008023A0C600938707B2AB
:10C450002324F1008326810093070F6A130AF0005A
:10C4600023A006002326F1000326C1009306000442
:10C4700093070F722320D6002328F1000326010121
:10C4800093070F7A9309800023204601232AF100A5
:10C49000832541011306F03FB717008023A0C50094
:10C4A00023A007BA938E070023A03783138C07BA03
:10C4B0009307700023A0FE8A9303F00323207D00DE
:10C4C00023A00EC29302100023205F422320FF2AE4
:10C4D0002320FF6223A00ECA23200F2237D70F008C
:10C4E00023A0FED31307F78923A0EE9A83AF0C0194
:10C4F0001307F01FB7DB0F0023A0FE8323A0EE8AF3
:10C5000003A70C0183240103938BDB09B70F0600FB
:10C510003387E402B7D40F009384D4892322910295
:10C52000938F1F0137CB0F00130BFB4913040040FF
:10C5300037098C3C130949301307F7FF2320ED001E
:10C540008324C10103A70C013387E40293044F0243
:10C550002324910223A0EEC223205F422320FF2A3E
:10C5600003A70C011307F7FF3307B7412320EF623E
:10C5700023A0BECB8324C10103A70C013387E402AF
:10C58000832481033307B701330797002320EF2269
:10C5900023A07E9B8324810137170000130EF7FF31
:10C5A00023A0F40123A0EE8223A05E8B8324C1028A
:10C5B000B38D3D0123209D0023A00EC293040010E3
:10C5C00023209F328324410023A0440183240102BD
:10C5D000832B410323A074018324810023A0040042
:10C5E0002320FF2A23203F4323207F6223A00ECA5B
:10C5F0008324010123A0F4008324C10023A054005C
:10C600008324410123A0740023200C0023200F2247
:10C6100023A0EED223A06E9B23A08E8223A05E8B4C
:10C620002320CD0123A00EC2130700042320EF32E4
:10C63000032341001307F03F23204301032301029A
:10C640002320E30003278100232007000327C100E4
:10C6500023203701032701012320F700032741018D
:10C660002320770023200C0023205F422320FF2A71
:10C670002320FF6223A00ECA23200F22832741021A
:10C6800023A0FE9A8327810123A0F701832781013C
:10C6900023A027018327810223A00700EF00004E7B
:10C6A00083A70C01E3CCFDD6B7050080130E100064
:10C6B00023A0C5439307F01F23A0F52A0327810475
:10C6C0008326C101930B002037D90F00330CD740CC
:10C6D00023A085638328C101B71600801309F909D7
:10C6E00023A016CB8328C10103230104138D0572F7
:10C6F000130B3000B387680023A0F52223A076D364
:10C7000023A0269BB718000023A0156B23206D01E2
:10C710000323C102930A0010B70F010023A0657A1A
:10C7200023A006BA23A056831303F00023A0668A31
:10C73000938FFFFF23A0F69323A006C2130A700075
:10C7400023A0452B23A0C54323A0656223A006CACE
:10C750001308000423A0052337C80F001308D809C5
:10C76000232201018328410037080600938D057AB2
:10C7700023A0169BB308C8010328810193890600F2
:10C780002320180123A0C5431308F01F23A0052B65
:10C7900023A08563032CC10123A086CB032CC101F8
:10C7A00003284104330C0C0123A0852323A076D356
:10C7B00023A0269B3718000023A0056B23206D01C2
:10C7C0000328C10223A00D0123A006BA23A056838B
:10C7D00023A0668A23A0F69323A006C223A0452B9C
:10C7E00023A0C54323A0656223A006CA9306800444
:10C7F00023A0D5220327410023A0E99A8327C10162
:10C80000B3877701232EF1008327810123A017012D
:10C810008327C1010327C103E3EEE7BA032481089C
:10C8200083244108032901088329C107032A8107BA
:10C83000832A4107032B0107832BC106032C8106A2
:10C84000832C4106032D0106832DC1058320C108D9
:10C850001301010967800000130101FC37D80000B3
:10C86000232A9102930405001305C894232E110274
:10C87000232C81022326C100138405002324D10028
:10C880002322E1002320F100EF00003C0326C10039
:10C8900083268100032741008327010037C502005A
:10C8A0001305C52E9305C101232E81002320C1024B
:10C8B0002322D1022324E1022326F102EF904EF03D
:10C8C00013850400EF00C06913058101EF901EA7D6
:10C8D000E30C05FE8320C103032481038324410369
:10C8E0001301010467800000130101FE23244101AC
:10C8F00083C7D1A1232E1100639A0708130505D819
:10C900006310050A938505E2639C0508232C8100CA
:10C91000232A9100370400C023263101B7090040C3
:10C9200023282101938481381309C403938949FD85
:10C930001304C40237250E00130505F0EF20012370
:10C94000B3073401B387F40023A0A7002320A40079
:10C9500013044400E31024FFB70700C013071000BE
:10C9600023A2E70283A781A20324810103290101F5
:10C9700093972700B384F40083A704008329C100A0
:10C9800083244101A38EE1A023A0F1A2130500009E
:10C990008320C101032A8100130101026780000086
:10C9A0001305F0FF6FF0DFFE83A781A213878138A4
:10C9B00093972700B307F70003A60700B70700C047
:10C9C00023A6C70283A781A213063000938717000E
:10C9D0006342F60213860700939727003307F70098
:10C9E0000327070023A4C1A223A0E1A2130500008E
:10C9F0006780000013060000930700006FF0DFFD62
:10CA0000130101FE2326310183C7C1A1232E11008A
:10CA100063980708130505D8631E0508938505E28A
:10CA2000639A050837250E00130505F0232C8100B5
:10CA3000232A91002328210123244101EF200113FF
:10CA4000370400C0370900409304440223A6A1A282
:10CA500013044401138A81391309C9FE37250E00D6
:10CA6000130505F0EF208110B3072401B307FA0086
:10CA700023A0A7002320A40013044400E31094FE85
:10CA800013071000B70700C023A6E70003248101A5
:10CA90008324410103290101032A8100238EE1A09F
:10CAA000130500008320C1018329C1001301010285
:10CAB000678000001305F0FF6FF0DFFEB70700C0CE
:10CAC0009387070183A7070083A641A213050000EF
:10CAD000638EF60223A2F1A2639C0702B70600C090
:10CAE00093860602930730001387813893972700B7
:10CAF000B307F70003A7C1A283A507011305100020
:10CB000023A8E70023A6B1A223A0E60067800000C7
:10CB1000B706003093864600B386D700939626006A
:10CB20009387F7FF6FF05FFC03A5C1A26780000049
:10CB3000B70700C023A0A70067800000B70700C0A8
:10CB400003A5870067800000B70700C003A5C703DF
:10CB50001375F50F67800000B70700C023A0A70476
:10CB600067800000B70700C003A547046780000086
:10CB7000B70700C003A5870467800000130101FC0C
:10CB80002320110023228100232491002326210148
:10CB900023283101232A4101232C5101232E610135
:10CBA0002320710323228103232491032326A1033D
:10CBB0002328B10393020100130102001382020033
:10CBC0008320010003244100832481000329C10044
:10CBD00083290101032A4101832A8101032BC10119
:10CBE000832B0102032C4102832C8102032DC102FD
:10CBF000832D010313010104678000001383015D8D
:10CC000093020100938202801382020023A0A200FB
:10CC100023A2820023A4920023A6220123A832018A
:10CC200023AA420123AC520123AE620123A0720366
:10CC300023A2820323A4920323A6A20323A8B20360
:10CC4000232253006780000003A701A36304A726E3
:10CC5000130101FD23A8A1A2835705001305250098
:10CC6000B705008093F6E7FFB306D50003D70600AB
:10CC70003706008013088005135717401307370045
:10CC80001306460123A205022320060113180701FB
:10CC90001358280193854502137FC7FF6314080AC0
:10CCA00023A0050037030080130E10002320C34388
:10CCB000130730002320E32A2320E362B715008006
:10CCC00023A005CA93D737409306400023A0D582FE
:10CCD0009386F7FF23A0D58A23A0D59223A005C26F
:10CCE000370718002320E3229397270037C60F0049
:10CCF00023A0F5D21306F60723A0C59A2320C34329
:10CD00009387F7FF2320F32A2320F36223A005CA89
:10CD10001355150037D60F002320A3221306D6077C
:10CD2000B706060023A0C59AB70700803387C6015F
:10CD300023AAE7001307800523AAE70013010103D4
:10CD40006780000037180080232681022324910287
:10CD500023222103232A6101232871012324910125
:10CD60002322A101232C51012320B10137140000FB
:10CD700013080882B7180080232088003787000036
:10CD80003718008023A0088A130BF7FF371700809D
:10CD900023206893232007C2370E00809302FFFFF1
:10CDA00023205E2A93031000130707C223207E422C
:10CDB000930B07009388088A1307F4FF2320EE6281
:10CDC000B718008023A008CAB704080023209E22B9
:10CDD00023A0E8D3938FF40723A0F89B23207E425F
:10CDE000938C0F00B70F000123205E2A938FFFFF63
:10CDF0002320FE63138908D29386260023A008CA45
:10CE000093D6160037D90F002320DE221309D90745
:10CE100023A0289B130D0900370906003309790068
:10CE20002320260123A00500B715008093850582E5
:10CE300023A08500B715008023A0058A23206893CE
:10CE40009385058A23A00B0023205E2A9305F4FF17
:10CE500023207E422320BE6223A008CA23209E22D4
:10CE600023A0E8D323A0989B23207E4223205E2A80
:10CE70002320FE6323A008CA2320DE2223A0A89B30
:10CE80002320260113080892938508D20324C102A7
:10CE90008324810203294102832A8101032B41015A
:10CEA000832B0101832C8100032D4100832D010080
:10CEB0006FF05FDF678000006302050AB70800803B
:10CEC000130310008357050023A0684223A0682A9B
:10CED00023A0686237160080232006CA930620002C
:10CEE0002320D6829306F01F2320D68A2320D692B1
:10CEF000232006C23707100023A0E822130F0040AA
:10CF000037CE0F002320E6D3130EFE072320C69B47
:10CF10009397870023A068429387F7FF23A0F82AFE
:10CF200023A0F86213052500232006CA930E0600ED
:10CF30001355150037D60F0023A0A8221306D607D5
:10CF4000B7060600B707008023A0CE9A3387660095
:10CF500023AAE7001307800523AAE70067800000E3
:10CF6000B70700801387C70523200700138707062C
:10CF70002320A7001307E00523AAE700678000002D
:10CF8000130101FA232C8104232E1104232A910476
:10CF90002328210523263105232441052322510579
:10CFA00023206105232E7103232C8103232A91035F
:10CFB0002328A1032326B1038324850013D4F4017D
:10CFC0003304940013541440639E051EB70C0001F3
:10CFD000938CFCFF9304F4FF130E0000B70800804D
:10CFE000B713000023A0786A93023000B745000011
:10CFF00023A058729385F5FF23A0B87AB716008056
:10D0000023A006BA930F001023A0F6839387068A05
:10D010002324F10003278100130FF000B70701005C
:10D020002320E7019387F7FF2328F10083260101DE
:10D0300037130080130703922326E1002320D70033
:10D04000930703C2232AF100B70B008023A0070037
:10D05000930D700023A0BB2B9307100023A0FB426D
:10D0600023A0BB63232003CA23A00B22930E00201E
:10D070002320D3D3B7CE0F00938EFE072320D39B5C
:10D0800023A0FB4223A09B2A23A09B632320C3CB86
:10D09000832E0500232EA100232CC10193DE1E0048
:10D0A000B38ECE0137DC0F0023A0DB23130CDC078B
:10D0B000370D06002320839B330DFD00B70E8C3CFB
:10D0C00023AAAB01938E4E0023AADB01130A0300AF
:10D0D00023A20B02EFF09FAA9307100023A0FB42AC
:10D0E00023A09B2A23A09B63032E8101B7DE0F00A0
:10D0F000938EFE072320CACB0325C101B71300007E
:10D1000037470000032545009302300013860B7A51
:10D11000135515003305C50123A0AB2223208AD265
:10D120002320DA9B23A07B6A23A05B729305F7FF81
:10D130002320B60023200ABA930F00102320FA837D
:10D1400003278100130FF0002320E7010327C1000C
:10D15000832601012320D700032741012320070054
:10D1600023A0BB2B23A0FB4223A0BB6323200ACA1E
:10D1700013078000B7C70F0023A0EB229387D707C0
:10D180002320FA9A23AAAB01032481058320C10539
:10D1900083244105032901058329C104032A81044D
:10D1A000832A4104032B0104832BC103032C810335
:10D1B000832C4103032D0103832DC10213010106BA
:10D1C000678000009384F4FFB70C0001B3848440AF
:10D1D000938CFCFFB38C8C40130E0400138414005A
:10D1E0006FF0DFDF37D50000130101FE130545C0E6
:10D1F000232C8100232E1100EFF01FA51384813A08
:10D20000930780002310F4002311F4002312F4008C
:10D210002313F4002314F4002315F400130704016E
:10D220002316F400232281002324E1002326F100A9
:10D230002317F4000F50000037D50200130505F83E
:10D2400093054100EF80DED713050000EFF05FD1BA
:10D2500013050100EF908E8EE30C05FE8327C100BD
:10D26000635CF00A0357040193064000131607019C
:10D2700013560601631AD70A13071000638EE708D6
:10D28000035724019316070193D60601631EC708AE
:10D29000130720006382E7080357440113160701B0
:10D2A000135606016312D708130730006386E7069A
:10D2B000035764019316070193D606016316C70648
:10D2C000638CD704035784019306400013160701AB
:10D2D00013560601631AD70413075000638EE70242
:10D2E0000357A4019316070193D60601631EC702D4
:10D2F000130760006382E7020357C4011316070196
:10D30000135606016312D702130770006386E70005
:10D310008357E401639AC7008320C101032481017C
:10D320001301010267800000370700C09307F0FF78
:10D330002320F7002320F7006FF09FFF6780000095
:10D34000130101ED13054103232611122324811239
:10D35000EF900E8913050106EF908E8813054101A9
:10D36000EF901EF91305C108EF209F921305C0002E
:10D37000EFF0410FB7A700009387070283C617009D
:10D3800003C7270003C60700A300D5002301E5005B
:10D3900083C6470003C757002300C5002302D500FA
:10D3A00003C6370083C67700A302E50003C78700E2
:10D3B000A301C500A303D50003C6670083C6970079
:10D3C0002304E50003C7A70083C7B7001308C500FF
:10D3D0002303C500A304D5002305E500A305F5003C
:10D3E0002324A10093070000130781009306000087
:10D3F00013061000930500001305410323280101C3
:10D4000023260101EF908ED013040500032581052A
:10D410001306300993050000EF60D057930705000D
:10D420009305600013077000130680001308500076
:10D430001305900013034000930E3000930F20005B
:10D44000930610009308A000130EB000130FC00045
:10D450002381F7012384F7012387F7012383B70092
:10D460002386B7002389B700238CB700238FB7002A
:10D47000A380D700A383D700A381D701A384D701BA
:10D48000A387D701A38AD70123826700238567007A
:10D4900023886700238B6700238E6700A382070120
:10D4A000A3850701A3880701A38B0701A38E0701AA
:10D4B000A386E700A389E700A38CE700A38FE7001A
:10D4C000238AC700238DC7002380C702A38DA7002E
:10D4D000A380A7022382B7022385B7022389F7031B
:10D4E000238BB702238CF703238EB702A381070394
:10D4F000A382E7022383C702A383A702A385E702CF
:10D500002386C702A386A702A388D702A389D703CD
:10D51000238A6702A38A0703A38BE702A38CD7039E
:10D52000238D6702A38D0703A38EE702238FC70213
:10D53000A38FD70323806704A380070523811703E4
:10D540002384170323871703A384C703A387C70371
:10D550002388E7032381B7042381F707930FD000C3
:10D560002384B7042387B704238AB704A381E7047D
:10D570002382C704A382A70423836704A383070528
:10D58000A384E7042385C704A385A704238617057E
:10D59000A3860705A387E7042388C704A388A704F5
:10D5A00023891705A389C705A38AE704238BC7042A
:10D5B000A38BA704238C1705A38CC705238DE70530
:10D5C000A38DE704238EC704A38EA704238F17051A
:10D5D000A38FC7052380E707A380F707A381D70799
:10D5E0002383B7062386B7062389B706238CB7069D
:10D5F000238FB70623826706A3820707A383E70664
:10D600002384C706A384D70723856706A385070756
:10D61000A386E7062387C706A387A706238867068E
:10D62000A3880707A389E706238AC706A38AA70654
:10D63000238B1707A38B0707A38CE706238DC70649
:10D64000A38DA706238E1707A38EC707A38FE70610
:10D650002380C708A380A70823811709A381C709CE
:10D660009305E0002382E709A382E7082383C70824
:10D67000A383A70823841709A384C7092385E7097F
:10D68000A385F7092386C708A386A7082387170958
:10D69000A387C7092388E709A388F7092389B7085F
:10D6A0006312040AB775000093850502130701068B
:10D6B000130641031305C108EF204FE49305C10889
:10D6C00013054101EF909ED813054101EF90DEEB69
:10D6D0000F50000013054101EF901EF413042000C9
:10D6E0009305F0FF13054101EF90DEF4E30A85FE98
:10D6F0000F5000001305C108EF60DF820325810091
:10D700006308050083250101B385A540EFE0C1173B
:10D710001305C108EF601F8F13054101EF901ECE66
:10D7200013050106EF805ECF13054103EF80DECEC7
:10D730008320C11203248112130500001301011379
:10D7400067800000B786000037860000378500003C
:10D75000938646961306469713058598930570029F
:10D76000EF10412B83278100130405006396070403
:10D770001305C108EF601F8913054101EF901EC812
:10D7800013050106EF805EC913054103EF80DEC873
:10D7900013050400EF40D07C130405006FF05FFD1B
:10D7A000130405006FF05FFD130405006FF05FFDCB
:10D7B000130405006FF05FFD832501011385070049
:10D7C000B385F540EFE0410C6FF09FFA130E0500B2
:10D7D000138305001307000063DC0500B337A000C6
:10D7E0003303B0403303F340330EA0401307F0FF80
:10D7F00063DC0600B337C000B306D0401347F7FF21
:10D80000B386F6403306C040130806009385060031
:10D8100093080E00930703006396062237A50000C5
:10D82000130545346374C30EB70601006376D60C46
:10D830009336061093B6160093963600B35ED60064
:10D840003305D50103450500B306D50013050002D5
:10D85000638EA6003305D540B317A300B356DE0090
:10D860003318A600B3E7F600B318AE00135308014F
:10D8700033D567021316080113560601B3F7670282
:10D88000330EA6029396070193D70801B3E7F6007B
:10D8900063FAC701B307F80063F4C70163FA071915
:10D8A0001305F5FFB387C741B3D667029398080104
:10D8B00093D80801B3F767023306D602939707019E
:10D8C000B3E8F80063FAC800B308180163F4C800AD
:10D8D00063F608179386F6FF131505013365D50027
:10D8E000630A0700B337A000B305B040B385F54025
:10D8F0003305A04067800000B70E00019306800149
:10D90000E37ED6F3930600016FF05FF39306000009
:10D91000630C0600B7070100637AF604933606101D
:10D9200093B6160093963600B357D6003305F5002C
:10D930008347050093050002B387D7006392B704BD
:10D94000B307C340930510001353080133D5670292
:10D95000131608011356060193D60801B3F76702A0
:10D96000330EA602939707016FF05FF2B70700012D
:10D9700093068001E37AF6FA930600016FF0DFFA6E
:10D98000B385F5403318B600B356F3003313B30034
:10D99000B357FE00B3E7670013530801B318BE0086
:10D9A000B3D566021315080113550501B3F66602D7
:10D9B000330EB5021396060193D60701B3E6C600EF
:10D9C00063FAC601B306D80063F4C60163F6060520
:10D9D0009385F5FFB386C64133D666029397070158
:10D9E00093D70701B3F666023305C5029396060185
:10D9F000B3E7D70063FAA700B307F80063F4A70002
:10DA000063F207031306F6FF93950501B387A7405A
:10DA1000B3E5C5006FF05FF39385E5FFB3860601BC
:10DA20006FF05FFB1306E6FFB38707016FF0DFFDC2
:10DA30001305E5FFB38707016FF0DFE69386E6FF86
:10DA40006FF09FE96364D318B707010063F4F6042D
:10DA500093B5061093B5150093953500B7A7000050
:10DA600033D5B60093874734B387A70083C7070031
:10DA7000930E0002B387B7006398D7033335CE0007
:10DA800013351500B3B666003365D5009305000065
:10DA90006FF01FE5B707000193058001E3F0F6FC86
:10DAA000930500016FF09FFBB38EFE40B355F60067
:10DAB000B396D6013358F300B3E6D5003313D30140
:10DAC000B357FE00B3E5670013D30601B3576802EE
:10DAD00013950601135505013316D60133786802F4
:10DAE000330FF5029318080113D8050133681801A4
:10DAF000637AE801338806016374E801637CD80A1D
:10DB00009387F7FF3308E841B358680293950501FE
:10DB100093D50501337868023305150313180801FE
:10DB2000B3E5050163FAA500B385B60063F4A5006B
:10DB300063F8D5089388F8FF939707011318060137
:10DB4000B385A54033E517019398080193D80801E0
:10DB50009356050113580801135606013383080331
:10DB60003388060393570301B388C802B3880801BA
:10DB7000B3871701B386C60263F6070137060100B3
:10DB8000B386C60013D60701B306D60063E0D502FC
:10DB9000131303019397070113530301331EDE018F
:10DBA000B3876700E374FEEEE392D5EE1305F5FF4D
:10DBB0006FF0DFED9387E7FF3308D8006FF09FF435
:10DBC0009388E8FFB385D5006FF01FF79305000039
:10DBD000130500006FF0DFD0130101FD13D74501DD
:10DBE0002324810223202103232E3101232A5101E2
:10DBF000232671011394C5002326110223229102CA
:10DC0000232C4101232861011377F77F9309050035
:10DC1000930B0600938A06001354C40013D9F50130
:10DC20006300070A9307F07F6300F710135AD501CA
:10DC300013143400336A8A00B7078000336AFA008D
:10DC400093143500930917C0130B000093D74A01B2
:10DC50001394CA0093F7F77F1354C40093DAFA01C0
:10DC6000638207109306F07F6386D716131434007F
:10DC700093D6DB01B3E686003704800033E48600E8
:10DC8000139F3B00938717C0930600003387F9402A
:10DC900093172B00B3E7D7009387F7FF1306E00035
:10DCA000334859016360F61637A6000093972700A2
:10DCB0001306C602B387C70083A707006780070063
:10DCC000336AA400630E0A0663000404130504000B
:10DCD000EF60804793070500130755FF130AD00133
:10DCE000938687FF330AEA403314D40033DA4901BC
:10DCF000336A8A003394D9001307D0C0B309F740C0
:10DD0000930404006FF05FF4EF60004413075501C3
:10DD10009306C00193070502E3D2E6FC130585FFD5
:10DD2000339AA9006FF05FFD336AA40063120A0200
:10DD30009304000093090700130B20006FF01FF1FC
:10DD40009304000093090000130B10006FF01FF004
:10DD500093040500130A040093090700130B300015
:10DD60006FF0DFEE336F740163000F086302040489
:10DD700013050400EF60403D93060500930755FF2F
:10DD80009305D001138686FFB385F5403314C40094
:10DD9000B3D5BB00B3E585003394CB009307D0C067
:10DDA000130F0400B387D740138405006FF0DFED35
:10DDB00013850B00EF604039930755011306C0012E
:10DDC00093060502E35EF6FA930585FFB395BB0063
:10DDD0006FF0DFFC336F740163100F021304000057
:10DDE000930620006FF09FEA1304000093070000E1
:10DDF000930610006FF09FE9138F0B00930630001D
:10DE00006FF0DFE86366440163188A3063E6E4314B
:10DE10009316FA0193D714001396F401135A1A00BB
:10DE2000B3E4F6009318840093568F01B3E616010D
:10DE300093D80801B3551A03939E060193DE0E0191
:10DE400093D7040113158F00337A1A033383BE026C
:10DE5000131A0A01B3E7470163FA6700B387F600B4
:10DE600063E4D70063E0672C9385F5FFB3876740D1
:10DE700033D317039394040193D40401B3F7170326
:10DE8000338E6E0293970701B3E4F40063FAC40182
:10DE9000B384960063F4C40163FCD4281303F3FF36
:10DEA00093950501B3E56500B384C44193970501DB
:10DEB000131E050193DF05011353050193D70701D5
:10DEC000135E0E01B382C703B383CF03B307F3021C
:10DED000338F770093D70201B387E701B38F6F02C7
:10DEE00063F67700370F0100B38FEF0113DF0701EF
:10DEF000939202019397070193D20201330FFF011E
:10DF0000B387570063E6E401639AE4236378F6225B
:10DF1000B30FA600B3B2CF00B383D200B3847400B2
:10DF20001384F5FF13860F0063E6960063940202E4
:10DF30006392960263E6E401631E9F0063FCFF00A8
:10DF40003306F5011384E5FFB335A600B385D5008C
:10DF5000B384B400B307F640B384E4413336F6002B
:10DF6000B384C440130FF0FF63869610B3D5140337
:10DF700013D60701B3F41403338FBE029394040144
:10DF800033669600637AE6013386C6006364D60082
:10DF9000636AE61B9385F5FF3306E641335F16039C
:10DFA0009397070193D7070133761603B38EEE03D9
:10DFB00013160601B3E7C70063FAD701B387F6006B
:10DFC00063F4D70163F6D718130FFFFF139605010B
:10DFD0003366E6019315060193D50501B387D74152
:10DFE000935E0601330FBE02338ECE03B30ED3030E
:10DFF0003303B30293550F013303C301B3856500A7
:10E0000063F6C501B7080100B38E1E0193D8050160
:10E01000131F0F0193950501135F0F01B388D801FA
:10E02000B385E50163E6170163941705638805125C
:10E030003383F600130FF6FF930703006364D302E4
:10E040006366130163141303637EB500130FE6FFC9
:10E0500013161500B337A600B387D700B307F30034
:10E06000130506006314B5006386170113060F003D
:10E07000136F16009307F73F6356F01293767F00F5
:10E08000638006029376FF0013064000638AC60091
:10E09000B306CF0033B6E6013304C400138F060085
:10E0A0009316740063DA0600B70700FF9387F7FF43
:10E0B0003374F400930707401307E07F634AF71AAD
:10E0C0001317D401135F3F003367E7011354340083
:10E0D0001314C4001354C400939747018320C10252
:10E0E000B3E78700032481021318F8018324410257
:10E0F000032901028329C101032A8101832A4101E5
:10E10000032B0101832BC10013050700B3E50701B1
:10E1100013010103678000001307F7FF13060000D7
:10E120006FF05FD09385E5FFB387D7006FF01FD402
:10E130001303E3FFB384D4006FF09FD6138405006C
:10E140006FF05FE19385E5FF3306D6006FF0DFE403
:10E15000130FEFFFB387D7006FF05FE713050000E1
:10E16000130F06006FF01FF013880A00138B0600D0
:10E1700093072000630EFB0E930730006300FB0E35
:10E1800093071000E318FBEE1304000013070000D0
:10E190006F00C0081308090013040A00138F04005D
:10E1A0006FF01FFD63800708930690FCE3CED7FC59
:10E1B000930620FE63CCD70693061000B386F64084
:10E1C0001307E741B357DF00331FEF00333FE00190
:10E1D0003317E400336FEF00B3E7E7013354D400A3
:10E1E00013F777006300070213F7F7009306400068
:10E1F000630AD7003387D700B336F7003304D4005F
:10E200009307070013178400634C07061317D40104
:10E2100093D737003367F700135434009307000097
:10E220006FF01FEB930610006FF09FF9930510FE3F
:10E23000B386F540B356D400130600006386B700DA
:10E240001307E7433316E4003366E6013336C000B4
:10E25000B3E7C600130400006FF09FF8370408000E
:10E26000130700009307F07F130800006FF05FE6CC
:10E2700013040000130700009307F07F6FF05FE5C1
:10E280001304000013070000930710006FF05FE411
:10E29000B707100013D845019387F7FF13D3460142
:10E2A0001378F87F930EF07F33F7B70093080500DB
:10E2B00093DFF501B3F7D7001373F37F13DFF60194
:10E2C0006318D801336EA7001305100063120E0403
:10E2D0006318D301B3E7C70013051000639A070260
:10E2E000B3C6B60093961600639206026310160337
:10E2F00013050000638EEF0113051000631A080078
:10E30000336717013335E000678000001305100004
:10E310006780000093D84501370710001307F7FF07
:10E3200013D8460193F8F87F9307F07F3373B70053
:10E330001378F87F3377D70093D5F50193D6F6019C
:10E340006380F802130EF07F930708006314C8037C
:10E35000336EC70063000E029307E0FF6F000001F9
:10E36000336EA3009307E0FFE30E0EFC1385070056
:10E3700067800000130E000063960800336EA30050
:10E38000133E1E0063180804B36EC700630A0E0034
:10E39000E38E0EFC939716009387F7FF6FF01FFD37
:10E3A000639C0E02B305B04093E715006FF01FFCAD
:10E3B000E3C208FFE36867FE6374A600E304E3FEBC
:10E3C0006366C50093070000E372E3FA93971500B4
:10E3D0006FF09FFCE3100EFCE396B6FCE35A18FDC9
:10E3E000B306D04093E716006FF05FF893D845016D
:10E3F000370710001307F7FF13D8460193F8F87F8B
:10E400009307F07F3373B7001378F87F3377D70023
:10E4100093D5F50193D6F6016380F802130EF07FD1
:10E42000930708006314C803336EC70063000E022D
:10E43000930720006F000001336EA30093072000B4
:10E44000E30E0EFC1385070067800000130E00002A
:10E4500063960800336EA300133E1E006318080481
:10E46000B36EC700630A0E00E38E0EFC939716008E
:10E470009387F7FF6FF01FFD639C0E02B305B0405A
:10E4800093E715006FF01FFCE3C208FFE36867FE27
:10E490006374A600E304E3FE6366C500930700000F
:10E4A000E372E3FA939715006FF09FFCE3100EFC04
:10E4B000E396B6FCE35A18FDB306D04093E7160086
:10E4C0006FF05FF8130101FD232E310193D945014F
:10E4D0002324810223229102232C4101232A51016A
:10E4E000232671019394C5002326110223202103C2
:10E4F0002328610193F9F97F13040500930B0600AB
:10E50000138A060093D4C40093DAF5016382090CE0
:10E510009307F07F6384F912939434009357D501E5
:10E52000B3E79700B7048000B3E4970013193500F0
:10E53000938919C0130B000013574A011314CA0022
:10E540001377F77F1354C400135AFA0163000712BC
:10E550009307F07F6304F7181314340093D7DB019B
:10E56000B3E787003704800033E48700130717C040
:10E5700093973B0013080000B389E90013172B00A1
:10E58000336707019306A0001385190063C2E61ADA
:10E5900013062000B3C54A01930610006348E6162F
:10E5A0001307F7FF63E6E61A130B080013072000B2
:10E5B000630EEB4C130730006304EB4C13071000A1
:10E5C0006314EB3413040000130600006F00404690
:10E5D00033E9A400630E0906638204041385040072
:10E5E000EF50903613070500930655FF9307D001AF
:10E5F000130687FFB387D740B394C400B357F40022
:10E60000B3E79700B314C4009309D0C01389040082
:10E61000B389E940938407006FF0DFF1EF50D03207
:10E62000930655019307C00113070502E3D0D7FCF9
:10E63000930785FFB317F4006FF01FFD33E9A400C3
:10E640006310090293040000130B20006FF0DFEE4B
:10E650009304000093090000130B10006FF0DFED2E
:10E6600013090500130B30006FF01FEDB367740141
:10E67000638007086302040413050400EF50D02CE4
:10E6800093070500130755FF9306D001138687FFF4
:10E69000B386E6403314C400B3D6DB00B3E686008D
:10E6A0003394CB001307D0C03307F740930704001F
:10E6B000138406006FF01FEC13850B00EF50D02879
:10E6C000130755019306C00193070502E3DEE6FA3E
:10E6D000930685FFB396DB006FF0DFFCB367740130
:10E6E0006390070213040000130820006FF0DFE8B6
:10E6F0001304000013070000130810006FF0DFE799
:10E7000093870B00130830006FF01FE73397E60084
:10E71000137607536318060293760724639A063428
:10E72000137787086306070293050A006FF0DFE797
:10E730009306F0006306D7349306B00093850A0071
:10E74000E304D7FE13840400930709006FF01FE66B
:10E7500093580901139E07011319090113D60701E4
:10E7600013590901135E0E01B307C9033383C803AC
:10E7700013D8070133072603330767003308E8007F
:10E78000B386C8026376680037070100B386E600E7
:10E7900013570401939707011314040193D707013A
:10E7A00013540401935F080113180801330F890201
:10E7B0003308F8003309270313530F01B387880286
:10E7C0003309F90033032301B388E8026376F300C9
:10E7D000B7070100B388F800131F0F01135F0F0183
:10E7E00093170301B387E70113DF04019394040136
:10E7F00093D40401B382C403935E0301B38E1E015C
:10E80000B38FFF00330ECF0393D80201B303E603A7
:10E81000330696023306C601B388C80063F6C80102
:10E8200037060100B383C30033868402939202014A
:10E8300013D3080193D202019398080133037300A4
:10E84000B388580033048F02135E0601330FE703C9
:10E850003307970233078700330EEE0063768E008E
:10E8600037070100330FEF001316060113170E01CF
:10E8700013560601B386F6013307C700B30ED7015E
:10E88000B3B7F600B387FE00B38816013383670081
:10E89000B3B6D80033B6EE00B306D300B3BED7018B
:10E8A0003337F3003366D60133B36600135E0E01CF
:10E8B000939798003306C601336767003307C70094
:10E8C000B3E707013307E701B337F00093D87801C6
:10E8D0001317970013D47601B3E7170193969600A8
:10E8E000B3E7D700931677003364870063D2060C32
:10E8F00013D7170093F717003367F7009317F40146
:10E90000B367F700135414001307F53F6356E00A8A
:10E9100093F677006380060293F6F7001306400033
:10E92000638AC600B386C70033B6F6003304C4005A
:10E93000938706009316740063DA0600370700FF1A
:10E940001307F7FF3374E400130705409306E07FD5
:10E9500063CEE6121316D40193D737003366F60060
:10E96000135434001314C4001354C4001317470184
:10E970008320C10233678700032481029395F50148
:10E98000B367B70083244102032901028329C1012F
:10E99000032A8101832A4101032B0101832BC1003A
:10E9A000130506009385070013010103678000002B
:10E9B000138509006FF05FF563000708930690FC6C
:10E9C000E342D7C0930620FE634CD706930610009F
:10E9D0003387E6401305E541B3D6E700B397A700B8
:10E9E000B337F0003315A400B3E7A700B3E7D700AF
:10E9F0003354E40013F777006300070213F7F700BE
:10EA000093064000630AD7003387D700B336F70078
:10EA10003304D400930707001317840063400708EA
:10EA20001316D40193D737003366F600135434001D
:10EA3000130700006FF01FF3130710006FF09FF92A
:10EA4000130810FEB306E840B356D40013060000C6
:10EA5000630607011305E5433316A400B3E7C700B7
:10EA6000B337F000B3E7F600130400006FF09FF82F
:10EA7000370408001307F07F930500006FF09FEE46
:10EA800037040800130600006FF0DFFE13040000D7
:10EA9000130600001307F07F6FF0DFEC1304000093
:10EAA00013060000130710006FF0DFEB37071000AC
:10EAB00013D645019307F7FF1376F67F9306E03FE1
:10EAC000B3F7B70063D0C60A130101FF2324810006
:10EAD000232611009306D04313D4F50163D2C60256
:10EAE000B70500809385F5FF1305F4FFB305B40067
:10EAF0008320C1000324810013010101678000000D
:10EB0000B3E5E7009307204363D2C7021306D6BCE0
:10EB1000EF50C05FE30E04FCB337A000B305B04074
:10EB2000B385F5403305A0406FF09FFC930730415B
:10EB300063D2C70293073043B387C7401306D6BEDC
:10EB40003396C5003355F5003365A600B3D5F500FF
:10EB50006FF05FFC3385C74033D5A50093050000F7
:10EB60006FF05FFB13050000930500006780000055
:10EB7000130101FF370780001307F7FF13D6750154
:10EB80002324810013547501B377A7002322910039
:10EB90003377B7001374F40F1376F60F23261100A2
:10EBA000232021019354F50193D5F5019397370064
:10EBB00013173700B306C440639CB41C635ED008CF
:10EBC0009305F00F63160602630E07001386F6FF27
:10EBD00063180600B387E700130410006F00C00439
:10EBE0006390B60213840600138707006F00002CA1
:10EBF000E30CB4FE370600043367C7001386060033
:10EC00009305B0019306100063CEC5009306000281
:10EC1000B386C640B355C7003317D7003337E0007B
:10EC2000B3E6E500B387D700139757006352071286
:10EC3000130414001307F00F630EE434B706007ECC
:10EC400013D717009386F6FF3377D70093F7170093
:10EC5000B367F7006F00C00F63840606B3068640F3
:10EC60001305F00F631E0400638007329385F6FFDF
:10EC7000E38205F6639EA6001304F00F6F000023E5
:10EC8000E30CA6FEB7050004B3E7B70093850600C2
:10EC90001305B00193061000634EB5009306000201
:10ECA000B386B64033D5B700B397D700B337F0007B
:10ECB000B366F500B387E600130406006FF0DFF6D5
:10ECC0009306140013F6E60F631A06066310040693
:10ECD0006386072A630A07083307F700931757006C
:10ECE00063D6071CB707801F135737009387F7FFBA
:10ECF000B377F700130410001374F40F9397970081
:10ED00001314740193D797003364F4001395F4013E
:10ED10008320C1003365A4000324810083244100C3
:10ED2000032901001301010167800000E38607F455
:10ED30006318071C138707006FF01FF41306F00F0A
:10ED40006388C6243387E7009357170013840600AF
:10ED500013F77700630A070013F7F70093064000E4
:10ED60006304D700B387D70013975700E35E07E625
:10ED7000130414001307F00F630EE4203707801FFD
:10ED800093D737001307F7FFB3F7E7006FF0DFF60D
:10ED90006350D00863120606E30607E41386F6FF05
:10EDA00063180600B387E740130410006F004003A8
:10EDB0009305F00FE388B6E29305B00193061000C7
:10EDC00063CEC50093060002B386C640B355C700A4
:10EDD0003317D7003337E000B3E6E500B387D740F9
:10EDE00013975700E35607F6370900041309F9FF94
:10EDF00033F927016F0000131306F00FE306C4DE9A
:10EE0000370600043367C700138606006FF0DFFA89
:10EE1000638E0606B30686406316040263840716F3
:10EE20001385F6FF63180500B307F74093840500C8
:10EE30006FF09FF71308F00F6390060393840500AB
:10EE40006FF09FE31305F00FE30AA6FE37050004F9
:10EE5000B3E7A700138506001308B001930610005E
:10EE6000634EA80093060002B386A64033D8A700DD
:10EE7000B397D700B337F000B366F800B307D740B5
:10EE800013040600938405006FF09FF593061400A9
:10EE900093F6E60F639E0606631204066394070268
:10EEA00093040000E30A07E49384050093573700B6
:10EEB0001307F00FE312E4E4E38007E4B707400030
:10EEC0006F004003E30207EAB386E740139656005B
:10EED000635C0600B307F740938405001304000049
:10EEE000E38C07E06FF0DFE613870600E39006FC93
:10EEF00093070000930400006FF01FE0E39A07E21D
:10EF0000930400001304F00FB70740006FF0DFDE3A
:10EF10003389E7409316590063D206043309F7405A
:10EF20009384050013050900EF5000221305B5FF77
:10EF30003319A900634A850233058540130515007E
:10EF4000130700023307A740B357A9003319E9009C
:10EF500033392001B3E727016FF05FF8E31409FCB0
:10EF6000130400006FF0DFF8B70700FC9387F7FF8A
:10EF70003304A440B377F9006FF09FDD93070700D7
:10EF80006FF0DFF593840500138406006FF01FF225
:10EF900013840600930700006FF01FD6130101FED3
:10EFA000232A91009354750123282101232631013E
:10EFB0002322510113199500232E1100232C8100C7
:10EFC0002324410193F4F40F938A05001359990007
:10EFD0009359F501638404089307F00F6380F40AE2
:10EFE00013193900B70700043369F900938414F842
:10EFF000130A000093D77A0113949A0093F7F70F3E
:10F000001354940093DAFA01638807081307F00F8A
:10F010006384E70A13143400370700043364E40000
:10F02000938717F813070000B384F44093172A005E
:10F03000B3E7E7009387F7FF9306E00033C5590174
:10F0400063EAF608B7A60000939727009386860622
:10F05000B387D70083A7070067800700630809020A
:10F0600013050900EF50400E9307B5FF9304A0F875
:10F070003319F900B384A4406FF09FF7130A2000FE
:10F08000E30A09F6130A30006FF0DFF6930400007C
:10F09000130A10006FF01FF6630804021305040042
:10F0A000EF50800A9307B5FF3314F4009307A0F8DC
:10F0B000B387A7406FF01FF713072000E30604F69D
:10F0C000130730006FF05FF693070000130710007E
:10F0D0006FF09FF513175400637489109384F4FF45
:10F0E00093070000935507013354B90293160701A3
:10F0F00093D6060193D707013379B9023386860286
:10F1000013190901B3E7270163FAC700B307F70032
:10F1100063F4C70063FCE70C1304F4FFB387C74034
:10F1200033D6B702B3F7B702B386C6029397070187
:10F1300063FED700B385E70033B8F5009387050079
:10F1400063F4D500630A080A1306F6FF13140401DA
:10F15000B387D7403364C400B337F0003364F4009E
:10F160001387F407635CE00C93777400638A0700ED
:10F170009377F400930640006384D7003304D400EF
:10F180009317440063DA0700B70700F89387F7FF87
:10F190003374F400138704089307E00F63C8E71083
:10F1A000935734008320C101032481019397970072
:10F1B0001317770193D797003367F7001315F501FD
:10F1C00083244101032901018329C100032A81000D
:10F1D000832A41003365A700130101026780000004
:10F1E0009317F901135919006FF0DFEF1304E4FFCF
:10F1F000B387E7006FF09FF21306E6FFB387E500E1
:10F200006FF0DFF413850A00930720006300F70A0C
:10F21000930730006304F70893071000E312F7F434
:10F2200093070000130700006FF0DFF71385090054
:10F230001304090013070A006FF01FFD630C070495
:10F24000930760FEE34EF7FC93071000B387E74097
:10F250009384E409B357F4003314940033348000EA
:10F26000B3E7870013F77700630A070013F7F70087
:10F27000930640006304D700B387D7001397570065
:10F2800093D73700E35007FA9307000013071000E5
:10F290006FF05FF1930710006FF09FFBB70740001E
:10F2A0001307F00F130500006FF0DFEF9307000066
:10F2B0001307F00F6FF01FEF370780001307F7FFFA
:10F2C0003376A7009357750193F7F70F9356F5011F
:10F2D0003377B70093D8F50163080600138817F059
:10F2E00013051000630E080293D5750193F5F50F11
:10F2F00063080700138815F0130510006302080265
:10F30000631EE600639CB70013050000638A1601C4
:10F31000B3E7C7003335F000678000001305100025
:10F3200067800000370780001307F7FF3376A700D8
:10F330009356750193F6F60F9357F5013377B7009F
:10F3400093D8F50163080600138816F01305E0FF53
:10F350006304080693D5750193F5F50F630807005C
:10F36000138815F01305E0FF6308080433E5C600B1
:10F3700033E8E500631A05006300080413951800DC
:10F380001305F5FF6780000063180800B307F0401D
:10F3900013E5170067800000E39A17FFE3C8D5FE66
:10F3A00063D6B600139517006FF09FFDE360C7FEAC
:10F3B00013050000E368E6FE678000003707800061
:10F3C0001307F7FF3376A7009356750193F6F60FF0
:10F3D0009357F5013377B70093D8F501630806001A
:10F3E000138816F0130520006304080693D57501F1
:10F3F00093F5F50F63080700138815F01305200037
:10F400006308080433E5C60033E8E500631A050025
:10F4100063000804139518001305F5FF67800000CA
:10F4200063180800B307F04013E517006780000079
:10F43000E39A17FFE3C8D5FE63D6B600139517000D
:10F440006FF09FFDE360C7FE13050000E368E6FE72
:10F4500067800000130101FE232821011359750163
:10F46000232A910023263101232251019314950070
:10F47000232E1100232C8100232441011379F90F3D
:10F48000938A050093D494009359F50163040918F5
:10F490009307F00F6300F91A93943400B707000440
:10F4A000B3E4F400130919F8130A000093D77A01A2
:10F4B00013949A0093F7F70F1354940093DAFA0118
:10F4C000638807181307F00F6384E71A13143400D6
:10F4D000370700043364E400938717F8130700002C
:10F4E0003309F90093172A00B3E7E7009306A00059
:10F4F0001306190063CEF61C93052000B3C9590109
:10F500009306100063C4F5189387F7FF63F0F61AAB
:10F5100013D70401935704019394040113140401B5
:10F5200093D4040113540401B305940233048702F5
:10F530003307F702B3879702B386870093D7050195
:10F54000B387D70063F68700B70601003307D700FB
:10F55000939505019396070193D50501B386B600EF
:10F5600093D7070113946600B387E700939767006A
:10F570003334800093D6A6013364D4001397470038
:10F5800033E4870063540716935714001374140070
:10F5900033E487001307F607635EE0149377740083
:10F5A000638A07009377F400930640006384D700D2
:10F5B0003304D4009317440063DA0700B70700F858
:10F5C0009387F7FF3374F400130706089307E00FDF
:10F5D00063CAE718935734008320C10103248101D3
:10F5E000939797001317770193D797009399F90191
:10F5F0003367F7008324410103290101032A8100B5
:10F60000832A4100336537018329C10013010102B8
:10F61000678000006388040213850400EF40D03245
:10F620009307B5FF1309A0F8B394F4003309A94078
:10F630006FF09FE7130A2000E38A04E6130A300004
:10F640006FF0DFE613090000130A10006FF01FE6E9
:10F650006308040213050400EF40102F9307B5FF61
:10F660003314F4009307A0F8B387A7406FF01FE7A7
:10F6700013072000E30604E6130730006FF05FE68F
:10F6800093070000130710006FF09FE5B397F60093
:10F6900093F607536396060493F60724639C060AC1
:10F6A00093F78708E38607E693890A00930720000B
:10F6B000630AF70A93073000630EF70893071000F8
:10F6C000E31AF7EC93070000130700006FF0DFF078
:10F6D0009306F0006380D7089306B000E386D7FC5A
:10F6E0001384040013070A006FF05FFC130609007F
:10F6F0006FF05FEA630C0704930760FEE344F7FCD6
:10F7000093071000B387E7401306E609B357F400E8
:10F710003314C40033348000B3E7870013F7770055
:10F72000630A070013F7F700930640006304D7004D
:10F73000B387D7001397570093D73700E35607F8DE
:10F7400093070000130710006FF01FE993071000E4
:10F750006FF09FFBB70740001307F00F93090000FD
:10F760006FF09FE7930700001307F00F6FF0DFE6DD
:10F77000370780001307F7FF93D67501B377A7000B
:10F7800093F6F60F3377B700130101FF1317370015
:10F79000138616F02324810023229100135475014F
:10F7A0009354F5013336C000133517003366A600B5
:10F7B00093D5F5011374F40FB3C5C50023261100CA
:10F7C00023202101939737003306D440639C951C76
:10F7D000635EC0081305F00F63960602630E070010
:10F7E0009305F6FF63980500B387E7001304100044
:10F7F0006F00C0046310A6021304060013870700FD
:10F800006F008038E30CA4FEB70600043367D7000E
:10F81000930506001306B00193061000634EB60070
:10F8200093060002B386B6403356B7003317D700AD
:10F830003337E000B366E600B387D700139757006D
:10F8400063520712130414001307F00F6300E43629
:10F85000B706007E13D717009386F6FF3377D700DD
:10F8600093F71700B367F7006F00C00F6304060635
:10F87000338686401305F00F631E0400638407304F
:10F880009305F6FFE38205F6631EA6001304F00F4E
:10F890006F00802FE38CA6FEB7050004B3E7B70026
:10F8A000930506001305B00113061000634EB50062
:10F8B000130600023306B64033D5B700B397C7002E
:10F8C000B337F0003366F500B307E6001384060093
:10F8D0006FF0DFF69306140013F6E60F631A0606C0
:10F8E00063100406638C0728630A07083307F700D0
:10F8F0009317570063DA0728B707801F135737009D
:10F900009387F7FFB377F700130410001374F40F15
:10F91000939797001314740193D797003364F400FE
:10F920001395F4018320C1003365A40003248100F2
:10F9300083244100032901001301010167800000B5
:10F94000E38607F4631E071A138707006FF01FF49E
:10F950001306F00F638AC6243387E7009357170016
:10F960001384060013F77700630A070013F7F70004
:10F97000930640006304D700B387D700139757005E
:10F98000E35E07E6130414001307F00F6300E4229C
:10F990003707801F93D737001307F7FFB3F7E70048
:10F9A0006FF0DFF66350C00863920606E30607E4D3
:10F9B0009305F6FF63980500B387E7401304100032
:10F9C0006F0040039306F00FE308D6E21306B00180
:10F9D00093061000634EB60093060002B386B6404D
:10F9E0003356B7003317D7003337E000B366E6006D
:10F9F000B387D74013975700E35607F6370900043B
:10FA00001309F9FF33F927016F00C0119306F00FB6
:10FA1000E306D4DEB70600043367D700930506007B
:10FA20006FF0DFFA630E0606338686406316040223
:10FA3000638007021305F6FF63180500B307F7405C
:10FA4000938405006FF09FF71308F00F631006030F
:10FA5000130406006F0080061305F00F6382A614DE
:10FA600037050004B3E7A700130506001308B0012B
:10FA700013061000634EA800130600023306A640CA
:10FA800033D8A700B397C700B337F0003366F80048
:10FA9000B307C74013840600938405006FF09FF5F9
:10FAA0009306140093F6E60F6394060663180404A5
:10FAB000639A070093040000E30A07E493840500B7
:10FAC0006F00800CE30C07EAB386E74013965600FC
:10FAD000635C0600B307F74093840500130400003D
:10FAE000E38607E26FF01FE813870600639E0608AF
:10FAF00093070000930400006FF05FE1E39407E4D4
:10FB0000930400001304F00FB70740006FF01FE0EC
:10FB10003389E7409316590063D206043309F7404E
:10FB20009384050013050900EF4000621305B5FF3B
:10FB30003319A900634A8502330585401305150072
:10FB4000130700023307A740B357A9003319E90090
:10FB500033392001B3E727016FF05FF8E31409FCA4
:10FB6000130400006FF0DFF8B70700FC9387F7FF7E
:10FB70003304A440B377F9006FF0DFDE930707008A
:10FB80006FF0DFF513040600935737001307F00FEB
:10FB9000E31EE4D6E38C07D6B70740006FF09FF56D
:10FBA000138406006FF09FF1138406009307000092
:10FBB0006FF0DFD537068000135775019307F6FF06
:10FBC0001377F70F9305E007B3F7A7009356F501F6
:10FBD00063D6E5049305D00963DAE50037050080B4
:10FBE0001305F5FF3385A6006780000033E5C700E5
:10FBF0009307500963DCE7001307A7F63315E50008
:10FC0000638006023305A040678000009307600907
:10FC1000B387E7403355F5006FF09FFE13050000F2
:10FC200067800000130101FF2326110023248100B7
:10FC3000232291006304050E9357F54133C4A700B6
:10FC40003304F4409354F50113050400EF40C04F12
:10FC50009307E009930605003385A74093077000DA
:10FC600063D0D704930780006380F60C938686FFE9
:10FC70003314D40013149400135494001315750115
:10FC80008320C10033658500032481009394F4012F
:10FC90003365950083244100130101016780000052
:10FCA000930740001307500063C2D7069387B6013D
:10FCB000B317F4003307D740B337F0003354E400F0
:10FCC00033E48700370700FC1307F7FF93777400CE
:10FCD0003377E400638807021374F400930740004D
:10FCE0006302F4023307F7009317570063DC070041
:10FCF000B70700FC9387F7FF3377F7009307F00906
:10FD00003385D740135437006FF0DFF6E38CE6FA03
:10FD10009387B6FF3314F4006FF0DFFA930400000A
:10FD2000130400006FF01FF5130560096FF09FF4D6
:10FD3000130101FF23248100232611001304050071
:10FD40001307000063040502EF4000401307E009B9
:10FD5000930770003307A74063DAA7029307800078
:10FD60006304F50A130585FF3314A40013149400EB
:10FD700013549400131577018320C1003365850067
:10FD800003248100130101016780000093074000F4
:10FD90009306500063C2A7069307B501B317F4009A
:10FDA000B386A640B337F0003354D40033E4870061
:10FDB000B70700FC9387F7FF93767400B377F400DE
:10FDC000638806021374F400930640006302D402B1
:10FDD000B387D7009396570063DC0600370700FC13
:10FDE0001307F7FFB3F7E7001307F0093307A7403E
:10FDF00013D437006FF09FF7E30CD5FA9307B5FFE4
:10FE00003314F4006FF0DFFA130760096FF01FF688
:10FE1000130101FE232E1100232C8100232A9100BF
:10FE200023282101232631012324410123225101CA
:10FE3000B367B5006382071493D7F54133C5A700B4
:10FE400013D9F501B309F540B3C5B7003335350112
:10FE5000B385F540B38AA5406388A50813850A00D9
:10FE6000EF40802E9304E00B130A0500B384A440F6
:10FE70001306BA011385090093850A00EF40002993
:10FE8000130650023364B50033064641138509005A
:10FE900093850A0033348000EF4080233364A4004C
:10FEA000B70700FC9387F7FF13777400B377F4006C
:10FEB000630807021374F400130740006302E402AE
:10FEC000B387E70013975700635C0700370700FC10
:10FED0001307F7FF9304F00BB3F7E700B384444133
:10FEE00013D437006F00400313850900EF40C0258D
:10FEF000130A05029304E00B9307700213840900B0
:10FF0000B384444163D8470593078002630EFA0621
:10FF1000130585FF3394A90013149400135494001F
:10FF200093947401B3E484008320C101032481010C
:10FF30001315F9018329C10003290101032A810056
:10FF4000832A410033E5A400832441011301010207
:10FF50006780000093074002E3DC47F193075002FB
:10FF60006316FA00930490096FF09FF39307B5FFAF
:10FF70003394F9006FF0DFF213090000130400005E
:10FF8000930400006FF05FF9930460096FF0DFF8ED
:10FF9000135775011377F70F130101FF930717002C
:10FFA000232481002322910013149500232611009D
:10FFB00093F7E70F135494009354F50163820704F9
:10FFC00093573400130707381314D4019397C700CD
:10FFD00093D7C700131747011395F4013367F70050
:10FFE0008320C100B367A700130504000324810028
:10FFF00083244100938507001301010167800000FD
:020000023000CC
:1000000063140704E30404FC13050400EF40C01369
:100010009307A00063C2A7029307B000B387A7406D
:1000200013075501B357F4003314E4001307903855
:100030003307A7406FF09FF9930755FFB317F400FC
:10004000130400006FF09FFE93070000630A040092
:1000500093573400370708001314D401B3E7E700BF
:100060001307F07F6FF09FF6130700009306000060
:10007000834705001305150013F6F70793978701CB
:100080003316D60093D787413367C700938676002F
:10009000E3C007FE23A0E50067800000930700008F
:1000A00013070000834605001305150013F6F60735
:1000B0003316E600B3E7C700139686011356864150
:1000C00013077700E34006FE1306F001636CE600B9
:1000D00093F60604638806009306F0FF3397E60064
:1000E000B3E7E70023A0F50067800000B727000012
:1000F000938727C26394F500930510080327052210
:10010000939725009316170063DC0600B305B5002E
:1001100003C7C522630607003305F50067800000AA
:100120003305F5000325050067800000B7270000B0
:10013000938727C26394F50093051008832705224F
:100140001397170063560700B307B50023860722ED
:10015000939525003305B5002320C5006780000076
:100160009387813CB387B70003C70700930740001C
:1001700063F8E700130101FF23261100EFE01008E8
:10018000B307B50013071000939525002386E722D7
:100190003305B5002320C50067800000130101FD71
:1001A00023261102232481022322910223202103EA
:1001B000232E3101232C41019307F00F6388F502B0
:1001C00013F9050793070003938405001304060041
:1001D000138A0600630AF90663EC270193070002FD
:1001E0006300F9069309000063FE2701EFE01001A8
:1001F00093070004630EF9049307000593090000B8
:10020000E316F9FE930700056398F4041305340020
:100210001375C5FF83270500130545008320C10220
:10022000032481022320FA008324410203290102CE
:100230008329C101032A81011301010367800000A2
:10024000832945216FF01FFC832985216FF09FFBD7
:100250008329C5216FF01FFB93F7F4001307C0003B
:10026000E366F7F837A70000939727001307470ABC
:10027000B387E70083A70700678007009305C100E5
:1002800013050400EFF05FDE8327C100E38807F861
:10029000130700016314E900930904009394840197
:1002A00093D48441B3873701E3DA04F683A70700C8
:1002B0006FF0DFF69305C10013050400EFF01FDEB9
:1002C0006FF09FFC83471400034704009397870057
:1002D000B3E7E700130524006FF05FFB83471400CA
:1002E0000347040093978700B3E7E700939707015C
:1002F00093D707416FF01FFE8347140003470400A4
:100300001305440093978700B3E7E70003472400F1
:10031000131707013367F70083473400939787016A
:10032000B3E7E7006FF09FF683471400034704002C
:100330001305840093978700B3E7E7000347240081
:10034000131707013367F70083473400939787013A
:10035000B3E7E7006FF09FF3130101FB232481044F
:1003600023202105232E3103232C4103232A51036B
:10037000232861032326710323248103232291036D
:10038000232EB10123261104232291042320A1034B
:1003900013040105B7AA0000938D0500130A060097
:1003A0001389060023A6062893090000130B0004F6
:1003B000930B0008130C000C930CF002938A8A0D27
:1003C000637EB50183260A228327CA200327C92911
:1003D00093D6F601B387D7006362F704130104FBD9
:1003E0008320C104032481048324410403290104DC
:1003F0008329C103032A8103832A4103032B0103B9
:10040000832BC102032C8102832C4102032D0102A4
:10041000832DC1011301010567800000834705009A
:100420009304150093F6070C639C660193F7F7039A
:10043000B307F700232EF928138504006FF05FF847
:100440006390760513850400930584FB13FDF70381
:10045000EFF09FC1032784FB9307C0FF93061000B2
:100460003307F702B307A9012384D72093040500BB
:1004700093172D00B307F90023A0E7006FF0DFFB0F
:10048000639A860193F7F703B307F90023840720E3
:100490006FF09FFA63E2FC4E93972700B3875701F2
:1004A00083A70700678007001307892193070000CF
:1004B00093051000930600042300B7003306F900EB
:1004C0002320F6049387470013071700E396D7FE0F
:1004D0006FF09FF68345092B138604009306C4FB37
:1004E00013050A00EFF09FCB8327C4FB930405009C
:1004F0006FF05FF48347150093042500B307F700FE
:10050000232EF9286FF05FF38347250083461500FB
:100510009304350093978700B3E7D700B307F7003C
:10052000232EF9286FF05FF18347250083461500DD
:100530009304550093978700B3E7D70083463500AF
:1005400093960601B3E6F60083474500939787012B
:10055000B3E7D700B307F700232EF9286FF0DFEDDC
:10056000930544FB13850400EFF01FB0930584FB53
:10057000EFF09FAF832744FB37270000130727C204
:1005800093040500930610086384E702E3E6F6EAA5
:10059000032784FB9306C0FF3307D702130610001E
:1005A000B306F9002384C620939727006FF09FECD1
:1005B000938706006FF0DFFD13850400930544FB6D
:1005C000EFF09FAA832744FB37270000130727C2B9
:1005D00093040500930610086386E700E3F6F6EA45
:1005E0006FF09FE5938706006FF01FEA1385040004
:1005F000930544FBEFF05FA7832744FB37270000F8
:10060000130727C29304050093061008638CE700C4
:10061000E3E4F6E2B307F900130770002384E72050
:100620006FF09FE1938706006FF0DFFE930544FBB8
:1006300013850400EFF05FA39305C4FBEFF0DFA286
:10064000832744FB37270000130727C293040500C4
:10065000930610086382E702E3E0F6DE3307F90051
:1006600093062000939727002304D720B307F900AF
:100670000327C4FB6FF05FE0938706006FF01FFE57
:10068000638209029387090083A9C9281306C02938
:100690009305090013850700EF2011552326A9288B
:1006A0006FF09FD9130101D59307F10093F707FF6E
:1006B0006FF0DFFD032DC9281306C02913050900BB
:1006C00093050D00EF20515223263D2993090D007B
:1006D0006FF09FD6930584FB13850400EFF0DF983D
:1006E000832784FB930584FB232AF928EFF0DF9707
:1006F000832784FB930405002328F928930710001F
:100700002305F9286FF05FD313850400930584FB5C
:10071000EFF09F95832784FB93040500232AF92893
:100720006FF0DFFD13850400930584FBEFF0DF938A
:10073000832784FB930405002328F9286FF0DFCF7B
:1007400093072000232C99282305F928930584FB7F
:1007500013850400EFF05F91832784FBB304F50059
:100760006FF09FCD930544FB13850400EFF0DF8FFE
:10077000832744FB37270000130727C2930610087E
:100780006388E70063F8F600930584FB6FF09FFC35
:10079000938706003307F9009306300093972700EC
:1007A0002304D720B307F90023A0A7006FF0DFFDD3
:1007B000930544FB13850400EFF01F8B9305C4FBE6
:1007C000EFF0DF8D832744FB37270000130727C294
:1007D00093040500930610086388E700E3EEF6C46F
:1007E0000327C4FB6FF01FDB938706006FF05FFFEA
:1007F000930584FB13850400EFF01F87832784FB98
:100800009305C4FB232AF928EFF05F8993071000B2
:10081000930405002305F9288327C4FB1307C0FFB1
:10082000B387E7026FF05FF1138504009305C4FB03
:10083000EFF0DF86930405006FF01FFE930544FB85
:1008400013850400EFF05F82930584FBEFF0DF81F6
:10085000832744FB37270000130727C293040500B2
:10086000930610086380E702E3E8F6BC032784FBE5
:100870009306C0FF3307D70213064000B306F90002
:100880006FF05FD2938706006FF05FFE930544FB25
:1008900013850400EFF04FFD9305C4FBEFF01F80BC
:1008A000832744FB37270000130727C29304050062
:1008B000930610086388E700E3E0F6B80327C4FB5B
:1008C0006FF01FFB938706006FF05FFF930544FBFB
:1008D00013850400EFF04FF9832744FB372700000E
:1008E000130727C293061008638AE700E3EEF6E8D1
:1008F0003307F900930650006FF05FEA9387060014
:100900006FF01FFF13850400930584FBEFF0CFF514
:10091000832784FB930405002324FA226FF0DFB1C0
:10092000930544FB13850400EFF00FF4930584FB5B
:10093000EFF08FF3832744FB37270000130727C20C
:1009400093040500930610086384E702E3E6F6AE1D
:100950003307F900930610002304D720032784FBF4
:1009600093972700B307F900131727006FF0DFB044
:10097000938706006FF0DFFDEFE04008130101FBF5
:100980002324810423202105232E3103232C41031A
:10099000232A51032328610323267103232481037F
:1009A00023229103232EB101232611042322910433
:1009B0002320A10313040105B7AA0000938D0500AD
:1009C000130A06001389060023A6062893090000CF
:1009D000130B0004930B0008130C000C930CF00293
:1009E000938A8A19637EB50183260A228327CA2047
:1009F0000327C92993D6F601B387D7006362F704AA
:100A0000130104FB8320C1040324810483244104D3
:100A1000032901048329C103032A8103832A410393
:100A2000032B0103832BC102032C8102832C41027F
:100A3000032D0102832DC101130101056780000010
:100A4000834705009304150093F6070C6390660333
:100A50008326892A93F7F703B387D702B307F700F2
:100A6000232EF928138504006FF0DFF763907605D5
:100A700013850400930584FB13FDF703EFF0CFDE2D
:100A80000327492A832784FB93061000930405005B
:100A90003307F702B307A9012384D72093172D004A
:100AA000B307F90023A0E7006FF0DFFB639A86012C
:100AB00093F7F703B307F900238407206FF09FFA39
:100AC00063EAFC5093972700B387570183A7070079
:100AD0006780070013078921930700009305100022
:100AE000930600042300B7003306F9002320F60420
:100AF0009387470013071700E396D7FE6FF09FF622
:100B00008345092B138604009306C4FB13050A00D2
:100B1000EFF0CFE88327C4FB930405006FF05FF488
:100B2000834715008326892A93042500B387D702BB
:100B3000B307F700232EF9286FF0DFF28347250073
:100B4000834615009304350093978700B3E7D700D9
:100B50008326892AB387D702B307F700232EF92803
:100B60006FF05FF08347250083461500930455001E
:100B700093978700B3E7D700834635009396060125
:100B8000B3E6F6008347450093978701B3E7D700A4
:100B90008326892AB387D702B307F700232EF928C3
:100BA0006FF05FEC930544FB13850400EFF0CFCBAF
:100BB000930584FBEFF04FCB832744FB37270000DE
:100BC000130727C293040500930610086384E70205
:100BD000E3EAF6E80327492A832684FB3307D70292
:100BE00013061000B306F9002384C620939727004C
:100BF0006FF01FEB938706006FF0DFFD1385040095
:100C0000930544FBEFF04FC6832744FB37270000D2
:100C1000130727C293040500930610086386E700B4
:100C2000E3FAF6E86FF01FE4938706006FF09FE8A1
:100C300013850400930544FBEFF00FC3832744FBA7
:100C400037270000130727C29304050093061008F6
:100C5000638CE700E3E8F6E0B307F90013077000E0
:100C60002384E7206FF01FE0938706006FF0DFFE1C
:100C7000930544FB13850400EFF00FBF9305C4FBFD
:100C8000EFF08FBE832744FB37270000130727C2EE
:100C900093040500930610086382E702E3E4F6DCA0
:100CA0003307F90093062000939727002304D720E9
:100CB000B307F9000327C4FB6FF0DFDE938706005C
:100CC0006FF01FFE638209029387090083A9C92878
:100CD0001306C0299305090013850700EF20C17092
:100CE0002326A9286FF01FD8130101D59307F1001F
:100CF00093F707FF6FF0DFFD032DC9281306C02906
:100D00001305090093050D00EF20016E23263D29F0
:100D100093090D006FF01FD5930584FB1385040024
:100D2000EFF08FB4832784FB930584FB232AF928F3
:100D3000EFF08FB3832784FB930405002328F92861
:100D4000930710002305F9286FF0DFD11385040005
:100D5000930584FBEFF04FB1832784FB93040500D8
:100D6000232AF9286FF0DFFD13850400930584FB27
:100D7000EFF08FAF832784FB930405002328F92825
:100D80006FF05FCE93072000232C99282305F928C4
:100D9000930584FB13850400EFF00FAD832784FBDC
:100DA000B304F5006FF01FCC930544FB13850400DA
:100DB000EFF08FAB832744FB37270000130727C2D0
:100DC000930610086388E70063F8F600930584FB38
:100DD0006FF09FFC938706003307F90093063000FD
:100DE000939727002304D720B307F90023A0A70077
:100DF0006FF0DFFD930544FB13850400EFF0CFA6F1
:100E00009305C4FBEFF08FA9832744FB372700002D
:100E1000130727C29304050093061008638AE700AE
:100E2000E3E2F6C40327492A8326C4FB6FF01FDBE5
:100E3000938706006FF01FFF930584FB1385040062
:100E4000EFF08FA2832784FB9305C4FB232AF928A4
:100E5000EFF0CFA4930710002305F9280327C4FB64
:100E60008327492A93040500B387E7026FF01FF137
:100E7000138504009305C4FBEFF04FA20327492A12
:100E80008327C4FB930405006FF01FFE930544FB0A
:100E900013850400EFF04F9D930584FBEFF0CF9C8A
:100EA000832744FB37270000130727C2930405005C
:100EB000930610086380E702E3E6F6BA0327492A9F
:100EC000832684FB3307D70213064000B306F900DC
:100ED0006FF09FD1938706006FF05FFE930544FB90
:100EE00013850400EFF04F989305C4FBEFF00F9BC0
:100EF000832744FB37270000130727C2930405000C
:100F000093061008638AE700E3EEF6B40327492A44
:100F10008326C4FB6FF01FFB938706006FF01FFF53
:100F2000930544FB13850400EFF00F94832744FBE3
:100F300037270000130727C293061008638AE700CB
:100F4000E3E6F6E83307F900930650006FF05FE937
:100F5000938706006FF01FFF13850400930584FB41
:100F6000EFF08F90832784FB930405002324FA225B
:100F70006FF05FAF930544FB13850400EFF0CF8E55
:100F8000930584FBEFF04F8E832744FB3727000047
:100F9000130727C293040500930610086388E7022D
:100FA000E3E2F6AC0327492A832684FB13061000EC
:100FB0003307D702B306F900939727002384C6208E
:100FC000B307F9003307E0406FF0DFAD9387060009
:100FD0006FF05FFDEFD0902203AE462A1303C0FFEF
:100FE0001307050013880500930806009387060081
:100FF000631A6E0003AE862A1303100063146E009A
:101000006FF08FB5938607001386080093050800DC
:10101000130507006FF09F96130101FC232C81023A
:1010200013840500232A91021306000B9304050084
:101030009305000013058420232E11022328210389
:101040002326310323244103232251032320610358
:10105000232E7101232C8101232A91012328A10130
:10106000EF30401303A5C42023A4042223A80420A6
:1010700063100504130550008320C103032481037A
:1010800083244103032901038329C102032A810226
:10109000832A4102032B0102832BC101032C81010E
:1010A000832C4101032D010113010104678000001D
:1010B00083A704229385442193D7F7019387F7FFF1
:1010C0003305F500EF20106E13090500E30405FA5F
:1010D00083A7C42193094500232EF42883274500C4
:1010E000B389F940138A990013050A00EF204142A1
:1010F00003C7990013051500930750063305AA008E
:101100006312F70403C7A90093078006631CF70264
:101110008347150003470500138AB900939787009A
:10112000B3E7E70003472500130545001317070140
:101130003367F7008347F5FF93978701B3E7E7002D
:10114000232AF42A03C789009307300063F2E702D9
:1011500003470500930740006306F70013053000BE
:101160006FF09FF183471500E39A07FE13052500F2
:1011700093054100EFE05FEF832741009305810075
:101180002324F42AEFE09FF1032781009307050051
:101190002322E42A83C68900130710006398E60619
:1011A00083C707003305D5002326F42A9307F0FFF1
:1011B000A308F42A03470A009307A007930A000034
:1011C0006310F70293054100EFE01FEA832A410014
:1011D000930710002309F42AB30A5501330AFA00D1
:1011E000130A1A00130BC004930B2005130C0005FF
:1011F000930C3005130D10008347FAFF639007022C
:10120000639A0A06631A05066FF05FF593054100BD
:10121000EFE09FE5832741006FF01FF9639C6701B2
:1012200083470500A308F42A13051500130A1A00C2
:101230006FF09FFC63987701834705002308F42A29
:101240006FF09FFE63928703834505001306150028
:101250009306C10013850400EFE05FF48327C1000B
:101260002320F42A6FF09FFC639A9705A309A42B0F
:101270006FF0DFFB13850A0083A5090093060400C5
:101280001386040093854500B385B900EFF0DFD4E1
:101290008347042B1307F00F6388E70A93F777005F
:1012A000930620006386D70A1307400063ECF6001C
:1012B0001305070063800702EFD0407413850A000E
:1012C0006FF05FF4930630006388D7081305800041
:1012D000E394E7FE8347242B1315150013058500BF
:1012E0003305A90093090000638A07009305C10034
:1012F000EFE09FD78329C100B30935018345142B43
:101300009307F00F638EF500130605009306C100E6
:1013100013850400EFE09FE88327C10023A8F42091
:1013200063840900138509008325090093060400DE
:101330001386040093854500B305B900EFF0DFC9BB
:10134000130500006FF05FD3130500006FF09FF8E6
:10135000138507006FF01FF8130507006FF09FF764
:1013600083C6A13C130740006398E6002320B60023
:10137000930520006FE09FDB130101FF232611007E
:10138000EFD0C067B7270000938727C21307100864
:10139000638CF50093860500635AB700130101FFC3
:1013A00023261100EFD0806593060700032705224E
:1013B00093972600B307F5001316170083A70700BD
:1013C000635C06003305D5000347C52263060700AA
:1013D000138507006780000037270000130727C226
:1013E0006396E500732520C2678000001387813C67
:1013F0003307D7008346070013074000E390E6FA5F
:1014000003A5070067800000130101FD232481026A
:1014100013840500232E3101930520009309050054
:101420001305040023261102232291022320210305
:10143000232C4101232A5101EFE05FCB631A050001
:10144000832584201306810013050400EFF05FF16B
:101450001389813C93040000130A4000930A10088A
:10146000939724003387F900B307F40083A507009E
:10147000B387990083C7C722032507006384070049
:10148000EFD0C057330794000347C722B337A000FB
:10149000630207086380070883470900E39247FF58
:1014A0002326B10013060A009305C100EF10D17383
:1014B0009384140013091900E39454FB930520004E
:1014C00013850900EFE09FC2930705001305000094
:1014D000639007029305200013050400EFF09FEAD4
:1014E00083A789203305F540832784223305F5003F
:1014F0008320C102032481028324410203290102C3
:101500008329C101032A8101832A410113010103B7
:10151000678000003337B000B3F7E700E38A07F8CD
:10152000E308B5F8034609006FF05FF8130101EB1B
:101530002324811437A40000232291142320211591
:10154000232E3113232C4113232A511323267113E5
:10155000232291132320A11323261114232861137E
:101560002324811313070500138D0500930C060037
:101570002320D102930B1000130960019309F0039B
:10158000130A0102930AF006930420091304842528
:10159000636CA70563840B06938BFBFF8320C11448
:1015A00003248114939B2B001307010193870B11D4
:1015B000B38BE70003A50BF0832441140329011426
:1015C0008329C113032A8113832A4113032B011397
:1015D000832BC112032C8112832C4112032D011283
:1015E0001301011567800000034C0700130B17005F
:1015F0006364890B9307200063E08709EFD0004004
:1016000093069CFE93071000B397D70093D637003C
:1016100093F6F6196392060A93D6270093F6164CB2
:10162000639E061493F71700E38A07FC93072000D4
:10163000E3D677FD9386EBFF13060102939626000F
:101640001387DBFFB386C6009387FBFF13172700C2
:1016500003A506003307C70093972700B387C70089
:101660000326070083A5070023A0A70023A0C60028
:101670002320B7006F0000319307DCFF93F7F70FCB
:1016800093063001E3ECF6F693972700B3878700C3
:1016900083A707006780070063EE8A099307F004B9
:1016A00063E0872793078002630EFC4863E08707A7
:1016B00093073002E3F687F593071000E3D077F540
:1016C0001387EBFF938BFBFF930601029317270011
:1016D000939B2B00130C6CFEB387D700B38BDB00FE
:1016E000137CFC0F1306400183A7070083A60B00A1
:1016F000E36686F137A600001306862A131C2C0029
:10170000330CCC0003260C00670006009307F002A0
:101710006308FC40E3F287FB93070CFDE3E079EFFD
:1017200013972B00330747012320F700938B1B00EF
:101730006F00402563049C2063E684039307F00850
:1017400063FA871D93070009E31AFCEA9305010178
:1017500013050B00EFE05F9183250101130B0500DA
:101760006F00401A93076009630EFC209307100F67
:101770006302FC0A93074009E312FCE8E3800BE8EC
:10178000938BFBFF93972B0093060101938707111F
:10179000B387D7009306000283A707F06302DC2C0F
:1017A00063E68625130790016300EC2A1307F00116
:1017B0006304EC2A13076000E312ECE483C617000D
:1017C00003C7070093968600B3E6E60003C7270029
:1017D00083C73700131707013367D7009397870133
:1017E0006F00C02483462700834717000345470046
:1017F00093968600B3E6F6008347370013158501FC
:1018000093970701B3E7D700B367F500130B5700B1
:101810006FF0DFF0834517009306C1011306270020
:1018200013850C00EFE09F978327C101130B050080
:101830006FF0DFEE83471700130B27006FF01FEEEA
:10184000830717006FF05FFF0345270083471700EA
:1018500013158500B367F500130B37006FF01FEC0D
:10186000834727008346170093978700B3E7D70085
:101870009397070193D707416FF01FFE8347270017
:101880008346170093978700B3E7D7008346370056
:1018900093960601B3E6F6008347470093978701C6
:1018A000B3E7D7006FF09FF6834727008346170002
:1018B000130B970093978700B3E7D7008346370051
:1018C00093960601B3E6F600834747009397870196
:1018D000B3E7D7006FF09FE413050B0093054101B8
:1018E000EFE08FF883274101130B05006FF01FE332
:1018F0009305C10113050B00EFE04FFA6FF0DFF223
:1019000093050CFB13850C00EFF0DFA79307050090
:101910006FF0DFE09305810113050B00EFE00FF896
:10192000130B050093050CF913850C00EFF09FA530
:1019300083278101B307F5006FF05FDE9305010196
:1019400013050B00EFE04FF293058101EFE00FF577
:1019500083250101130B05006FF01FFDE3800BCA07
:101960009387FBFF939727009387071113070101C4
:10197000B387E70083A707F06FF05FDAE3800BC857
:10198000938BFBFF13070B006FF09FC0130B270017
:10199000034717009387FBFFE352F7C6B387E7407F
:1019A0006FF05FFC93071000E3DA77C59387EBFFD6
:1019B0006FF05FFB93071000E3D277C51387EBFF4F
:1019C000930601029387FBFF131727003307D70005
:1019D00093972700B387D7008326070003A6070045
:1019E00023A0D7002320C7006FF0DFF99306300251
:1019F000630CDC0693064009E312DCC0130B2700DE
:101A00000347170093064000E30AD7DA63E4E602CF
:101A1000930610006306D70293062000E310D7BE9A
:101A200003C7070083C7170093978700B3E7E70052
:101A30006FF0DFCE93068000E302D7D86FF01FBCB3
:101A400083C707006FF09FCD13D7F741B3C7E700F7
:101A5000B387E7406FF09FCCB307F0406FF01FCC27
:101A600093C7F7FF6FF09FCB13050B009305410160
:101A70002326F100EFE04FDF032741018327C10058
:101A8000130B0500B387E7006FF05FC9B3F7D7000A
:101A9000930B07006FF09FC8B3C7D7026FF05FFFCB
:101AA000B387D7406FF0DFFEB3F7D7026FF05FFE6A
:101AB000B387D7026FF0DFFDB3E7D7006FF05FFDAC
:101AC000B387D7006FF0DFFCB397D7006FF05FFCF0
:101AD000B3D7D7006FF0DFFBB3D7D7406FF05FFB12
:101AE000B3C7D7006FF0DFFAB3A7F60093B71700BC
:101AF0006FF01FFAB3A7D7006FF05FFFB387D7402F
:101B00006FF0DFFEB3A7D7006FF09FF8B3A7F60022
:101B10006FF01FF8B387D740B337F0006FF05FF76F
:101B2000034B270083471700131B8B00336BFB000D
:101B3000131B0B01135B0B41130B3B00330B6701B2
:101B40006FF05FE4E38C0BAA938BFBFF93972B0062
:101B50009387071193060101B387D70083A707F086
:101B6000130B3700E38007E2834727008346170003
:101B700093978700B3E7D7009397070193D707415F
:101B8000330BFB006FF01FE0130101D12324812EE2
:101B9000232E312D13040500938905001306002B15
:101BA00093050500130501012326112E2322912EF2
:101BB0002320212F232C412D232A512D2328612D31
:101BC0002326712D2324812DEF101102930520006F
:101BD00013050101EFE08FD1631A050083258420EE
:101BE0001306810013050101EFF08FF79304200025
:101BF000130600009385040013050400EFE00FD3E3
:101C000083C7A928130710006386E700638297063D
:101C1000EFC0D05E83A5492913050101EFF08FF6CF
:101C200083A709293309F500B7AA0000372B000064
:101C300023242421138A090093040000130C40007C
:101C4000938ACA2F130B2BC2930B2008B3879900DA
:101C500083C787209387F7FF93F7F70F6368FC0428
:101C600093972700B387570183A707006780070072
:101C700003A589299305C100EFE00FBF8325C100AB
:101C80009306000013060101B305B500EFF01F8AAB
:101C9000130905006FF05FF903260A003306C90037
:101CA0009385040013050400EFE04FC893841400EB
:101CB000130A4A00E39C74F983C6392B8327042254
:101CC00037070080638C060CB3E7E7008320C12E42
:101CD0002320F4220324812E8324412E0329012E64
:101CE0008329C12D032A812D832A412D032B012D08
:101CF000832BC12C032C812C1301012F6780000042
:101D000083250A0093071008638465019387050003
:101D10009387072CB387270083C7C7F713050101F3
:101D200063880700EFF00FE6130605006F00C0039D
:101D3000EFE0CFBB130605006FF09FF603250A0006
:101D40009305C100EFE04FB28325C100930609005F
:101D500013060101B305B500EFF04FFD6FF09FFDD5
:101D600003260A003306C900938504001305040006
:101D7000EFE00FBF6FF09FF303250A009305C1004A
:101D8000EFE08FAE8325C100930609001306010121
:101D9000B305B500EFF08FF96FF01FF91307F7FFE8
:101DA000B3F7E7006FF09FF2130101D22328212D32
:101DB0002326312D138905009309060093050000A1
:101DC0001306002B232C812C232A912C13040500AD
:101DD000232E112C93840000EF20C03BB707004056
:101DE000232694202320F422930581001305040068
:101DF000EFF08FA263040500EFC050409387813C51
:101E000003C7070063160718130740002380E70085
:101E1000A380E7002381E700A381E7002382E70096
:101E2000A382E7002383E700A383E7002384E7007E
:101E3000A384E7002385E700A385E7002386E70066
:101E4000A386E7002387E700A387E7002388E7004E
:101E5000A388E7002389E700A389E700238AE70036
:101E6000A38AE700238BE700A38BE700238CE7001E
:101E7000A38CE700238DE700A38DE700238EE70006
:101E8000A38EE700238FE700A38FE7002380E702FC
:101E9000A380E7022381E702A381E7022382E7020E
:101EA000A382E7022383E702A383E7022384E702F6
:101EB000A384E7022385E702A385E7022386E702DE
:101EC000A386E7022387E702A387E7022388E702C6
:101ED000A388E7022389E702A389E702238AE702AE
:101EE000A38AE702238BE702A38BE702238CE70296
:101EF000A38CE702238DE702A38DE702238EE7027E
:101F0000A38EE702238FE702A38FE7022380E70671
:101F1000A380E7062381E706A381E7062382E7067D
:101F2000A382E7062383E706A383E7062384E70665
:101F3000A384E7062385E706A385E7062386E7064D
:101F4000A386E7062387E706A387E7062388E70635
:101F5000A388E7062389E706A389E706238AE7061D
:101F6000A38AE706238BE706A38BE706238CE70605
:101F7000A38CE706238DE706A38DE706238EE706ED
:101F8000A38EE706238FE706A38FE7062380E704E7
:101F9000130641009305090013050400EFF04FBC40
:101FA000930710002309F12893058100930720006F
:101FB00013050400232EF128232C0128EFF0DFBCA9
:101FC0008320C12D232634210324812D8324412DF8
:101FD0000329012D8329C12C1301012E67800000E4
:101FE000130101FF232481002322910013840500A3
:101FF0002326110093040500EFF01FB98325C42A9E
:10200000B7270000938727C2130710086384F500E1
:10201000138705003304E40003478420930770000E
:10202000130500006306F70013850400EFF08FB579
:102030008320C1000324810023A6A420832441001F
:102040001301010167800000130101D12324812EB7
:102050002320212F232E312D232C412D232A512DB6
:102060002326712D2326112E2322912E2328612D24
:102070009309050013840500930B06001309100053
:10208000130A7000930A8000930581001305040071
:10209000EFE09FF8631C0504832704228324842037
:1020A0000328812A93D7F70103AB0901B384F440D5
:1020B0006316080063149B06EFC05014B3059B40E1
:1020C00093B5150003A6090083A649009395250042
:1020D000930704001387090093E5250013051000FA
:1020E000E700080063064505E30655FD13052000DB
:1020F0008320C12E0324812E8324412E0329012E07
:102100008329C12D032A812D832A412D032B012DE3
:10211000832BC12C1301012F6780000093058100E0
:1021200013050400EFF0DFEB130919006FF0DFF582
:1021300023A02B016FF0DFFB130101D183270501E1
:10214000232A512D832AC5002322912E2320212FBB
:10215000232E312D232C412D2328612D2326712D53
:102160002324812D2322912D2326112E2324812EF9
:1021700093040500938B0500930C0600138C070055
:102180001309100093095000130B7000130A80000C
:102190009305810013850B00EFE01FE81304050091
:1021A00063060504631C35079305A00103A604001C
:1021B00083A6440013080C0093870B0013870400C8
:1021C00013051000E7800A00631A0504630634094A
:1021D0000328812A631008029305810013850B00F0
:1021E000EFF01FE0130919006FF09FFA9305A000AC
:1021F0006FF0DFFB03A6040083A6440093870B0067
:10220000138704009305A00013051000E7000800E1
:102210001304050063026505E30045FD1304200077
:102220008320C12E130504000324812E8324412E14
:102230000329012E8329C12D032A812D832A412DB3
:10224000032B012D832BC12C032C812C832C412C9F
:102250001301012F6780000023A02C016FF05FFCA9
:102260000325852067800000B7270000938727C2D9
:1022700013071008638AF500635AB700130101FFC2
:1022800023261100EFC0807793050700032705225E
:10229000939725009316170063DE06003307B500F9
:1022A0000347C722630807003305F5002320C50054
:1022B000678000003305F5009387813CB387B70042
:1022C00083C607009307400003270500E398F6FA4A
:1022D0002320C700678000000325C5206780000019
:1022E000832705220325C52093D7F70123A0F500F6
:1022F000678000002326B5206780000003250521A4
:10230000678000000325C52167800000130101FEDE
:10231000930541001305F5FF232E1100EF1090489F
:10232000630405000325C1008320C10113010102DC
:102330006780000003258521678000000325452173
:1023400067800000130101A8232C8156232A91568F
:102350001384050093040500930500001306002B69
:1023600013058100232E1156EF10D062B7070040ED
:102370002324F1229305812B9387140013058100F8
:10238000232AF120EFE05FC9631C0508834721542D
:1023900013082000638607099307812B1306C421C5
:1023A0001307040193088421938607001303100088
:1023B00003C587202300A60063066500930500007F
:1023C0006314050183A506002320B7001307470007
:1023D000938717001306160093864600E31A17FD2D
:1023E000832781542324F4008327C154231CF42021
:1023F00083274156231DF420832701232326F4003D
:102400008327C1562322F4008320C15713050400FB
:10241000032481578324415713010158678000002A
:10242000130400006FF05FFE67800000130101815C
:102430002326117E2324817E2320A17E232EB17C9E
:10244000232CC17C232AD17C2326317D2324417D6A
:102450002322517D2322917E2328217D2320617D0B
:10246000232E717B232C817B232A917B2328A17B24
:102470002326B17B130101F79305F17F138600003A
:10248000938515081304050013058101EFF0DF9112
:102490001306002B930581011305812CEF00D174E5
:1024A000130A5000930A6000930980009305815736
:1024B0001305812CEFE05FB6630645016304050454
:1024C00013053000130101098320C17E0324817E9E
:1024D0008324417E0329017D8329C17C032A817CD9
:1024E000832A417C032B017C832BC17B032C817BC2
:1024F000832C417B032D017B832DC17A1301017F46
:10250000678000009307F17F03A8970193879701E5
:10251000631A0800930581571305812CEFF05FAC17
:102520006FF0DFF8032604008326440093051000B3
:102530009307812C1307040013850500E7000800AA
:1025400063065501E30835FD6FF09FF70327814EC1
:102550008327014D1306002B1357F701B387E7407C
:102560002328F40093058101232604001305812C00
:10257000EF009167130681579305812C1305040022
:10258000EFF09FAC130705009307700013052000C0
:10259000E31AF7F29305812C13058101EFE0DFE6E2
:1025A0000324414D2326A1000325014D930504007A
:1025B000EFF09FE7B7170000B38727000327C1009C
:1025C00023AE8786130101098320C17E0324817E07
:1025D0008324417E0325017E8325C17D0326817DE1
:1025E0008326417D0329017D8329C17C032A817CC7
:1025F000832A417C032B017C832BC17B032C817BB1
:10260000832C417B032D017B832DC17A1301017F34
:102610003301E10067800000130101A32324815CE2
:102620002322915C130405002320A15C232EB15AC0
:10263000232CC15A2328215B93840500130906002B
:102640009305015D13860000130501022326115C2A
:10265000232AD15A2326315B2324415B2322515B59
:102660002320615B232E7159232C8159232A9159F0
:102670002328A1592326B159EFF00FF31306002B9D
:10268000930501021305012DEF0011561306C10138
:1026900023269400232824019305012D130504000B
:1026A000EFF09FA993077000631EF5069305012DB7
:1026B00013050102EFE05FD50324C14D2326A100DD
:1026C0000325814D93050400EFF01FD62326815C7E
:1026D0000324815C0327C1008320C15C8324415C07
:1026E0000325015C8325C15B0326815B8326415B57
:1026F0000329015B8329C15A032A815A832A415A3B
:10270000032B015A832BC159032C8159832C415926
:10271000032D0159832DC1581301015D3301E100DF
:10272000678000008320C15C0324815C8324415CBA
:102730000329015B8329C15A032A815A832A415AFA
:10274000032B015A832BC159032C8159832C4159E6
:10275000032D0159832DC1581301015D67800000CD
:10276000130101A32324815C2320A15C1304050031
:10277000232EB15A232CC15A9305015D1386000004
:10278000130501022326115C232AD15A2322915CCE
:102790002328215B2326315B2324415B2322515BC9
:1027A0002320615B232E7159232C8159232A9159AF
:1027B0002328A1592326B159EFF00FDF1306002B70
:1027C000930501021305012DEF0011428327C40078
:1027D0001306C1019305012D13050400639A070038
:1027E000EFF09F86930770006308F500EFC00021AB
:1027F000EFF09F946FF01FFF9305012D1305010269
:10280000EFE09FC00324C14D2326A1000325814D85
:1028100093050400EFF05FC12326815C0324815CF3
:102820000327C1008320C15C8324415C0325015C34
:102830008325C15B0326815B8326415B0329015B02
:102840008329C15A032A815A832A415A032B015AE8
:10285000832BC159032C8159832C4159032D0159D4
:10286000832DC1581301015D3301E1006780000031
:102870008327C500130101A32324815C2326115C57
:102880002322915C2320A15C232EB15A232CC15A10
:10289000232AD15A2328215B2326315B2324415B41
:1028A0002322515B2320615B232E7159232C8159F4
:1028B000232A91592328A1592326B159130405002D
:1028C000638C070A138600009305015D130501025E
:1028D000EFF08FCD1306002B930501021305012D98
:1028E000EF0091301306C1019305012D130504007B
:1028F000EFF09F84930770006304F500EFC00010B1
:102900009305012D13050102EFE01FB00324C14D13
:102910002326A1000325814D93050400EFF0DFB0CD
:102920002326815C0324815C0327C1008320C15CD2
:102930008324415C0325015C8325C15B0326815B05
:102940008326415B0329015B8329C15A032A815AEB
:10295000832A415A032B015A832BC159032C8159D5
:10296000832C4159032D0159832DC1581301015D59
:102970003301E10067800000EFF05FAB8320C15CB2
:102980000324815C8324415C0329015B8329C15AB0
:10299000032A815A832A415A032B015A832BC15996
:1029A000032C8159832C4159032D0159832DC15882
:1029B0001301015D678000008327850093050500F2
:1029C000638607001305100067800700678000001A
:1029D000130101A5232E3159232C415993090500D8
:1029E000138A0500138600009305015B130581001F
:1029F0002322915A2320215B2326115A2324815A12
:102A0000232A515923286159232671592324815996
:102A1000232291592320A159232EB1579304100248
:102A2000EFF08FB8130950009305812B1305810037
:102A3000EFE08FDEB3D7A40093F71700130405006F
:102A40006384070293050A0013058100E7800900EB
:102A5000631C0500630C24019305812B1305810081
:102A6000EFF00FD86FF05FFC130430008320C15AE1
:102A7000130504000324815A8324415A0329015A6F
:102A80008329C159032A8159832A4159032B0159AA
:102A9000832BC158032C8158832C4158032D015896
:102AA000832DC1571301015B6780000013070000ED
:102AB00093060000834705001305150013F6F7077A
:102AC000939787013316D60093D787413367C700A2
:102AD00093867600E3C007FE23A0E5006780000030
:102AE0009307000013070000834605001305150037
:102AF00013F6F6073316E600B3E7C7001396860110
:102B00001356864113077700E34006FE1306F001D3
:102B1000636CE60093F60604638806009306F0FFF4
:102B20003397E600B3E7E70023A0F50067800000D5
:102B3000130101FE232C8100139416002328210188
:102B40002326310123244101232251012320610145
:102B5000232E1100232A9100130B0500138A050070
:102B60009309060013890600930A07001304140052
:102B7000634654038320C10103248101832441015E
:102B8000032901018329C100032A8100832A41000E
:102B9000032B01001301010267800000930414005D
:102BA00063D0540393172400B387F90003A64700AA
:102BB00083A5070013050B00E7000A006344050026
:102BC0009304040093162900139924003384D90038
:102BD00033892901032609008325040013050B000E
:102BE000E7000A00E35805F80327090083270400DB
:102BF0002320E400139414002320F900130414008C
:102C0000138904006FF0DFF69307F00F6300F504FB
:102C10009377750093062000638ED7021307400058
:102C200063ECF6001305070063800702130101FF40
:102C300023261100EFB0905C930630006380D7022A
:102C400013058000E394E7FE678000001305000091
:102C500067800000138507006780000013050700E8
:102C6000678000009307F00F6302F5049377050770
:102C7000130700026384E702637AF7021307000375
:102C80006382E70213070005130500006382E70271
:102C9000130101FF23261100EFB0505603A5450094
:102CA0006780000003A58500678000001305000011
:102CB00067800000130101FD23229102232E3101C0
:102CC00023261102232481022320210393070005D8
:102CD0009304060093890600631AF5021305360073
:102CE0001375C5FF83270500130545008320C10226
:102CF0000324810223A0F900832441020329010255
:102D00008329C10113010103678000009377F50057
:102D10001307C000130905006360F71037A7000010
:102D20009397270013070731B387E70083A70700AE
:102D300013840500678007009305C1001305060092
:102D4000EFF0DFD68327C100E38207FA1377090784
:102D5000930600016314D70013840400131989013A
:102D600013598941B3878700E35209F883A7070005
:102D70006FF0DFF79305C10013050600EFF05FD693
:102D80006FF05FFC834716000347060093978700A8
:102D9000B3E7E700138524006FF01FFB834716009D
:102DA0000347060093978700B3E7E700939707016F
:102DB00093D707416FF01FFE8347160003470600B5
:102DC0001305460093978700B3E7E7000347260003
:102DD000131707013367F70083473600939787017E
:102DE000B3E7E7006FF05FF683471600034706007E
:102DF0001305860093978700B3E7E7000347260093
:102E0000131707013367F70083473600939787014D
:102E1000B3E7E7006FF05FF3EFB0503E83270501A3
:102E2000130101FD2324810293D7370013F4F70F18
:102E300023229102938405009305050013050400E5
:102E4000232611022320210313090600EFF09FE13E
:102E50009305050093068101138684002326A100B3
:102E600013050400EFF01FE58325C1009306C1019F
:102E70001306890013050400EFF0DFE30325810149
:102E80008327C10163E2A7023335F5003305A04073
:102E90008320C10203248102832441020329010209
:102EA0001301010367800000130510006FF05FFE3F
:102EB000130101FE232A9100930405000325050157
:102EC000232821011389050013553500938504003B
:102ED0001375F50F232C8100232631012324410192
:102EE00023225101232E110093090600138A0600A4
:102EF000EFF05FD7930A0500130400006344440316
:102F00008320C1010324810183244101032901019C
:102F10008329C100032A8100832A41001301010291
:102F20006780000093162400B387D90003A504012D
:102F300003A60700B306D900135535001306860013
:102F400093850A001375F50FEFF0DFD61304140014
:102F50006FF0DFFA130101FD232291029304950023
:102F60002324810213040500138504002326110283
:102F700023202103232E3101232C4101EF0041594D
:102F8000130515003385A4008344840093073000A3
:102F900063F0970283460500130740009307F00F84
:102FA0006390E60203471500631C07001305250024
:102FB000034794009307A0076306F70293070000F6
:102FC0008320C102032481028324410203290102D8
:102FD0008329C101032A810113850700130101031D
:102FE0006780000093058100EFF05FAC9305C1009E
:102FF000EFF01FAF93071000639AF40233059500BA
:10300000930581001304A400EFF05FAA9304200548
:10301000130900059309C004130A20048347040020
:10302000639C9700834705006FF09FF9930581002B
:10303000EFF0DFA76FF0DFFC639227038347050003
:1030400013061500930641009305000013F5F707DA
:10305000EFF05FC6130414006FF05FFC6396370156
:10306000130515006FF01FFFE38C47FF6FF01FF58E
:10307000130101FC232A910283240501232C8102E0
:103080002322510393D4340093F4F40F930A0500E0
:1030900013840500930505001385040023263103DE
:1030A00023206103232E7101232A9101232E110273
:1030B0002328210323244103232C8101930C0600A0
:1030C000EFF05FBA9309050093070000130B30007F
:1030D000930B1000032A040063160A001304000077
:1030E0006F00800C83264400638C060E03A70A0140
:1030F000138907001377470063060702130944008A
:103100003309D9406380270313050900EFF09FE4DA
:103110009304050093850A001375F50FEFF09FB433
:1031200093090500639204020327C40083278400E7
:103130002326E10063940706130A4A00330444017E
:10314000930709006FF01FF913FCF40F9306810039
:10315000130684009385090013050C00EFF09FB55A
:10316000130605009306C100930500001375FC00CB
:10317000EFF05FB413050C00EFF01FA91307F0FF89
:103180006368AB00131535003395AB003307E500DA
:103190008327810033F7E700E30007FA0327C10024
:1031A000B387FC40E3FAE7F88320C103130504006A
:1031B0000324810383244103032901038329C102DA
:1031C000032A8102832A4102032B0102832BC101BE
:1031D000032C8101832C410113010104678000004D
:1031E000138907006FF05FF51307450003254500BD
:1031F0003305A7406FF01FD6130101FD2322910272
:10320000930405001385050023261102232481025F
:1032100023202103232E3101138905009309060081
:10322000EFF09FFC1374F50F938504001305040061
:10323000EFF05FA393050500930681001306890054
:1032400013050400EFF01FA713850900EFF0DFF965
:103250001374F50F9385040013050400EFF09FA08D
:10326000930505009306C100138689001305040029
:10327000EFF05FA4032581008327C10063E4A70268
:103280003335F5003305A0408320C10203248102B9
:1032900083244102032901028329C101130101038F
:1032A00067800000130510006FF01FFE130101FD81
:1032B00023248102232C4101232A51012328610167
:1032C00023267101232611022322910223202103A8
:1032D000232E3101130A0500938A0500130B060003
:1032E000938B060013040000634874038320C1021B
:1032F0000324810283244102032901028329C1019D
:10330000032A8101832A4101032B0101832BC10080
:10331000130101036780000013192400B3072B0178
:1033200083A407001304140013850400EFF0DFEBFF
:103330009379F50F93050A0013850900EFF09F922A
:1033400093050500B3862A011386840013850900BE
:10335000EFF05F966FF05FF9130101FE232C8100FF
:1033600093858500130406001305810013064000B1
:10337000232E1100EF00410713064000930584003F
:103380001305C100EF004106832781000327C10018
:10339000130510006366F700B3B7E7003305F0408C
:1033A0008320C10103248101130101026780000011
:1033B000130101FE232C8100232A910023282101DF
:1033C000232E110093840500130906001304000046
:1033D000634ED4008320C101032481018324410171
:1033E0000329010113010102678000001315240065
:1033F000B307A90083A50700130640003385A40086
:10340000938585002326D100EFF0107E8326C1002E
:10341000130414006FF0DFFB1301019A2320616590
:10342000032B46002326316593098600232C8164F3
:10343000232A916423282165232441652322516591
:10344000232E7163232C8163232E1164232A91631D
:103450002328A1632326B1632324A100138405003C
:10346000938A8600938B0900130C000093040122B9
:10347000130A00081309C101130600409305000058
:1034800013850400EF001051930C0000930D000011
:10349000130D000063EE6C09630A0D189387040096
:1034A0001307000003A607009306070023A0D70018
:1034B00093874700930601623307C700E394D7FE62
:1034C000930C000063E86C0F130C8C009307000250
:1034D0006318FC0463805917032481658320C16548
:1034E0008324416503290165032A8164832BC16319
:1034F000032C8163832C4163032D0163832DC162FF
:1035000013162B0093850A00032B0164832A416460
:10351000138509008329C164130101666FF0D06C23
:1035200093870B00938B0A00938A07006FF0DFF4F8
:10353000B3069B416374DA009306000803258100FB
:1035400013962C002326D1003386CB00930501026D
:10355000E70004008326C100232EB10113060900F1
:1035600093070000639CD700B38CFC00939727005F
:10357000B307F90083AD07006FF0DFF18325460044
:10358000130646009387170033D785011377F70F8B
:10359000131727003387E4000325070013051500E0
:1035A0002320A7000327C6FFB3B5E500330DBD00F8
:1035B0006FF05FFB330D9B416374AA01130D00088C
:1035C0000325810013962C00B38DCB0093050900D1
:1035D00093060D0013860D00E700040013152D005F
:1035E00093050000B307B90083A70700B3D787018D
:1035F00093F7F70F93972700B387F40003A707000B
:103600001308170023A00701B387BD0083A7070095
:10361000131727003387EA002320F700938545001E
:10362000E392A5FCB38CAC016FF0DFE9938A0B0049
:103630006FF05FEA8320C1650324816583244165BF
:10364000032901658329C164032A8164832A4164B3
:10365000032B0164832BC163032C8163832C41639F
:10366000032D0163832DC162130101666780000091
:10367000130101FB2324810423229104232E31030F
:10368000232C4103232A510323286103232671039A
:10369000232481032322910313840500232611048C
:1036A00023202105130C050093050000930400005E
:1036B00093090000930C0000130A3000930A1000D5
:1036C000130BF00F930B807F8327040063860702A0
:1036D000832744006380070E130944003309F9402F
:1036E0006302990913050900EFF0DF8693040500D2
:1036F000631065059309F0FF8320C104032481044E
:103700008324410403290104032A8103832A4103FA
:10371000032B0103832BC102032C8102832C410262
:10372000138509008329C103130101056780000087
:10373000937CF50F93050C0013850C00EFF08FD2EE
:1037400083270C019305050013F7877F631C770718
:10375000939C3C0093F77780B3E797012328FC0004
:10376000930C09009306C1011306840013F5F40FAE
:103770002326B100EFF00FD413F5F40FEFF0CFC80C
:103780008325C1009307F0FF6368AA0093173500F3
:10379000B397FA009387F7FF0327C101B377F700C8
:1037A000638A070083270C00938919006374F7006C
:1037B0002320EC0083270400938747003304F400A0
:1037C0006FF09FF013D737001377F70F93E7470099
:1037D000E396E4F86FF0DFF8130101FC232C81027B
:1037E0000324050123244103232C810113543400B5
:1037F0001374F40F130A0500138C050093050500DC
:1038000013050400232A91022326310323225103A6
:1038100023206103232E110223282103232E71016B
:1038200093040600EFF00FC493090500930700000E
:10383000930A3000130B100003A70400631A070259
:103840008320C1030324810383244103032901034B
:103850008329C102032A8102832A4102032B010228
:10386000832BC101032C8101130101046780000037
:1038700083A6440013890700638A060603270A010A
:103880001377470063060702138944003309D940C0
:103890006380270313050900EFF0CFEB1304050045
:1038A00093050A001375F50FEFF0CFBB93090500E0
:1038B0009385840063160404130640001305C100B9
:1038C000EFF090328327C1006382070283270C0048
:1038D000638E070003A747009306170013172700FE
:1038E00023A2D700B387E70023A4970083A704008F
:1038F00093874700B384F400930709006FF0DFF368
:10390000138605009306C100938509001375F40F13
:10391000EFF04FBA1375F40FEFF00FAF9307F0FF0E
:1039200063E8AA00131535003315AB00B307F500A3
:103930000327C100B3F7E7006FF01FF983270501E4
:10394000130101FC232C810223244103232E1102A5
:10395000232A910223282103232631032322510302
:1039600023206103232E7101232C810113F71700FB
:1039700013040500138A0500630C070403250401E2
:10398000937715006392072A137525000329C40055
:10399000631A054213050400032481038320C10335
:1039A000832441038329C102832A4102032B01029C
:1039B000832BC101032C810113060A009305090022
:1039C000032A810203290103130101046FF04FEA66
:1039D00093D4B700639E040A93F727000329C50018
:1039E0009309F0FF6390070893050900EFF05FC8A3
:1039F0009307F0FF93040500631AF5066F000001BA
:103A000013050400EFF0DFC6631A35059307807FC6
:103A10002328F4009387C1912326F4008327040010
:103A2000E37EFAF4930400008320C103032481039E
:103A3000032901038329C102032A8102832A410247
:103A4000032B0102832BC101032C81011385040088
:103A5000832441031301010467800000B384A400A0
:103A60001309490083250900E39C05F88327040115
:103A70001397B40093F7F77FB3E7E7002328F40028
:103A80003707200063E2E40693F7F77F2328F4006A
:103A90009389240013952900EFB0400D1309050008
:103AA000E30E05F62322050013952900EFB0000C64
:103AB000930A0500630405002322050083290401FD
:103AC000032BC40093F729006390070413060B002F
:103AD00093058100130504002324210123265101AD
:103AE000EFF09FCF6F00C002E38A04F26FF05FFA3D
:103AF000930581001305040023242101232651018D
:103B0000130B4B00EFF05FCD03260B00E31206FE14
:103B10008327490063849700EFA0506E93F7490014
:103B200063820A066394070493F9897F6396090404
:103B3000B73503009385053B1305040093860A00FF
:103B400013060900EFF05F8D13850A00EFB0C00285
:103B50008327C400232624012320F900832704019E
:103B600093E717002328F4006FF05FEBB7350300ED
:103B70009385C52A6FF05FFCB7350300938505EB8D
:103B80006FF09FFB6396070693F9897F6398090698
:103B9000B73903009389893593DA1400130B890030
:103BA000938AFAFF930BF0FF63907A07938AF4FFEE
:103BB00093942400B3049900E35C50F903A74400F4
:103BC00083278900930600002324E90013060B00D5
:103BD00013870A00938509001305040023A2F4004B
:103BE0009384C4FFEFE0DFF4938AFAFF6FF0DFFC09
:103BF000B73903009389891F6FF01FFAB7390300A3
:103C00009389C9E16FF05FF993860A001387040076
:103C100013060B009385090013050400EFE05FF124
:103C2000938AFAFF6FF05FF8937A450063860A087B
:103C3000832BC400130B000083AA4B00E3745BDFEB
:103C400033095B011359190093172900B387FB004F
:103C500083A4870013850400EFF00FD99379F50F43
:103C60009305040013850900EFE0DFFF93050500CD
:103C7000930601001386840013850900EFF08F83FB
:103C800013060500930641009305000013F5F900A3
:103C9000EFF04F8283270100636CFA000327410095
:103CA000B387E700E362FAD8130B190013890A00FF
:103CB000930A09006FF09FF89379857F6394090652
:103CC000832AC40003A94A00E3FE29D533842901CD
:103CD0001354140093172400B387FA0083A48700B9
:103CE000130640001305010093858400EFF0C06FB8
:103CF000130640009385C4003305C100EFF0C06E89
:103D000083270100636CFA0003274100B387E700B3
:103D1000E36CFAD09309140013040900130904009A
:103D20006FF09FFA13553500032BC4001379F50F7C
:103D30009305040013050900EFE0DFF283294B002F
:103D4000130C0500937BF900E3FE3ACD33843A016E
:103D50001354140093172400B307FB0083A48700B7
:103D60009306010093050C001386840013050900D7
:103D7000EFE05FF413060500930641009305000091
:103D800013850B00EFE01FF383270100636CFA003B
:103D900003274100B387E700E368FAC8930A1400D9
:103DA00013840900930904006FF01FFA13060A0038
:103DB00013050400EFF0CFAB93040500E31605C62E
:103DC0001309490083250900E39205FE6FF09FC5A2
:103DD000630A050283270500638607029307F0FF45
:103DE00023A0F5009307807F23A8F50003A781A3F4
:103DF00023A2C50023A4D50023A6A50023AAE5007D
:103E000023ACB1A2678000009306000013060000F7
:103E10006FF01FFC83270500638A0702130101FF6F
:103E200023248100130405001305800123261100BB
:103E3000EFA0D0539305050013050400032481006F
:103E40008320C100130101016FF01FFC6780000097
:103E50009307F0FF23A0F5009307A07F23A8F500A8
:103E600003A781A323A2C50023A4D50023A6A500F0
:103E700023AAE50023ACB1A26780000093060000EE
:103E8000130600006FF0DFFC130101FF2324810003
:103E9000130405001305800123261100EFA0104D27
:103EA0009305050013050400032481008320C1004D
:103EB000130101016FF09FFC6300050C83270500CF
:103EC0006388070A03A781A3938781A3631007026E
:103ED000130101FF03A741A323261100232481001E
:103EE000938741A363180702EFA0503103A707008F
:103EF0008326C700639AA60083264701130507009F
:103F000023A0D700678000009307470103274701DC
:103F10006FF0DFFB03A40700832604010327C4001E
:103F200093F616006388060283260700631CD502F9
:103F3000832644011305070023A0D700EFA0D04338
:103F40008320C10013050400032481001301010133
:103F5000678000006318E5000327440123A0E70001
:103F60006FF01FFE03274401930744016FF09FF792
:103F70001305000067800000678000006FF0DFF32A
:103F800083270500638E0700130101FF232611001C
:103F9000EFF09FF28320C100130101016FA0D03D1B
:103FA00067800000130101FD232E310123248102CB
:103FB00003A441A323202103232A51012326110214
:103FC00023229102232C4101930A05001389050045
:103FD000630004028327040063E4FA0493850A0063
:103FE00013050400EFF09F95930405006316050682
:103FF00003A481A3631A04028320C10213050400F1
:104000000324810283244102032901028329C1017F
:10401000032A8101832A4101130101036780000003
:10402000032444016FF0DFFA8327440193850A00DB
:104030001305040023ACF1A2EFF05F9003A741A3A6
:1040400093040500938741A363160706232AE4001F
:1040500023A08700E38E04F883274400032504018E
:104060002320F900832784002322F9009377450059
:10407000135535006386070013850400EFF0CF96D3
:104080009379F50F9305040013850900EFE09FBDB8
:10409000930505009306C10013868400138509006B
:1040A000EFE05FC18327C100138404002324F900DB
:1040B0006FF09FF483A607000326040083A5060083
:1040C000E3E6C5F803A74601938746016FF0DFF7E3
:1040D000630E06009307F00163DCC700130606FEBB
:1040E00033D5C50013070000930507006780000063
:1040F00093070002B387C74033D7C5003355C500C7
:10410000B395F50033E5A5006FF01FFE630E0600C2
:104110009307F00163DCC700130606FEB315C50064
:1041200013070000130507006780000093070002D3
:10413000B387C7403317C500B395C5003355F500A5
:10414000B365B5006FF01FFEB7070100637AF50293
:104150009337051093B717009397370037A70000E0
:104160003355F500130747343307A700034507000D
:1041700093060002B386F6403385A64067800000B0
:104180003707000193078001E37AE5FC93070001FC
:104190006FF0DFFC1303F00013070500637EC3021A
:1041A0009377F7006390070A63920508937606FFFA
:1041B0001376F600B386E6002320B7002322B7006B
:1041C0002324B7002326B70013070701E366D7FEB1
:1041D0006314060067800000B306C3409396260070
:1041E00097020000B38656006780C6002307B70019
:1041F000A306B7002306B700A305B7002305B70041
:10420000A304B7002304B700A303B7002303B70038
:10421000A302B7002302B700A301B7002301B70030
:10422000A300B7002300B7006780000093F5F50FE7
:1042300093968500B3E5D50093960501B3E5D500C7
:104240006FF0DFF69396270097020000B3865600C2
:1042500093820000E78006FA93800200938707FFAD
:104260003307F7403306F600E378C3F66FF0DFF369
:104270003367B5009303F0FF13773700631007101F
:10428000B7877F7F9387F7F70326050083A605008E
:10429000B372F6003363F600B382F200B3E2620059
:1042A000639272106316D6080326450083A6450064
:1042B000B372F6003363F600B382F200B3E2620039
:1042C000639E720C6316D6060326850083A68500BE
:1042D000B372F6003363F600B382F200B3E2620019
:1042E0006398720C6316D6040326C50083A6C50026
:1042F000B372F6003363F600B382F200B3E26200F9
:104300006392720C6316D6020326050183A605018B
:10431000B372F6003363F600B382F200B3E26200D8
:10432000639C720A1305450193854501E30ED6F49B
:104330001317060193970601631EF7001357060132
:1043400093D706013305F7409375F50F6390050287
:10435000678000001357070193D707013305F74023
:104360009375F50F63940500678000001377F70FCE
:1043700093F7F70F3305F740678000000346050009
:1043800083C6050013051500938515006314D60038
:10439000E31606FE3305D64067800000130545008E
:1043A00093854500E31CD6FC1305000067800000E0
:1043B0001305850093858500E312D6FC13050000E4
:1043C000678000001305C5009385C500E318D6FA81
:1043D00013050000678000001305050193850501A2
:1043E000E31ED6F813050000678000009307F00471
:1043F0006300F50263E8A700130545FE1335650069
:10440000678000001305E5FA13352500678000007A
:1044100013051000678000000327450183278501ED
:10442000930605006354F702130640013306C702E2
:1044300083270501130717003385C70023220500D2
:104440002324050023AAE60067800000130500006E
:1044500067800000130101FE232C8100232E110030
:10446000930700051304060063E4B71093074003A5
:1044700063EAB7029307900263E4B7069307A000CC
:1044800063E2B7089307400063FAB70A631C040AA3
:104490008320C101130504000324810113010102DB
:1044A000678000001387B5FC93071000B397E700FF
:1044B0003737000A130787EF33F7E7006310070861
:1044C0003717C70113077710B3F7E700E39007FC2E
:1044D0009307F0046388F506130400006FF05FFB98
:1044E000938765FD13078000E368F7FE37B7000088
:1044F00093972700130747B8B387E70083A7070000
:1045000067800700138755FF93071000B397E700F4
:104510003727005F1307E7FF33F7E700E31807F6D5
:1045200013D7E7001377F71F631E070037078000D4
:1045300013071700B3F7E700E38007FAE38E06F8E6
:10454000E30C04F82326D1002324B100EFF0DFECC4
:10455000630C0500832581008326C1002326850086
:104560002320B5002328D500130405006FF05FF267
:104570009387E5FA1307C000E36AF7F037B7000046
:1045800093972700130787BAB387E70083A707002D
:1045900067800700E39806FA6FF01FF4130101FE2D
:1045A0002326B1002324C100232E1100EFF0DFE603
:1045B000032681008325C1009327160013B7150039
:1045C000B3E7E700639407026302050223220500B4
:1045D00023240500232005002326B5002328C50039
:1045E0008320C10113010102678000001305000050
:1045F0006FF01FFF130101FE232E11002326B100CF
:10460000EFF09FE1630A05008325C1009307800254
:104610002320F5002326B5008320C10113010102E8
:10462000678000000327C5001306E0069306050017
:104630008347070013080000639AC7009307170019
:104640002326F50083471700130810003706008063
:1046500013050000930890001306F6FF9305A000D1
:10466000138707FD9377F70F63F8F800630C0802D0
:104670003305A04067800000B307E640B3C7B70228
:1046800063C0A702B307B5023305F70083A7C600CE
:104690001387170023A6E60083C717006FF05FFC9F
:1046A0001305F0FF67800000130101FF2324810040
:1046B000232291002326110093040500EFF0DFD59B
:1046C00013040500630C0500930740042320F50044
:1046D00013850400EFF01FF52326A4008320C100FA
:1046E0001305040003248100832441001301010108
:1046F00067800000639C05028327C50003C707008D
:104700006310070213050000678000001305000016
:104710008320C10003248100130101016780000090
:10472000138717002326E50083C50700130101FF47
:10473000232481002326110093078006130405001B
:104740006396F50213050400EFF0DFED8327C40044
:104750001307F00583C60700E39AE6FA938717006C
:104760002326F400130510006FF09FFA93076007EB
:10477000E39EF5F8EFF01FEB8327C4001307F00565
:1047800083C60700E394E6F8938717002326F40016
:104790006FF05FFB0327C500930620051386050015
:1047A00083470700638ED7009306F004639AD7020D
:1047B0008327C50293050002938737006F0000012D
:1047C0008327C5029305F00193872700130717007D
:1047D0002326F5022326E500930600006FF09FC70D
:1047E00013850500678000008327C500130101FFC2
:1047F000232481002326110083C707001307F00537
:10480000130405006384E7041307E006639CE700D4
:104810001305F0FF8320C10003248100130101016F
:1048200067800000EFF01FE013051500E34205FE6E
:104830008327C4001307F00583C60700E39AE6FC4C
:10484000938717002326F4006FF0DFFC13050000A8
:104850006FF01FFE8327C5001307400583C60700BE
:104860006386E6001305000067800000130101FF66
:10487000232481002322910093871700232611000F
:104880002326F50013040500EFF01FF6930405003E
:104890009307F0FF13050000638EF4001305040076
:1048A000EFF09FB763080500930750002320F50041
:1048B000232695008320C100032481008324410026
:1048C00013010101678000008327C5009306F005EE
:1048D00003C707006314D708130101FF23229100C7
:1048E0002326110023248100938617002326D50058
:1048F00083C61700930410006398E600938727008F
:104900002326F5009304200013040500EFF09FD147
:10491000930705001305000063C8070293A7A700CB
:10492000639207029384E4FF639E04008327C4001C
:104930001307F00583C607006398E6009387170006
:104940002326F400130510008320C10003248100F6
:10495000832441001301010167800000130510004A
:104960006780000013070500638A0502832705029C
:10497000832645021305000063D4D7028326C701AE
:104980001396270093871700B386C60023A0B600AE
:104990002320F702130510006780000013050000B4
:1049A00067800000130101FE232C8100232E1100DB
:1049B000138405001306100093050040130820041B
:1049C000930830026300040483278400634CF602DA
:1049D0000327C51163C8E502938717002324F40059
:1049E00083270400636CF80C63E6F8021307700079
:1049F0006386E7046364F706130730006364F70413
:104A0000639C07068320C101032481011301010275
:104A1000678000001387C7FDB786FE7F3317E60067
:104A20009386C6DEB376D700639806041377370003
:104A30006316070C13074003E396E7FC0324040105
:104A40006FF05FF813074000E39EE7FA83274514F1
:104A5000938717002322F5146F00000213078000CC
:104A6000E38EE7FC130770016378F700938777FE06
:104A70001307A000E368F7F88327C5113717000074
:104A800013070780E340F7F893871700232EF510EC
:104A90008325C4002326A100EFF0DFF00325C10029
:104AA00083250401EFF01FF00325C1008327C51102
:104AB0009387F7FF232EF5106FF0DFF49387B7FB92
:104AC00013079001E360F7F437770002B317F6009D
:104AD000130717FC33F7E700E31007FA3717040052
:104AE0001307670033F7E7006316070093F78701A2
:104AF000E38A07F00324C4006FF0DFEC8327C400CF
:104B000003A7070093075000E318F7F683278513E0
:104B100093871700232CF5126FF01FF683250510DD
:104B2000130101FE232E1100B307B50023800700F7
:104B3000832785100326C5102326A100E7800700E0
:104B40000325C1008320C10183278512232005107E
:104B5000938717002324F5121301010267800000D8
:104B600003270510130101FE232C8100232E1100C1
:104B70009307F00F130405006318F7002326B10014
:104B8000EFF0DFF98325C100832704101387170096
:104B90002320E410B307F4002380B7002302B410ED
:104BA0008320C101032481011301010267800000F9
:104BB000130101FE232C8100232A9100232E1100D2
:104BC00013840500B384C500631C94008320C101D5
:104BD0000324810183244101130101026780000045
:104BE000834504002326A10013041400EFF05FF7AF
:104BF0000325C1006FF05FFD9307050093060003D6
:104C000013050000638A070003A707006316D70097
:104C100003A7C700631407006780000083A707018C
:104C2000130515006FF01FFE130101FE232C8100F8
:104C30001304050013850500232E11002326B1005F
:104C4000EFE0100D13060500130504000324810195
:104C50008325C1008320C101130101026FF05FF5BC
:104C6000130101FD13860500B7850000232481028E
:104C7000938545E213040500130541002326110224
:104C8000EF0052199305410013050400EFF0DFF91E
:104C90008320C10203248102130101036780000005
:104CA000130101FE232E1100938565FA930720005E
:104CB00063ECB702B7B7000093952500938747FDD3
:104CC000B387B70083A507002324A1002326C100D2
:104CD000EFF09FF58325C100032581008320C101EA
:104CE000130101026FF0DFF793071000B785000092
:104CF000232CF5109385C5866FF01FFD130101FF6E
:104D00002324810023261100232291002320210146
:104D100013040500EFF01F916350A00E8324C4001C
:104D2000832744001309050013050000B38797404B
:104D300063C0270B03278400B38724012326F400D4
:104D400013774700630C070083C607001307400270
:104D50006396E600938717002326F40093079000DC
:104D600063D62709B785000013068000938585E286
:104D700013850400EF005229631A050683C78400D7
:104D8000138727FD938617FA1337170093B616007B
:104D90003367D700631607009387C7FD639807043E
:104DA00003C794009307E0046312F7048327C40247
:104DB000B78500001306500193876701B387274129
:104DC0002326F402938545E313050400EFF00FFD5D
:104DD0002324A4028320C1000324810083244100F2
:104DE0000329010013010101678000001306090077
:104DF000938504006FF05FFD130500006FF09FFDC9
:104E0000130101FE232A910083248502232C8100B3
:104E100023282101232E1100130405001386050009
:104E2000130920048327C40003C707006302270374
:104E3000232494028320C10103248101832441019E
:104E40000329010113050600130101026780000018
:104E5000938717002326F400130504002326C100BE
:104E6000EFF0DFE90326C100930605009305E00497
:104E700013050400EFF00FDE130605006FF09FFA34
:104E8000130101FD23248102232291022320210307
:104E9000232E3101232611021304050093840500FB
:104EA00013097005930900058327C40003C7070091
:104EB00063062701130510006F00C0051387170054
:104EC0002326E40003C71700930550056318370134
:104ED000938727002326F4009305600503A60400AA
:104EE000130504002326B1002324C100EFF01FE1C5
:104EF0008325C100032681009306050013050400E5
:104F0000EFF04FD523A0A40093050500631205021E
:104F1000130500008320C10203248102832441027F
:104F2000032901028329C1011301010367800000E5
:104F300013050400EFF01FA3E31805F66FF05FFD03
:104F40009307000363DE0500678000000327050068
:104F5000631CF700638E0500032505019385F5FFAB
:104F6000E31605FE6780000013050000678000005F
:104F70000325C5006780000083270511638A0700A9
:104F800083A7470083A5C50003A507016FF05FFB5A
:104F900093071000232CF510130500006780000014
:104FA000130101FE232A9100B7B40000232C8100D5
:104FB0002328210123263101232E11009309050006
:104FC00013840500130980009384C4BD63060402A2
:104FD000832704006376F902130740036382E70620
:104FE0006368F702138787FE1377F7FE63060700EF
:104FF00013073003639EE702130500006F0080066D
:1050000093972700B387970083A70700678007005F
:105010009387D7FB1307C001636CF70037170010A5
:10502000130737CEB357F70093F71700E39607FC43
:105030008325C40013850900EFF09FF66314050271
:10504000032404016FF09FF8930504001385090001
:10505000EFF09FF2E30205FA032705009307000330
:10506000E31CF7F88320C10103248101832441015B
:10507000032901018329C100130101026780000097
:10508000130101FE0327460093871500232A910090
:105090009384050083258600232C81002328210189
:1050A000232E1100B387E70013090500130406003F
:1050B00063F8F5060327C600631007046394050030
:1050C0009305200063E6F504032504002326B100C0
:1050D000EFF0517B8325C100631005040325040014
:1050E000EF9090299307100023200400232204004E
:1050F000232404002326F4008320C101032481011A
:10510000832441010329010113010102678000008A
:10511000939515006FF01FFB2320A4002324B400F7
:105120008327C400E39A07FC832744000325040077
:1051300013860400930509003305F500EFE0C02A4B
:105140008327040003274400B3879700B387E70051
:105150002380070083274400B38797002322F400AD
:105160006FF09FF9832705001307900393F7D7FF8C
:105170006390E7048327C50013074006130500006A
:1051800083A7C70083A7070083C607006394E602CE
:1051900083C7170013F5F70D130585FA938777F981
:1051A00093B71700133515003365F50067800000CD
:1051B00013050000678000008327050013073006F1
:1051C00083C617006390E60283C707001385D7F9EB
:1051D0009387E7F893B72700133525003365F5006B
:1051E00067800000130500006780000013071000AF
:1051F000630C0600832746006348F7008325C5112A
:105200009306004063D6B600232CE51067800000AB
:10521000130101F72324810823229108232E31074B
:105220002326110823202109232C4107232A510773
:10523000232861072326710723248107232291074E
:105240002320A107938717002322F6008327C51187
:10525000832985119304060093871700232EF510E8
:105260008327C5122328C10013060101232AF10058
:105270002326C51213040500639C090283A70400BA
:105280001307F0056374F7006F10C015B7B6000080
:1052900013972700938606C03307D700032707001C
:1052A0006700070003A6040183A5C400EFF05F9028
:1052B000832741018320C108032901082326F41212
:1052C00083A744008329C107032A81079387F7FF37
:1052D00023A2F4008327C41183244108832A4107B1
:1052E0009387F7FF232EF41003248108032B010773
:1052F000832BC106032C8106832C4106032D010656
:10530000130101096780000003A6C4009305100182
:10531000EFF0DFEDB7850000130504009385C5E4C9
:10532000EFF09F9003A604011305040093051001FC
:10533000EFF0DFEB9305D00513050400EFF05F827B
:105340006FF01FF79305B005B7890000EFF05F819C
:1053500013890400938949E50326C90093051001C8
:1053600013050400EFF09FE8032909016314090005
:105370006F10C0249385090013050400EFF0DF8A45
:105380006FF09FFD03A6C40093051001EFF01FE628
:105390001305040093050004EFF08FFC03A604013D
:1053A0009305100113050400EFF05FE46FF05FF068
:1053B00003A6C4006306060093051001EFF01FE387
:1053C00003A70400930760056302F70283A7C400E4
:1053D0009305E002639E070003A6040193051001F4
:1053E00013050400EFF09FE06FF09FEC9305A0031E
:1053F00013050400EFF0CFF66FF01FFE03A6C40004
:1054000093051001EFF09FDEB7850000938585E5D9
:1054100013050400EFF05F8103A9040193079004D2
:1054200003270900631CF702B78500009385C5E5D3
:1054300013050400EFF04FFF832509011305040055
:1054400093851500EFF0DF81B78500009385C5E6F1
:1054500013050400EFF04FFD0329C90013060900EE
:105460009305100113050400EFF05FD86FF05FE4BF
:1054700003A9C400930A0102032B4511138A0A00F1
:10548000232A051093090000930C400063040900CF
:105490006398990193071000232CF4106FF05FE1DB
:1054A00023240A0083274411832B0411032C0900B1
:1054B0002320FA00232A441123222A0123267A01D9
:1054C00013050C0093891900EFE05FF2631E050CD1
:1054D00093072000631AFC02032909019307900433
:1054E000032709006314F7000329C900139A490030
:1054F000330A5A01130C4000E30E09F80325090092
:10550000EFE0DFEE6318050A032709009307400068
:10551000631CF702930781012328F41083270901F4
:10552000232C7101232E210183A607001307E00518
:10553000639CE60003A7C7002328E90003A7040132
:1055400023A6E70023A8F40003A604019305100195
:1055500013050400EFF09FC90327090093074000DB
:105560006316F700832781012328F41093994900DB
:10557000B389590183A789FF63900702930500024D
:1055800013050400EFF0CFDD03A649FF93051001DA
:1055900013050400EF10005B938909FFE39C3AFDBB
:1055A000232A64116FF0DFD00329C900130A0A010E
:1055B0006FF0DFEDE38089EF930C0AFF13050A001B
:1055C0001306000193850C00EFD01062232A2AFFF6
:1055D000232C0AFE23209A01232A4411232E7AFF2A
:1055E0000329C90093891900130A0A016FF0DFF03B
:1055F000032985142324951403A6C4008329451187
:1056000093051001232A0510EFF05FBE03474410F5
:105610009307C0036318F700930500021305040005
:10562000EFF00FD49305C00313050400EFF04FD340
:1056300003A604019305100113050400EFF01FBB3E
:10564000034744109307E0036318F7009305000233
:1056500013050400EFF0CFD09305E0031305040019
:10566000EFF00FD0232A3411232424156FF05FC4E8
:1056700003A6C4008327051213071600635CF70412
:10568000832705111307060083A7470083A7C700D8
:10569000638E07006312070283A607001307D00575
:1056A0006392E60283A7C700639E0700930710007A
:1056B000232CF4106FF0DFBF83A707011307F7FF58
:1056C0006FF01FFD83A5070013050400EFF04FDD09
:1056D0006FF01FBE63840702B785000013065000F9
:1056E000938505E7EFF0CFCC83A5C4001305040034
:1056F00093851500EFF0CFD66FF09FBB9385040024
:10570000EFF09F8713060500E30205FA0327050063
:1057100093070003631AF70083254412EFF05F82BA
:1057200013060500E30405F803290411930510018D
:1057300013050400832709002328F410EFF01FABA2
:10574000232824116FF0DFB6B7850000938585E725
:10575000EFF08FCD03A6C4009305100113050400DC
:10576000EFF0DFA86FF0DFB403A60401930510018A
:10577000EFF0DFA76FF0DFB39305E007EFF04FBE68
:1057800003A604019305100113050400EFF01FA602
:105790006FF01FB2B7850000938585E9EFF0CFC8A1
:1057A00003A6C4009305100113050400EFF01FA425
:1057B0006FF01FB0B7850000938505EBEFF0CFC603
:1057C00003A6C4009305100113050400EFF01FA207
:1057D0006FF01FAEB78500009385C5EBEFF0CFC427
:1057E00003A6C4009305100113050400EFF01FA0E9
:1057F0006FF01FACB7850000938585ECEFF0CFC24A
:1058000003A6C4001305040093051001EFF01F9ECA
:10581000B785000013050400938545EEEFF0CFC077
:1058200003A604019305100113050400EFF01F9C6B
:105830006FF01FA8B78500009385C5EEEFF0CFBECF
:1058400003A6C4009305100113050400EFF01F9A8E
:105850006FF01FA6B78500009385C5EFEFF0CFBCB2
:1058600003A6C4009305100113050400EFF01F9870
:105870006FF01FA4B7850000938505F1EFF0CFBA54
:1058800003A6C4009305100113050400EFF01F9652
:105890006FF01FA2B7850000938545F2EFF0CFB8F7
:1058A00003A6C4009305100113050400EFF01F9434
:1058B0006FF01FA0B7850000938585F2EFF0CFB69B
:1058C00003A6C4009305100113050400EFF01F9216
:1058D0006FF01F9EB78500009385C5F3EFF0CFB43E
:1058E00003A6C4009305100113050400EFF01F90F8
:1058F0006FF01F9CB7850000938585F5EFF0CFB260
:1059000003A6C4009305100113050400EFF01F8ED9
:105910006FF01F9AB7850000938585F6EFF0CFB042
:1059200003A6C4009305100113050400EFF01F8CBB
:105930006FF01F98B78500009385C5F7EFF0CFAEE5
:1059400003A6C4009305100113050400EFF01F8A9D
:105950006FF01F96B7850000938545F9EFF0CFAC47
:1059600003A6C4009305100113050400EFF01F887F
:105970006FF01F94B7850000938505FBEFF0CFAA69
:1059800003A604011305040093051001EFF01F8620
:10599000B785000013050400938585FAEFF0CFA8C2
:1059A00003A6C4009305100113050400EFF01F8443
:1059B0006FF01F90B7850000938585FCEFF0CFA6B0
:1059C00003A6C4009305100113050400EFF01F8225
:1059D0006FF01F8EB7850000938505FEEFF0CFA412
:1059E00003A6C4009305100113050400EFF01F8007
:1059F0006FF01F8CB78500009385C5FDEFF0CFA237
:105A000003A6C4009305100113050400EFF00FFE78
:105A10006FF01F8A03A6040183A5C400EFF04F991D
:105A20006FF01F89032645119306200063140606B4
:105A30001389040083274411232221032324010214
:105A40002320F10293070102232AF4108327041173
:105A50002326F102631406000326C90093051001F2
:105A600013050400EFF08FF883278102639A070083
:105A7000130609009305100113050400EF10800CB4
:105A800083270102232AF410E38409822328441186
:105A90006FF01F8203278600631607020327460064
:105AA00003270700930577FE63EAB616639CE700B9
:105AB00003A6C4009305100113050400EFF00FF3D3
:105AC0006FF00FFF032606006FF05FF683270512C5
:105AD00003A9C4006390071203270900930750002D
:105AE000930900006318F71003274513930700007C
:105AF00063CCE700832784136346F7029307100003
:105B0000232CF4106FF0CFFA8326041393953700FB
:105B1000B386B60083A506006306B90A938717000B
:105B20006FF01FFD8327041393163700032604111B
:105B300013071700B387D700232AE41223A02701F5
:105B4000938747006314060423A00700930900000D
:105B50009305090013050400EFF00FC213090500B7
:105B60006300050203270500930700036314F70889
:105B700083254412EFF0CFBC13090500631C050612
:105B8000E38609B2232844116FF05FB28326041420
:105B900003274414E3D4E6F60327C4139395360091
:105BA000938616002320D414832646003307B700BB
:105BB0002322D70023A0E70003260600930707004F
:105BC0006FF05FF89307060003A70700E300E9F80A
:105BD0006394E400E39CC7F683A74700E39607FEBF
:105BE00083A74600032A0411930910002328F41008
:105BF0006FF01FF683270900130740021306000009
:105C0000E38AE7E203A70400E386E7E21307500212
:105C10006398E7000326C9006FF09FE19309000035
:105C200013890400130600006FF0DFE083A7C400AF
:105C300003A6470083A50700EFE09FF76FF04FE74B
:105C400083A7C40083A5070003A64700EFE05FF623
:105C50008395040113050400EFF08F8083C72401AE
:105C6000638807E4130610009385240113050400DC
:105C7000EFE01FF46FF0CFE303A6C400930510011B
:105C8000EFF0CFD66FF0CFE203A6C40063040604A2
:105C90008327451193051001232291022320F1024D
:105CA00093070102232AF5108327051123240102FB
:105CB0002326F102EFF08FD383270102232AF41069
:105CC00083278102639607DE930500021305040013
:105CD000EFE01FE9832644111386040093051001A9
:105CE00013050400EF1000036FF08FDC032B451148
:105CF00083270511930A0102130910002320610371
:105D0000232A551123229102232401022326F10282
:105D100093090B00130C2000930C3000130D0900A5
:105D2000638A090083A7490083A70700938777FE4A
:105D30006370FC0403A6040193051001130504001D
:105D4000EFF0CFCA83278102232A64119309100040
:105D5000639007D663EA290783264411138604005B
:105D60009305100113050400EF10C02B6FF04FD402
:105D700083A789006396070463F82C01930710003A
:105D8000232CF4106FF0CFD2131A490093070A05A1
:105D900013070101B38BE700130600019385090087
:105DA00013850BFCEFD0406483274411338A4A01EA
:105DB000232A441123A0FBFC23A4A90113091900E1
:105DC00083A909006FF0DFF51309F9FF9317490064
:105DD000B387FA0003A647009305100113050400DA
:105DE000EF0050566FF01FF78327451103A60401FB
:105DF000930510012320F10293070102232AF510D5
:105E00008327051123229102232401022326F10274
:105E1000EFF0CFBD83278102639A07001386040049
:105E20009305100113050400EF00D05183270102F0
:105E3000232AF4106FF0CFC703A6C4006306060040
:105E400093051001EFF08FBA83A70401638207C6A0
:105E5000032704109307D00F63F6E700130504002F
:105E6000EFE0DFCBB7850000938545E5130504001F
:105E7000EFE09FDB03A60401930510011305040066
:105E80000329041083298412EFF04FB6832784126C
:105E90006390F9C283270410631CF9C01309E9FF5A
:105EA000232024116FF0CFC003A6C40003A904016E
:105EB0006306060093051001EFF04FB313050400CD
:105EC0009305B007EFE0DFC91305040013060900CE
:105ED00093051001EFF08FB19305D007130504006F
:105EE000EFE01FC86FF0CFBC03A9C400B785000066
:105EF000938585FF83298900EFE01FD3832749001D
:105F00001307900183C707009387F7F993F7F70FFB
:105F10006368F7009305000213050400EFE05FC417
:105F20008325490013050400B387350103C6F7FF35
:105F3000130606FE133616003386C940EFE05FC72E
:105F40006FF00FB7B785000093854500EFE0DFCD18
:105F500003A604019305100113050400EFF00FA937
:105F60006FF00FB5B785000093854500EFE0DFCBFC
:105F70008327841403A6C400638C0700032704113D
:105F80002322F1022320E102130701022328E41057
:105F90009305100113050400EFF04FA58327841427
:105FA000638807B0832701022328F4106FF04FB0F5
:105FB00003A6C40093051001EF1000166FF04FAF59
:105FC00083AAC4001307300303A9040183A70A00AE
:105FD0006390E71283A7CA00B78500009385050187
:105FE00083A9070013850900EFE08FA88327090024
:105FF0006312050613073000639EE7048327C90078
:106000001307100083A60700639CE600032709011D
:10601000832607001307A0026394E6001389070094
:10602000B78500009385450113850900EFE04FA473
:10603000631805049305090013050400EFE05FF6FB
:10604000EFE09FBB9305050013050400EFE05FC17F
:106050006FF00FA61307A003E394E7FC0326C90023
:106060001305040093051001EF10400D13860A007C
:106070009305100113050400EF10000A6FF04FA301
:10608000B78500009385850113850900EFE04F9ED9
:10609000130A05006314050693090003930AD0044C
:1060A0006306090083270900638A370193050A0004
:1060B00013050400EFE0DFBA6FF08F9F8327C9005C
:1060C000E38607FE03A707006310570383A5C700F5
:1060D00013050400EFE0DFECEFE01FB2330AAA0083
:1060E000032909016FF0DFFB130A1A006FF05FFF4D
:1060F000130750036388E7029309000013860A0020
:106100009305100113050400EF10000163900904CA
:10611000130609009305100113050400EF10000297
:106120006FF00F9993058002EFE09FA303A6CA00CA
:106130001305040093051001EFF04F8B93059002B7
:1061400013050400EFE0DFA16FF09FFCB7850000AE
:106150009385C50113850900EFE08F91631C05004D
:10616000130609009305100113050400EFF00F88D2
:106170006FF00F94B78500009385853F1385090064
:10618000EFE00F8F630C0500B785000093850502D3
:1061900013850900EFE0CF8DE31C05F6130504001D
:1061A00093058002EFE0DF9B13050400130609004E
:1061B00093051001EFF08F839305900213050400FF
:1061C000EFE01F9A6FF0CF8E83A7040103A70700AB
:1061D0009307A003631CF7CC03A6C4000325C600E5
:1061E0002326C100EFE05FFD0326C1006302050620
:1061F0001305040093051001EF001072130504004D
:106200009305C003EFE0DF9583A7040113050400A5
:106210009305100103A6C700EFE05FFDB7850000FE
:106220001305040093854502EFE01FA083A7040136
:10623000130504009305100103A60701EFE01FFBFF
:106240009305900213050400EFE09F916FF04F86D5
:10625000138604009305100113050400EF00107766
:10626000630405006FF0CF841386040093051001CA
:1062700013050400EF10800E630405006FF04F83D8
:1062800083A7C4001307300383A607006398E602C0
:1062900083A7C7001307100083A687006390E60258
:1062A00083A7470003C707009307E0036318F700BD
:1062B0009305800213050400EFE09F8A83A7C400C2
:1062C000378A000093058A0283A7C70003A5070049
:1062D000EFD01FFA83A7040103A6C70063160502C7
:1062E00003270600930730006310F7028327060197
:1062F00003A707009307A0026306F70093071000A7
:10630000232CF4100326C600930510011305040086
:10631000EF00D06203A9C400B78500009385C502D1
:106320008327C90083A9070013850900EFD05FF414
:10633000631E05069305B00513050400EFE05F82B8
:1063400083A70401930510011305040003A60701A8
:10635000EFE0DFE99305D00513050400EFE05F806F
:1063600083A7C4001307300383A607006384E600F5
:106370006FE01FF483A7C7001307100083A68700F0
:106380006384E6006FE0DFF283A7470003C70700DE
:106390009307E0036304F7006FE09FF19305900219
:1063A00013050400EFE0CFFB6FE09FF093058A0236
:1063B00013850900EFD0DFEB630A0500130609001F
:1063C0009305100113050400EF00105583A7040185
:1063D000930510011305040003A60701EF001056F2
:1063E0006FF01FF893071000232CF4106FE05FECA0
:1063F00083A704011307C00383A607006398E6AAD6
:1064000083A7070103A707009307D0036310F7AA28
:106410001386040093051001EF00505B6304050030
:106420006FE01FE9138604009305100113050400B3
:10643000EF00D072630405006FE09FE783A70401BB
:1064400003AAC400B785000003A6C70083A70701FD
:10645000938505032326C10083A9C70003A907016B
:106460008327CA0003A50700EFD09FE00326C100E1
:10647000631A05041305040093051001EF00104C86
:1064800013060A001305040093051001EF00D0481D
:10649000138609001305040093051001EF00104A4C
:1064A000B78500001305040093854503EFE0CFF79F
:1064B000130609009305100113050400EF001048AE
:1064C0006FE01FDFB7850000938585031305040087
:1064D0002326C100EFE04FF50326C1008327C60045
:1064E000638E07009305100113050400EF001045AB
:1064F0009305000213050400EFE08FE61386090000
:106500009305100113050400EFE05FCE631409004A
:106510006FE01FDA1306090093051001130504004C
:10652000EF00D0416FE0DFD803A7C40093068002DC
:10653000032607006314D61A0327C700032907019F
:106540001307600063642709631A090C930580022E
:1065500013050400EFE0CFE003A6C400930510018B
:1065600013050400EFE09FC8930590021305040093
:10657000EFE00FDF03A704009307F0036318F700B1
:106580009305D00213050400EFE08FDD9307800030
:106590006318F9009305B00513050400EFE04FDC24
:1065A00003A604019305100113050400EFE01FC4C6
:1065B000930780006304F9006FE09FCF9305D00537
:1065C00013050400EFE0CFD96FE09FCE13077000F2
:1065D000E31EE9F603A7040183260700E39806F605
:1065E000832607019386F6FFE39206F6938727FC3E
:1065F000E39E07F48327C7001307000383C7070040
:106600006386E70C13071003E392E7F4B7850000F5
:1066100093854505EFE04FE16FE09FC903A70401B3
:1066200003270700E31407F21307F0036396E7005C
:106630009305D002EFE0CFD203A604019305100129
:1066400013050400EFE09FBA1309E9FF9307400028
:1066500063F427016FE0DFC5B7B70000938707D861
:10666000131929003309F9008327090067800700FF
:106670009305500713050400EFE08FCE6FE05FC372
:106680009305C00613050400EFE08FCD6FE05FC2F5
:10669000B78500009385050413050400EFE0CFD80B
:1066A0006FE01FC1B7850000938545041305040002
:1066B000EFE08FD76FE0DFBFB785000093858504DB
:1066C00013050400EFE04FD66FE09FBEB7850000D2
:1066D0009385C504EFE04FD56FE09FBD130900001F
:1066E0006FF0DFE603A6C40093051001EFE01FB0D2
:1066F0001305040093058002EFE08FC603A6040192
:106700001305040093051001EFE05FAE93059002BE
:1067100013050400EFE0CFC46FE09FB983A5C40068
:10672000EFE00FD46FE0DFB8B78500009385C505B3
:10673000EFE08FCF03A6C4009305100113050400FA
:10674000EFE0DFAA6FE0DFB603A6C40093051001F7
:10675000EFE0DFA903A6040193051001130504006F
:10676000EFE0DFA86FE0DFB483C5C400EFE04FBF08
:106770006FE01FB4B78500009385C506EFE0CFCA70
:1067800003A6C4001305040093051001EFE01FA643
:106790009305900213050400EFE08FBC6FE05FB13A
:1067A000032905126304090203A6C40013050400AB
:1067B00093051001EF009018B785000093858507B9
:1067C00013050400EFE04FC66FE09FAE83A5C40041
:1067D000EFE00FFDE30A05FC83AAC400EFE0CFC1A0
:1067E000B7890000130A0500938949E563142A015B
:1067F0006FE01FAC630809009385090013050400CE
:10680000EFE08FC22322241313860A0093051001A0
:1068100013050400EFE09F9D130919006FF01FFDA1
:1068200003A9C400631A0900B78500009385C50752
:10683000EFE08FBF6FE0DFA7B785000093854508C5
:10684000EFE08FBE9305090013050400EFE04FC190
:106850009305D00713050400EFE08FB06FE05FA54C
:10686000B78500009385C508EFE00FBC03A6C40000
:106870009305100113050400EFE05F976FE05FA33D
:10688000B78500009385C50AEFE00FBA03A6C400E0
:106890009305100113050400EFE05F956FE05FA121
:1068A000B78500009385C50CEFE00FB8832704116E
:1068B00083A9C400832A04122320F1029307010252
:1068C00023200412232201022328F41063820904E6
:1068D00003A7090093079005631CF7029305C00303
:1068E0001305040023223103EFE08FA703A9C90099
:1068F000378A0000130A4AE5130BD005631C09060A
:106900009305E00313050400EFE08FA583A90901B7
:106910008327041213050400930580029387170050
:106920002320F412EFE0CFA313860900130504001F
:1069300093051001EFE09F8B83270102B7850000CC
:10694000130504002328F410232054139385450DC8
:10695000EFE08FAD83A504011305040093851500B6
:10696000EFE00FB09305D00713050400EFE04F9F51
:106970006FE01F9483270412138717002320E4126B
:106980006388070093050A0013050400EFE0CFA910
:10699000130609009305100113050400EFE01F859D
:1069A0009305000213050400EFE08F9B8327090085
:1069B000639467010329C900032604128325090093
:1069C000130504001306F6FFEFE08FAD032909015C
:1069D0006FF0DFF2B78500009385850DEFE0CFA45F
:1069E00083A5C4001305040093851500EFE04FA7AD
:1069F0009305D00713050400EFE08F966FE05F8BDF
:106A000003A6C40093051001EFE04FFEB785000018
:106A1000130504009385850EEFE00FA103A6040182
:106A20001305040093051001EFE04FFC9305D0051A
:106A300013050400EFE0CF926FE09F8703A6C40028
:106A400093051001EFE08FFAB78500009385450F9D
:106A500013050400EFE04F9D6FE09F859305C00391
:106A6000EFE00F9003A9C400378A000093090000EB
:106A7000130A4AE5631A09009305E00313050400AD
:106A8000EFE00F8E6FE0DF826388090093050A0054
:106A900013050400EFE04F99130609009305100158
:106AA00013050400EFE08FF493891900032909010D
:106AB0006FF05FFCB785000093850510EFE0CF967F
:106AC0006FE00FFFB78500009385C510EFE0CF950D
:106AD00003A6C4001305040093051001EFE00FF1B5
:106AE000B78500009385851113050400EFE0CF936F
:106AF0006FE00FFC03A6C40093051001EFE00FEF59
:106B0000B78500009385850713050400EFE0CF915A
:106B10006FE00FFA03A6C40093051001EFE00FED3C
:106B2000B78500001305040093850512EFE0CF8FB1
:106B300003A604019305100113050400EFE00FEB19
:106B40006FE00FF783270600130730006382E71812
:106B5000938777FE1307A003636AF71A37B700001D
:106B600093972700130747D9B387E70083A7070048
:106B7000130101FE232C8100232E110013040600B3
:106B800067800700B78500009385C5120324810143
:106B90008320C101130101026FE00F89B785000056
:106BA000938585136FF09FFEB7850000938545148C
:106BB0006FF0DFFDB78500009385C5146FF01FFDF2
:106BC000B7850000938505162326A100EFE0CF8549
:106BD00083270401638407120325C1009305800203
:106BE000EFD01FF8032604010325C100930510010F
:106BF000EFE0CFDF0325C100930590026F00C003D3
:106C0000B78500009385C5166FF01FFC9305000241
:106C10002326A100EFD0DFF4032604010325C100E1
:106C200093051001032481018320C1011301010296
:106C30006F00800A9305A002032481018320C10113
:106C4000130101026FD0DFF1930500022326A1009A
:106C5000EFD01FF10325C100930560026FF0DFFD47
:106C6000930500022326A100EFD09FEF0325C1006A
:106C7000B7850000938545176FF05FF1B785000079
:106C8000938585176FF09FF0B785000093854518B1
:106C90006FF0DFEF0347451093078002630AF700A8
:106CA000930500022326A100EFD09FEB0325C1002E
:106CB0000326C400930510012326A100EFE00FD3A3
:106CC000B78500000325C100938505196FF01FECFF
:106CD0000326C600930510016FE04FD1B785000071
:106CE000938545192326A100EFD01FF40326C40085
:106CF0006FF09FEF930510016FF0DFF28320C10169
:106D00000324810113010102678000009305100133
:106D10006FF09FFC130101FE23225101930A06002C
:106D200037660800232C8100232A91002324410187
:106D300013040500232E11002328210123263101ED
:106D4000138A0600138706009304000093053001A0
:106D500013051000130676206316070013090000C0
:106D60006F00C00783278700E39A07FE8327470049
:106D700083A70700938677FE63E4D502B316D50098
:106D800033F8C600631A080213D8A60013787800F7
:106D9000631C08009387F7FD93B71700B3E4F40072
:106DA000032707006FF05FFB83474410130780023F
:106DB00093F7D70F638CE7008347441093050002D5
:106DC0006386B70013050400EFD09FD993058002B6
:106DD00013050400EFD0DFD81309100083294411F4
:106DE00093060000232A041013060A0093051001DD
:106DF00013050400EF0000096308090093059002E1
:106E000013050400EFD0DFD59305800213050400BD
:106E1000EFD01FD5638A0400B78500009385051A5B
:106E200013050400EFD05FE003A60A016308060023
:106E30009305100113050400EFE04FBB1305040098
:106E400093059002EFD0DFD113060A00130504006A
:106E50009306100093051001EF00C0028320C101CA
:106E6000232A3411032481018324410103290101D0
:106E70008329C100032A8100832A410013010102F2
:106E800067800000130101FC232C8102232A910258
:106E9000232441032322510323206103232E710164
:106EA000232C8101232E11022328210323263103C1
:106EB0001304050093040600138C0600130A100047
:106EC000930AA002130BB002930B20006382040606
:106ED00083278411639E070483A7840063920702BB
:106EE00003A644008329060063100C0213850900E1
:106EF0002326C100EFD08FCF0326C1006306050013
:106F000083A404006FF09FFC83A7C40023A4440162
:106F1000032904112328F4106394590583A604005F
:106F20009305100113050400EFF0DFDE2328241180
:106F30008320C10303248103832441030329010324
:106F40008329C102032A8102832A4102032B010201
:106F5000832BC101032C8101130101046780000010
:106F6000639C690183A604009305100113050400C6
:106F7000EF00400B6FF09FFB639C79090326C6006E
:106F8000832944119305100113050400232A0410DA
:106F9000EFE0CFA5B7850000232A3411938585E55E
:106FA00013050400EFD05FC883A7440083A4070142
:106FB0009307900403A70400631CF702B785000041
:106FC0009385C5E513050400EFD01FC683A5040112
:106FD0001305040093851500EFD09FC8B785000006
:106FE0009385C5E613050400EFD01FC483A4C40035
:106FF00003A50400EFD08FBFE31A05FE138604003B
:107000009305100113050400EFE04F9E6FF01FF28F
:107010009305100113050400EFF0DFB223282411BB
:107020006FF01FEE130101FD23202103232E3101F8
:107030002326110223248102232291021309050031
:1070400093090600639A06049305000213050900DC
:10705000EFD01FB19305B00513050900EFD05FB065
:1070600003A6C90063080600930510011305090073
:10707000EFE0CF97032481028320C10283244102E1
:107080008329C10113050900032901029305D005D5
:10709000130101036FD0DFAC13860600938706004F
:1070A00003A48700631E040283A747009304000023
:1070B00003A707009307B002630CF702B78500002F
:1070C00093854507130509002326C100930410008A
:1070D000EFD09FB50326C100138404006F00400168
:1070E00083A70700E39E07FA93040000130410002F
:1070F000930600009305100113050900EFF09FD8D7
:10710000638804009305900213050900EFD05FA582
:10711000E31C04F26FF01FF403270600930730030B
:10712000631AF7008327C60003A6870083A54700DC
:107130006FD01FA8930510016FE04F8B83270600C7
:10714000130101FE232A91001387E7FC1337170070
:1071500093B62700232E1100232C81003367D7001C
:1071600093040500631607049387A7FF638207044F
:10717000930580022326C100EFD09F9E0326C10005
:10718000130400009305100113850400EFE00F863F
:1071900063140402032481018320C10113850400C8
:1071A0008324410193059002130101026FD05F9B7C
:1071B000130410006FF01FFD8320C101032481011F
:1071C0008324410113010102678000008327C60068
:1071D0001307600683A7C70083A7070083C60700BD
:1071E000639AE61603270601130101FE232A910084
:1071F0008326C7008324070123244101138A060044
:1072000083A6040023282101232E1100232C8100B2
:10721000232631011307D003130900006396E6000B
:1072200003A9040183A4C4001307F0FF83294512B6
:107230002322E51283C717001307C00613040500B5
:107240006382E708636EF7021307C004638AE70AE4
:10725000130720056386E70A232234138320C10124
:107260000324810183244101032901018329C100F1
:10727000032A81001305100013010102678000003A
:1072800013072007E39AE7FC93058002EFD05F8D98
:10729000138604001305040093051001EFF01FEAA4
:1072A0001305040013060A0093051001EFF0DFE652
:1072B000B78500009385051B13050400EFD0DF960A
:1072C0006FF09FF9B78500009385851AEFD0DF95A1
:1072D00013060A009305100113050400EFF0DFE325
:1072E000138604001305040093051001EFF01FE559
:1072F0009305900213050400EFD09F866FF0DFF531
:107300009305800213050400EFD09F8513860400C7
:107310009305100113050400EFF05FE213060A0065
:107320009305100113050400EFF01FDFB78500007F
:107330009385850713050400EFD01F8F13060A00FD
:107340009305100113050400EFF01FDD130609007B
:107350006FF05FF91305000067800000130101FD65
:10736000232021031309050013050600232E3101F4
:10737000232611022324810223229102232C41017E
:107380002326C100EFD01FDE93090500630A050A1A
:107390000326C1009305E0028327C60083A7C70028
:1073A00083A407008327060103A7C70003A40701DE
:1073B00093079006130A070003C714006304F7003D
:1073C0009305B00513050900EFD08FF913060A00E5
:1073D0009305100113050900EFD05FE103C7140006
:1073E000930780056314F702B78500009385851B1A
:1073F00013050900EFD05F830326C4009305100135
:1074000013050900EFD09FDE0324040103C7140015
:10741000930790066308F7009305D005130509004C
:10742000EFD00FF413050400EFD0DFD3630C050297
:10743000130604009305100113050900EFD01FDBAC
:107440008320C10203248102832441020329010213
:10745000032A8101138509008329C1011301010356
:1074600067800000130509009305D003EFD04FEFAC
:10747000130604009305100113050900EFF01FCC5B
:107480006FF01FFC034705009307A7FA9306E7F880
:1074900093B7170093B61600B3E7D700639E0702B1
:1074A000930757FB638A0702930640049307000083
:1074B0006310D70283471500138597F893F7F70DEC
:1074C000938717FB1335250093B71700B367F500B3
:1074D0001385070067800000930710006FF05FFFBF
:1074E0000327C5009307300583460700639AF620FB
:1074F000130101FD2322910223261102232481027C
:1075000023202103232E3101232C4101930717004F
:107510002326F50083471700938405006388070E30
:10752000930727002326F500834717001307F0056C
:10753000638AE70C938607FD93F6F60F1306900017
:1075400013070000637AD6009386F7FB93F6F60FD5
:1075500013069001636CD60A1308900093089001FB
:10756000130640029305F005938607FD93F6F60F88
:10757000636AD806B306C702B387F600930607000E
:10758000138707FD636AD7148326C50083C70600E7
:10759000638A0704938716002326F50083C7060035
:1075A000E394B7FC13071700832705026376F712ED
:1075B0008327C50113172700B387E70083A50700BA
:1075C0008320C10203248102832441020329010292
:1075D0008329C101032A81011385050013010103D9
:1075E000678000009386F7FB93F6F60F63E6D80EEC
:1075F000B306C702B387F60093060700138797FC0C
:107600006FF05FF8130700006FF01FFA0327850083
:10761000137787006316070C638A04000327C500ED
:10762000834407009384D4FB93B4240037B700004D
:10763000130747FD1304C7001307070D8346040013
:10764000639AF60A8329440113090500638209023B
:10765000032A8401EFC05FDC630A05009307800101
:107660002320F50023263501232845012324A902E0
:10767000638C04068324C400032404018327C90205
:1076800013050900B38787002326F902EFC0DFD86E
:1076900093050500630A0500930780012320F50088
:1076A00023269500232885008327C90003C70700E8
:1076B00093072004E316F7F013050900EFD04FF409
:1076C000930505002326A10013050900EFD08FA91B
:1076D0008325C100E31605EE930500006FF05FEE11
:1076E000930410006FF09FF483244400032484006B
:1076F0006FF0DFF81304C401E312E4F46FF0DFFD70
:107700009305000013850500678000000327C5006E
:10771000130101FF2326110023248100232291005D
:1077200023202101834607009307C0046382F602E9
:10773000930400008320C100032481000329010079
:1077400013850400832441001301010167800000B8
:10775000930717002326F500034617009305F0054D
:10776000130405009306A0056306B6066308D60653
:10777000EF00103B93040500E30C05FA0327050016
:10778000930780020329C400631AF7088327C50002
:1077900003A70701630A07000327C40283A6470063
:1077A0003307D7402326E40203A50700B78500006E
:1077B0009385051CEFC0DFAB631205060347090084
:1077C00093075004631CF704930519002326B400A3
:1077D0006FF05FF6930727002326F50003C7070025
:1077E00093040000631ED700938717002326F4003C
:1077F0009305000013050400EF00801293040500B8
:107800008327C4001307500483C60700E392E6F2FF
:10781000938717002326F4006FF0DFF10347090078
:107820009307E006930509001309E0036318F700C6
:10783000938515002326B4001309F0031386050071
:1078400013075004834706006394E7023306B640EB
:1078500013050400EFC09FD49306050013860400AF
:107860009305090013050400EFC0DFBE6FF01FF998
:10787000E38007EC130616002326C4006FF09FFC7C
:107880000327C5009306C00483470700638CD7060F
:10789000130101FF23248100232611001304050096
:1078A00063E4F602938777FB93F7F70F1307100053
:1078B000637CF70413050400032481008320C100C6
:1078C000130101016F00D02593068005E394D7FED4
:1078D000130717002326E500EF2040268327C40066
:1078E0001307500483C607006398E60293871700C6
:1078F0002326F4008320C100032481001301010129
:10790000678000006FF09FE0032481008320C100A6
:10791000130101016F20C03B130500006FF09FFDB4
:107920008327C500130101FB2324810423261104AE
:107930002322910423202105232E3103232C4103EC
:10794000232A5103232861032326710303C7070059
:1079500013040500930697FB638606001307C7FA16
:10796000631C074C0327C402930647012326D40255
:1079700003C6070093064005631ED60093861700D2
:107980002326D40083C617006396060693040000DE
:107990006F00C05313077004E31AE6FE1387170045
:1079A0002326E40003C71700E30207FE138727001E
:1079B0002326E40003C717006308D73C63E8E628E2
:1079C00093079004630CF738930720056304F73698
:1079D00093071004E31CF7FA930500001305040055
:1079E000EFF01FF4130605009306000093057001E5
:1079F0006F00800B938627002326D40083C51700D1
:107A00009307700563EAB70293070004E3F0B7F841
:107A10009385F5FB93F5F50F93076001E3E8B7F65F
:107A2000B7B70000938707E893952500B385F50065
:107A300083A7050067800700930780066386F50E1D
:107A4000930760076386F51093073006E390F5F41B
:107A50009305000013050400EFC0DFC9E30805F239
:107A60009305000013050400EFC0DFC8E30005F232
:107A70009305000013050400EFF09FEA13060500CC
:107A800093060000930510016F0000021307F70032
:107A90002326E40213050400EF00900813060500F6
:107AA000930600009305900013050400032481044D
:107AB0008320C10483244104032901048329C103D1
:107AC000032A8103832A4103032B0103832BC10271
:107AD000130101056FC01F981307A7002326E402B6
:107AE00013050400EF00D003130605009306000001
:107AF0009305A0006FF05FFB13050400EF00500238
:107B000013060500930600009305C0006FF0DFF92F
:107B100013050400EF00D0001306050093060000D3
:107B20009305D0006FF05FF813050400EFC09FBC11
:107B3000E30E05E49305000013050400EFF05FDE9B
:107B400013060500930600009305F0006FF0DFF5C3
:107B500013050400EFC01FBAE30A05E29305000015
:107B600013050400EFF0DFDB1306050093060000A9
:107B7000930500016FF05FF313050400EF00407AF6
:107B80009304050013050400EFC0DFA9E34005E0FE
:107B90008327C4001307F00583C60700E398E6DED9
:107BA000938717002326F40013050400EF004077A5
:107BB0008327C402130605009386040093875700A9
:107BC0002326F4029305B0006FF01FEE13050400A6
:107BD000EF00007513060500930600009305E00012
:107BE0006FF09FEC13050400EF008073130605008F
:107BF00093060000930520016FF01FEB9305000032
:107C000013050400EF00C03B1306050093060000B7
:107C1000930540016FF05FE9930500001305040030
:107C2000EF00003A1306050093060000930550018B
:107C30006FF09FE713050400EFF09FC413060500E3
:107C400093060000930510036FF01FE6930760058D
:107C50006304F70C93072007E31AF7D21305040017
:107C6000EFC05F9C93071000E3D2A7D28327C40024
:107C700003C70700E30C07D0938417002326940062
:107C800003C707009307F005E312F7D0930BF5FF46
:107C9000130B00001309400293093005130A300446
:107CA000930A070083C70400E38207CE6390271579
:107CB00083C414006384341363865413E39824CD7F
:107CC00013050400EFC04FF56306050023204501AE
:107CD000232695008324C400938424002326940043
:107CE000E30605CA938BEBFF630E0B0093060500BA
:107CF00013060B009305200413050400EFC08FF555
:107D0000E30605C86348700D9306000013060500DE
:107D1000930510046FF05FD993050000130504006C
:107D2000EF00002A130605009306000093053001BA
:107D30006FF09FD79305000013050400EF00402863
:107D40002326A10013050400EFC01F960326C100DF
:107D500093060500930560016FF01FD59305C101DF
:107D600013050400232E0100EFD08F91E30005C21C
:107D70008324C101638C041493060000138604005D
:107D8000930580056FF05FD203C7270093050000BD
:107D90001305040063060702138737002326E40057
:107DA00003C727009307E006631CF700EFF05FB7F7
:107DB00013060500930600009305C0046FF0DFCEA4
:107DC000EFF01FB613060500930600009305B004FC
:107DD0006FF09FCD130B05006FF0DFEC9304F00202
:107DE0006FF01FEE9304E0026FF09FED13060000AA
:107DF000B387C40083C70700638A07009387C7FD62
:107E00006386070013061600E31476FF93850400CB
:107E1000130504002326C100EFC04FF80326C1005C
:107E20008324C400B384C40023269400E30005B671
:107E3000B38BCB406FF05FEB138905009305000017
:107E4000EF00001893040500E30205B4630809007D
:107E50008327840093F71700638407048327C400F3
:107E600083C707001387B7FB630207066380070613
:107E7000138704009306400083270700638CD70A0A
:107E800063E4F608130620006396C7000327070182
:107E9000E31407FE930500006F00800D83A4C40067
:107EA00003A4040013050400EFC04FD4E31805FE3B
:107EB00093072000631CF40003A40401E30804AC4E
:107EC00003250400EFC08FD2631A05028320C1048A
:107ED00003248104032901048329C103032A8103A4
:107EE000832A4103032B0103832BC1021385040062
:107EF0008324410413010105678000008327C40027
:107F000023A8F4006FF05FFB1306F004638AC70038
:107F1000636CF600938747FE13065000E36CF6F699
:107F20000327C7006FF0DFF69387E7FA1306100008
:107F30006FF0DFFE0327C70093068000630007028F
:107F40008327070063E0F602130660009305100024
:107F5000636EF6009387F7FF63F0F5069305000064
:107F60006F00C0009387A7FC93B5170093C5150059
:107F700013050400EF00503C93050500E30805A03D
:107F80006310090203A7040093072000631AF70097
:107F9000032705009307A0026314F70023260500BA
:107FA00013050400EF10503D9306050013860400EE
:107FB000930530006FF05FAF032707016FF01FF8E4
:107FC000130101FD232291028324C5002324810291
:107FD000232C41012326110223202103232E3101CA
:107FE00083C904009307500513040500138A050094
:107FF0006386F92463EC37039307E004638CF90686
:10800000930730056384F9249304000013090000EA
:10801000138604009305090013050400EF00D075D2
:1080200093040500930700006F00802B9307A005C1
:10803000E39CF9FC9384140023269500930500002B
:10804000EFF01F8E930905006312050E93070000E1
:108050009304000093C71700B3F747016386072412
:108060009385040013050400EFC0DF8F631E052213
:108070006F004023938714002326F50003C71400E4
:1080800093078004631AF7068327C50293842400AC
:1080900023269500938757002326F50293060000B8
:1080A0001306000093051002EFC0CFBA9304050039
:1080B0001309C1009305100013050400EF101044CC
:1080C0002320A90063040504638804008327C100FA
:1080D0002326910023A6F4008327C400130750042D
:1080E00083C607006394E602938717008324C100C8
:1080F0002326F4006F00C001130610009305C10091
:10810000EF10D06313090500631805009304000005
:10811000930700006FF01FF493050000130504009F
:10812000EFC04FE7930405006FF0DFF88327C4002A
:108130001307500483C60700E39AE6F0138717007D
:108140002326E40003C71700930630076316D706FB
:10815000938727002326F40013050400EFC0CFF611
:10816000E30605EEB78500001306E0009385451D84
:1081700013050400EFC08FC29304050003A7090094
:1081800093073000631CF70083A709011307A002BF
:1081900083A607006394E60023A6070093860400E5
:1081A000138609009305200013050400EFC08FAA71
:1081B000930405006FF0DFF5930640061309F0FF06
:1081C0006310D702938727002326F40013050400C9
:1081D000EFC08FE19307F0FF13090500E308F5E610
:1081E0009305000013050400EFF09FDD93040500E4
:1081F000631605029307F0FFE302F9F81305040084
:10820000EFC08FA1E30A05F6930790042320F50041
:1082100023282501232695006FF01FF683270500EC
:108220001307800493F7D7FFE386E7FC13050400E8
:10823000EFC08FE9E31005FC6FF05FE1130600006B
:1082400093050000EF0050536FF09FF603C7140032
:108250009307400713090000631CF702938724006B
:10826000B78500002326F500130630009385451ED0
:10827000EFC0CFB28327C4021309050093873700EC
:108280002326F40283C7240093040000E39237D925
:108290009305000013050400EFF08FA4930405007C
:1082A00063160502930400008320C10203248102A7
:1082B000032901028329C101032A810113850400D6
:1082C0008324410213010103678000000327050096
:1082D000930710001307B7FAE3FCE7D2E31409FC95
:1082E0000327C4008346070013079004E394E6D6EF
:1082F000638E070013050400EF10901D9306050020
:1083000013860400930540006FF01FEA9385040074
:1083100013050400EFC00FE5E31E05FC6FF09FF8A6
:10832000130101FC232821030329C500232A9102FC
:108330009304050013050900232E1102232C81024A
:1083400023263103232441032322510323206103E5
:10835000EFF04F93630405081306000093054101F5
:1083600013850400EF10903D13040500630005061B
:1083700083A7C4001385040003C7070093076004A4
:10838000631AF704EF0090032320A40063000504A0
:108390008327050013071000938717FE636EF7000D
:1083A000032741018327C5002326E5000327040096
:1083B000232AE1002320F400032441019305040053
:1083C00013850400EFC00FDA6318051013040000D2
:1083D0006F008010EFF0DFF46FF01FFB83450900A2
:1083E0009307500563E2B7069307000463EAB702F8
:1083F000032481038320C103032901038329C102CC
:10840000032A8102832A4102032B010213850400FF
:108410008324410393051000130101046FF05FBA38
:108420009385F5FB93F5F50F93074001E3E2B7FC65
:10843000B7B700009387C7ED93952500B385F50086
:1084400083A70500678007009385F5F913F7F50FFB
:1084500093079001E3EEE7F893071000B786EC036B
:108460009386F6BFB397E700B3F7D70093064001B2
:1084700063980702E31ED7F61309190023A6240107
:1084800013850400EFC09F871306050093060000C4
:108490009305900213850400EFB0DFFB6F00000727
:1084A000B385D502B7B700009387470A1385040048
:1084B00013091900B385B700EFC0CF930327C50098
:1084C00083A7C402130405000327470023A6240141
:1084D000B387E70023A6F4028320C1031305040039
:1084E0000324810383244103032901038329C10257
:1084F000032A8102832A4102032B01021301010492
:108500006780000013850400EF00406B1304050032
:108510006FF0DFEA9305190023A6B4008347190022
:108520001307F005638EE704938707FD93F7F70FB2
:108530009306900063E0F604138705001306070016
:108540001307170023A6E40083470700938707FD5E
:1085500093F7F70FE3F4F6FE330626411385040084
:10856000EFC0CF8313060500631E0500130400004F
:108570006FF0DFE413850400EF10405C6FF09FFEA6
:108580001306000083A7C4001307F00583C6070085
:10859000E39EE6FC9387170023A6F40013850400EE
:1085A0002326C100EFF0DFD70326C10093060500A4
:1085B0009305B0026FF01FEE1309190023A62401E2
:1085C00013850400EFF0DFD5E30205FA2326A100AE
:1085D00013850400EFF0DFD493060500E30805F8E7
:1085E0000326C1009305C0026FF0DFEA1385040083
:1085F000EFC04FA603A9C40093079004130405001D
:1086000083490900E39CF9DA83A7440363960702D0
:108610009305050013850400EFC0CFB4E30805DA25
:1086200013850400EF10C06A9306050013060400CA
:10863000930540006FF01FE61385040003AB44016F
:1086400083AA040203AAC402EF10806883A7C400AF
:1086500083C70700639037032326A1009305040016
:1086600013850400EFC00FB0E30205D68326C100D6
:108670006FF0DFFB23A6240123AA640123A0540387
:1086800023A644036FF09FD31309190023A62401E6
:1086900013850400EFF0DFC8130605009306000001
:1086A000930550026FF01FDF1309190023A6240160
:1086B00013850400EFF0DFC61306050093060000E3
:1086C000930530026FF01FDD1309190023A6240162
:1086D00013850400EFF0DFC41306050093060000C5
:1086E000930540026FF01FDB1309190023A6240134
:1086F00013850400EFF0DFC21306050093060000A7
:10870000930560026FF01FD91309190023A62401F5
:1087100013850400EFF0DFC0130605009306000088
:10872000930570026FF01FD71309190023A62401C7
:1087300013850400EFC08FDC83A7C4001304050079
:1087400003C70700930790046312F7021385040020
:10875000EF1000589306050013060400930540002F
:1087600013850400EFB01FCF130405001385040028
:10877000EFF01FBB130605009306040093052002CB
:108780006FF05FD19307190023A6F4008347190007
:10879000E38E07C29307290023A6F400834719003C
:1087A000130760046384E7149387C7FA93F7F70FFE
:1087B00013072002E36CF7C037B700009397270038
:1087C000130707F3B387E70083A707006780070055
:1087D00013850400EF108036130605009306000091
:1087E0009305500413850400EFB0DFC613040500A1
:1087F000E30605BC83A7C40003C70700E30807D648
:108800001387170023A6E40003C70700930750044B
:10881000E31EF7D46FF09FBA13850400EFF05FB04A
:1088200013060500930600009305D0046FF09FC661
:10883000B7850000130640009385851E032481033D
:108840008320C103032901038329C102032A810272
:10885000832A4102032B0102138504008324410370
:10886000130101046FB09FD3B78500001306E00029
:108870009385051F6FF09FFCB7B500009385C52A4F
:1088800013850400EFB01FD70327C50083A7C402D8
:108890001304050003274700B387E70023A6F4026B
:1088A0006FF09FC3B7B500009385052C6FF05FFD97
:1088B000B7B500009385452D6FF09FFCB7B500005C
:1088C0009385852E6FF0DFFBB7B500009385C52F2C
:1088D0006FF01FFBB7B50000938505316FF05FFAAD
:1088E000B7B50000938545326FF09FF913850400FA
:1088F000EFB05FD383A9C4009307200613060500D9
:1089000003C909006310F90493070001E310F5ACF3
:1089100093891900B7B5000023A634019385053665
:1089200013850400EFB01FCD8327C5001304050095
:1089300003A5470083A7C4023305F50023A6A402BC
:108940006FF09FB9930780076308F9009307F0055C
:10895000E31EF9A613090000138504002326C100B5
:10896000EFB09FAB0326C1001304050063000502AE
:108970009307F0052320F500B7B700009387C734AD
:108980002326F5002318C500230925019389190022
:10899000B7850000938545E223A634011305410104
:1089A000EFC0514713054101EFA0903683A7C402E1
:1089B000333920013309F9008327C40083A7470016
:1089C0003309F9003305A9006FF05FF70347290069
:1089D0009307F0056316F7041309390023A6240151
:1089E00013850400EF10801513040500E308059CAF
:1089F00083A7C4001307F00583C60700E398E6B613
:108A00009387170023A6F40013850400EFF05F910D
:108A100093060500130604009305E0026FF09FA77C
:108A200013850400EFB05FC86FF01FFCB7B50000FE
:108A3000938585336FF0DFE4130101FE232C810061
:108A4000232A910023282101232E1100130405005D
:108A5000232601009304C100130950040326C40017
:108A6000834706001387B7FB1337170093B6170029
:108A7000B3E6E600138727FD133717003367D700E7
:108A8000631807061387F7FA63040706138717FBB3
:108A9000630607009387E7FA63960700834716008B
:108AA0006388270513050400EFF09F871306050070
:108AB00063100502130500008320C1010324810116
:108AC0008324410103290101130101026780000091
:108AD000930600009305F00213050400EFB09F9782
:108AE00023A0A400E30805FC930405016FF01FF721
:108AF0000325C100E30005FC83270501E39E07FA77
:108B00008327C5001307800283A60700E396E6FAD1
:108B100003A7C7009307900083260701E39EF6F89A
:108B20008327C40203274700B387E7402326F402C4
:108B3000232605006FF05FF88327C500130101FEAF
:108B4000232C8100232E110083C607001307A004E5
:108B5000130405006398E602938717002326F500A7
:108B600013050400EFF0CFFB1306050063100502A8
:108B70008320C101032481011305000013010102B8
:108B800067800000E39E05FC130600001305040047
:108B90002326C100EFF05FEA93060500E30A05FC17
:108BA00013050400032481010326C1008320C101B1
:108BB0009305A002130101026FB0DF8983278500AE
:108BC000130101FF23248100232611001397D700EE
:108BD00013040500634007028327C503371700000D
:108BE0001307078013050000636CF70293871700D3
:108BF000232EF4028327C4001307600483C60700F2
:108C00006388E60213050000832784001397D700CA
:108C1000634807008327C4039387F7FF232EF402DA
:108C20008320C1000324810013010101678000003B
:108C3000138717002326E40083C617001307900547
:108C40006396E600938727002326F400930510001F
:108C500013050400EFF05FEE930505001305040013
:108C6000EFB05FB38327C4001307500483C6070027
:108C7000E39AE6F8938717002326F4006FF0DFF8F5
:108C80008327C5001307400583C60700639AE60ED5
:108C9000130101FF232481002322910023261100C8
:108CA00003C71700930640071304050093840500CB
:108CB0006300D70A63E6E6029306E006630ED70672
:108CC00093060007630AD7048320C10003248100B0
:108CD0008324410013050000130101016780000097
:108CE00093069007E312D7FE938727002326F5000B
:108CF0009305A005130500001306050013050400E5
:108D0000032481008320C1008324410093060000D6
:108D1000130101016FB00FF4938727002326F5009C
:108D2000EFF01FF69305D005E31805FC930710003C
:108D300023A0F4006FF05FF9938727002326F50046
:108D4000EFF00FDE9305B005E31805FA6FF01FFE94
:108D5000938727002326F500EF000003E30805FCB6
:108D60008327C4001307500483C60700E390E6FC82
:108D7000938717002326F4009305C0056FF0DFF7F3
:108D80001305000067800000130101FD2324810208
:108D9000232291022326110293040500232E0100B1
:108DA0001304C101138504002326B100EFF05FED29
:108DB0008325C100631605020326C101630806026C
:108DC000032481028320C10213850400832441020D
:108DD0009306000093059005130101036FB08FE720
:108DE0002320A400130405016FF0DFFB8320C102E0
:108DF00003248102832441021301010367800000E0
:108E00008327C500130101FF2324810023261100BD
:108E1000232291002320210183C6070013040500AB
:108E2000638E060E138717002326E50003C717007D
:108E300083C60700130660076300070E1387270029
:108E40002326E50003C71700639EC604130907FD28
:108E50001376F90F9307900063E4C70CEFB01FEA95
:108E60009304050013050400EFB00FDB630E050843
:108E7000638C040893074003232205002324050084
:108E80002320F50023262501232895008320C100F7
:108E900003248100832441000329010013010101FF
:108EA000678000009307A7F8639C07069387D6F9AD
:108EB00063980706832705038324450393B71700A8
:108EC000232AF502EFF0CFC58327440313060500DC
:108ED0009306000093056003639407009305500315
:108EE00013050400EFB00FD7232A94026FF01FFA86
:108EF000938507006F00000463660701138617005F
:108F000093870500E316F6FE130500006FF01FF8C7
:108F1000E3EA06FF6FF09FFE6384C60013070000BC
:108F200037B50000930590041306000013032000DA
:108F300013054537B387C540B3C76702B387C7007A
:108F400093944700B304950083A8040003C8080065
:108F5000E39006FD03C81800E310E8FA13050400C7
:108F6000EFB08FCBE30405F2930730032320F50025
:108F7000232695006FF09FF1130101FC232061036C
:108F8000138B05009305C100232A9102232E1102A1
:108F9000232C810223282103232631032324410388
:108FA00023225103930405002326C100EFB05FED97
:108FB0006304053683A7C400930660041309000008
:108FC00003C70700631AD7001387170023A6E4001E
:108FD00003C7170013090500930707FD93F7F70F61
:108FE0009306900063E4F60813850400EFB01FD1E8
:108FF000130405008326C100638C060013060400D9
:109000009305700513850400EFB0CFC41304050069
:1090100083A7C40003C7070093072004631AF7005F
:109020009305040013850400EFB09FDD13040500D1
:10903000630E090013060400930600009305100553
:1090400013850400EFB00FC11304050063080B2C57
:109050009306040013060B0093051000138504000B
:10906000EFB04FBF130405006F00402B9307F7F9D3
:1090700093F7F70F9306900163E0F60A9307F00663
:1090800083A904036310F70283A7C4001307E00653
:1090900083C617006398E6009387270023A6F40091
:1090A00023A8040213850400EFF09FD523A83403FE
:1090B0001304050063160500130400006FF09FF30E
:1090C0000327050093073003E316F7F20327C500D3
:1090D00083A7C402B78500008326870093877700A3
:1090E00003250700B387D70023A6F4029385052044
:1090F000EFB00F98E31005F013850400EFB01FC028
:1091000093060500130604009305800313850400ED
:10911000EFB04FB46FF0DFED93074004631AF7062A
:1091200083A7C4001307300483C61700639AE606BA
:109130009387270023A6F40093090000930A5004A4
:1091400013850400EFB09FBB1306050093060000D3
:109150009305400513850400138A0900EFB08FAF13
:109160009309050063020A022328AA00E38609F492
:1091700083A7C40003C70700E31457FD93871700B4
:1091800023A6F4006FF01FE7130405006FF01FFE25
:109190009307D7FB93F7F70F9306100063E6F614D7
:1091A00083A984026384090283A70900639C0700E2
:1091B00083A7C40203A70901B387E70023A6F4022B
:1091C0006F00C00013078001E384E7FE83A7C4009B
:1091D0009306300403C70700630CD70293064004CC
:1091E000E31CD7EC03C7170093065000130707FDD5
:1091F0001377F70FE3E2E6ECB7B60000131727008A
:109200009386C6FB3307D7000327070067000700D4
:1092100083C61700130790046396E606938717002A
:1092200023A6F40083C91700930640001387F9FCB6
:109230001377F70FE3E2E6E89387270023A6F4000D
:109240006306050013850400EFF08F8D138504007D
:1092500003AA8402EFB04F9C13040500E30E05E45B
:10926000E30C0AE493077000232205002324050081
:109270002320F500938909FD232634012328440186
:109280006FF05FD7130500006FF0DFF9130A1000CD
:109290009387270023A6F40013850400EFB0CF972F
:1092A00013040500E38A09E0E30805E09307800062
:1092B00023220500232405002320F5002326450151
:1092C000232835016FF01FD3130A30006FF05FFCC5
:1092D000130A40006FF0DFFB130A50006FF05FFBD2
:1092E000130A20006FF0DFFA9307C004631EF7042F
:1092F00083A7C400138504009387170023A6F400F6
:10930000EFB0DF9F13040500630805001385040018
:10931000EFB08FDBE31005CE130400008320C10300
:10932000130504000324810383244103032901035B
:109330008329C102032A8102832A4102032B0102ED
:10934000130101046780000093075005E316F7FC42
:1093500083A7C4001306C00683C617006388C60629
:1093600013064007E39AC6FA03C60700E316E6D4DD
:109370001387170023A6E40003C71700E31ED7D204
:109380009387270023A6F40013850400EFB0CFC510
:109390009307F0FF93090500E300F5D2138504005D
:1093A000EFB08F8713040500630805009307A0043E
:1093B0002320F500232635019305040013850400BE
:1093C000EFB04FDAE31805C26FF01FCF03C60700F6
:1093D000E314E6CE1387170023A6E40003C71700A3
:1093E000E31CD7CC9387270023A6F4009305C10183
:1093F00013850400232E0100EFF01F998327C1017C
:1094000013040500E39A07CA13850400EFF0CFE2C6
:1094100093090500E30205CA630604002328A4009B
:109420009309040083A7C4001307500483C60700F0
:10943000E394E6C89387170023A6F400138504007D
:10944000EFB08FBA9307F0FF130A0500E306F5C6E5
:1094500013850400EFA05FFC13040500E30C05B8BE
:10946000930780042320F5006FF01FE18327C500D8
:109470009306C00403C707006314D7006FE00FA969
:10948000930640056314D7006FB0CFBC130101FDF4
:109490002324810223261102232291022320210367
:1094A000232E310113063007130405006314C7127D
:1094B00003C7170093062007631ED70C13872700E6
:1094C0002326E500032785036304070283C72700DB
:1094D000130750056368F70A130720046362F70255
:1094E000938707FD93F7F70F130790006376F70252
:1094F00013050400EFE0DFE2930505006F00C004F0
:10950000370704009387D7FB13071720B357F700DB
:1095100093F71700E38E07FC9307F0FF232CF40268
:109520009305000013050400EF00407D8327C4006D
:10953000130750049305050083C607006396E600F1
:10954000938717002326F400130600001305040078
:10955000EFF09FA2130605008327C40003C707008E
:1095600093079004631EF70A130504002326C10025
:10957000EF0000760326C100930605009305400026
:109580006F0040039387F7F993F7F70F13079001E4
:109590006FF0DFF5930600076316D71A938727004D
:1095A0002326F500EFF09FEC13060500930600005C
:1095B0009305D00413050400032481028320C10213
:1095C00083244102032901028329C10113010103FC
:1095D0006FA05FE8130660066310C70803C6170094
:1095E000130700076310E616138727002326E500FC
:1095F00003C727006316D704938737002326F50097
:109600009304000013050400EFA01FE113060500FA
:1096100063080500930760002320F50023269500CA
:109620008320C10203248102832441020329010211
:109630008329C1011305060013010103678000009F
:10964000EFB08F9A9347F5FF13971700630807044D
:10965000930415006FF01FFB930607FD93F6F60FBA
:10966000130690006370D6029306F006631CD702BF
:1096700083C617001307E0066396E60C938727005E
:109680002326F500130600009305000013050400CF
:10969000EFF09F8E13060500E31005EC13060000A3
:1096A0006FF01FF8930690066306D70093064007F5
:1096B0006312D70603C617009306C0066314D608C4
:1096C000938727002326F400930740071306000022
:1096D0006318F70013050400EFE09FC413060500AC
:1096E0008327C40003C70700E30A07FA83C71700EC
:1096F000E38607FA93055004130504002326C100EE
:10970000EF00C0770326C1009306050093052003F0
:109710006FF05FEA930650076316D702938717002E
:109720002326F500EFB08FDD2326A10013050400EA
:10973000EF00404B0326C10093060500930500048B
:109740006FF05FE713050400EFF08FEB13090500DE
:10975000E30605F48327050013073003639CE70A3B
:109760008329C5008327C402B785000003A78900A9
:1097700083A409009385853F1307E7FFB387E700BC
:109780002326F40213850400EFA09FAE631E05009C
:1097900013050400EFE0DFB8930605001306090087
:1097A000930580036FF01FE183A9C9009307200090
:1097B0006396F90A0325C900EFB01FA0630C051CCE
:1097C00013050400EFE0DFB5B7850000930905003D
:1097D0009385850213850400EFA09FA963120520DD
:1097E0009305500413050400EF00406913060500BB
:1097F000930606009305A0031386090013050400D1
:10980000EFA05FC5930605001306090093059003BA
:109810006FF05FDA13074003638AE7021307500310
:10982000E39EE7E68327C4001307F00583C607001D
:10983000639AE614938717002326F40093055004D7
:1098400013050400EF0080636FF01FF58329C50046
:1098500093072000E384F9E49304000093072000B9
:1098600063C237096388091093071000E398F9E28F
:10987000638A041083C70400138737F9630607005F
:10988000138707F96312070203C71400631EF7006A
:109890008327C4001307F00583C607006398E6001A
:1098A000938717002326F40093090000B785000072
:1098B0009385850113850400EFA09F9B6316050C1B
:1098C00013050400EF00003293060500E38809EC5D
:1098D000130605009305A00313050400EFA09FB72E
:1098E0006FF09FEB93073000E39AF9DAE38804DA2C
:1098F000B78500009385050313850400EFA05F97EB
:10990000630C0500B78500009385052113850400CD
:10991000EFA01F96631A051613050400EFF01FB59C
:109920009304050013050400EFF05FB493090500EC
:1099300013050400EFF09FB3E30205D6930605007C
:10994000138609009305D00313050400EFA09FB010
:1099500093060500138604009305C0031305040055
:10996000EFA05FAF93060500130609009305B0034F
:109970006FF05FC49306000013060900930570039F
:109980006FF05FC39309000013050400EFF01FAEF2
:109990006FF09FF303C70400930760066318F70096
:1099A00013050400EFF0CFC56FF01FE2B78500008C
:1099B0009385452013850400EFA09F8B631C050051
:1099C000130600009305000013050400EFF0CFDA42
:1099D0006FF09FDF13050400EFF05FA96FF0DFDE8B
:1099E000B78500009385852013850400EFA05F886C
:1099F000630C0500B78500009385C520138504001E
:109A0000EFA01F87631005028327C40013067006AA
:109A10001307300783C60700639CC60083C717007F
:109A20006310F70213050400EFF05FA46FF01FDC72
:109A30006398E60003C71700930720076FF05FFEE7
:109A4000130600009305000013050400EFF0CFD2C9
:109A50008327C4001306050003C70700930790047B
:109A6000E318F7D82326A10013050400EF004026D1
:109A70000326C1009306050093054000130504006A
:109A8000EFA05F9D6FF09FD683C7040013076006A9
:109A90006398E70013050400EFF08FB66FF05FE8FE
:109AA0001307E006E39CE7BE83C71400138797F80B
:109AB000630607009387F7F9E39207BE9305F00565
:109AC00013050400EF00803B930405001305040018
:109AD000EFE01F858327C400930550049309050018
:109AE00003C70700631AB700938717002326F40003
:109AF000130500006FF09FE413060007930690061D
:109B00006310C70203C71700E31AD7B8938727006B
:109B10002326F40013050400EF0040366FF01FE227
:109B2000E31ED7B603C717009307C006E318F7B6BE
:109B300013050400EFF09F936FF05FE0130101FF46
:109B4000232481002322910023261100832405036E
:109B5000930710002328F50213040500EFF01F916E
:109B60008320C10023289402032481008324410020
:109B700013010101678000008327C500130710054A
:109B800083C607006394E604130101FE232C8100C1
:109B9000232E1100938717002326F50013040500D8
:109BA0002326B100EFF09FF9630605029306050036
:109BB00013050400032481010326C1008320C10191
:109BC0009305E005130101026FA0DF8813850500EE
:109BD000678000008320C101032481011301010279
:109BE000678000008327C500130101FE232C81003C
:109BF000232E1100232A91002328210183C6070068
:109C000013075004130405006398E602032481013E
:109C10008320C10183244101032901019387170097
:109C20002326F500930600001306000093050003A9
:109C3000130101026FA01F82032985022326010060
:109C40009304C10013050400EFD09FC31306050061
:109C500063100502130500008320C1010324810164
:109C600083244101032901011301010267800000DF
:109C7000930600009305000313050400EFA08FFD79
:109C800023A0A400E30805FC8327C4009304050176
:109C900083C707001387F7FA630607009387B7FBAC
:109CA000E39207FA8325C10013050400EFF0DFEC0F
:109CB0008327C4001307500483C60700E39CE6F81B
:109CC000938717002326F400232424036FF0DFF882
:109CD0000327C5001306100083470700938777FB0F
:109CE00093F7F70F6368F6003307C7002326E500F4
:109CF0006FF05FEF1305000067800000130101FCA7
:109D0000232C8102232A91022328210323263103B5
:109D1000232441032322510323206103232E7101B5
:109D2000232C8101232A9101232E11021304050003
:109D3000938C0500130C0000130940049309500490
:109D4000130A900493044005930AD004130B3005C2
:109D5000930B10000327C40083470700639827056F
:109D60008347170093F7F70D6390971063100C0C5F
:109D700013050400EFE0CFDA130605006308050AB7
:109D80008327C40083C707006384370B63880C06EE
:109D9000930505002326A10013050400EFA09FBC36
:109DA0000326C100631C05046F0040086396470347
:109DB000630E0C0613050400EFF09FF193060500F7
:109DC0006306050613060C00930540001305040006
:109DD000EFA04FE86FF05FFA639A970063180C04E6
:109DE00013050400EFA01FA76FF01FF9639C570134
:109DF000130717002326E40013060C00130C0600BB
:109E00006FF05FF563926707930510001305040078
:109E1000EFD00FED13060500630A05008327050048
:109E20009387B7FA63F4FB04E30A0CFC1306000003
:109E30008320C103032481038324410303290103F5
:109E40008329C102032A8102832A4102032B0102D2
:109E5000832BC101032C8101832C410113050600D2
:109E600013010104678000001306000093050C0035
:109E700013050400EFF04F906FF01FF08327C5002B
:109E8000130101FE232C8100232E1100232A9100AF
:109E90002328210103C7070023260100130405001E
:109EA0006318B702032481018320C1018324410187
:109EB00003290101938717002326F500930600006C
:109EC000130600009305F002130101026FA08FD862
:109ED000938405001309C10013050400EFF01FC6A9
:109EE0001306050063100502130500008320C1015D
:109EF000032481018324410103290101130101028B
:109F000067800000930600009305F002130504002B
:109F1000EFA04FD42320A900E30805FC8327C40049
:109F20001309050103C70700E31897FA9387170081
:109F30000325C1002326F4006FF05FFB0327C50053
:109F4000130101FB2324810423202105232861031D
:109F50002326110423229104232E3103232C4103B1
:109F6000232A5103232671032324810323229103EF
:109F70002320A103232EB101130906001376160036
:109F800083460700130B050013840500630A0608C7
:109F90009309E001130AD001930AC001930404005D
:109FA000930B6005130CB004930C8007130DF0069F
:109FB000930DF004130507002326D1002324E100AC
:109FC000EFD04FCC032781008326C1006312050622
:109FD0009317F90113D9F701631C091C9386A6FB9B
:109FE0006398061C1307A0019306D0011306B00165
:109FF0009305E001130590011308C001638C840AE6
:10A0000003240400832704006388E71A638AC71ABD
:10A010006394A700232004011304C4006FF01FFE03
:10A020009309B001130AA001930A90016FF01FF782
:10A03000130617002326CB0093072007639EF60222
:10A040000327CB0293850A00130797002326EB0210
:10A05000930600001306000013050B00EFA08FBF4E
:10A0600023A0A400630605040327CB009304C500C6
:10A07000834607006FF01FF4639C76010327CB0231
:10A0800093050A00130797002326EB026FF05FFC8D
:10A09000639C86010327CB029385090013076700A1
:10A0A0002326EB026FF0DFFA834617006394060461
:10A0B000130400008320C104130504000324810459
:10A0C00083244104032901048329C103032A810352
:10A0D000832A4103032B0103832BC102032C81023A
:10A0E000832C4102032D0102832DC10113010105BF
:10A0F00067800000930627002326DB000347170034
:10A10000631E97010327CB02930600009305F0041A
:10A11000130717012326EB026FF0DFF36306A70195
:10A120009306F0046314D7048326CB02938696002B
:10A130002326DB02930600006316B70313050B000A
:10A14000EFF0DF9F93060500E30405F60327CB003D
:10A150001306500483450700E39CC5F4130717005A
:10A160002326EB00930520056FF0DFEE93067007C2
:10A17000E310D7F40327CB0213050B001307670086
:10A180002326EB02EFE05F8B93060500E30205F266
:10A190000327CB001306500483450700E39AC5F05C
:10A1A000130717002326EB00930530056FF09FEA95
:10A1B000138404006FF01FF02320D4006FF0DFE55C
:10A1C0002320B4006FF05FE5130101E2232C811C12
:10A1D0002326B11B232E111C232A911C2328211D69
:10A1E0002326311D2324411D2322511D2320611DBF
:10A1F000232E711B232C811B232A911B2328A11B97
:10A200001304011E034705002324B4E22322C4E201
:10A210009307F005930D0500631AF7000347150037
:10A220009307A00593041000630CF706B7850000A0
:10A2300013068000938585E213850D00EFB08177CA
:10A2400093040000631E050483C78D00138727FD58
:10A25000938617FA1337170093B616003367D700A3
:10A26000631607009387C7FD639C070283C79D00A1
:10A27000138777FB630807001387C7FB930400006D
:10A280006310070283C6AD001307F00593040000B6
:10A290006398E600938777FBB337F0009384270039
:10A2A000938AE4FF13091000B3395001371A0000F4
:10A2B000232624E793896904130D1001130A0A80E9
:10A2C000130BF005B38C2D01930BA00513850D0026
:10A2D000EF900024B387AD00232CF4E29317150010
:10A2E000232AB4E3232EA4E32320B4E52326F4E4B5
:10A2F000232404E4232CA4E4232A04E4232E04E4EA
:10A30000232004E6232204E6232404E6232804E68B
:10A310006366FA2093078002B307F5021315250040
:10A320001305F500232624E2137505FF9387F70034
:10A3300093F707FF3301F140930701003301A14078
:10A34000232824E42322F4E4638C2409636059075E
:10A3500083C7BD009385BD002320B4E4638C6719D7
:10A36000138505002320B4E2EF90801A832504E2D0
:10A3700013060500130544E3EFA04FA213060500E2
:10A380009306000093850900130544E3EFA08F8C2A
:10A39000130C0500032504E4EF908017032704E461
:10A3A0003307A7002320E4E46F000001130544E312
:10A3B000EFD01FF7130C0500032704E40347070041
:10A3C0006314070063100C160327C4E69307F0FF1D
:10A3D0006312F714232604E60321C4E26FF01FEF93
:10A3E00083C70D0063866701130C00006FF0DFFC6C
:10A3F00083C71D00232094E5E39877FF93872D0002
:10A4000093850400130544E32320F4E4EFD04FD1F7
:10A410000327C4E3130C050013771700E30E07F8B6
:10A420009308E0021308900013039001832504E4CD
:10A4300003C70500E31217F903C715009306F7F9E0
:10A4400093B6A601639C0600930617FA638806007C
:10A45000130707FD1377F70FE360E8F6138625006F
:10A46000034706009306F7F993F6F60F6372D306D7
:10A47000930607FD93B6A600639C0604930617FA9D
:10A4800063880604631A170103471600130707FDC4
:10A490001377F70F6372E8042320C4E4130544E341
:10A4A0003306B640EFA08F8F9306050013060C000D
:10A4B00093050005130544E3EF90DFF9130C050045
:10A4C00013039001130890009308E0026FF01FF649
:10A4D000130616006FF0DFF8130626000347060088
:10A4E000930607FD93F6F60FE36ED8F813061600F1
:10A4F0006FF0DFFE83C7CD00E39477E79387DD003D
:10A5000093050000130544E32320F4E4EFD04FC18A
:10A510006FF0DFE6130500006F00800E13050000EA
:10A520006F00400E832784E293050C00130544E777
:10A53000232EF4F6832744E2232A04F6230C04F6A0
:10A54000232204F8232404F8232C04F8232E04F8EF
:10A550002320F4F8232604F8232804F8232A04F8F7
:10A56000232004FA232404FA232604FA232A04FAD3
:10A57000232C04FAEFA00FC3832604F91307F07FFE
:10A580006344D700232804F8032784FB8326C4FAF6
:10A59000232E04FA930401003387E602232CE4FA05
:10A5A0006344D00093061000939636009386F6001D
:10A5B00093F606FF3301D140930601006344E000A7
:10A5C00013071000131737001307F700137707FF5F
:10A5D0003301E14013060C0093051001130544E715
:10A5E0002322D4FA232824FAEFA05FC0130544E7FE
:10A5F00013810400EFA08FD20325C4F81335150092
:10A600000321C4E2130104E28320C11D0324811D40
:10A610008324411D0329011D8329C11C032A811C98
:10A62000832A411C032B011C832BC11B032C811B80
:10A63000832C411B032D011B832DC11A1301011E05
:10A6400067800000130101FD2326110223248102EB
:10A650002322910223202103232E3101232C4101A7
:10A66000631C0502638606009307D0FF23A0F60053
:10A67000930400008320C102032481020329010204
:10A680008329C101032A8101138504008324410227
:10A69000130101036780000063840500E30406FCE6
:10A6A00093890500B7550300130906009385050833
:10A6B0001306010013840600232001002322010059
:10A6C0002324010023260100EFF01FB083240100A2
:10A6D000631C050013850400EF40004AE30A04F8F8
:10A6E0009307E0FF6F0080028327C100130A100068
:10A6F00063940700032A8100639E0400E30A04F6C2
:10A7000093071000E31EFAFC9307F0FF2320F400E8
:10A710006FF01FF663980900630A090223204901BC
:10A720006F00C00213850400EF80905E832709004C
:10A730006374F5029385040013850900EFB0813D31
:10A7400013850400EF40404393840900E30404F2BE
:10A75000232004006FF01FF213850900EF40C04171
:10A760006FF0DFFB6386050263040502130101FF3E
:10A7700023261100EFF05FA58320C10013351500DB
:10A780003305A0401375E5FF130101016780000048
:10A790001305D0FF6780000037071000130101FE8A
:10A7A0001307F7FFB377B70093D846013377D70085
:10A7B000232C810013D44501131737001358D601F9
:10A7C000232821011374F47F13D9F50193973700DF
:10A7D0009355D50193F8F87F232E1100232A910079
:10A7E0002326310193D6F601B3E7F5003368E8007C
:10A7F0001315350013163600330714419305F07F07
:10A800006314D9306352E010639C08023367C800B8
:10A81000630407021307F4FF631E07003306C50035
:10A82000B38707013335A600B387A70013041000D0
:10A830006F000006631CB400130605006F00801D46
:10A84000E30CB4FEB70680003368D800930680039B
:10A8500063C6E60A9306F0019308000263C8E606A1
:10A86000B388E840B3161801B355E600B3181601D3
:10A87000B3E6B600B3381001B3E616013357E8006B
:10A880003386A6003307F700B336D600B307D700E8
:10A890001397870063560722130414001307F07FF1
:10A8A0006308E460370780FF1307F7FFB3F7E7009B
:10A8B00013571600137616003367C7001396F70177
:10A8C0003366E60093D717006F00801F930607FEDC
:10A8D000B356D800930500006308170193050004E0
:10A8E000B385E540B315B800B3E5C500B335B00096
:10A8F000B3E6B600130700006FF09FF8B366C80018
:10A90000B336D0006FF01FFF6302070C3387884017
:10A9100063120402B3E6A700638806009306F7FFFC
:10A92000E38E06EE6310B7029307080013040700D6
:10A930006F00400E6386B858B7068000B3E7D700B3
:10A940009306070013078003634CD7061307F00133
:10A9500013030002634ED7023303D34033976700DB
:10A96000B355D500331365003367B7003333600048
:10A9700033676700B3D6D7003306C700B386060136
:10A980003337E600B387E600138408006FF05FF00A
:10A99000138706FE33D7E70093050000638866003F
:10A9A00093050004B385D540B395B700B3E5A50082
:10A9B000B335B0003367B700930600006FF0DFFBDC
:10A9C00033E7A7003337E0006FF01FFF13071400D1
:10A9D0009376E77F6392060C33E7A7006314040ABB
:10A9E0006308074A3367C8006308074A3306C5008F
:10A9F000B38707013335A600B387A70013978700F5
:10AA0000635A0732370780FF1307F7FFB3F7E700F2
:10AA1000130410001397D701135636009306F07FE6
:10AA20003367C70093D73700631ED4003367F7003E
:10AA30009307000063080700B7070800130700002A
:10AA4000130900001374F47F9397C70093D7C700CE
:10AA5000131444019315F9013364F4008320C101F8
:10AA6000B367B40003248101832441010329010158
:10AA70008329C10013050700938507001301010214
:10AA800067800000630E07403368C800631C082C11
:10AA9000130605006F000041630AB7403306C50086
:10AAA0003335A600B3870701B387A7009396F70154
:10AAB0001356160033E6C60093D717001304070099
:10AAC00013777600630007021377F60093064000C1
:10AAD000630AD7003307D600B336C700B387D70061
:10AAE0001306070013978700E35607F213041400B8
:10AAF0001307F07F630EE43A370780FF1307F7FF71
:10AB0000B3F7E7006FF01FF16350E00E6398080899
:10AB10003367C800E30207D21307F4FF631E070080
:10AB20003306C540B38707413335C500B387A74017
:10AB3000130410006F00C004E300B4D09306800338
:10AB400063CEE6089306F0019308000263C0E606B0
:10AB5000B388E840B3161801B355E600B3181601E0
:10AB6000B3E6B600B3381001B3E616013357E80078
:10AB70003306D5403387E7403335C500B307A740D8
:10AB800013978700E35E07F2B70480009384F4FF15
:10AB9000B3F49700930906006F004021E30EB4C898
:10ABA000B70680003368D8006FF05FF9930607FEA0
:10ABB000B356D800930500006308170193050004FD
:10ABC000B385E540B315B800B3E5C500B335B000B3
:10ABD000B3E6B600130700006FF09FF9B366C80034
:10ABE000B336D0006FF01FFF6306070E3383884033
:10ABF0006312040433E7A700630607021307F3FF99
:10AC0000631007023305A6403337A600B307F840A8
:10AC100013060500B387E740138906006FF05FF164
:10AC20006312B3021389060093070800130403009C
:10AC30006FF05FDE6384B82837078000B3E7E70072
:10AC4000130703009305800363C0E5089305F00133
:10AC5000130E000263C2E504330EEE40B395C70144
:10AC60003353E500331EC501B3E56500333EC00133
:10AC7000B3E5C50133D7E700B305B640B337B60037
:10AC80003307E84013860500B307F7401384080034
:10AC9000138906006FF0DFEE930507FEB3D5B7000A
:10ACA000130300006308C701130300043303E340E8
:10ACB000339367003363A30033336000B3E565006B
:10ACC000130700006FF05FFBB3E5A700B335B000DA
:10ACD0006FF01FFF130714001377E77F6310070A55
:10ACE000B3E8A7003367C80063180406639A080036
:10ACF00093070800631E0702130900006F00401B42
:10AD0000630C0718B305C540B338B5003387074156
:10AD1000330717419318870063D608023305A6400E
:10AD20003337A600B307F84013060500B387E740A2
:10AD3000138906003367F6006300071A1304000046
:10AD40006FF01FD833E6E50063020618930707008B
:10AD5000138605006FF01FFE639E0800138906002E
:10AD60006310071413090000B70740001306000022
:10AD70006F004013E30E07D06FF0DFFE3307C540CE
:10AD8000B335E500B3840741B384B44093958400A0
:10AD90009309070063DE0506B309A640B304F84033
:10ADA00033363601B384C44013890600638E04062B
:10ADB00013850400EF904FB9130785FF9307000236
:10ADC000B387E740B394E400B3D7F900B3E7970043
:10ADD0003396E9006344870A330787401305170059
:10ADE0009306F0019305000263C2A606B385A54051
:10ADF0003397B700B356A600B315B6003367D70034
:10AE0000B335B0003366B700B3D7A7006FF09FF239
:10AE100033669700E31C06F813090000930700004F
:10AE2000130400006FF01FBF13850900EF90CFB12E
:10AE3000130785019307F001E3D2E7F8930785FF35
:10AE4000B397F900130600006FF0DFF8130717FE41
:10AE500033D7E700930600006308B50093060004AB
:10AE6000B386A640B396D700B366D600B336D000FB
:10AE70003366D700930700006FF0DFEB3304E44044
:10AE8000370780FF1307F7FFB3F7E7006FF05FC3E3
:10AE9000930708006FF01FEA130605006FF09FE9A3
:10AEA00093070800138405006FF0DFB61304070052
:10AEB00093070000130600006FF0DFB5138906004A
:10AEC00093070800138408006FF0DFB41309000033
:10AED000930700006FF01FB49307000013060000F3
:10AEE0006FF01FF4370810001308F8FF130101FE7C
:10AEF000B377B80013D745013378D80093D846010B
:10AF0000232A9100939737009374F77F1357D50145
:10AF100023282101B367F70013D9F5011357D60190
:10AF200013183800232E1100232C81002326310111
:10AF300093F8F87F9305F07F1315350093D6F6014B
:10AF400033670701131636006396B800B365C70070
:10AF50006394050093C61600338814419305F07F6F
:10AF60006394263163520011639C0802B366C700E4
:10AF7000638406021388F4FF631E08003306C500CD
:10AF8000B387E7003335A600B387A700930410000A
:10AF90006F000006639CB400130605006F00801D5F
:10AFA000E38CB4FEB70680003367D70093068003B6
:10AFB00063C6060B9306F0019308000263C80607F8
:10AFC000B3880841B3161701B3550601B31816012B
:10AFD000B3E6B600B3381001B3E6160133580701E3
:10AFE0003386A6003308F800B336D600B307D8007E
:10AFF0001397870063560722938414001307F07F8A
:10B000006388E460370780FF1307F7FFB3F7E700B3
:10B0100013571600137616003367C7001396F7010F
:10B020003366E60093D717006F00801F930608FE73
:10B03000B356D70093050000630818019305000478
:10B04000B3850541B315B700B3E5C500B335B0000E
:10B05000B3E6B600130800006FF09FF8B366C700B0
:10B06000B336D0006FF01FFF6302080CB386984020
:10B070006392040233E8A700630808001388F6FF10
:10B08000E30E08EE6390B602930707009384060070
:10B090006F00400E6386B858B7058000B3E7B7006D
:10B0A000138806009306800363CC06079306F0011D
:10B0B0001303000263CE060333030341B396670014
:10B0C000B355050133136500B3E6B60033336000B2
:10B0D000B3E6660033D807013386C6003308E800BC
:10B0E000B336D600B307D800938408006FF05FF042
:10B0F000930608FEB3D6D7009305000063086800E6
:10B1000093050004B3850541B395B700B3E5A500E9
:10B11000B335B000B3E6B600130800006FF0DFFBF4
:10B12000B3E6A700B336D0006FF01FFF938614007C
:10B1300013F8E67F6312080CB3E6A7006394040AD1
:10B140006388064AB366C7006388064A3306C500AB
:10B15000B387E7003335A600B387A70013978700AE
:10B16000635A0732370780FF1307F7FFB3F7E7008B
:10B17000930410009396D701135636001307F07FFF
:10B18000B3E6C60093D73700639EE400B3E6F6004B
:10B190009307000063880600B707080093060000C5
:10B1A0001309000013F7F47F9397C7008320C101B0
:10B1B0000324810193D7C700131747019315F901A1
:10B1C0003367F700B367B700832441010329010106
:10B1D0008329C1001385060093850700130101022E
:10B1E00067800000638E06403367C700631C072C2E
:10B1F000130605006F000041638AB6403306C500A0
:10B20000B387E7003335A600B387A7001397F7018C
:10B21000135616003366C70093D7170093840600B1
:10B2200013777600630007021377F6009306400059
:10B23000630AD7003307D600B336C700B387D700F9
:10B240001306070013978700E35607F29384140050
:10B250001307F07F638EE43A370780FF1307F7FF89
:10B26000B3F7E7006FF01FF16350000F6398080811
:10B27000B366C700E38206D21388F4FF631E08009A
:10B280003306C540B387E7403335C500B387A740D1
:10B29000930410006F00C004E380B4D093068003D1
:10B2A00063CE06099306F0019308000263C0060707
:10B2B000B3880841B3161701B3550601B318160138
:10B2C000B3E6B600B3381001B3E6160133580701F0
:10B2D0003306D540338807413335C500B307A8404E
:10B2E00013978700E35E07F2370480001304F4FF2E
:10B2F00033F48700930906006F004021E38EB4C841
:10B30000B70680003367D7006FF05FF9930608FE39
:10B31000B356D70093050000630818019305000495
:10B32000B3850541B315B700B3E5C500B335B0002B
:10B33000B3E6B600130800006FF09FF9B366C700CC
:10B34000B336D0006FF01FFF6306080E33839840BA
:10B350006392040433E8A700630608021308F3FFAE
:10B36000631008023305A640B335A600B307F740C3
:10B3700013060500B387B740138906006FF05FF12D
:10B380006312B302138906009307070093040300B6
:10B390006FF05FDE6384B828B7058000B3E7B700BD
:10B3A000130803009305800363C005099305F001AA
:10B3B000130E000263C20505330E0E41B395C7019B
:10B3C00033530501331EC501B3E56500333EC001AB
:10B3D000B3E5C50133D80701B305B640B337B600AE
:10B3E0003308074113860500B307F840938408002B
:10B3F000138906006FF0DFEE930508FEB3D5B700A2
:10B40000130300006308C80113030004330303415E
:10B41000339367003363A30033336000B3E5650003
:10B42000130800006FF05FFBB3E5A700B335B00071
:10B430006FF01FFF138814001378E87F6310080A69
:10B440003368C700B3E8A70063980406639A08004E
:10B4500093070700631E0802130900006F00401BDA
:10B46000630C08183308C540B3380501B385E740BD
:10B47000B38515419398850063D608023305A6402D
:10B48000B335A600B307F74013060500B387B740EE
:10B49000138906003367F6006300071A930400005F
:10B4A0006FF01FD83366B800630206189387050053
:10B4B000130608006FF01FFE639E08001389060044
:10B4C0006310081413090000B707400013060000BA
:10B4D0006F004013E30E08D06FF0DFFEB305C540E8
:10B4E0003338B5003384E740330404411318840033
:10B4F00093890500635E0806B309A6403304F7404C
:10B50000333636013304C44013890600630E040643
:10B5100013050400EF805FC3130785FF9307000244
:10B52000B387E7403314E400B3D7F900B3E78700EB
:10B530003396E9006344970A3307974013051700D1
:10B540009306F0019305000263C2A606B385A540E9
:10B550003397B700B356A600B315B6003367D700CC
:10B56000B335B0003366B700B3D7A7006FF09FF2D2
:10B5700033E68500E31C06F813090000930700007A
:10B58000930400006FF01FBF13850900EF80DFBB3D
:10B59000130785019307F001E3D2E7F8930785FFCE
:10B5A000B397F900130600006FF0DFF8130717FEDA
:10B5B00033D7E700930600006308B5009306000444
:10B5C000B386A640B396D700B366D600B336D00094
:10B5D0003366D700930700006FF0DFEBB384E440DD
:10B5E000370780FF1307F7FFB3F7E7006FF05FC37C
:10B5F000930707006FF01FEA130605006FF09FE93D
:10B6000093070700938405006FF0DFB6938406006C
:10B6100093070000130600006FF0DFB513890600E2
:10B6200093070700938408006FF0DFB4130900004C
:10B63000930700006FF01FB493070000130600008B
:10B640006FF01FF413D74501B70610009387F6FF7C
:10B650001377F77F1306E03FB3F7B70093D5F501F3
:10B66000635CE6041306D041635AE60037050080A8
:10B670001305F5FF3385A50067800000B3E7D70009
:10B680009306304163D4E6029306D7BEB397D70042
:10B69000930630433387E6403355E50033E5A70092
:10B6A000638E05003305A04067800000B386E64046
:10B6B00033D5D7006FF0DFFE130500006780000070
:10B6C000130101FF2326110023248100232291006E
:10B6D00093070500630005081357F5413344A7009D
:10B6E0003304E4409354F50113050400EF80DFA513
:10B6F0009307E0411307A000B387A7406344A70462
:10B700001307B0003307A740130555013357E40072
:10B710003314A4008320C100130504001317C700CD
:10B7200003248100939747011357C7009394F401B2
:10B73000B3E7E700B3E5970083244100130101015B
:10B7400067800000130555FF3317A40013040000A1
:10B750006FF05FFC93040000130700006FF01FFF01
:10B760008328C50003A3C50083A6050003A64500E2
:10B7700003A78500B785000013D808019385F5FF5E
:10B78000139E080193120301935703013378B80005
:10B79000832E0500832F4500032F8500130101FF31
:10B7A000135E0E0193D8F80193D20201B3F7B700EC
:10B7B0001353F3016310B802B3E5DF01B3E5E5010C
:10B7C000B3E5C50113051000639C0506639A0707DE
:10B7D0006F008000639CB700B3E5C600B3E5E500E9
:10B7E000B3E5550013051000639C0504B386D641EC
:10B7F0003386CF40B336D0003336C000B38707411D
:10B80000B3E6C600B337F0003307EF40B3E7D70025
:10B810003337E0003367F7006318070263165E02F0
:10B8200013050000638E680013051000631A0800FA
:10B8300033E5DF013365E5013365C5013335A0002C
:10B840001301010167800000130510006FF05FFF16
:10B850008327C50083A6C500378700001307F7FFBD
:10B8600083A2050003A3450083A3850093D50701A8
:10B87000139E070113D60601B3F5E500032F05005B
:10B8800083284500832F8500130101FF135E0E01FD
:10B8900093D7F7013376E60093DEF601639CE5006B
:10B8A00033E7E8013367F7013367C7011305E0FFAA
:10B8B000631A070637870000939606011307F7FF00
:10B8C00093D6060113050600631AE600336753009A
:10B8D000336777003367D700631A07041307000044
:10B8E000639A050033E7E8013367F7013367C7015F
:10B8F0001337170063140604336853003368780065
:10B900003368D800630A0700630E080013951E0011
:10B910001305F5FF6F000001631408023305F040C2
:10B920001365150013010101678000001305E0FF96
:10B930006FF05FFF130500006FF0DFFEE31807FCF8
:10B94000E39EFEFC3305D041E34CB6FCE3C0C5FCEE
:10B95000E3E6C6FD6314DE02E3E2F3FD6390F30366
:10B96000E36E13FB3307134163F4E201E30807FAC4
:10B9700063E66800E3705FFCE31E07FA13951700A7
:10B980006FF01FF98327C50083A6C5003787000025
:10B990001307F7FF83A2050003A3450083A38500D7
:10B9A00093D50701139E070113D60601B3F5E500F1
:10B9B000032F050083284500832F8500130101FF15
:10B9C000135E0E0193D7F7013376E60093DEF6019E
:10B9D000639CE50033E7E8013367F7013367C7018C
:10B9E00013052000631A07063787000093960601A7
:10B9F0001307F7FF93D6060113050600631AE60046
:10BA000033675300336777003367D700631A07043F
:10BA100013070000639A050033E7E8013367F70175
:10BA20003367C701133717006314060433685300E4
:10BA3000336878003368D800630A0700630E080093
:10BA400013951E001305F5FF6F0000016314080233
:10BA50003305F040136515001301010167800000F4
:10BA6000130520006FF05FFF130500006FF0DFFE8D
:10BA7000E31807FCE39EFEFC3305D041E34CB6FC23
:10BA8000E3C0C5FCE3E6C6FD6314DE02E3E2F3FDBA
:10BA90006390F303E36E13FB3307134163F4E20196
:10BAA000E30807FA63E66800E3705FFCE31E07FA49
:10BAB000139517006FF01FF9130101F5232C4109AD
:10BAC00003AAC50083A7450083A685002324A100FF
:10BAD00003A505002320210B232A51090329C600B1
:10BAE000832A46002328610923267109032B0600B7
:10BAF000832B860013170A01378600002322910A40
:10BB00001357070193540A011306F6FF2324810AF1
:10BB10002326110A232E3109232481092322910986
:10BB20002320A109232EB1072328A104232AF104ED
:10BB3000232CD104232E41052320A1022322F1022C
:10BB40002324D1022326E102B3F4C4001354FA01E2
:10BB5000E38E0416E384C428B70701003367F700B7
:10BB60002326E102130601029307C10203A707007F
:10BB700083A6C7FF9387C7FF1317370093D6D60155
:10BB80003367D70023A2E700E312F6FEB7C7FFFF33
:10BB900013153500938717002320A102B384F40006
:10BBA0009309000013150901378700009357090115
:10BBB000135505011307F7FF232E210523286105DF
:10BBC000232A5105232C710523286103232A5103BD
:10BBD000232C7103232EA102B3F7E7001359F901B7
:10BBE000E3820722E38AE732370701003365E50085
:10BBF000232EA102930501031307C1038326070027
:10BC00000326C7FF1307C7FF939636001356D601C6
:10BC1000B3E6C6002322D700E392E5FE37C7FFFF55
:10BC2000131B3B001307170023286103B387E700AA
:10BC300013070000B38797002328F10093871700AC
:10BC40002326F10093972900B3E7E7009306A000AD
:10BC5000E3C0F6321306200033442401930610009B
:10BC6000E34AF62C9387F7FFE3FEF6300328010240
:10BC7000032E01039359080193560E01131808016E
:10BC8000131E0E0113580801135E0E0133060E0336
:10BC9000B385C90393570601338706033307B700FB
:10BCA000B387E700338CD90263F6B700370701008A
:10BCB000330CEC000323410313160601135606014F
:10BCC0009354030113D7070113130301939707013B
:10BCD000B387C70013530301B3856902232AF10018
:10BCE0002328F10433860403B30703033306B600A5
:10BCF00013DF0701330FCF00B38B99026376BF00C8
:10BD000037060100B38BCB0003254102939707014F
:10BD100093D70701135905011315050113550501A3
:10BD200013560F01131F0F01330FFF00B30FC90389
:10BD30003307E701B307C503B388A60293DE070103
:10BD4000B388F801B38E1E01B385260363F6FE01A6
:10BD5000B7080100B385150193DA0E01B38ABA0062
:10BD60009397070193D70701939E0E01B38EFE00B0
:10BD7000B305A302B308690293D70501B382A402F5
:10BD8000B3821201B3875700B38F240363F6170100
:10BD9000B7080100B38F1F0193D80701B388F801DA
:10BDA000232C1101832881039395050193D5050167
:10BDB00093D208019397070193980801B387B700BE
:10BDC00093D80801B3850803232EF100B383190328
:10BDD00013DA0501B3870203B3877700B307FA00CC
:10BDE000B38F590263F67700B7030100B38F7F006A
:10BDF0009395050113DA070193D505019397070180
:10BE0000B387B70083258102330AFA0193D3050172
:10BE10009395050193D50501B38FC503338DC303F6
:10BE200093DD0F01338BB602330BAB01338B6D0106
:10BE3000B38C76026376AB01370D0100B38CAC0195
:10BE40003307EC00333FE7013306E60133067601A2
:10BE5000B30ED701B30A5601939F0F0133B7EE001B
:10BE60003387EA00135D0B0193DF0F01131B0B01F6
:10BE7000B30FFB0133BBCA00B33A57013336E601B7
:10BE8000032FC101336B5B01832A81013306CB0091
:10BE9000330FE701B30A56013337EF003387EA0067
:10BEA000B307FF00330A470133BFE701330FEA014D
:10BEB00033B6CA00B33A57013337EA00333A4F0179
:10BEC00033674701032AC103336656013306E60090
:10BED000935A0A01131A0A01135A0A0133070A0373
:10BEE000B38FF701B30C9D01B30C9F01B3B7FF00F3
:10BEF000B387FC0033BFEC01B3BC9701336F9F01E4
:10BF0000330FCF00338B490313560701232AD10582
:10BF1000232CF10533880A03330868013306060130
:10BF2000B38959036376660137080100B3890901B3
:10BF3000032BC10213580601B30938011317070177
:10BF400013580B01131B0B0113570701135B0B0154
:10BF500013160601B38B06033306E600B3866603A9
:10BF60003307CB03330EC803135C0701B386C60146
:10BF7000B306DC0063F6C601370E0100B38BCB01BC
:10BF800013DE060113170701330E7E019396060197
:10BF900013570701B38DE600232CC101B306150327
:10BFA000330E190313DC06013387A2023307C701DE
:10BFB0003307EC00B30B59026376C701370E01005B
:10BFC000B38BCB0193960601135E070193D606014E
:10BFD00013170701330E7E013307D700338C63023A
:10BFE000B306B302B38BB40213DD0601B38B8B012E
:10BFF000B30B7D01B38C740263F68B01370C010027
:10C00000B38C8C0113DC0B013386C700330C9C010D
:10C0100093960601832C8101B3093F01939B0B0189
:10C02000B337F60093D60601B387F900B386DB0079
:10C03000B30BB601B38C970133B6CB003386CC007B
:10C040003387EB00330EC601B33B7701B30B7E01A0
:10C05000B306D700338C8B0133BFE90133B7E60059
:10C06000B3B93701B3B7FC00B33C9601B3693F01E4
:10C070003336CE00B3E7970133BECB013307EC0074
:10C08000B387F9003366C601333E7C01333C870138
:10C090003306F600336E8E01338F1303330ECE005A
:10C0A000232ED1043386B802B38BB2029357060114
:10C0B000B38BEB01B3877701B389720263F6E701B3
:10C0C000370F0100B389E9011316060113DF0701D9
:10C0D0001356060193970701B387C700330F3F013B
:10C0E0003306AA02B30B4903935906013385AA020A
:10C0F00033057501B389A9003309590363F6790142
:10C10000370501003309A9001316060113D50901EB
:10C110001356060193990901B389C9003309250112
:10C1200033066B02B38B0403135506013303680215
:10C13000B3846403B38464003305950063766500BB
:10C1400037030100B38B6B0013160601135305016F
:10C150001356060113150501B38443033305C500C7
:10C16000330373013306BA02B385BA02935B060147
:10C17000B3859500B385BB00B383530363F6950085
:10C18000B7040100B383930093D40501B383740013
:10C19000131606011356060193950501B385C500D4
:10C1A000B3041B03B38B020313D60401B3081803B3
:10C1B000B3826203B382120133065600637616011E
:10C1C000B7080100B38B1B01B307F700330FEE0173
:10C1D00033B7E7003307EF00B3893701330927018D
:10C1E000B3B7F900B302F900B387A90033056A03B6
:10C1F000338362002320F106B3B73701B307F3009E
:10C20000333ECF01333FE7013337E90033B9220131
:10C2100033672701330A4803B3325300336EEE010C
:10C2200033B36700330EEE0093940401B3E262006F
:10C23000B385B70093580601B382C20133880A035D
:10C240001316060193D40401B383720033069600DB
:10C25000B3B7F500B387F3003386C500B388780120
:10C26000B3881701B38A6A032322C1063336B600A6
:10C270003386C80013570501B3B25300B3B3770038
:10C28000B3B7F800B3381601B3E27200B38A4A01BB
:10C2900033075701B3E7170163764701B70501007C
:10C2A0003308B8001315050193550701135505010F
:10C2B000131707013307A700B38555003307E600BE
:10C2C000B387F5003336C7003306F60083274101F4
:10C2D000330606019396D600B3E7D701B3EFFF000C
:10C2E0002326C1062324E106B3E6F60193070105E0
:10C2F0009305010603A7C70003A60701938747001C
:10C30000135737011316D6003367C70023AEE7FE75
:10C31000E392F5FE83270105B336D0000327C1055C
:10C32000B3E6F600832781052326E1042320D10408
:10C330002324F104832741052322F1049317B70036
:10C3400063DA074A9396F601930701041305C104C3
:10C3500003A6070083A547009387470013561600DE
:10C360009395F5013366B60023AEC7FEE312F5FEE2
:10C370008327010493D6F60113571700B3E7D700BC
:10C380002326E1042320F1040327C100B74700005E
:10C390009387F7FFB307F7006354F04603270104C0
:10C3A00093767700638606049376F70013064000C1
:10C3B0006380C604B306C7001337C7FF2320D10428
:10C3C00093361700032741043387E6002322E10454
:10C3D0003337D700832681043387E6002324E10422
:10C3E0003337D7008326C1043307D7002326E1045F
:10C3F0000327C1049316B70063D006028326C10049
:10C40000B707F0FF9387F7FF3377F700B7470000D0
:10C410002326E104B387F600930601041305C10443
:10C4200003A6060083A546009386460013563600F1
:10C430009395D5013366B60023AEC6FEE312D5FE52
:10C44000B78600009386E6FF63CAF6581357370095
:10C450002326E1040327C1048320C10A8324410A5F
:10C46000231EE1041317F400B367F700231FF10440
:10C4700003278100832701040324810A0329010A79
:10C480002320F700832741048329C109032A810956
:10C490002322F70083278104832A4109032B010902
:10C4A0002324F7008327C105832BC108032C8108AF
:10C4B0002326F700832C4108032D0108832DC10793
:10C4C000130507001301010B6780000033E6A70086
:10C4D0003366D6003366E60063000612630807047D
:10C4E00013050700EF705FC6930645FF13D756404C
:10C4F00093F6F6019307C1026384060693080002CF
:10C5000013182700B388D84093050102B387074169
:10C51000639AF5089307F7FF03270102B385050126
:10C520003317D70023A0E5006F000006638A0600DA
:10C5300013850600EF705FC1130505026FF0DFFA87
:10C54000638A070013850700EF701FC013050504F9
:10C550006FF09FF9EF705FBF130505066FF0DFF80E
:10C560001306C0FF3306C70293063000B385C70029
:10C5700083A505009386F6FF9387C7FF23A2B70024
:10C58000E3D6E6FE9307F7FF9306F0FF13060102DA
:10C59000639CD702B7C4FFFF93841401B384A44003
:10C5A0006FF00FE003A6070003A3C7FF338E070158
:10C5B0003316D60033531301336666002320CE00B2
:10C5C0009387C7FF6FF0DFF4139727003307E60068
:10C5D000232007009387F7FF6FF09FFBB3E7A700C7
:10C5E000B3E7D700B3E7E70093092000638C07DACD
:10C5F000930930006FF00FDB9304000093091000E3
:10C600006FF04FDAB3E76A01B3E77701B3E7A7004A
:10C6100013071000638007E263060504EF70DFB2C2
:10C62000930645FF13D7564093F6F6019307C103CF
:10C63000638606069308000213182700B388D840C3
:10C6400093050103B3870741639CF5089307F7FF40
:10C6500003270103B38505013317D70023A0E500A5
:10C660006F004006638A0B0013850B00EF70DFAD8F
:10C67000130505026FF0DFFA638A0A0013850A00CA
:10C68000EF709FAC130505046FF09FF913050B00C5
:10C69000EF709FAB130505066FF09FF81306C0FF00
:10C6A0003306C70293063000B385C70083A5050093
:10C6B0009386F6FF9387C7FF23A2B700E3D6E6FE73
:10C6C0009307F7FF9306F0FF13060103639CD7025D
:10C6D000B7C7FFFF93871701B387A7406FF04FD508
:10C6E00003A6070003A3C7FF338E07013316D60046
:10C6F00033531301336666002320CE009387C7FFB0
:10C700006FF09FF4139727003307E60023200700FC
:10C710009387F7FF6FF09FFBB3EA6A01B3EA7A01F0
:10C72000B3EAAA001307200063860AD0130730007B
:10C730006FF04FD0B397F60093F607536394060655
:10C7400093F68708639E060293F70724638007D257
:10C75000B78700002326F1042324010423220104C7
:10C76000232001049387F7FF130400006FF09FCE8E
:10C770009306F000E38ED7FC9306B0006394D702D3
:10C7800013040900832701032320F10483274103B5
:10C790002322F104832781032324F1048327C10387
:10C7A0006F00400283270102138709002320F10450
:10C7B000832741022322F104832781022324F104E9
:10C7C0008327C1022326F104930720006308F72082
:10C7D00093073000E30EF7F693071000E316F7BA5D
:10C7E000232601042324010423220104232001041D
:10C7F0006F00001C832701012326F1006FF0DFB8D2
:10C80000638407061307D0F863C8E71A13071000FC
:10C810003307F7401305010493565740930505006D
:10C820001377F70193070000130600006312D60484
:10C83000130630003306D640139E26006314070407
:10C84000930505003388C501032808001307170066
:10C850009385450023AE05FFE356E6FE130740002F
:10C86000B306D7406F00C005130710006FF09FFAA2
:10C8700003A805001306160093854500B3E70701DA
:10C880006FF0DFFAB305C50103A8050093080002A5
:10C89000B388E84033181801B3E707011303000019
:10C8A0006344C30293054000B386D5408325C10489
:10C8B000131626003306C50033D7E5002320E60013
:10C8C000130640006F00C00303A8050083AE4500B7
:10C8D000338FC5413358E800B39E1E013368D80139
:10C8E00023200F0113031300938545006FF05FFBB6
:10C8F000139726003307E5002320070093861600D0
:10C90000E398C6FE03270104B337F000B3E7E7005E
:10C910002320F10413F777006304070413F7F700EB
:10C920006300D704138747002320E1040327410451
:10C9300093B7C7FF93B71700B307F7002322F1049B
:10C94000B3B7E70003278104B307F7002324F104FA
:10C95000B3B7E7000327C104B387E7002326F10438
:10C960000327C1049317C70063DE070023260104D1
:10C97000232401042322010423200104930710002F
:10C980006FF05FAD1306C5008327050083264500C1
:10C990001305450093D737009396D601B3E7D70028
:10C9A000232EF5FEE312A6FE135737002326E104DB
:10C9B000930700006FF01FAA032741048327010497
:10C9C000B3E7E70003278104B3E7E7000327C104C7
:10C9D000B3E7E700E38E07FC6FF09FE0B787000046
:10C9E000232601042324010423220104232001041B
:10C9F0009387F7FF6FF01FA6130101FA83A7850045
:10CA0000232C81041304050003A5C50003A84500D9
:10CA100083A60500232CF102232CF10093170501B6
:10CA200093D7070103270600832846008325860045
:10CA3000032FC600232EA102232EF1009317150009
:10CA40001355F501232A910423282105232A0103E4
:10CA5000232A0101232E1104232631052324410515
:10CA6000232251052328D1022328D10013D91701ED
:10CA700093040500930201011308C10183270800F4
:10CA80000326C8FF1308C8FF939737001356D60133
:10CA9000B3E7C7002322F800E39202FF93170F01C8
:10CAA00093D70701939636002326F10293171F00B0
:10CAB000232EE1032328D1002328E102232A110396
:10CAC000232CB1022320E102232211032324B102EB
:10CAD00013DE1701135FFF01930F01021303C1025D
:10CAE000832703000326C3FF1303C3FF9397370075
:10CAF0001356D601B3E7C7002322F300E3926FFE7B
:10CB000013173700B78700002320E1029387F7FF50
:10CB10006310FE020326810283274102B3E7C700A8
:10CB20000326C102B3E7C700B3E7E7006394070039
:10CB3000134F1F00B307C941E318AF026358F03821
:10CB400003284101832E81018328C10163120E0A4B
:10CB50000325410283258102032EC1023366B500FD
:10CB60003366C6013366E600631C06002328D10243
:10CB7000232A0103232CD103232E11036F00400924
:10CB80001386F7FF631806043386E60033080501B1
:10CB9000B336D600B306D800232AD1023335A80015
:10CBA000B3B60601B38ED5013365D5003385AE002B
:10CBB000232CA10233B7BE003335D5013367A7005C
:10CBC000330E1E012328C1023307C701930710004B
:10CBD0006F00C02E378700001307F7FF6384E7005C
:10CBE0006F10C00D2328D102232A01036F004038A3
:10CBF000378700001307F7FF6312E9162328D102D5
:10CC0000232A0103232CD103232E110393070900A8
:10CC10000327010393767700638606049376F70073
:10CC2000130640006380C604B306C7002328D10260
:10CC3000832641031337C7FF133717003387E600F6
:10CC4000232AE1023337D700832681033387E600A6
:10CC5000232CE1023337D7008326C1033307D700E3
:10CC6000232EE1020327C1039316C70063D40602F3
:10CC7000B7860000938717009386F6FF6394D7006A
:10CC80006F104002B706F8FF9386F6FF3377D700A0
:10CC9000232EE102930601031305C10303A6060038
:10CCA00083A5460093864600135636009395D5011A
:10CCB0003366B60023AEC6FEE312D5FE378600000B
:10CCC0009306F6FF13573700639AD7028325410373
:10CCD00083260103B3E6B60083258103B3E6B600DD
:10CCE0003367D700630C0700232C0102232A0102BB
:10CCF00023280102130706009304000093971701ED
:10CD000093D717019394F400B3E4F400832701034D
:10CD1000231791002316E1002320F4008327410309
:10CD20008320C105130504002322F4008327810317
:10CD300083244105032901052324F4008327C1002E
:10CD40008329C104032A81042326F40003248105D6
:10CD5000832A410413010106678000000327C102F2
:10CD6000370608003367C7002326E1021307400790
:10CD7000E34AF7741386070093575640137EF60173
:10CD8000930503001306000013070000631CF7025D
:10CD9000130730003307F74093932700631E0E02FA
:10CDA000B305730083A50500130E1E001303430093
:10CDB000232EB3FEE356C7FF13074000B307F74027
:10CDC0006F00800503A50500130717009385450034
:10CDD0003366A6006FF09FFBB3857F0083A5050037
:10CDE000130500023305C541B395A5003366B600AF
:10CDF00033037300130F00006344EF0293054000F8
:10CE0000B387F5408325C102131727003387EF004E
:10CE1000B3D5C5012320B700930540006F00C003C0
:10CE20008325030083224300B3097340B3D5C501B2
:10CE3000B392A200B3E5550023A0B900130F1F0061
:10CE4000130343006FF05FFB139727003387EF0056
:10CE50002320070093871700E398B7FE832701027A
:10CE60003336C0003366F600832741023386C6009E
:10CE70000327810233880701B336D600B306D800F2
:10CE8000232AD102B337F800B3B60601B30ED70197
:10CE9000B3E7D700B387FE00232CF10233B7EE00CF
:10CEA000B3B7D7013367F7008327C1022328C10234
:10CEB000B387F8003307F700930709009316C700FC
:10CEC00063C00644232EE1026FF09FD48325410204
:10CED000832E81028328C102638E0722B3072E416D
:10CEE0006316090A0323410103258101032FC101B0
:10CEF0003366A3003366E6013366D6006318060086
:10CF00002328E102232AB1026FF0DFC61389F7FF5D
:10CF1000631609043386E600B305B300B336D600C2
:10CF2000B386D500232AD10233B36500B3B6B60069
:10CF3000B30ED5013363D30033836E00232C61021B
:10CF400033B7AE003333D30133676700B3071F0134
:10CF50002328C1023307F7006FF05FC7B7860000D0
:10CF60009386F6FFE39AD7562328E102232AB102DB
:10CF7000232CD103232E1103B78700009387F7FFDB
:10CF80006FF01FC9138706006FF01FFEB786000001
:10CF90009386F6FFE30ADEFC8326C101370608000C
:10CFA000B3E6C600232ED10093064007E3CAF6522B
:10CFB0001389070093070002B347F902130508001D
:10CFC000130600009306000063CEF60293063000BD
:10CFD000137FF9013383F64093932700631E0F02FA
:10CFE000B306780083A60600130F1F00130848003D
:10CFF000232ED8FEE356E3FF93064000B387F640A6
:10D000006F00C00603230500938616001305450034
:10D01000336666006FF05FFB930F00023369F9031C
:10D0200093C6F7FF93D6F641B3F6D7009396260042
:10D03000B386D20083A6060033087800B38F2F4151
:10D04000B396F6013366D6009306000063C4660209
:10D050000325C10193064000B387F64093162300D1
:10D06000B386D2003355E50123A0A6001305300096
:10D070006F00C0030325080003294800B309784066
:10D080003355E5013319F9013365250123A0A900C2
:10D0900093861600130848006FF05FFB93962700F5
:10D0A000B386D20023A0060093871700E358F5FE4D
:10D0B000832701013336C0003366F6008326410121
:10D0C000832781013306C700B385B6003337E600F6
:10D0D0003387E500B38ED701232AE102B3B6D5002A
:10D0E0003337B700B3E6E60033B7FE008327C1014C
:10D0F000B386DE00232CD102B3B6D601B387F80085
:10D100003367D7003307F7002328C10293070E00C7
:10D110006FF0DFDA930719001395170113552501F6
:10D1200003264101032381010328C101130E0103DA
:10D13000130FC103631E0512B3676600B3E707014F
:10D14000B3E7D7006314090A639A07002328E102B2
:10D15000232AB102232CD1036F004002B3E7D5018B
:10D16000B3E71701B3E7E700639007022328D10272
:10D17000232AC102232C610293080800232E1103E5
:10D18000930700006FF0DFA8B387E600B305B60091
:10D190002328F102B3B7D700B387F500B3B6C500B3
:10D1A000232AF102B3B7B700B30ED301B3E6F600FA
:10D1B000B386DE00232CD10233B76E00B3B6D6019E
:10D1C0003367D70033061801B308C7009397C80028
:10D1D000E3D607FAB707F8FF9387F7FFB3F7F8002E
:10D1E000232EF102930710006FF09FA263840702C1
:10D1F000B3E5D501B3E51501B3E5E5006396050296
:10D200002328D102232AC102232C6102232E0103E9
:10D210006FF09FD6930607001386050013830E0058
:10D22000138808006FF0DFFDB7870000232EF1029E
:10D23000232C0102232A01022328010293070F0055
:10D2400003A7070083A6C7FF9387C7FF13173700FD
:10D2500093D6D6013367D70023A2E700E312FEFE80
:10D26000B78700009387F7FF930400006FF05F9A81
:10D270003385E600B305B6002328A1023335D50077
:10D280003385A500B3B6C500232AA1023335B50006
:10D29000B30ED301B3E6A600B386DE00232CD10281
:10D2A00033B76E00B3B6D6013367D7003306180123
:10D2B0003307C700232EE10293060E0003A60600E3
:10D2C00083A5460093864600135616009395F501F4
:10D2D0003366B60023AEC6FEE312DFFEB78600005B
:10D2E0009386F6FF13571700E39ED7BC232E010247
:10D2F000232C0102232A0102232801026FF05F91EF
:10D30000B706F8FF9386F6FF3377D700232EE102A6
:10D31000938717001316F601930601031308C10340
:10D3200083A5060003A546009386460093D5150005
:10D330001315F501B3E5A50023AEB6FEE312D8FE42
:10D3400013571700232EE102032701031356F6019A
:10D350003367C7002328E102378700001307F7FF70
:10D36000E398E78A6FF09FF8635CF024832541011E
:10D37000832E81018328C10163140E0A032E41020A
:10D38000032F81020325C1023366EE013366A60036
:10D390003366E600631606002328D1026FF09FB6BD
:10D3A0001386F7FF631A0604B387C5413386E64048
:10D3B000330EBE40B3B6C600133E1E003388D740BE
:10D3C000B3F6C601B3B7F500B3E7D700B306DF4144
:10D3D000B385EE4193B616003387F540B3F7D70017
:10D3E000B3B5BE003385A840B3E5F5003305B540BD
:10D3F000930710006F00C019378700001307F7FF6D
:10D40000E38CE7F89307400763D0C70423260102A3
:10D410002324010223220102130610006F00C01111
:10D42000378700001307F7FFE30EE9B40327C102B3
:10D43000370608003367C7002326E10213074007B9
:10D44000E346F7FC1386070093575640137EF60118
:10D45000130503001306000013070000631CF70206
:10D46000130730003307F74093932700631E0E0223
:10D470003305730003250500130E1E00130343003C
:10D48000232EA3FEE356C7FF13074000B307F74060
:10D490006F008005032805001307170013054500DA
:10D4A000336606016FF09FFB33857F00032505007F
:10D4B000130800023308C841331505013366A6007E
:10D4C00033037300130F00006344EF0213054000A1
:10D4D000B307F5400325C102131727003387EF0078
:10D4E0003355C5012320A700130540006F00C0037A
:10D4F0000325030083224300B30973403355C5015C
:10D50000B39202013365550023A0A900130F1F0039
:10D51000130343006FF05FFB139727003387EF007F
:10D520002320070093871700E398A7FE83270102B3
:10D530003336C0003366F600032741023386C64007
:10D54000B3B6C600B387E5403388D7403307B7404A
:10D55000B3B7F5008325810213371700B3F6E60051
:10D56000B3E7D7000325C102B386BE40B385D541DA
:10D5700093B515003387F640B3F7B700B3B6DE00B6
:10D58000B3E6F6003385A8403305D540930709007C
:10D59000232CE102232EA102232A01032328C10206
:10D5A0001317C500635607E6370708001307F7FF90
:10D5B0003375E500232EA102138907006F00404C4C
:10D5C0000323410283258102832FC102638607243E
:10D5D000B3072E41631A090A83284101832E810172
:10D5E0000325C10133E6D8013366A6003366D600B1
:10D5F000631E06002328E102232A6102232CB102C4
:10D60000232EF10393040F006FF08FE01389F7FFCF
:10D61000631A0904B30713413306D740B38868403F
:10D620003337C70093B818003388E740B386BE404D
:10D6300033771701B337F300B3E7E700B388D54179
:10D6400093B616003387F840B3F7D700B3B8150187
:10D650003385AF40B3E8F8003305154193040F005C
:10D660006FF01FD9B78600009386F6FF6394D768E2
:10D670002328E102232A6102232CB102232EF10385
:10D6800093040F006FF05F8FB78600009386F6FF5C
:10D69000E300DEFE8326C10137060800B3E6C600BC
:10D6A000232ED1009306400763CAF664138907004E
:10D6B00093070002B347F9021305080013060000A0
:10D6C0009306000063CEF60293063000937EF901C4
:10D6D000B388F64093942700639E0E02B306980029
:10D6E00083A60600938E1E0013084800232ED8FE42
:10D6F000E3D6D8FF93064000B387F6406F00C0061C
:10D70000832805009386160013054500336616012D
:10D710006FF05FFB930300023369790293C6F7FF52
:10D7200093D6F641B3F6D70093962600B386D2007F
:10D7300083A6060033089800B3832341B39676008E
:10D740003366D6009306000063C416030325C101A7
:10D7500093064000B387F64093962800B386D20024
:10D760003355D50123A0A600130530006F00C00378
:10D770000325080003294800B30998403355D50113
:10D78000331979003365250123A0A900938616007B
:10D79000130848006FF05FFB93962700B386D20012
:10D7A00023A0060093871700E358F5FE83270101A5
:10D7B0003336C0003366F600832641018328810199
:10D7C0003306C740B307D340B38666403337C7003C
:10D7D00093B616003388E7400325C1013377D7009D
:10D7E000B337F300B3861541B388B840B3E7E70019
:10D7F00093B818003387F640B3F71701B3B6D500D6
:10D80000B3E6F6003385AF403305D54093070E00ED
:10D8100093040F006FF0DFD713061900131E1601D3
:10D82000135E2E0103284101832E81018328C1014B
:10D83000B782000063140E1A3366B300336ED8014A
:10D840003366F601336E1E013366E600336EDE008A
:10D850006318090E63100E023336C0002328E1025C
:10D86000232A6102232CB102232EF103B374E601B3
:10D870006FF00FBA631806002328D102232A010390
:10D880006FF05F8D33066840B384E64033BE960088
:10D8900013391600B309C641B382BE40337E2E0150
:10D8A0003336C8003366C60193B31200338AC240D0
:10D8B00033F6C300B3B25E00B3E2C2003386F84170
:10D8C00033065640232EC102232C4103232A310361
:10D8D00023289102131EC60063580E04B306D740D6
:10D8E0003337D700330803413306E84033380301A8
:10D8F000337727013368E800B38ED541B3B5D5013E
:10D90000B3F30301B38F1F41B3E57500B38FBF407D
:10D91000B38E0E41232EF103232CD103232AC102FF
:10D920002328D1026FF01FCEB3E43401B3E44401E5
:10D93000B3E4C400B3349000B37495006FF04FADFE
:10D9400013050103631E0E04631E0602232E5102FB
:10D95000232C0102232A0102232801029307C10379
:10D9600003A7070083A6C7FF9387C7FF13173700D6
:10D9700093D6D6013367D70023A2E700E312F5FE62
:10D980006FF01F8E2328E102232A6102232CB102AB
:10D99000232EF10393040F009387F2FF6FF04FA73C
:10D9A000630206A4232E5102232C0102232A010222
:10D9B000232801029307C10303A7070083A6C7FF1B
:10D9C0009387C7FF1317370093D6D6013367D70065
:10D9D00023A2E700E312F5FE6FF09F88330668404C
:10D9E000B382E64033B5560093391600330AA64099
:10D9F000338EBE40337535013336C8003366A6001A
:10DA000093331E00B30ACE4033F6C30033BECE01BB
:10DA1000336ECE003385F8413305C541232EA10274
:10DA2000232C5103232A4103232851021316C50036
:10DA30006354060AB306D7403337D700330803418F
:10DA4000B307E84033773701333803013368E80020
:10DA5000B38ED541B3B5D501B373780033851F417B
:10DA6000B3E575003305B540B38E0E41232EA102F8
:10DA7000232CD103232AF1022328D10293040F007F
:10DA800063060506EF604FEC930745FF130600029F
:10DA900013F8F701B3C6C7021307C10363040808EC
:10DAA000939826001305010333071741B3E5C70216
:10DAB0003306B640631EE5081387F6FF832601038D
:10DAC00033051501B39606012320D5001306F0FF98
:10DAD000930801036F00000B33E7420133675701DE
:10DAE0003367A700630207F86FF09FF903258103EE
:10DAF00063080500EF604FE5130505026FF0DFF8DE
:10DB00000325410363080500EF600FE413050504D6
:10DB10006FF09FF703250103EF600FE31305050680
:10DB20006FF09FF69305C0FFB385B6021306300071
:10DB30003305B700032505001306F6FF1307C7FFDB
:10DB40002322A700E356D6FE1387F6FF6FF01FF8D7
:10DB5000832507000323C7FF330E1701B395050183
:10DB60003353C300B3E565002320BE001307C7FF8E
:10DB70006FF05FF493162700B386D80023A0060049
:10DB80001307F7FFE318C7FE63C22711B3872741C6
:10DB90009387170013D757401386080093F7F701B0
:10DBA000938508001308000093060000639CE602BA
:10DBB00093063000B386E640131E2700639E0702DB
:10DBC000B305C60183A50500938717001306460019
:10DBD000232EB6FEE3D6F6FE930740003387E740D8
:10DBE0006F00400503A50500938616009385450048
:10DBF0003368A8006FF09FFB3386C80183250600B9
:10DC0000130500023305F540B395A5003368B8004D
:10DC1000130300006344D302130640003307E640B9
:10DC20000326C10393962600B386D800B357F600A7
:10DC300023A0F600930640006F00C0038325060072
:10DC4000832E4600330FC641B3D5F500B39EAE0018
:10DC5000B3E5D5012320BF001303130013064600CC
:10DC60006FF05FFB93172700B387F80023A007002E
:10DC700013071700E318D7FE03270103B33700018A
:10DC8000B367F7002328F1026FF08FCF0327C1039A
:10DC9000B706F8FF9386F6FFB307F9403377D7004E
:10DCA0006FF04FA2232E0102232C0102232A01022E
:10DCB00023280102130700006FE0DFFD93074007F0
:10DCC00063DCC78A232601022324010223220102E6
:10DCD000130610006FF04F999307400763DC27ADE0
:10DCE000232E0100232C0100232A0100130610001B
:10DCF0006FF0CFBC93074007E3DC279B232E010086
:10DD0000232C0100232A0100130610006FF0DFAA64
:10DD100003270500832E4500032E85000325C5003B
:10DD200003A6C500B78600009386F6FF13580501C9
:10DD300083A7050003A3450083A885003378D80096
:10DD400093550601130101FFB3F5D5006310D80206
:10DD50003367D70113150501135505013367C70153
:10DD60003367A7001305100063160702378700000A
:10DD70001307F7FF13050000639EE50033E5670016
:10DD80001316060133651501135606013365C500E8
:10DD90003335A0001301010167800000032705004F
:10DDA0008327C50083264500130101FE83258500D6
:10DDB0002320E1002328E100139717002322D1003C
:10DDC00093561701374700002324B1002326F100A2
:10DDD000232CB1001307E7FF130500006350D7029F
:10DDE000374700001307D70113D8F701635CD7004A
:10DDF000370500801305F5FF3305A8001301010264
:10DE000067800000939707013707010093D7070148
:10DE1000B3E7E700374700001307F7063307D7409B
:10DE200013555740232EF1001377F7011306010114
:10DE300063120702131525003306A6008327060088
:10DE40002328F10003250101E30A08FA3305A04065
:10DE50006FF0DFFA930820009306000063101503AB
:10DE600093060002B386E640B396D700B3D5E5002B
:10DE7000B3E6B6002328D10093061000939626003F
:10DE80003306D600B3D7E7002320F6006FF09FFBE0
:10DE9000130101FD23229102232611022324810272
:10DEA0002320210393040500638E051093D7F541C9
:10DEB00033C4B7003304F4401305040013D9F5014B
:10DEC000EF608FA8B74500009385E501B385A540B5
:10DED000130515059357554023288100232A010077
:10DEE000232C0100232E01001375F5019306010177
:10DEF000630A0502130720006392E70C1307000270
:10DF00003307A7403357E400232EE1001387F7FFC0
:10DF100093972700B387F6003314A40023A087004B
:10DF20006F000003130730003307F7401317270073
:10DF30003387E6000327070013062000232EE100A5
:10DF4000130706006396C700232C810013071000F7
:10DF5000131727002328010023A206001307C7FF79
:10DF6000930740006364F700232C01008327C1015D
:10DF70008320C102032481022316F1009317F900C4
:10DF8000B3E7B7002317F10083270101032901023A
:10DF90001385040023A0F4008327410123A2F40089
:10DFA0008327810123A4F4008327C10023A6F40062
:10DFB00083244102130101036780000093073000AE
:10DFC0006FF0DFF4232E0100232C0100232A01002F
:10DFD00023280100130900006FF05FF9B7078000E4
:10DFE0009387F7FF33F7A700135575011375F50FE6
:10DFF000130515F0B3F7B7006316050013051000FD
:10E00000631E070093D5750193F5F50F938515F001
:10E01000B337F00093B5150033F5B7006780000003
:10E02000135746019317C6001377F77F130101FDBD
:10E0300093D7C7009306170023248102232291025D
:10E0400023202103232611022328B100232AF100D3
:10E05000232E0100232C010093F6E67F130905000F
:10E06000938405001354F60163820608B746000046
:10E07000938606C03307D70093D64700232ED100DE
:10E080009397C70193D64500B3E7D7009394C50192
:10E09000232CF100232A9100232801008327C101AA
:10E0A0001314F4003364E4002316F1008327010104
:10E0B000231781008320C1022320F9008327410117
:10E0C00003248102832441022322F9008327810152
:10E0D000130509002324F9008327C1002326F90032
:10E0E00003290102130101036780000033E5B70033
:10E0F0006316070EE30405FA638607041385070019
:10E10000EF608F849306150313D7564093F6F601FC
:10E110009307C101638E06021308000293152700BE
:10E120003308D84013030101B387B74063966708EB
:10E13000B387B700B396D4001307F7FF23A0D70027
:10E140006F008003EF604F80130505026FF09FFBA7
:10E150001306C0FF3306C70293063000B385C7001D
:10E1600083A505009386F6FF9387C7FF23A2B70018
:10E17000E3D6E6FE1307F7FF130717001317270070
:10E180009306800093070101636AD70023280100EA
:10E1900023A20700130787FF93078101930640001E
:10E1A0006364D70023A00700374700001307C7C0E8
:10E1B0003307A7406FF09FEE03A6070083A8C7FFB1
:10E1C000338EB7003316D600B3D808013366160174
:10E1D0002320CE009387C7FF6FF05FF56308050229
:10E1E0001397C70193D645003367D700232CE1006E
:10E1F00093D74700378700009394C501B3E7E70042
:10E20000232A910023280100232EF10037870000E4
:08E210001307F7FF6FF09FE810
:08E218001305000067800000FF
:08E220001305400067800000B7
:08E228001305000067800000EF
:10E230000325850E1305F5FF3335A00013052500D2
:04E2400067800000F3
:08E244001305100067800000C3
:08E24C001305000067800000CB
:08E254001305100067800000B3
:10E25C00130101FD232611022324810223229102A2
:10E26C0023202103232E3101232C4101032A0500F5
:10E27C0003244500370700201307F7FF33044441FC
:10E28C00935724406382E70A13090500138507009E
:10E29C0063940700130510003305F500B707002041
:10E2AC006364F5001385F7FF9314250013850400B0
:10E2BC002326B100EFE0401A8325C100B307850087
:10E2CC009309050003A7050023A0E70063080400D9
:10E2DC001306040093050A00EF5040101304440089
:10E2EC0033848900630A0A008325890013050A0018
:10E2FC00B3854541EFD08058338599002324A9007C
:10E30C0023203901232289008320C10203248102A6
:10E31C0083244102032901028329C101032A8101BB
:10E32C001301010367800000377500001305850C8D
:04E33C00EFE0407856
:08E34000130540006780000096
:08E3480013055000678000007E
:10E35000130101FD232611022324810223229102AD
:10E3600023202103232E3101232C4101032A050000
:10E3700003244500370700201307F7FF3304444107
:10E38000935724406382E70A1309050013850700A9
:10E3900063940700130510003305F500B70700204C
:10E3A0006364F5001385F7FF9314250013850400BB
:10E3B0002326B100EFE0000B8325C100B3078500E1
:10E3C0009309050003A7050023A0E70063080400E4
:10E3D0001306040093050A00EF50000113044400E3
:10E3E00033848900630A0A008325890013050A0023
:10E3F000B3854541EFD04049338599002324A900D6
:10E4000023203901232289008320C10203248102B1
:10E4100083244102032901028329C101032A8101C6
:10E420001301010367800000377500001305850C98
:04E43000EFE00069B0
:10E43400130101FD232611022324810223229102C8
:10E4440023202103232E3101232C4101032A05001B
:10E45400032445003757ECC4130757EC33044441F5
:10E4640093572440B387E7023727760213072776AA
:10E474006382E70E9309050013870700639407007E
:10E4840013071000B307F700372776021307277620
:10E494006374F7009307070013074003B384E7028C
:10E4A4002326B10013850400EFD0907B8325C1009F
:10E4B40013090500B30785001387050383A68500A8
:10E4C40003A5050003A6450023A4D70023A0A700A5
:10E4D40023A2C70083A6C50093850501938707017E
:10E4E40023AED7FEE39CE5FC03A7050023A0E700C9
:10E4F400631804041304440333048900630A0A0000
:10E5040083A5890013050A00B3854541EFD0803700
:10E51400B307990023A4F90023A0290123A28900A9
:10E524008320C102032481028324410203290102BE
:10E534008329C101032A81011301010367800000BB
:10E544001306040093050A0013050900EF409069BF
:10E554006FF05FFA377500001305850CEFE0005685
:10E56400930705000325C50063040504130101FE98
:10E57400232E110083A547012326F100B385A5406E
:10E58400EFD040308327C10003A50700630C0500CA
:10E5940083A587008320C101B385A540130101022F
:10E5A4006FD0402E8320C101130101026780000057
:10E5B40003A507006308050083A58700B385A5406C
:08E5C4006FD0402C67800000BD
:10E5CC00130101FC232C8102232E1102232A910218
:10E5DC00232821032326310323244103232251031F
:10E5EC0023206103232E7101232C8101032B450071
:10E5FC00032A050037972EBA130737BA33044B4159
:10E60C0093572440B387E70237C7E8021307E7A202
:10E61C006382E72C93090500938405001389070096
:10E62C0063940700130910003309F900B7C7E80217
:10E63C009387E7A263F42701138907009307C002AD
:10E64C003309F90213050900EFD0106103A7040088
:10E65C0083A5440083A7840033048500232204008F
:10E66C0023240400232604002320E400930A05003D
:10E67C003386B740638AB71E13050600130C0600D9
:10E68C002324C1002326B100EFD0105D03268100A6
:10E69C008325C1002322A400B307C5002326F40060
:10E6AC002324A4002324F100930B0500EF40105306
:10E6BC008327810083A50401232804002324F4006C
:10E6CC0083A74401232A0400232C04003386B7407B
:10E6DC006382B71C130506002324C1002326B10056
:10E6EC00EFD09057032681008325C1002328A40076
:10E6FC00B30BC500232AA400232C7401EF40104E49
:10E70C0003A7C40183A74402232A740183AB040228
:10E71C00232004022322040223240402232EE400D7
:10E72C00B3847741638C771713850400EFD0D052F4
:10E73C00B30795002324F40293850B002320A40235
:10E74C002322A402138604002324F100EF40104975
:10E75C00832781002322F40293840A0013040A0005
:10E76C0063004B0B8327040023A0F4008326440092
:10E77C008327C4000327840023A2D40023A6F4001B
:10E78C0023A4E40083260401832784010327440186
:10E79C00232204002326040023A8D40023AAE40087
:10E7AC0023ACF4008327C40123280400232C040089
:10E7BC0023AEF40083264402032784028327040239
:10E7CC0023A2D40223A4E40223A0F402032504010F
:10E7DC006308050083258401B385A540EFD0000AAA
:10E7EC0003254400630A05068325C4001304C402F0
:10E7FC009384C402B385A540EFD04008E3148BF694
:10E80C009384C402630A0A0083A5890013050A00D5
:10E81C00B3854541EFD0800633892A0123A4290111
:10E82C0023A0590123A299008320C103032481034F
:10E83C0083244103032901038329C102032A810292
:10E84C00832A4102032B0102832BC101032C81017A
:10E85C0013010104678000001304C4029384C402F2
:10E86C00E3128BF06FF0DFF99307000083A504012E
:10E87C002324F40083A7440123280400232A040042
:10E88C00232C0400130C0000930B00003386B740BC
:10E89C00E392B7E4930B00006FF09FE69307000040
:10E8AC006FF05FEB1304050063880B0093050C00FD
:10E8BC0013850B00EFC0907C13850A0093050900AB
:10E8CC00EFC0D07B13050400EF30DFE81304050024
:10E8DC006FF09FFE377500001305850CEFE0801D6F
:10E8EC009304050013054400EFF01FC713840400C4
:04E8FC006FF09FFC1E
:10E90000130101FD232611022324810223229102F7
:10E9100023202103232E3101232C4101032A05004A
:10E9200003244500370700201307F7FF3304444151
:10E93000935724406382E70A1309050013850700F3
:10E9400063940700130510003305F500B707002096
:10E950006364F5001385F7FF931425001385040005
:10E960002326B100EFD010308325C100B307850006
:10E970009309050003A7050023A0E700630804002E
:10E980001306040093050A00EF4010261304440008
:10E9900033848900630A0A008325890013050A006D
:10E9A000B3854541EFC0506E338599002324A900FB
:10E9B00023203901232289008320C10203248102FC
:10E9C00083244102032901028329C101032A810111
:10E9D0001301010367800000377500001305850CE3
:04E9E000EFE0000E56
:10E9E400130101FF23261100EF708DDB8320C1008A
:08E9F400130101016FE09E9484
:10E9FC00130101FF1305600023261100EF40802056
:08EA0C0013051000EF704D909E
:10EA140083A70181130101FF1308060023261100B7
:10EA2400130305001387050003A5C700138606001A
:10EA340063000802B787000093878799B7850000B1
:10EA4400930603009385859AEF00901FEFF0DFFA99
:10EA5400B78700009387C786138807006FF01FFEEF
:10EA6400130101FF9306060013060000232611007C
:04EA7400EFF01FFAA6
:10EA78009307050003A50181138605009385070008
:04EA88006F004000DB
:10EA8C00B3B7C502130101FE232E1100B385C502D5
:10EA9C006390070AEF00400E930705006300050A18
:10EAAC000326C5FF930640021376C6FF1306C6FF66
:10EABC0063E6C604930530011307050063F2C50233
:10EACC0023200500232205001307B0016378C70437
:10EADC00232405002326050013070501630AD60627
:10EAEC002320070023220700232407008320C101D1
:10EAFC0013850700130101026780000093050000D5
:10EB0C002326A100EF504FE88327C1008320C101C9
:10EB1C0013850700130101026780000013078500AD
:10EB2C002320070023220700232407006FF01FFC7B
:10EB3C00EF40C0779307C0002320F5008320C1016C
:10EB4C009307000013850700130101026780000082
:10EB5C0023280500232A0500130785016FF05FF8B1
:0CEB6C009305050003A501816F00000166
:0CEB78009305050003A501816F40D03F0C
:10EB8400130101FC232C8102232E11029387B5006B
:10EB94001307600113040500636EF7089306000170
:10EBA40063ECB606EF00D00593060001130780015D
:10EBB4009308200037D800001308C8C23307E800C0
:10EBC40083274700130687FF6380C74603A74700D0
:10EBD40003A6C70083A587001377C7FF3387E70021
:10EBE4008326470023A6C5002326F1002324B6006C
:10EBF40093E61600130504002322D700EF009000CB
:10EC04008327C1008320C103032481031385870064
:10EC140013010104678000009307C0002320F4005F
:10EC2400130500008320C10303248103130101049D
:10EC34006780000093F687FFE3C007FEE3EEB6FCAF
:10EC44002326D100EF00C07B8326C1009307701FE9
:10EC540063FAD74C93D79600638E071613074000C8
:10EC6400636CF74293D7660093889703138E8703E8
:10EC74001395380037D800001308C8C23305A8001C
:10EC840083274500130585FF6308F5021303F0008D
:10EC94006F00400183A5C70063580634630EB500B6
:10ECA4009387050003A747001377C7FF3306D740B0
:10ECB400E352C3FE93080E008327080137DE0000E9
:10ECC400130E4EC36380C72F03A747009305F000BC
:10ECD4001377C7FF3306D74063C0C548232AC8014A
:10ECE4002328C801635606441306F01F0323480073
:10ECF4006364E634137687FF130686003306C80080
:10ED04008325060013555700130710003317A70077
:10ED14003363E300130786FF23A4B70023A6E700A9
:10ED2400232268002320F60023A6F50093D7284069
:10ED3400130510003315F5006366A30AB377650065
:10ED4400639407021315150093F8C8FFB3776500A1
:10ED540093884800639A070013151500B37765007C
:10ED640093884800E38A07FE930EF000139F38004F
:10ED7400330FE80113030F000327C300938F080028
:10ED8400630EE33203264700930707000327C700F7
:10ED94001376C6FFB305D64063CEBE32E3C205FE8A
:10EDA4003386C7008326460083A587001305040025
:10EDB40093E616002322D60023A6E5002324B700F9
:10EDC4002326F100EF0000648327C1001385870028
:10EDD4006FF05FE51305002093080004130EF003A1
:10EDE4006FF05FE98327880003A747001377C7FF05
:10EDF4003306D7406366D700932506016388051A56
:10EE040037D3000083A541A40325832D1306F0FF07
:10EE1400B385B6006306C542371600001306F60034
:10EE2400B385C50037F6FFFFB3F5C500130504002D
:10EE3400232E0101232CF100232AD1002328E100F1
:10EE44002326B100EF40C03A1306F0FF8325C1002A
:10EE54000327010183264101832781010328C1017E
:10EE64009308050037D300006306C5343385E700F3
:10EE740063E0A834138EC14403260E003386C50014
:10EE84002320CE00930E060063061549032F832D1D
:10EE94001306F0FF630ECF483386A8403306D6012D
:10EEA4002320CE0093FE7800638C0E3A93F888FFFB
:10EEB4003716000093888800130686003383B80051
:10EEC4003306D64133066640131646019355460170
:10EED40013050400232601032324C1032322F10282
:10EEE4002320D102232EE100232C1101232AD10156
:10EEF400232861002326B100EF40802F1306F0FF82
:10EF04008325C10003230101832E4101832881014C
:10EF14000327C1018326010283274102032E8102B4
:10EF24000328C102630CC54403260E0033051541B2
:10EF34003305B50013651500232418013386C50075
:10EF440023A2A8002320CE00638E07031305F0003C
:10EF54006374E53E83A54700130747FF137787FFD4
:10EF640093F51500B3E5E50023A2B70013035000A1
:10EF7400B385E70023A2650023A465006368E54028
:10EF840003A5480003A701A46374C70023A0C1A478
:10EF940003A7C1A36374C70023AEC1A2938708006B
:10EFA4006F00C021032348006FF05FD813E71600F9
:10EFB40023A2E700B386D700136616002324D800E3
:10EFC4001305040023A2C6002326F100EF008043AA
:10EFD4008327C1008320C103032481031385870091
:10EFE400130101046780000003A687003387E7004C
:10EFF400832647002326B6002326F10093E6160055
:10F0040023A4C500130504002322D700EF00803F8A
:10F014008327C1008320C103032481031385870050
:10F0240013010104678000008327C7009388280028
:10F03400E304F7C86FF09FB9135697009305400097
:10F0440063FEC5149305400163E0C5281305C60596
:10F05400131535009305B6053305A80003260500EE
:10F06400130585FF6318C5006F00001E0326860084
:10F074006308C5008325460093F5C5FFE368B7FE22
:10F084000325C60023A6A70023A4C7002324F50054
:10F094002326F6006FF09FC9130740016370F7142D
:10F0A400130740056360F72493D7C6009388F706D7
:10F0B400138EE706139538006FF0DFBB938F1F00A4
:10F0C40093F73F0013038300638807120327C300E9
:10F0D4006FF01FCB03A5870093E8160023A2170146
:10F0E4002326E5002324A700B386D700232AD800CB
:10F0F4002328D80013E715003386C70023A6C601CA
:10F1040023A4C60123A2E600130504002320B600AD
:10F114002326F100EF00002F8327C1001385870009
:10F124006FF05FB093D83600138786006FF09FA806
:10F134003387E700832647002326F10013050400E4
:10F1440093E616002322D700EF00C02B8327C100CB
:10F15400138587006FF01FAD93E5160023A2B70057
:10F16400B386D700232AD8002328D8009365160035
:10F174003387E70023A6C60123A4C60123A2B60051
:10F18400130504002320C7002326F100EF00802785
:10F194008327C100138587006FF0DFA8135667002B
:10F1A4001305960313153500930586036FF0DFEA04
:10F1B400638807158327880003A547001375C5FFD7
:10F1C4003306D5406366D50013270601E30007DE46
:10F1D40013050400EF0000236FF09FA49388C70574
:10F1E400138EB705139538006FF0DFA883278F00BF
:10F1F4009388F8FF6392E72193F73800130F8FFF8A
:10F20400E39607FE032748009347F5FFB3F7E700AB
:10F214002322F800131515001307F5FFE374F7BC58
:10F224003377F500631A0700131515003377F500DB
:10F23400938F4F00E30A07FE93880F006FF01FB30C
:10F24400938505016FF09FBE93D5254013071000E9
:10F254003317B7003363E300232268006FF09FE2A3
:10F264003383B800330660401316460193554601B4
:10F2740013050400232401032322C1032320F102E4
:10F28400232ED100232CE100232A11012326B100CF
:10F2940023286100EF30D0751306F0FF8325C100E9
:10F2A40083284101032781018326C10183270102A9
:10F2B400032E410203288102E318C5C60325010178
:10F2C400930500006FF05FC69305400563ECC50627
:10F2D4001356C7001305F606131535009305E60605
:10F2E4006FF09FD713074015636CF70693D7F600AA
:10F2F40093888707138E7707139538006FF09F97CD
:10F30400138EC144832E0E00B38ED5012320DE015B
:10F314006FF0DFB7139F4801E31A0FB68328880004
:10F32400B305B70013E5150023A2A8006FF09FC52D
:10F33400232C132D6FF01FB79307100023A2F8009E
:10F344006FF01FE99305401563ECC5061356F700EB
:10F354001305860713153500930576076FF0DFCF85
:10F3640013074055636CF70693D726019388D70794
:10F37400138EC707139538006FF0DF8F938E8EFFBF
:10F384003305D301930500006FF01FBA1305040081
:10F3940093858700232A01012328C1012326D10054
:10F3A400EF40803D03284101032E01018326C10063
:10F3B4008328880003260E0003A548006FF09FBC35
:10F3C4009305405563E4C502135627011305D60778
:10F3D400131535009305C6076FF01FC81305803F4A
:10F3E4009308F007130EE0076FF0DF881305803FE2
:10F3F4009305E0076FF05FC6832748006FF09FE135
:04F40400678000001D
:04F408006780000019
:10F40C00130101FC1303C1022326D102930603004E
:10F41C00232E11002328E102232AF102232C0103BD
:10F42C00232E110323266100EF0000068320C10167
:08F43C001301010467800000C8
:10F44400130101FC930E050003A50181138E050031
:10F45400130381022324C1022326D10293850E00C3
:10F4640013060E0093060300232E11002328E10245
:10F47400232AF102232C0103232E110323266100E6
:10F48400EF0000018320C101130101046780000023
:10F49400130101ED23229112232E3111232C41114A
:10F4A400232A51112326111223248111930A0500C2
:10F4B40093040600138A0600938905006308050077
:10F4C40083274503639407006F1040088397C9009E
:10F4D40003A74906372600009396270163CC063418
:10F4E400B7E6FFFFB3E7C7009386F6FF3377D7008D
:10F4F4002396F9009397070193D7074123A2E906BE
:10F5040013F787006304072603A70901630007268E
:10F5140093F7A7011307A000638AE726232291111A
:10F52400B7AC00002328611123267111130BC10409
:10F53400B7AB000013874C442320211323248112EA
:10F544002320A111232EB10F23240104232201041B
:10F554002320610593070B002326E100938B0B5BAB
:10F56400232801002320010223220102130C00009E
:10F574001309000103C70400138404009306B7FDB4
:10F58400638E0604630C0704930C04000347140001
:10F5940013041400630607009306B7FDE39606FE02
:10F5A400330D9440630C94028326810403274104A1
:10F5B40023A09700B386A6011307170023A2A7016F
:10F5C4002324D1042322E104930670009387870047
:10F5D40063CAE61E03C71C00330CAC016302072098
:10F5E4008346140093041400A30D01021304F0FFD6
:10F5F400930C0000130D0000930DA00593841400D8
:10F60400138706FE63E6ED040326C10013172700E3
:10F614003307C7000327070067000700138706FDA9
:10F62400930C00009305900013962C0083C60400ED
:10F63400B30C9601939C1C00B30C9701138706FD31
:10F6440093841400E3F2E5FE138706FEE3FEEDFA6D
:10F6540063880618130310002306D108A30D0102C2
:10F664001308030013040000930DC10883258104CB
:10F674000326410493784D0893860500130706007A
:10F68400639C0806338E0C41E344C02D0346B1034A
:10F694006308060693080000930E00001306B103E6
:10F6A40023A0C70093861600130610001307170043
:10F6B40023A2C7002324D1042322E10413067000EB
:10F6C400938787006340E61863880E021306C1031C
:10F6D40023A0C700938626001306200013071700F3
:10F6E40023A2C7002324D1042322E10413067000BB
:10F6F40093878700E344E61C130600086384C87AF2
:10F7040033046440E340800AB306D30013071700B0
:10F7140023A0B70123A267002324D1042322E104F8
:10F724001306700093878700E34AE614137D4D00A7
:10F7340063060D0033840C416348801463D40C01C8
:10F74400930C0800330C9C01E39E0614232201044D
:10F7540093070B006FF01FE283C604006FF01FEAEB
:10F7640083C60400136D0D026FF05FE993850900F1
:10F7740013850A00EF20D00D6312050C8397C9008E
:10F784001307A00093F7A701E39AE7D88397E9004A
:10F79400E3C607D88320C112032C811093060A0004
:10F7A40013860400032A81118324411293850900DE
:10F7B40013850A008329C111832A411113010113FE
:10F7C4006F10C006130601049385090013850A000F
:10F7D400EF10C01D631A050093070B006FF09FDF45
:10F7E40083278104E394076683D7C9000324811225
:10F7F4000329011293F70704032B0111832BC11072
:10F80400832C4110032D0110832DC10F639807022F
:10F814008320C112832441128329C111032A811137
:10F82400832A411113050C00032C811013010113C9
:10F834006780000093162701E3D406CC130CF0FF75
:10F844006FF01FFD130601049385090013850A0058
:10F8540023246102232E1101232CD101232A010127
:10F86400EF10C014E31205F8832681040327410432
:10F87400032381028328C101832E810103284101CE
:10F8840093070B006FF05FE4130D0001032741049D
:10F89400B7A80000E3548D72232C9100930D7000DF
:10F8A400232A01019384085C6F00C000130404FF41
:10F8B40063568D04938606011307170023A097004F
:10F8C40023A2A7012324D1042322E10493878700E0
:10F8D400E3DEEDFC130601049385090013850A0099
:10F8E400EF10C00CE31205F0130404FF8326810417
:10F8F4000327410493070B00E34E8DFA9388040019
:10F904000328410183248101B3868600130717006D
:10F9140023A0170123A287002324D1042322E10476
:10F9240093077000E3DCE7E0130601049385090004
:10F9340013850A00232A0101EF104007E31605EAA4
:10F9440083268104032841016FF05FDF13770D02E2
:10F954006314071013770D0183280A0093054A00E6
:10F96400E31E071813770D04E30E0742939808016A
:10F9740093D8084193D6F841138A050013860600EC
:10F98400634A060E63480410137DFDF763140410E4
:10F9940033E7D800631007100347B10313030000D3
:10F9A40013040000930D010F630C071E13081000CD
:10F9B400832681040327410493784D089385060028
:10F9C40013060700E38008CC930E00006FF01FCDF0
:10F9D400832D0A00A30D0102130A4A00E3840D3AA1
:10F9E400232AF100E34004261306040093050000D3
:10F9F40013850D00EF20105B0347B10383274101FA
:10FA0400E300055A3303B5411348F3FF1358F84193
:10FA140033780301E30A07241308180013040000D1
:10FA24006FF01FF903270A0013031000A30D01024E
:10FA34002306E108130A4A00130803001304000014
:10FA4400930DC1086FF09FC213770D0293054A000E
:10FA5400136D0D01E304070A13077A00137787FF78
:10FA64000326470083280700130A8700930606002D
:10FA7400E35A06F033371001B306D040B386E640AC
:10FA84001307D002A30DE102B3081041634404003C
:10FA9400137DFDF7639E061213079000636A171324
:10FAA40093880803A307110F13080400634480001C
:10FAB400130810000347B1036316077813031000FB
:10FAC400930DF10E6FF09FBA832C0A0063D60C7667
:10FAD400B30C9041130A4A0083C60400136D4D0011
:10FAE4006FF0DFB11307B00283C60400A30DE10277
:10FAF4006FF0DFB013770D0213680D0193054A0010
:10FB04006306077E93067A0093F686FF03A7060032
:10FB140003A64600138A8600A30D0102137DF8BFD5
:10FB2400634C045C137DF8B76318045CB366C700C8
:10FB34006394065C13781800E300080413070003B9
:10FB4400A307E10E13030800930DF10E6FF01FB22B
:10FB540083C6040013078006E38EE61E136D0D04AE
:10FB64006FF0DFA913770D0293054A00136D0D01A1
:10FB740063100704A30D010283280A009306000002
:10FB8400138A0500E34A04F033E7D800137DFDF738
:10FB9400E31207F0E31004F013030000930D010FC8
:10FBA400130800006FF09FAC13770D026308076E13
:10FBB40013077A00137787FFA30D01028328070038
:10FBC40083264700130A8700E35004FCE38606EC0F
:10FBD40037D8CCCC37D3CCCC1308D8CC1303C3CC74
:10FBE400137E0D40130500009305010F6F00C0073D
:10FBF40003270101034707006316A700130717F043
:10FC0400E31E0710938E08001386060093850D00EB
:10FC14003387D800333F17013307E701333F070326
:10FC2400935F2F00137FCFFF330FFF013307E741AB
:10FC34003387E840B3B8E800B3861641330F670250
:10FC4400B3860603B3380703B386E6013307070315
:10FC5400B38616019398F60193D61600135717002E
:10FC6400B388E800E30806323387D8003336170137
:10FC74003306C700B33E060313051500938DF5FF45
:10FC840013DF2E0093FECEFFB38EEE013306D64172
:10FC94003386C840B3BEC800B38ED641333F060393
:10FCA400B38E0E0333060603B38EEE01939EFE015C
:10FCB400135616003386CE00931E26003386CE00DC
:10FCC400131616003386C84013060603A38FC5FE19
:10FCD400E3100EF2938E08001386060093850D0040
:10FCE4006FF05FF313850A00232AF100EF30801AC6
:10FCF40083274500138507002322F102EF3010010A
:10FD04002320A10213850A00EF30C0188327850041
:10FD14000327010283C604002328F100832741013D
:10FD2400E30E078C03270101E30A078C034707004E
:10FD3400E306078C136D0D406FF05F8C83C60400DF
:10FD4400136D0D086FF09F8B83C604001307A00288
:10FD540093851400E384E628138706FD13059000B9
:10FD6400130400006364E5021316240083C605002F
:10FD740033048600131414003304E400138706FDCF
:10FD840093851500E372E5FE6340046093840500E7
:10FD94006FF01F8783C60400136D1D006FF01F866C
:10FDA4000347B10383C60400E31A07841307000260
:10FDB400A30DE1026FF09F843787000013070783C8
:10FDC400231EE102A30D010203270A0093064A0041
:10FDD4001306000063420454137DFDF7136D2D00D8
:10FDE400E3100722E31E0420138A06001303000015
:10FDF40013080000930D010F832581040326410499
:10FE040093784D081308280093860500130706000D
:10FE1400E39E088A338E0C41E35AC08B930E200074
:10FE24006F00403313770D026314074E93760D0170
:10FE340003270A0093054A006398064A93760D0443
:10FE4400638206781317070113570701138A050005
:10FE540013080D00130600006FF01FCC13770D027A
:10FE640093064A006310074213770D016314077069
:10FE740013770D0463160778137D0D20630C0D6E44
:10FE840003270A00138A0600230087016FF08FEE10
:10FE940083C604001307C0066386E66C136D0D0168
:10FEA4006FF0CFF5B3880C41E35C1085130E0001AD
:10FEB400B7AE0000E3581E11232C810023249102C5
:10FEC400130F7000232A010113840800232E6100FC
:10FED40093840E5B6F00C000130404FF635A8E0406
:10FEE400938606011307170023A0970023A2C701D6
:10FEF4002324D1042322E10493878700E35EEFFCEB
:10FF0400130601049385090013850A00EF00102AE3
:10FF1400E31C058C130E0001130404FF83268104E3
:10FF24000327410493070B00130F7000E34A8EFA72
:10FF340093080400938E04000328410103248101E3
:10FF44000323C10183248102B3861601130717001A
:10FF540023A0D70123A217012324D1042322E104DF
:10FF64001306700093878700635CE6F813060104A8
:10FF74009385090013850A00232C6100232A0101BB
:10FF8400EF00D022E3120586032381018326810436
:10FF940003274104330464400328410193070B0001
:10FFA400635480F6B7AE0000938E0E5B635C8906E3
:10FFB40093087000232A0101232C6100232E710170
:10FFC4006F00C000130404FF63588904938606017C
:10FFD4001307170023A0770123A227012324D104A8
:10FFE4002322E10493878700E3DEE8FC130601047F
:0CFFF4009385090013850A00EF00501BE4
:020000024000BC
:10000000631605FE130404FF8326810403274104BD
:1000100093070B0093087000E34C89FA0328410111
:1000200003238101832EC101B386860013071700C5
:1000300023A0D70123A287002324D1042322E10493
:1000400013067000938787006352E6EC13060104E1
:100050009385090013850A00232C6100232A0101DE
:10006000EF001015631405F883268104032741046B
:10007000032381010328410193070B006FF00FE96F
:10008000130601049385090013850A00232A010140
:10009000EF001012631C05F483268104032841013C
:1000A00093070B006FF0CFE8130601049385090056
:1000B00013850A00EF00D00F630C05E86FF00FF313
:1000C000130601049385090013850A00232E61009D
:1000D000232C1101232A0101EF00900D631805F074
:1000E00083268104032741040323C101832881015E
:1000F0000328410193070B006FF04FE0930D010FB0
:100100009315D601937677001357370013850D00AA
:100110003387E5009386060313563600B365C700A0
:10012000A38FDDFE938DFDFFE39C05FC938606FD0A
:100130006386060013771D00631407121307010F6F
:100140003303B74113080400635464D21308030057
:100150006FF00FD2930E0000930F000193860500FD
:1001600013070600B7A8000063D8CF65232E8100CF
:1001700023269102130F7000232A0101232CD101A1
:1001800013040E00232461029384085C6F00C000F6
:10019000130404FF63DA8F04938606011307170024
:1001A00023A0970023A2F7012324D1042322E104F2
:1001B00093878700E35EEFFC130601049385090033
:1001C00013850A00EF00C07E631205E2930F000161
:1001D000130404FF832681040327410493070B00C3
:1001E000130F7000E3CA8FFA130E04009388040003
:1001F00003284101832E81010324C10103238102CD
:100200008324C102B306DE00130717002324D104A0
:100210002322E10423A0170123A2C70113067000C3
:100220006348E6280346B1039387870063160602F6
:10023000638A0ECC930800006FF08FC983C6040058
:10024000130A4A006FF0CFBB130818001303100005
:10025000930DF10E6FF00FF6930800006FF04FC48E
:100260001305E5FF130700039306010F3383A64030
:10027000A38FEDFE13080400635464001308030009
:10028000930D05006FF0CFBE03270A001356FC4103
:10029000138A0600232087012322C7006FF0CFAD09
:1002A00013780D0183280A0093054A00E316088C91
:1002B00013770D046300071C93980801A30D010236
:1002C00093D80801930600006342041C137DFDF7D8
:1002D000631E041A33E7D800631A071A138A05004D
:1002E00013030000930D010F6FF08FB813080D007A
:1002F00003270A0013060000138A05006FF01F820F
:1003000083280A00138A050093D6F8411386060055
:100310006FF04FE713080D006FF00FFF37850000F7
:10032000136D2D00138A06001305C59E930520004A
:10033000930D010F9376F700B306D50083C6060030
:100340001318C601135747003307E8001356460039
:10035000A38FDDFEB366C700938DFDFFE39C06FC13
:100360001307010F3303B7411308040063546400FB
:1003700013080300E39405A86F00000713030000AF
:1003800013040000930D010F6FF08FAE1304F0FF04
:10039000938405006FF00FA73785000013770D02D7
:1003A0001305859D630E070613067A00137686FFF4
:1003B00003270600130A86000326460093751D00D6
:1003C0003368C70063840500631A0812A30D010295
:1003D000634A040C137DFDB76312044263100842A4
:1003E00013030000930D010F8326810403274104AA
:1003F00093784D089385060013060700638608A8C6
:100400000346B103930E0000631C06A86FF00FAF04
:100410003785000013770D021305C59EE31607F814
:1004200013760D0103270A00130A4A006318060613
:1004300013760D046300060613170701135707010F
:10044000130600006FF09FF713850D00EF30400C8E
:100450000347B1031348F5FF1358F84183274101BF
:100460001303050033780501631A07DA130400004B
:100470006FF00FA013770D20A30D01026302071C7C
:1004800093F8F80F93060000E35204E4138A050082
:100490006FF08FE013760D20631606181306000028
:1004A0006FF0DFF1137DFDBF930500006FF05FE893
:1004B000130601049385090013850A00232E6100A9
:1004C000232CD101232A0101EF00804E930805005F
:1004D000631E05B08347B1038326810403274104CB
:1004E00003284101832E81010323C101639C070E70
:1004F00093070B00639E0E9C6FF0CFA0A30ED1025A
:1005000093060003A30D0102230ED1026340040EE3
:10051000137DFDB7136D2D00930520006FF05FE193
:100520006392061413079000636E17131307010FED
:100530003303B741130804000347B1036354640055
:10054000130803003337E0003308E8006FF0DFE9F9
:10055000EF00D0566FE0DFF783C61400136D0D2057
:10056000938414006FF0CF8983C61400136D0D02BD
:10057000938414006FF0CF8803270A00138A0600C3
:10058000232087016FE05FFF13076000130804005A
:1005900063668706B78D0000938D0DA013030800D6
:1005A000130400006FF0CF8C13770D20630207084F
:1005B0009398880193D8884193D6F841138A05000F
:1005C000138606006FF00FBC93760D20638406043B
:1005D0001377F70F138A050013080D0013060000A8
:1005E0006FF0CFD393070B006FF08F8B137DFDBFA0
:1005F000136D2D00930520006FF09FD313080700A3
:100600006FF05FF903270A00138A060023108701A1
:100610006FE09FF6138A050013080D001306000013
:100620006FF0CFCF1377F70F130600006FF01FD9CD
:1006300093D6F841138A0500138606006FF08FB435
:1006400093060000138A0500E35204C86FF00FC53B
:1006500013850A001306010493850900EF00403555
:100660006FF0CF98232CF1008327010283254102EC
:100670002326D102B38EFD401386070013850E009A
:1006800023241103232EC101232AD101EF20001CB2
:10069000832881028326C1028327010137D5CCCC70
:1006A0003387D800333617013307C70037D6CCCC91
:1006B0001306D6CCB335C70203CF17001305C5CC3C
:1006C000832E4101333FE001B387E70137D8CCCC1B
:1006D00037D3CCCC2328F100032EC10113DF250032
:1006E00093F5C5FFB385E5013307B7403387E8408D
:1006F000B3B8E800B38616413305A702832781010A
:10070000938DFEFF1308D8CC1303C3CCB386C60267
:10071000B335C702B386A600130510003307C7021E
:10072000B386B6009395F60193D6160013571700BB
:10073000B388E5003387D800B33517013307B70016
:10074000B335C70213DF250093F5C5FFB385E50177
:100750003307B7403387E840B3B5E800B385B64008
:10076000333FC702B385C5023307C7023386E501AD
:100770001316F601135717003307E6001316270068
:100780003307E600131717003387E8401307070302
:10079000A38FEEFE6FF00FC6130790006368D7CDEE
:1007A0006FF0DFD863060702130814001303040078
:1007B000130400006FF00FA09388085C6FF09FA4F3
:1007C0009388085C6FF08F94938E0E5B6FF00FF838
:1007D0001303040013080400130400006FE05FE932
:1007E00003240A00130A4A00635404001304F0FFB0
:1007F00083C61400938405006FE09FE0930500001A
:100800006FF01FB337850000138A06001305C59EDD
:08081000930520006FF0DFB139
:100818001307050003A5018193060600138605004A
:08082800930507006FE09FC675
:1008300083D7C50083AE450603DEE50003A3C501EB
:1008400083A84502130101B793F7D7FF13080108E6
:100850001307004023248148138405009305810178
:10086000232291482312F102232611482328010252
:10087000232ED1072313C103232A6102232E110340
:10088000232C0101232401032320E1022326E1027A
:1008900093040500EFE01FC093070500635A0502AB
:1008A0000357410213770704630807000357C40086
:1008B000136707042316E4008320C14803248148FA
:1008C0008324414813850700130101496780000014
:1008D0002326A1009305810113850400EF00004841
:1008E0008327C100E30E05FA9307F0FF6FF05FFB6B
:1008F00083D7C50083AE450603DEE50003A3C5012B
:1009000083A84502130101B793F7D7FF1308010825
:1009100013070040232481481384050093058101B7
:10092000232291482312F102232611482328010291
:10093000232ED1072313C103232A6102232E11037F
:10094000232C0101232401032320E1022326E102B9
:1009500093040500EF30007493070500635A050205
:100960000357410213770704630807000357C400C5
:10097000136707042316E4008320C1480324814839
:100980008324414813850700130101496780000053
:100990002326A1009305810113850400EF00003C8C
:1009A0008327C100E30E05FA9307F0FF6FF05FFBAA
:1009B00003278600631807001305000023220600A2
:1009C00067800000130101FE232E11002326C100C1
:1009D000EF0010568327C1008320C10123A4070024
:0C09E00023A20700130101026780000041
:1009EC00130101FF23261100232021016388050236
:1009FC002324810023229100138405009304050015
:100A0C006306050083274503638C070C8317C4001A
:100A1C006392070203248100832441008320C100D8
:100A2C00130900001305090003290100130101013A
:100A3C00678000009305040013850400EF00800B11
:100A4C008327C40213090500638A07008325C401A8
:100A5C0013850400E7800700634405068357C40030
:100A6C0093F707086396070683250403638C050038
:100A7C00930704046386F50013850400EF20504FA0
:100A8C00232804028325440463880500138504008D
:100A9C00EF20104E23220404EF00D0032316040091
:100AAC00EF0090038320C1000324810083244100C4
:100ABC0013050900032901001301010167800000DF
:100ACC008357C4001309F0FF93F70708E38E07F868
:100ADC008325040113850400EF2090496FF0DFF8A3
:080AEC00EF00007D6FF09FF2A6
:0C0AF4009305050003A501816FF01FEFC2
:100B00000397C500130101FE232C81002326310128
:100B1000232E1100937787001384050093090500A5
:100B200063920712B71700009387078083A64500DA
:100B3000B367F7002396F500635CD018032884029E
:100B40006306080E232A91009316370183A4090037
:100B500023A0090063CA06188325C40113060000F8
:100B60009306100013850900E70008009307F0FFC3
:100B700013060500630CF51A8317C40003288402CA
:100B800093F74700638E070003274400832704037D
:100B90003306E640638607008327C4033306F64026
:100BA0008325C4019306000013850900E7000800AF
:100BB0001307F0FF8317C400631CE51283A6090026
:100BC0001307D0016362D7183707402013071700B7
:100BD0003357D700137717006308071683260401DD
:100BE00037F7FFFF1307F77F33F7E7002316E4001B
:100BF000232204002320D4001397370163560700F3
:100C000083A70900638807108325040323A09900A4
:100C1000638A0510930704046386F50013850900B1
:100C2000EF20D03583244101232804028320C10111
:100C3000032481018329C10013050000130101026F
:100C4000678000002328210103A90501630A090820
:100C5000232A910083A405001377370023A02501E0
:100C6000B3842441930700006314070083A7450160
:100C70002324F400634890006F0040063309A90064
:100C8000635E9004832744028325C4019386040095
:100C90001306090013850900E7800700B384A44008
:100CA000E34EA0FC8357C4000329010193E7070426
:100CB0008320C1012316F400032481018324410110
:100CC0008329C1001305F0FF1301010267800000B2
:100CD00083A6C503E344D0E66FF05FF583244101AA
:100CE000032901016FF09FF4032604056FF05FE90B
:100CF0008326040137F7FFFF1307F77F33F7E70079
:100D00002316E400232204002320D4001397370184
:100D1000E35C07EE832504032328A40423A09900A1
:100D2000E39A05EE832441016FF05FF083A7090089
:100D3000E38407E4138737FE630C07009387A7FE5D
:100D4000638807008357C40093E707046FF05FF6DA
:0C0D500023A09900832441016FF05FEDA7
:100D5C00930705006306050003274503630E070090
:100D6C000397C50063160700130500006780000099
:100D7C00138507006FF01FD8130101FE2326B10065
:100D8C00232E11002324A100EF0080528325C100E3
:100D9C00832781000397C500630A07008320C101E4
:100DAC0013850700130101026FF0DFD48320C1010A
:0C0DBC0013050000130101026780000015
:100DC800630005069305050003A501816306050078
:100DD80083274503638C07008397C5006396070044
:100DE80013050000678000006FF01FD1130101FE9A
:100DF8002326B1002324A100232E1100EF00804BED
:100E08008325C100032581008397C50063980702E5
:100E18008320C1011305000013010102678000004F
:100E280037D60000B715040037D50000130646036F
:100E38009385C5D5130505046F00105B8320C10198
:080E4800130101026FF05FCB02
:100E50009307100063DCC712130101FD23248102F4
:100E6000232E3101232C410123261102232291023A
:100E700023202103232A510123286101930905001E
:100E800013840600138A05006306050083274503C3
:100E90006386070E1309F6FF930A0A006F008002AB
:100EA00003270400B38797402322F400B307970079
:100EB0002320F40033099940EF200053B38A9A00AD
:100EC0006306090A8327440093050400138509007B
:100ED00063980700EF0050686318050883274400F3
:100EE000032B04009305A0009304090063F4270179
:100EF000938407001386040013050B00EF10D00A3B
:100F000013070500832744001386040093050B0094
:100F100013850A00E30607F813071700B3046741B7
:100F2000B3879740138604002320E4002322F400B3
:100F3000B3849A00EF20404B2380040013050A007D
:100F40008320C10203248102832441020329010278
:100F50008329C101032A8101832A4101032B010155
:100F6000130101036780000063864A0123800A00A1
:100F70006FF0DFFC130500006FF09FFC2326C1001B
:100F8000EF00C0330326C1006FF0DFF0130500004F
:040F90006780000076
:100F94001307050003A501819306060013860500C7
:080FA400930507006FF09FEABE
:080FAC0013050000678000003E
:100FB40037D60000B715040037D5000013064603E2
:0C0FC4009385C59E130505046F00504284
:100FD00083254500130101FF2324810023261100EE
:100FE00093874147130405006384F500EFF01FA0C9
:100FF000832584009387C14D6386F50013050400A3
:10100000EFF0DF9E8325C40093874154638CF50085
:1010100013050400032481008320C1001301010192
:101020006FF0DF9C8320C1000324810013010101C4
:0410300067800000D5
:081034001305000067800000B5
:10103C00130101FEB7170400232C8100938747FB93
:10104C0013844147232E1100232A910023282101C8
:10105C00232631012324410123A4F1A4130680008B
:10106C0093074000930500001385014D2326F400DF
:10107C00232004002322040023240400232204063A
:10108C0023280400232A0400232C0400EF30CF8FE4
:10109C00372A0400B729040037290400B7240400B8
:1010AC00B7070100130ACAEF938909F6130989FEE1
:1010BC009384C40493879700130680009305000063
:1010CC0013858153232AF40623204403232234035B
:1010DC002324240323269402232E84002324040691
:1010EC0023260406232804062326040C232C04069A
:1010FC00232E040623200408EF300F89B7070200C3
:10110C00938727011387C14D1385015A130680005D
:10111C009305000023244409232634092328240999
:10112C00232A9408232EF40C2328040C232A040CC1
:10113C00232C040C232A04122320040E2322040E35
:10114C002324040E2322E408EF300F8493874154A8
:10115C002328440F232A340F232C240F232E940EE0
:10116C008320C1012326F40E032481018324410131
:10117C00032901018329C100032A81001301010203
:04118C006780000078
:1011900083A781A4130101FE232A9100232E1100AD
:1011A000232C810093040500638E070E37D80000BE
:1011B000130848039306F0FF832748009387F7FF3F
:1011C00063C00708032488006F00C000130484066E
:1011D0006388D7060317C4009387F7FFE31807FE59
:1011E000B707FFFF938717002326F4002322040686
:1011F00023200400232404002322040023280400C5
:10120000232A0400232C0400130680009305000009
:101210001305C405EF201FF823280402232A040223
:1012200023220404232404048320C10113050400A1
:10123000032481018324410113010102678000001E
:101240000324080063060400130804006FF0DFF6AF
:101250009305C01A1385040023260101EFD09F9245
:101260000328C1001304050063020504930740002E
:101270002322F5001305C500232004002324A40025
:101280001306001A9305000023260101EF209FF0AA
:101290000328C1009306F0FF2320880013080400F0
:1012A0006FF09FF1EFF09FD96FF05FF023200800FF
:0C12B0009307C00023A0F4006FF01FF7AC
:1012BC00832745036384070067800000B717040089
:1012CC0003A781A4938707FD232AF502E31607FEE3
:0412DC006FF01FD6BA
:0412E0006780000023
:0412E400678000001F
:1012E80037D60000B7150400130646039385C5FAE0
:0812F800130500006F00500F08
:1013000037D60000B715040013064603938545033E
:08131000130500006F00D00D71
:10131800130101FD2320210313890500930506000D
:101328001306C1012322910223261102930405000A
:10133800EF50905F6302050A23248102130405001D
:1013480013850400EFF05FE4630605080326C10176
:101358002326A100930509009306601B138504004A
:10136800EF1050558327C1006342050C1314040184
:10137800B725040037260400B726040037270400E1
:10138800135404419385C5EF130606F6938686FE2B
:101398001307C704239687002397A7001374041024
:1013A80023AEF70023A0B70223A2C70223A4D702C3
:1013B80023A6E70263100404032481028320C102E8
:1013C8008324410203290102138507001301010345
:1013D8006780000003248102930700008320C10274
:1013E8008324410203290102138507001301010325
:1013F800678000001385040093850700930620008A
:10140800130600002326F100EF00402F8327C100B8
:10141800032481028320C10283244102032901029B
:10142800138507001301010367800000EFF0DFEA6E
:101438008327C10023960700EFF05FEA93070000B7
:08144800032481026FF09FF9FB
:101450009307050003A50181138605009385070006
:041460006FF09FEB9F
:10146400130101FD232A5101B38AC6022326110266
:1014740063800A142324810223202103232C4101A5
:10148400232481012322910113890500130A0500F5
:1014940013040700938C0600130C06006306050072
:1014A40083274503638007128317C4000327440678
:1014B400372600009396270163CE060CB7E6FFFF9C
:1014C4009386F6FF23229102232E3101B3E7C7004E
:1014D4003377D7002316F4002322E4068324440040
:1014E4001387040063D804002322040013070000B8
:1014F400930400008357C40093890A0093F72700DC
:10150400638A07026F00800CEF10D06D83270400FC
:101514009305040013050A00B38797002320F40001
:10152400EF0050036316051833099900B3899940F5
:101534008324440083250400138604001305090052
:10154400E3E434FD13860900EF10D0690327440057
:101554008327040033073741B38737012322E4008C
:101564002320F40013850C00032481028320C1028C
:1015740083244102032901028329C101032A810131
:10158400032C8100832C4100832A410113010103B0
:10159400678000009317270163D407120324810294
:1015A40003290102032A8101032C8100832C4100B9
:1015B400130500008320C102832A410113010103A2
:1015C40067800000EFF05FCF6FF01FEE93840A0096
:1015D40063745701930407008325040013860400F1
:1015E40013050900EF10106003270400832744004B
:1015F4008325040333079700B38797402320E4002F
:101604002322F400B3899A406382050CE38C09F425
:101614002328610123267101930704046386F500DE
:1016240013050A00EF20401523280402B30499008F
:101634006F008000B389F9409305040013050A0084
:10164400638C0908832B040103290400032B440140
:101654002328940023209400232A3401EF00806F70
:101664008327440023287401232A640123202401AE
:1016740023220400B384F400E30E05FAB387570170
:10168400B387374133D5870303248102832441027E
:10169400032901028329C101032A8101032B0101CA
:1016A400832BC100032C8100832C41006FF09FF039
:1016B400B3845401B384344133D584036FF0DFEA37
:1016C40023229102232E31016FF05FE1232861016F
:1016D400232671016FF09FF5032B0101832BC100B9
:0416E4006FF05FE85C
:1016E8009308050003A501811387060093060600E9
:0C16F80013860500938508006FF05FD694
:041704006F00502BF7
:101708001307050003A5018193060600138605004B
:08171800930507006F00D029C2
:041720006F00507492
:0C1724009305050003A501816F00907380
:1017300083278600638C07228396C500130101FC72
:10174000232C81022324410323225103232E11023F
:1017500093F7860013840500930A0500130A060018
:101760006384070A83A705016380070A232A91027D
:1017700023282103232631032320610393F7260026
:1017800083240A00638A070A370B0080130B0BC0FF
:1017900093090000130900001386090013850A004D
:1017A000630E091A9306090063762B01B7060080C1
:1017B000938606C0832744028325C401E78007007F
:1017C0006358A04083278A00B389A9003309A94040
:1017D000B387A7402324FA00E39007FC8324410346
:1017E000032901038329C102032B01021305000011
:1017F0008320C10303248103032A8102832A410237
:1018000013010104678000009305040013850A009A
:10181000EF005004631605268316C400232A9102A4
:1018200023282103232631032320610393F7260075
:1018300083240A00E39A07F4232E7101232C8101EB
:1018400093F7160063980712832704003707008078
:10185000130CF7FF130B0000930900006388090EB7
:1018600013F706200329840013850700630E072061
:10187000930B090063E0292D13F70648630C070852
:101880000326440183250401131716003307C700FC
:101890001359F701B38BB7403309E90093871B0055
:1018A00013591940B3873701130609006376F9000D
:1018B000138907001386070093F606406382062CFF
:1018C0009305060013850A00EFD0CFAB6306053001
:1018D0008325040113860B002326A100EF10D030CE
:1018E0008357C4000327C10093F7F7B793E70708AE
:1018F0002316F400B307794133057701232A240125
:101900002328E4002320A4002324F40013890900E1
:10191000938B090093050B0013860B00EF10501AF0
:101920000327840083270400330727412324E4008E
:1019300003278A00B38777012320F4003307374158
:101940002324EA00630007288316C40003AB0400C5
:1019500083A94400938484006FF05FF083A904009E
:1019600003A94400938484006FF01FE31305000073
:1019700067800000130B0000930B000013050000AC
:10198000130C0000630E0B066306050893870B001B
:1019900093090B0063F467019389070083264401D0
:1019A00003298400032504008327040133892601C9
:1019B00063F4A7006340390963CED9188327440232
:1019C0008325C40113060C0013850A00E780070075
:1019D000130905006354A008B38B2B4113051000B5
:1019E00063800B1683278A00B38727412324FA00DC
:1019F000638A071C330B2B41330C2C01E3160BF8C5
:101A000003AB44009387040093848400E30A0BFE35
:101A100003AC070013060B009305A00013050C0090
:101A2000EF009058630A051813051500B30B8541A4
:101A30006FF0DFF593050C0013060900EF10500856
:101A4000832704009305040013850A00B387270148
:101A50002320F400EFF08FB0E30005F88317C400F3
:101A6000832BC101032C810183244103032901033A
:101A70008329C102032B010293E707042316F40014
:101A80001305F0FF6FF0DFD6032704016360F7064C
:101A90000327440163ECE9049386090063743C0165
:101AA00093060C0033E7E602832744028325C40132
:101AB00013060B0013850A00B386E640E780070093
:101AC000E35EA0F81309050083278A00B389294142
:101AD000B38727412324FA006386070E8316C400C8
:101AE00083270400330B2B016FF05FD763F42901C8
:101AF00013890900138507001306090093050B00DD
:101B0000EF10007C8327040003278400B38727019C
:101B1000330727412320F4002324E400E31607FAC7
:101B20009305040013850A00EFF04FA3E30E05F8B8
:101B30006FF0DFF213890900938B09006FF09FDDCE
:101B40009305040013850A00EFF04FA1E30C05E8AC
:101B50006FF0DFF01386090093050C00EF1040765C
:101B600003278400832704001389090033073741C2
:101B7000B38737012324E4002320F4006FF0DFE56E
:101B800013850A00EF10106E13070500E31405D645
:101B90008325040113850A00EF10503E8357C400CB
:101BA0001307C000832BC101032C810123A0EA008D
:101BB00093F7F7F76FF05FEB93071B00938B07002A
:101BC0006FF01FDD832BC101032C81016FF01FC15A
:101BD0008317C4006FF05FE99307C00023A0FA00E9
:101BE000832BC1018317C400032C81016FF0DFE751
:101BF000130101FD23202103232E3101232C410158
:101C0000232A510123286101232671012326110271
:101C10002324810223229102930A0600130B05005C
:101C2000938B0500130A0000930910001309F0FFBD
:101C300083A44A009384F4FF63CA040203A48A00C5
:101C40008357C40063FEF9008317E4009305040082
:101C500013050B0063862701E7800B00336AAA0097
:101C60009384F4FF13048406E39C24FD83AA0A00F2
:101C7000E3900AFC8320C1020324810283244102F1
:101C8000032901028329C101832A4101032B010198
:101C9000832BC10013050A00032A810113010103EC
:041CA0006780000059
:101CA400130101FC138E05008325850013038102B3
:101CB4002324C1022326D10213060E009306030037
:101CC400232E11002328E102232AF102232C0103ED
:101CD400232E110323266100EF20803B8320C101C2
:081CE4001301010467800000F8
:101CEC0003A30181130101FC2324C1022326D10289
:101CFC002322B1022328E102232AF102232C01031F
:101D0C00232E11038325830093064102130605003D
:101D1C0013050300232E11002326D100EF20C0361B
:0C1D2C008320C101130101046780000046
:101D380083D7C50013079000B3F7E7006386E70071
:101D4800130500006780000003A501816FF08F80F4
:101D5800130101FE232C8100232A9100232E110058
:101D680093040500138405006306050083274503D3
:101D7800638C07128317C4002322040013F7070299
:101D88006310071413F747006316070613F70701D4
:101D9800630C071213F78700631E070C93E74700CD
:101DA8002316F400832704016388070E8317C400F1
:101DB80013F73700631A0706032604018327040272
:101DC800832644018325C401138504002320C4000D
:101DD800E78007002322A400635CA00C1305000021
:101DE8008320C101032481018324410113010102DD
:101DF8006780000083250403E38605FA930704043B
:101E08006386F50013850400EF10D0168327C403FA
:101E1800232804022322F400E38607F88327840397
:101E28002320F4006FF09FFB1307100037D6000043
:101E3800B725040037D500002316E400130646032F
:101E4800938585D3130505042326F100EFF0DFD928
:101E58008327C100130790002316F40093F7970017
:101E6800E39CE7F49305040013850400EFE0DFC862
:101E78006FF09FF49305040013850400EFE09FEDD5
:101E8800631005048357C40023240400232C040092
:101E980093F777FF6FF09FF0930504001385040014
:101EA800EF5040336FF09FF0EFF0CFC06FF09FEC32
:101EB8008317C4006316050293E707022316F4008C
:101EC8001305F0FF6FF0DFF11307900093E70704A5
:101ED80023A0E4002316F4001305F0FF6FF05FF071
:101EE80093E707042316F400232204001305F0FFE8
:041EF8006FF01FEF79
:101EFC00130101FF23248100138405008395E50061
:101F0C0023261100EF1040216340050283270405AE
:101F1C008320C100B387A7002328F4040324810085
:101F2C0013010101678000008357C40037F7FFFFDE
:101F3C001307F7FFB3F7E7008320C1002316F40063
:0C1F4C00032481001301010167800000E4
:081F5800130500006780000082
:101F60008397C500130101FE13830600232E110081
:101F700093F6071013870500930806001308050061
:101F800063980602B7F6FFFF9386F6FF8320C10130
:101F9000B3F7D7008315E7002316F7009306030075
:101FA0001386080013050800130101026F10402A70
:101FB0008395E5002324C10093062000130600004A
:101FC000232661002320E1002322A100EF108008D6
:101FD000032701000323C100832881008317C70062
:081FE000032841006FF01FFA15
:101FE800130101FF23248100138405008395E50074
:101FF80023261100EF1080051307F0FF8317C40094
:102008006302E50237170000B3E7E7008320C10049
:102018002328A4042316F4000324810013010101DA
:10202800678000001307058013070780B3F7E700F0
:102038008320C1002316F400032481001301010149
:0420480067800000AD
:08204C008395E5006F001066AA
:1020540003A70181130101FE232E110013060500BD
:10206400938705006306070083264703638A0610E7
:102074000397C70093768700638E060283A6070141
:10208400638A06040397C70013761700630E0606D7
:1020940003A6470123A40700130500003306C0402C
:1020A40023ACC700638006088320C1011301010229
:1020B40067800000937607016382060E93764700DB
:1020C400639E060683A60701136787002396E7002D
:1020D400E39A06FA03A7C70093050020137707289D
:1020E400E302B7FA13050600938507002324F100E1
:1020F400EF50800E832781000397C70083A6070152
:1021040013761700E31606F81376270093050000EC
:102114006314060083A5470123A4B7001305000038
:10212400E39406F893760708E38006F81367070438
:102134002396E7001305F0FF6FF01FF783A507034D
:1021440063860502938607046380D502130506009F
:102154002326F1002324C100EF1000628327C1006D
:10216400032681000397C70023A8070283A607015B
:102174001377B7FD23A2070023A0D7006FF0DFF485
:102184002324A100130507002326B100EFF0CF920A
:102194008327C100032681006FF09FED9306900012
:1021A400136707042320D6002396E7001305F0FFE6
:0421B4006FF09FEF3A
:1021B800130101F7232481082322910823202109F0
:1021C800232E310723261108232C41071309050064
:1021D800930906009384060013840500630605002E
:1021E80083274503638E073A8357C400130780107B
:1021F800B3F7E700638EE738032A8402630E0A42C6
:1022080093071000638AF41093F7D4FF63880702DA
:10221800930760012320F9008320C1080324810863
:1022280083244108032901088329C107032A810758
:102238001305F0FF130101096780000083260401DC
:1022480013080000638206140317C400935617008E
:1022580093F6D6406394060293760740639E061869
:10226800B7260400938686FE6300DA14B7170000C9
:10227800938707803367F7002316E400930504006B
:1022880013050900EFE01FADE31805F88325C40125
:10229800938604001386090013050900E7000A0065
:1022A8009307F0FFE30AF5F683250403638C050022
:1022B800930704046386F50013050900EF10804BAB
:1022C800232804028357C4008326040137F7FFFF3D
:1022D8001307F77DB3F7E700232204002316F40061
:1022E8002320D4001305C4051306800093050000BD
:1022F800EF10DFE9130500008320C10803248108DB
:1023080083244108032901088329C107032A810777
:1023180013010109678000009305040013050900F3
:10232800EFE05FA30317C4009317370163C8071EC4
:102338008325C401938604001306000013050900D1
:10234800E7000A001307F0FF93070500E306E5EC32
:102358000317C40083260401137647006308061C8C
:102368000326440003270403B387C7406306070016
:102378000327C403B387E74013880400B389F9002F
:1023880093040000E39206EC93050400130509008A
:10239800232601012324F100EF40D0630328C10064
:1023A800832781006FF05FEA8315E400E3C005EC42
:1023B80013068101130509002324F10023260101D6
:1023C800EF0090420317C400E31205EA8326C10117
:1023D800930580008327810013D6C6401376F60044
:1023E8000328C100E314B6E81367074093060040CA
:1023F8002316E4002326D4041387090063900416E7
:10240800631408148357C4009396370163DA061AD5
:10241800032504050326440083250403B307C540A8
:10242800638405188326C403B387D7400325840330
:10243800032804013386C70033050541B307A640C6
:10244800B386A6006346F7003386D700636EC718C5
:102458000326C4048325C401930600003306C04044
:102468003376E600130509002326E1002324C10082
:10247800E7000A009307F0FFE302F5E08327040171
:1024880083250403232204002320F400032681006B
:102498000327C1006384050293070404638EF500D3
:1024A800130509002326C1002324E100EF10802C26
:1024B8000326C10003278100232804028357C40090
:1024C800B306C74093F7F7FD2316F400630CC70261
:1024D80093050400130509002324D100EFF05F875A
:1024E800E31E05D88327440083268100E3E8D7D874
:1024F80003270400B387D7402322F400B307D7008B
:102508002320F4001305C40513068000930500007A
:10251800EF10DFC7130500006FF01FDE13764700CA
:102528008327040583260401E31C06E2137787004A
:10253800E30407E403270400E30007E43307D74074
:10254800B387E7006FF05FE38325040303264400A5
:10255800638C05048326C4036FF05FED8315E400E4
:102568001306810113050900232601012324F10024
:10257800EF009027E31405D0032781020328C10048
:10258800832781003387E900E31008FC6FF09FE799
:102598009305040013050900EFE0CFFB6FF0DFC5DA
:1025A800EFE05FD16FF05FC48326040003280401C5
:1025B800B3860641B387D740B306D6006FF09FE8CD
:1025C8008325C401930610001306000013050900B3
:1025D8002324E100E7000A009307F0FF03278100A6
:1025E800E31AF5E26FF09FC9B307F7403308F80024
:1025F800B386F640232004012322D400638C05000F
:10260800930704046386F50013050900EF1080168C
:10261800232804028357C4001305C4051306800049
:1026280093F7F7FD2316F40093050000EF101FB68B
:10263800130500006FF05FCC9307D0012320F90049
:042648006FF09FBDD3
:10264C001307050003A501819306060013860500F8
:08265C00930507006FF09FB524
:10266400130101FE232E11001306050093870500B4
:102674006306050003274503630C070E03A88702BE
:102684006304081083A6C700930580000397C7005E
:1026940093F6C600638AB6089316370163DA060216
:1026A4009376470003A50705638C060483A64700B9
:1026B40003A707033305D5406306070083A7C703B1
:1026C4003305F5408320C101130101026780000036
:1026D40083A5C70113050600930610001306000026
:1026E4002324F100E70008001307F0FF630EE5065A
:1026F400832781000397C70093764700E39806FA7F
:1027040013778700E30007FC03A70700E30C07FA2D
:1027140083A707018320C1013307F7403305E50090
:10272400130101026780000083A60700E38606F612
:1027340083A50701B386B640E350D0F6937607101D
:10274400E38C06F483A5C701130506009306200055
:10275400130600002324F100E70008001307F0FF2C
:1027640083278100E318E5F81305F0FF6FF09FF568
:102774002326B1002324A100EFE01FB48327C10066
:10278400032681006FF09FEF9307D0012320F6000A
:082794001305F0FF6FF01FF3C5
:0C279C009305050003A501816FF01FEC00
:1027A8009377350013F7F50F63800702630806086F
:1027B800834705001306F6FF6380E7081305150035
:1027C80093773500E39407FE130830006378C80454
:1027D80093F5F50F93978500B385B7009397050197
:1027E8003703FFFEB7888080B385F5001303F3EF46
:1027F8009388080883270500B3C7F500B3866700E8
:1028080093C7F7FFB3F7F600B3F71701639A07000A
:102818001306C6FF13054500E36EC8FC63000602F5
:102828003306C5006F00C000130515006308C50016
:1028380083470500E39AE7FE678000001305000060
:0428480067800000A5
:10284C00B3E7A50093F7370063960700933746006C
:10285C0063860704130705006F00C00183C6F5FFEC
:10286C001308F6FFA38FD7FE638E060013870700AD
:10287C00130608009385150093071700E31006FE56
:10288C00678000003307C700630E080493871700A6
:10289C00A38F07FEE39CE7FE678000003703FFFE73
:1028AC00B78880801303F3EF93880808130705009B
:1028BC00130E300083A60500B387660013C8F6FF1D
:1028CC00B3F70701B3F71701E39607FA1306C6FF30
:1028DC002320D7001307470093854500E36CCEFCFB
:0828EC006FF05FF96780000046
:1028F40003A6018193061000130606056F0040002D
:10290400630C05060348050093081500938705002A
:102914006F0080006302E80403C707009387170071
:10292400E31A07FE6300080683C60800138818002C
:10293400938705006F0080006306070203C7070042
:1029440093871700E39AE6FE638206022380080059
:102954002320060167800000638C060213850800AB
:102964006FF05FFA930808006FF01FFC1308000073
:10297400232006016780000003250600E31405F800
:102984006F0080002320060013050000678000000C
:0C299400232016012300050067800000CE
:0829A000930610006FF01FF612
:1029A80003278511630607001305000067800000F0
:1029B800130101FE93050008232E11002326A10010
:1029C800EFC0CF9B8327C10023ACA7106302050289
:1029D800930705082320050013054500E31CF5FEB1
:1029E800130500008320C101130101026780000064
:0829F8001305F0FF6FF01FFF53
:102A00001307F0016360B70203278511630407020F
:102A1000939525003307B700032507002320C7003F
:102A200067800000130760012320E5001305F0FF15
:102A300067800000130101FE2322B1009305000806
:102A40002324C100232E11002326A100EFC08F9361
:102A50008326C100130705009305050823ACA610C3
:102A60008327410093060500032681001305F0FF2C
:102A70006300070223A0060093864600E39CB6FE8F
:102A8000939527003307B700032507002320C700CD
:0C2A90008320C1011301010267800000D7
:102A9C009307F00163EAB70883278511130101FE40
:102AAC00232E11001307050013860500638007040D
:102ABC0093962500B387D70083A607006388060288
:102ACC0013051000638CA6009305F0FF6384B60415
:102ADC0023A0070013050600E78006008320C10130
:102AEC0013050000130101026780000013050700A5
:102AFC002326C1002324E100EF00C06E0326C10091
:102B0C008320C101930505000325810013010102F7
:102B1C006F0000678320C101930760012320F70039
:102B2C001301010267800000930760012320F50068
:082B3C001305F0FF67800000A3
:102B44009307F00163E0B70C83278511130101FE9D
:102B5400232E1100138705006384070693162700AC
:102B6400B387D70083A60700638806021306F0FF25
:102B74006384C604130610006388C60213050700A5
:102B840023A00700E7800600130500008320C1018D
:102B940013010102678000008320C10113051000A6
:102BA40013010102678000008320C1011305300076
:102BB4001301010267800000130520006FF01FFD60
:102BC4002326B100930500082324A100EFB05FFB86
:102BD400832681009307050023ACA6106300050239
:102BE4000327C100930605001306050823A0060069
:102BF40093864600E39CC6FE6FF05FF61305F0FF74
:0C2C04006FF0DFF81305F0FF67800000A0
:102C10009307F00103A8018163E8A70883278811BF
:102C2000130101FE232E110013060500638E070217
:102C300013172500B387E70003A707006306070201
:102C400093061000630AD7001306F0FF6302C7045F
:102C500023A00700E70007008320C101130500003F
:102C60001301010267800000130508002326C1003C
:102C700023240101EF00C0570326C1008320C101B6
:102C80009305050003258100130101026F00005028
:102C90008320C101930760012320F80013850600FB
:102CA0001301010267800000930760012320F800F0
:082CB0001305F0FF678000002E
:102CB8009307F00103A6018163E0A70203278611A9
:102CC80063040702131525003307A700032507002F
:102CD8002320B70067800000930760012320F600D7
:102CE8001305F0FF67800000130101FE2326B100E1
:102CF8002324A10093050008130506002322C10020
:102D0800232E1100EFB09FE70326410013070500AB
:102D180093050508232CA6108327810013060500B8
:102D28008326C1001305F0FF630007022320060075
:102D380013064600E39CC5FE139527003307A7003A
:102D4800032507002320D7008320C10113010102B6
:042D58006780000090
:102D5C0083A7018103A787116306070013050000F1
:102D6C0067800000130101FE13850700930500081E
:102D7C002326F100232E1100EFB01FE08327C100A2
:102D8C0023ACA71063020502930705082320050056
:102D9C0013054500E31CF5FE130500008320C1015B
:102DAC0013010102678000001305F0FF6FF01FFF95
:102DBC009307F00163E4A70C83A60181130101FEC4
:102DCC00232E110083A786111307050063840706C1
:102DDC0093162700B387D70083A6070063880602E3
:102DEC001306F0FF6384C604130610006388C60242
:102DFC001305070023A00700E78006001305000059
:102E0C008320C10113010102678000008320C101EE
:102E1C001305100013010102678000008320C1011B
:102E2C001305300013010102678000001305200018
:102E3C006FF01FFD2326A1009305000813850600E3
:102E4C002324D100EFB05FD38326810093070500C4
:102E5C0023ACA610630005020327C10093060500EE
:102E6C001306050823A0060093864600E31CD6FE35
:102E7C006FF01FF61305F0FF6FF09FF81305F0FFCE
:042E8C00678000005B
:082E90001305050F6780000027
:0C2E980037D500001305052567800000F9
:0C2EA40037D500001305052567800000ED
:102EB000130101FF232481002322910093040500C4
:102EC000138505002326110023A601A4EF209DE20F
:102ED0009307F0FF630CF5008320C10003248100F9
:102EE00083244100130101016780000083A7C1A46E
:102EF000E38407FE8320C1000324810023A0F400A3
:0C2F0000832441001301010167800000E0
:102F0C0083A70181638EA70C83254504130101FE61
:102F1C00232A9100232E1100232C810093040500F9
:102F2C00638805042328210123263101130900009D
:102F3C0093090008B387250103A40700630E04005E
:102F4C00930504000324040013850400EF005002D1
:102F5C00E31804FE83A5440413094900E31C39FD5E
:102F6C0013850400EF00D000032901018329C1005F
:102F7C0083A584036386050013850400EF00407F5E
:102F8C0003A40404630C040093050400032404004C
:102F9C0013850400EF00C07DE31804FE83A5C40470
:102FAC006386050013850400EF00807C83A744032F
:102FBC00638E0700032481018320C1011385040063
:102FCC008324410113010102678007008320C101A2
:102FDC000324810183244101130101026780000055
:042FEC0067800000FA
:102FF000130101FF93870500232481002322910000
:10300000930506009304050013850700232611008D
:1030100023A601A4EF20DDDC9307F0FF630CF5008D
:103020008320C10003248100832441001301010196
:103030006780000083A7C1A4E38407FE8320C1004A
:103040000324810023A0F400832441001301010123
:043050006780000095
:10305400130101FF9387050023248100232291009B
:1030640093050600930405001386060013850700E4
:103074002326110023A601A4EF201DE59307F0FFEA
:10308400630CF5008320C1000324810083244100E4
:10309400130101016780000083A7C1A4E38407FE34
:1030A4008320C1000324810023A0F4008324410071
:0830B400130101016780000017
:1030BC00130101FF93870500232481002322910033
:1030CC00930506009304050013860600138507007C
:1030DC002326110023A601A4EF20DDA89307F0FFFF
:1030EC00630CF5008320C10003248100832441007C
:1030FC00130101016780000083A7C1A4E38407FECC
:10310C008320C1000324810023A0F4008324410008
:08311C001301010167800000AE
:10312400130101FF938705002324810023229100CA
:103134009305060093040500138606001385070013
:103144002326110023A601A4EF209DBF9307F0FFBF
:10315400630CF5008320C100032481008324410013
:10316400130101016780000083A7C1A4E38407FE63
:103174008320C1000324810023A0F40083244100A0
:08318400130101016780000046
:10318C00130101FF93870500232481002322910062
:10319C0093050600930405001385070023261100F0
:1031AC0023A601A4EF20DD929307F0FF630CF5003A
:1031BC008320C100032481008324410013010101F9
:1031CC006780000083A7C1A4E38407FE8320C100AD
:1031DC000324810023A0F400832441001301010186
:0431EC0067800000F8
:0431F0006F201D919E
:1031F400130101FF2324810023229100930405007D
:10320400138505002326110023A601A4EF209D9019
:103214009307F0FF630CF5008320C10003248100B1
:1032240083244100130101016780000083A7C1A426
:10323400E38407FE8320C1000324810023A0F4005B
:0C32440083244100130101016780000099
:10325000130101FF9387050023248100232291009D
:1032600093050600930405001386060013850700E6
:103270002326110023A601A4EF20DDBD9307F0FF54
:10328000630CF5008320C1000324810083244100E6
:10329000130101016780000083A7C1A4E38407FE36
:1032A0008320C1000324810023A0F4008324410073
:0832B000130101016780000019
:0832B80003A5018167800000FD
:1032C00063F6A502B387C5006372F50263080604BE
:1032D0003306C50003C7F7FF1306F6FF9387F7FF12
:1032E0002300E600E318C5FE678000009307F000A6
:1032F00063E8C702930705009306F6FF6300060E16
:1033000093861600B386D70003C70500938717007E
:1033100093851500A38FE7FEE398D7FE6780000032
:10332000B367B50093F73700938805006392070AE7
:103330009357460013984700330805019387F7FF1A
:103340001307050083A605009385050113070701F0
:103350002328D7FE83A645FF232AD7FE83A685FF11
:10336000232CD7FE83A6C5FF232ED7FEE31C07FD23
:10337000939747003387170193050701B307F500BB
:103380001378C60093870701138E05009376F60025
:10339000630808049386C6FF93F6C6FF3307D70079
:1033A000130747013308154103A30500B38805013E
:1033B0009385450023A06800E398E5FE1387460047
:1033C000B305C701B307F700137636006FF0DFF2DD
:1033D0009306F6FF930705006FF09FF267800000E9
:0833E000138606006FF05FF197
:1033E800B3C7A50093F73700B308C500639607066F
:1033F8001336460063120606937735001307050057
:10340800639A070C13F6C8FFB306E6409307000259
:1034180063C4D7069386050093070700637AC7023B
:1034280003A80600938747009386460023AE07FF4C
:10343800E3E8C7FE1306F6FF3306E6401376C6FF39
:103448009385450013074700B385C5003307C700B8
:10345800636817016780000013070500E37C15FF08
:1034680083C705001307170093851500A30FF7FE00
:10347800E398E8FE6780000083A6050083A2450064
:1034880083AF850003AFC50083AE050103AE4501D8
:1034980003A3850103A8C5012320D70083A605023D
:1034A80013074702232057FE232ED7FE2322F7FFB8
:1034B800B306E6402324E7FF2326D7FF2328C7FFC8
:1034C800232A67FE232C07FF93854502E3C6D7FA14
:1034D8006FF05FF483C60500130717009377370072
:1034E800A30FD7FE93851500E38E07F083C605006A
:1034F8001307170093773700A30FD7FE938515009E
:08350800E39A07FC6FF01FF0CD
:103510009377350013070500639C0704B7867F7F08
:103520009386F6F79305F0FF03260700130747007D
:10353000B377D600B387D700B3E7C700B3E7D700A8
:10354000E384B7FE8346C7FFB307A740638406043E
:103550008346D7FF638C06020345E7FF3335A0009F
:103560003305F5001305E5FF67800000E38806FAE0
:10357000834707001307170093763700E39807FE89
:103580003307A7401305F7FF678000001385D7FFB7
:0C359000678000001385C7FF6780000003
:10359C00370800801308F8FF23200600B376B80024
:1035AC00B708F07F938705001307050063F8160929
:1035BC00B3E8A60063840808130101FE13DE45017D
:1035CC00232E1100137EFE7F930806001383050043
:1035DC001306000063180E0203A6018483A641841F
:1035EC0023261101EFA05EED370700808328C10070
:1035FC001308F7FFB376B800138305001307050013
:10360C001306A0FC93D64641B70710808320C10156
:10361C009387F7FF938626C03373F300B386C600F7
:10362C00B707E03FB367F30023A0D80013050700EA
:10363C009385070013010102678000001305070042
:08364C00938507006780000070
:10365400130101FE2328210137D90000232C810006
:10366400232A91002326310113840500232E1100FF
:10367400930905001309C9C2EFB09FD883278900B5
:103684003717000083A4470093F4C4FF9387F47FA3
:103694009387077F338487401354C4001304F4FFD3
:1036A4001314C400634EE40093050000138509005D
:1036B400EFF01FB483278900B38797006306F502F0
:1036C40013850900EFB01FD48320C10103248101B5
:1036D40083244101032901018329C100130500004A
:1036E4001301010267800000B305804013850900BF
:1036F400EFF01FB09307F0FF6304F50483268900FD
:1037040083A7C144B384844093E41400138509005F
:10371400B387874023A2960023A6F144EFB09FCE3F
:103724008320C10103248101832441010329010170
:103734008329C100130510001301010267800000F2
:103744009305000013850900EFF09FAA0327890061
:103754009306F000B307E540E3D4F6F6B7D60000CD
:1037640003A6862D93E717003305C5402322F700EF
:0837740023A6A1446FF0DFF46D
:10377C0063840512130101FE232C81002326B10062
:10378C0013040500232E1100EFB01FC78325C100C1
:10379C0037D800001308C8C203A5C5FF138785FFDF
:1037AC00832888009377E5FF3306F70083264600CD
:1037BC001373150093F6C6FF6388C8182322D6002E
:1037CC00B308D60083A8480093F81800631A0308BE
:1037DC0003A385FFB7D50000938545C33307674026
:1037EC0003258700B3876700630AB5120323C7005C
:1037FC00232665002324A300638C081893E6170086
:10380C002322D7002320F6009306F01F63E2F60A6A
:10381C0093F687FF9386860083254800B306D8006D
:10382C0003A6060013D5570093071000B397A70003
:10383C00B3E7B700938586FF2324C7002326B70080
:10384C002322F80023A0E6002326E600130504003B
:10385C00032481018320C101130101026FB01FBA3F
:10386C00639E0802B7D50000B387D700938545C384
:10387C008326860093E817003305F7006380B6169D
:10388C000326C60023A6C6002324D6002322170134
:10389C002320F5006FF05FF76780000013651500BB
:1038AC0023AEA5FE2320F6009306F01FE3F2F6F6F6
:1038BC0093D69700130640006360D60E93D667002C
:1038CC00938596039395350013868603B305B8004C
:1038DC0083A60500938585FF6398D5006F00C01102
:1038EC0083A686006388D50003A646001376C6FF20
:1038FC00E3E8C7FE83A5C6002326B7002324D70020
:10390C0013050400032481018320C10123A4E500D5
:10391C0023A6E600130101026FB05FAE6390080AA4
:10392C008325C60003268600B386F60093E71600AF
:10393C002326B60023A4C5002322F7003307D700A3
:10394C002320D7006FF09FF0B386D70063100302DB
:10395C0083A785FF3307F74003268700B386F6005D
:10396C008327C7002326F60023A4C70013E61600FE
:10397C0083A7C1802322C7002324E800E3E8F6ECE8
:10398C0083A541A413050400EFF01FCC6FF01FECCE
:10399C00B387D7006FF0DFED130640016378D602D2
:1039AC00130640056368D60693D6C7009385F606C2
:1039BC00939535001386E6066FF05FF193E61700DA
:1039CC002322D7002320F6006FF05FE89385C6050D
:1039DC00939535001386B6056FF05FEF232AE80048
:1039EC002328E8002326B7002324B700232217013D
:1039FC002320F5006FF09FE5032548001356264061
:103A0C0093071000B397C700B3E7A7002322F80071
:103A1C006FF09FEE13064015636CD60093D6F7003B
:103A2C009385860793953500138676076FF01FEA0A
:103A3C0013064055636CD60093D627019385D607A1
:103A4C00939535001386C6076FF05FE89305803FAA
:083A5C001306E0076FF09FE77D
:103A64006388051E130101FE232C8100232A910083
:103A740013840500232E1100930405002320C100A4
:103A8400EFB01F9883250100130760019387B500E9
:103A94006378F71293F787FF9386070013D7F7012C
:103AA40063E4B71E6312071E0326C4FF130884FFD2
:103AB4001377C6FF6358D71237DE0000130ECEC249
:103AC40083288E003303E800032543006380681EC7
:103AD4009378E5FFB308130183A8480093F818000E
:103AE400639A08141375C5FFB308A70063D2D80EF0
:103AF4001376160063140602832E84FFB30ED84196
:103B040003A64E001376C6FF3305C500B308E500CF
:103B140063D4D832B308C70063DCD8281385040003
:103B24002324E100232201012320F100EFB04F857B
:103B34008327010003284100032781009306050021
:103B4400630805440326C4FF930585FF1376E6FF47
:103B54003306C8006304B6221306C7FF9307400266
:103B640063E2C72C130730016362C7229307050081
:103B7400130704000326070023A0C70003264700F9
:103B840023A2C7000327870023A4E70093050400AA
:103B9400138504002320D100EFF01FBE1385040019
:103BA400EFB05F86832601008320C10103248101D5
:103BB400832441011385060013010102678000007C
:103BC4009306000193870600130700006FF05FED72
:103BD4008326C30003268300138708002326D60008
:103BE40023A4C600832648003305F7409305F0005C
:103BF40093F616003306E80063E0A506B366D70023
:103C04002322D8008327460093E717002322F600D7
:103C140013850400EFB00FFF930604008320C10155
:103C24000324810183244101138506001301010249
:103C34006780000013761600E31206EE832E84FFDD
:103C4400B30ED84103A64E001376C6FF6FF09FEC67
:103C5400930506006FA0DFF2B3E6D7002322D80055
:103C6400B305F8001365150023A2A50083274600B9
:103C7400938585001385040093E717002322F6003B
:103C8400EFF09FAF6FF0DFF89307C00023A0F400BC
:103C9400930600008320C101032481018324410190
:103CA4001385060013010102678000001375C5FF28
:103CB400B308E5001383070163DA6824137616005A
:103CC400E31E06E4832E84FFB30ED84103A64E0000
:103CD4001376C6FF3305C500B308E500E3CC68E2FC
:103CE40083A6CE0083A58E001306C7FF13074002E8
:103CF40023A6D50023A4B60093868E006362C72E44
:103D0400930530011387060063F2C502832504007E
:103D14001307B00123A4BE008325440023A6BE00DC
:103D2400636AC7301304840013870E01032604005A
:103D34002320C700032644002322C700032684004F
:103D44002324C7003386FE003387F8402324CE00A3
:103D5400136717002322E60003A74E00138504000F
:103D64002320D10013771700B367F70023A2FE00C6
:103D7400EFB04FE9832601006FF05FEA8326C5FFA9
:103D840093F6C6FF3307D7006FF0DFE58325040001
:103D94001307B0012320B500832544002322B50076
:103DA400636EC71013078400930785006FF09FDCD0
:103DB40083A6CE0083A58E001306C7FF1305400219
:103DC40023A6D50023A4B60093868E006368C5108D
:103DD400930530011387060063F2C50283250400AE
:103DE4001307B00123A4BE008325440023A6BE000C
:103DF4006360C7181304840013870E0103260400AC
:103E04002320C700032644002322C700032684007E
:103E14002324C700138406001387080013880E00A8
:103E24006FF05FDC930504002320A100EFF00FC9BD
:103E3400832601006FF09FD58326C300832583006A
:103E44001306C7FF1305400223A6D50023A4B6001A
:103E540003A7CE0083A68E0013888E0023A6E60057
:103E64002324D700636EC50C9306300113070800A2
:103E740063F2C602832604001307B00123A4DE0004
:103E84008326440023A6DE00636AC7121304840059
:103E940013870E01832604002320D70083264400C1
:103EA4002322D700832684002324D7001304080088
:103EB4001387080013880E006FF0DFD203278400F5
:103EC4002324E5000327C4002326E500630AF60C37
:103ED40013070401930705016FF0DFC9138506007A
:103EE400930504002326D1012324F1002322110188
:103EF4002320D100EFF08FBC832EC10083278100E3
:103F040083284100832601006FF0DFF03308F800B6
:103F14003387F84023240E01136717002322E80097
:103F24000327C4FF1385040013771700B367F70052
:103F3400232EF4FEEFB00FCD930604006FF01FCED6
:103F440013050800930504002326D1012324F1005E
:103F54002322110123200101EFF04FB603280100B1
:103F64008328410083278100832EC1006FF01FF452
:103F74000327840023A8EE000327C40023AAEE002D
:103F8400630CA6081304040113878E016FF01FE766
:103F940013850400EFB00FC7930600006FF09FCFA6
:103FA4000326040113078401930785012328C50010
:103FB40003264401232AC5006FF0DFBB8326840057
:103FC4001307400223A8DE008326C40023AADE00D0
:103FD4006304E6081304040113878E016FF09FEB5A
:103FE40013850600930504002326D1012324F10040
:103FF400232211012320D100EFF04FACB7D70000EA
:10400400138EC7C2832EC1008327810083284100F9
:10401400832601006FF01FD30326040113870E02C9
:104024001304840123ACCE000326C4FF23AECE00C8
:104034006FF0DFDC832584001307400223A8BE0051
:104044008325C40023AABE006306E6021304040108
:1040540013878E016FF09FCD8326040113870E0210
:104064001304840123ACDE008326C4FF23AEDE00E8
:104074006FF05FE20326040113870E021304840128
:1040840023ACCE000326C4FF23AECE006FF01FCABC
:10409400130101E4232E111A232A911A2328211B28
:1040A4002328A1192326D100130D060093840500AB
:1040B40013090500EFE01FDE8327050013850700C1
:1040C4002324F102EFF08FC42322A1022320010C48
:1040D4006308090083274903639407006F10905C09
:1040E4008397C40003A7440637260000939627014C
:1040F40063C40636B7E6FFFFB3E7C7009386F6FF4F
:104104003377D7002396F4009397070193D7074199
:1041140023A2E40613F787006304072C03A7040112
:104124006300072C93F7A7011307A000638AE72C09
:10413400B7A700002326311B2324411B9309C10D7B
:1041440037AA00009387075D232C811A2320611B63
:104154002322511B232E7119232C8119232A9119EF
:104164002326B119232E010A232C010A232A310BF9
:10417400138B0900232AF100130ACA73232C0100AC
:10418400232601022328010223220104232A0102F7
:1041940023240100130400012322910083470D000E
:1041A400930A0D001387B7FD6302070663800706B1
:1041B400138C0A0083C71A00938A1A0063860700C7
:1041C4001387B7FDE31607FEB38CAA416380AA05E3
:1041D4008327C10B0325810B2320AB01B3879701F0
:1041E4001305150023229B01232EF10A232CA10A77
:1041F40093077000130B8B0063C0A72483278100EF
:10420400B38797012324F10083471C0063940700BC
:104214006F10D05C83C81A00138D1A00A30901081B
:10422400930AF0FF23200100930B0000130CA00558
:10423400130D1D00938708FE636CFC0403274101E2
:1042440093972700B387E70083A7070067800700D9
:10425400938708FD232001009306900003270100A3
:104264000326010083480D00131727003307C700F6
:1042740013171700B387E7002320F100938708FD85
:10428400130D1D00E3FCF6FC938708FEE378FCFAAB
:10429400639408006F109054930C1000230E1111B6
:1042A400A3090108138C0C0023280100930A0000C1
:1042B40023200102232E0100130300009307C111E0
:1042C4000326C10B93FD4B081308060063860D7E7D
:1042D40003473109630807068325810B1307000090
:1042E400130531092320AB00130616001305100033
:1042F400938515002322AB00232EC10A232CB10A77
:1043040013057000130B8B00634EB558630C070242
:104314008325810B130741092320EB001306260094
:1043240013072000938515002322EB00232EC10AD6
:10433400232CB10A13077000130B8B006354B700CE
:104344006F10401B130700086394ED006F00107D8D
:10435400B38A9A416340507913F70B10E3180706A8
:104364002320FB008327810B33069601232EC10AE9
:104374009387170023229B0113077000232CF10A53
:104384006342F768130B8B0013FE4B00630A0E00A5
:1043940083270100B38A8741635450016F100019C9
:1043A400032301006354830113030C00832781005A
:1043B400B38767002324F100630406006F104009EB
:1043C40083270101232C010A638807008325010147
:1043D40013050900EFF04FBA138B09006FF01FDCCF
:1043E4009385040013050900EFD09FC6631A0506E0
:1043F4008397C4001307A00093F7A701E39AE7D2B9
:104404008397E400E3C607D28326C10013060D0098
:104414009385040013050900EFC04FCD2324A100A8
:104424006F10000983480D006FF09FE083480D0072
:1044340093EB0B026FF0DFDF832541001306410B82
:1044440013050900EFC08FD6630405006F20501BCD
:10445400138B09006FF09FDA93162701E3DC06CA79
:104464009307F0FF2324F1006F10800493F78B006F
:10447400638407006F10C05B8327C1001305010824
:10448400232811019387770093F787FF03A647003A
:1044940083A50700938787002326F100EF901FB8B8
:1044A4000326010883264108032781088327C108BE
:1044B400832801011305010C232811012326F10C83
:1044C4002320C10C2322D10C2324E10CEF30404FD4
:1044D400232CA10893072000832801016314F5000D
:1044E4006F10D025930710006314F5006F1010416E
:1044F40013FCF8FD930710046304FC006F10903C58
:1045040093070003230AF108130710069307800595
:104514006394E8006F20C012A30AF10893073006E1
:1045240063D457016F2040240327C10C8326010C58
:104534000326410C8325810C635407006F20D009A6
:10454400232C0102232801009307C111930D0108B4
:104554002320F104232AC10693E72B00232CB10660
:1045640013850D009305010713068109232E1103FA
:10457400232EF1002328D106232EE106EF308003F9
:10458400032781080326010883264108232CE1061A
:104594000327C1082328C106232AD10613060106CE
:1045A400B706FC3F9305010713850D002326D106AA
:1045B400232EE106232001062322010623240106DB
:1045C400EF704FCF032E010803284108032681080A
:1045D4009305010713850D002326C103232001033E
:1045E400232CC10023280106232A0106232C0106BB
:1045F400232E0106EF708F96832BC10803268101B9
:1046040003280102032EC1028328C1038327010466
:104614006316050093061000232CD1089306100698
:104624006394D8006F209019B78600001387869D85
:10463400232CE10023206103938C0B002324210508
:1046440083248101138C070023261103232EF102F6
:104654002320A105130B0800930B060013090E0079
:104664006F00C0039305010713850D002320210962
:104674002322610923247109232691092328010691
:10468400232A0106232C0106232E0106EF700F8D29
:10469400631405006F201002938AFAFFB7070340E2
:1046A400130601069305010713850D002326F10661
:1046B40023282107232A6107232C7107232E91071E
:1046C400232001062322010623240106EF708FBE56
:1046D40013850D00EF904FEC93050500130D0500B5
:1046E40013850D00832C0108832B4108032B8108BB
:1046F4000329C108EF908FF9832781080326010855
:1047040083264108232CF1048327C1082328C104EC
:1047140093050106130601051305010723209107DC
:10472400232271072324610723262107232AD10486
:10473400232EF104EF800FACB387A40183C60700D6
:1047440093050C00130C1C0003290107032B4107DC
:10475400832B8107832CC107A30FDCFEE3940AF0AB
:104764008328C1028327C103130E090013080B0019
:1047740013860B0093840500938B0C00B70AFE3F4D
:104784009305010713850D00232611052326F10245
:1047940003298104930C0D002320C109032D010476
:1047A4002324C10523220109232001052324C10850
:1047B400232EC1022326710923280106232A010678
:1047C400232C0106232E5107EF704F88032B01027F
:1047D4008327C1028328C1046344A002930501070F
:1047E40013850D0023201103EF605FF78328010276
:1047F4008327C102631C050493FC1C0063880C041A
:10480400032781012320910A0346FCFF8345F70017
:1048140013070C006390C50213050003A30FA7FE42
:104824000327010A9306F7FF2320D10A0346F7FF63
:10483400E386C5FE930516001305900393F5F50F63
:104844006314A6006F208019A30FB7FE0326810905
:104854001387F8002302E10AB306FC401307F6FFAE
:10486400232CE108232CD100635407006F204073EC
:104874009306B002A302D10A9306900063D4E60023
:104884006F20C0079306610A130707032380E6001D
:1048940013070118B386E6401387D60D2326E102D9
:1048A4006F20800E832541001306410B1305090078
:1048B400232461042320F104232E1103232CE10279
:1048C400EFC0CF8EE312053A0326C10B0323810404
:1048D400832701048328C10303278103138B090061
:1048E4006FF0DFA2832A810B832681011307100056
:1048F4003306E600B38AEA00930D8B00E358D778B9
:10490400130710002322EB002320FB00232EC10AEF
:10491400232C510B13077000635457016F10803F11
:1049240003274102938A1A00232C510B3306E60015
:1049340003278102232EC10A938D8D0023ACEDFE43
:104944000327410223AEEDFE1307700063545701A1
:104954006F10003F0327810C0325010C8325410CB4
:104964002320F1022324E108832781010327C10CBA
:104974002320A1082322B108130501089305010788
:10498400232EC10023280106232A0106232C010615
:10499400232E01062326E108138BF7FFEF601FDCAB
:1049A4000326C101E306057283270102938A1A00D4
:1049B4003306660193871700232C510B232EC10A5B
:1049C40023A0FD0023A26D0193077000E3C0576F7D
:1049D400938D8D008327C1028326C1021307410AE8
:1049E4003386C70093871A0023A0ED00232EC10A43
:1049F400232CF10A23A2DD0013077000138B8D0012
:104A0400E354F798832541001306410B130509006D
:104A1400EFB0DFF9E31A05240326C10B138B090059
:104A24006FF09F968327C1000327C100A3090108E3
:104A340083A7070093044700639407006F10C01610
:104A440063D40A006F1000261385070013860A003A
:104A540093050000232E11012326F100EFD09FD4EB
:104A64002328A100034731098327C1008328C101FA
:104A7400631405006F20C017B30CF54093C6FCFF08
:104A840093D6F64133FCDC00630407006F10C024A6
:104A9400232691000326C10B2328010023200102B1
:104AA400232E010093FD4B08930A0000130300001A
:104AB40013080600E39E0D80032701003307874196
:104AC400E342E05A03473109E3180780B38A9A4165
:104AD400E354508937A800008325810B1308C87359
:104AE4006356540993840A00232EF102930D700037
:104AF40093070B00232C1103930A0300130B0A00E2
:104B04006F00C000938404FF6356940413060601E7
:104B14009385150023A0470123A28700232EC10AF1
:104B2400232CB10A93878700E3DEBDFC8325410073
:104B34001306410B13050900EFB05FE7E3160512F6
:104B4400938404FF0326C10B8325810B93870900FB
:104B5400E34E94FA13080B0083288103138B070098
:104B64008327C10313830A00938A04003306560182
:104B74009385150023200B0123225B01232EC10AF8
:104B8400232CB10A13077000130B8B006356B7FC78
:104B9400832541001306410B1305090023206104FA
:104BA400232EF102232C1103EFB05FE0E31E050A6C
:104BB40013F70B100326C10B032301048327C1033E
:104BC40083288103138B0900630C07F8130750062D
:104BD400E35A17D10327410C8325010C0325810CCB
:104BE4002322E1080327C10C2320B1082324A108B0
:104BF4009305010713050108232EC102232CF1029A
:104C04002320610423280106232A0106232C0106FC
:104C1400232E01062326E108EF605FB48327810376
:104C24000326C10303230104E31005228327810B18
:104C340037770000130787032320EB0013061600C1
:104C440013071000938717002322EB00232EC10AB9
:104C5400232CF10A13077000130B8B006354F70025
:104C64006F1000258327810903278101E3D0E74ED4
:104C7400032741028327810B130B8B003306E600C5
:104C84000327810293871700232EC10A232CEBFEEE
:104C940003274102232CF10A232EEBFE1307700095
:104CA400E340F76883278101938AF7FF635E50ED41
:104CB40037A80000930C00018327810B930D70002B
:104CC4009304C87363CA5C016F00502A938A0AFF75
:104CD40063C45C016F10C023130606019387170099
:104CE40023209B0023229B01232EC10A232CF10A9B
:104CF400130B8B00E3DCFDFC832541001306410B01
:104D040013050900EFB09FCA631005760326C10B93
:104D14008327810B138B09006FF05FFB93F70B0262
:104D24006398070E8327C10013F70B01938747008D
:104D3400630407006F10D07A8326C10013F70B04B5
:104D440003AC0600631407006F10C033131C0C017E
:104D5400135C0C41935EFC412326F10013870E0083
:104D6400634A070C63C80A0EB367DC0193FBFBF7C5
:104D74006392070E63900A0E834E310963940E000A
:104D84006F104032130C00001303000023280100AD
:104D9400930C0000930A000093070118130C1C00E5
:104DA400631403006F20802F0326C10B8325810B1E
:104DB40093FD4B08130C2C00130806001385050003
:104DC40063860D7023200102232E010013030000CB
:104DD40063820ED4130720006FF08FD08327C100A5
:104DE400930C1000A309010883A70700230EF110F8
:104DF4008327C100938747002326F1006FF08FCAF1
:104E040093F70B0213EE0B01E3820740930B0E00A2
:104E14008327C1009387770093F787FF03A7470091
:104E2400938687002326D10003AC0700930E070066
:104E3400E35A07F2B3378001B30ED041B38EFE407C
:104E44009307D002A309F108330C804163C40A001C
:104E540093FBFBF7639E0E269307900063EA872774
:104E6400130C0C03A30F8117138C0A00E35A503F51
:104E7400834E310913030000930C10009307F117BC
:104E840023280100E38E0EF0130C1C006FF05FF179
:104E94008327C10083A707002320F100E3D0072C58
:104EA40083270100B307F0402320F1008327C100CA
:104EB400938747002326F10083480D0093EB4B00B2
:104EC4006FF00FB79307B00283480D00A309F108F0
:104ED4006FF00FB683480D0093EB0B086FF04FB5DE
:104EE40083480D009307A00293061D006394F80005
:104EF4006F20C00D938708FD13069000930A0000ED
:104F04006364F60213972A0083C80600B30A5701A4
:104F1400939A1A00B38AFA00938708FD93861600C1
:104F2400E372F6FEE3C80A3C138D06006FF08FB0FF
:104F340013050900EFD01FF68327450013850700EA
:104F4400232AF102EFE08FDC930405001305090026
:104F540023229104EFD01FF40327850083480D001A
:104F64002328E102638604AC630407AC834707008B
:104F7400638007AC93EB0B406FF08FAB83480D005D
:104F840093EB1B006FF0CFAA8347310983480D00D0
:104F9400639007AA93070002A309F1086FF04FA9D1
:104FA40093F70B0293E60B01E38207228327C100E8
:104FB4009387770093F787FF138787002326E10001
:104FC40003A6470003A70700A309010893FBF6BF44
:104FD40063CA0A60B367C70093FBF6B763940760BC
:104FE40063920A6013FC1600E3020C0893070003A3
:104FF400A30FF116930C0C002328010023200102B7
:10500400232E0100130300009307F1176FF04FAB39
:1050140083480D0093078006E38CF82E93EB0B0472
:105024006FF00FA10327C10093F70B02130747008A
:10503400E39C071A93F70B01E398077693F70B04A5
:10504400638407006F10C04413FE0B20E30E0E743C
:105054008327C100832681002326E10083A707005C
:105064002380D7006FF08F9383480D009307C00609
:10507400E388F82893EB0B016FF08F9B93F70B02F7
:105084006398072493F70B01638407006F10D044DF
:105094000327C10093F70B04032C070013074700F1
:1050A4002326E100639407006F00107B131C0C019E
:1050B400A3090108135C0C01930E0000E3CC0AD889
:1050C40033E38A0193FBFBF763040316E3860ED8EC
:1050D400B7DCCCCCB7DDCCCC938CDCCC938DCDCCF5
:1050E40013F80B409305000013060118938408007D
:1050F4006F0000080327010303470700930617F016
:1051040063840600E30AB75C13030C0013850E00E6
:10511400138607003307DC01B33687013307D70052
:10512400B336970313DE260093F6C6FFB386C60193
:105134003307D7403307EC40B336EC00B386DE4088
:10514400B3869603B30EB703333E9703B386D601F3
:1051540033079703B386C601139EF60193DE160048
:1051640013571700330CEE00631405006F1050271B
:105174003307DC01B3368701B306D70033B5960392
:10518400938515009307F6FF135325001375C5FF88
:1051940033056500B386A640B306DC403335DC0036
:1051A4003385AE4033B3960333059503B386960334
:1051B400330565001315F50193D61600B306D50023
:1051C40013952600B306D50093961600B306DC406B
:1051D40093860603A30FD6FEE31E08F013030C0008
:1051E40013850E00138607006FF01FF3B7870000C6
:1051F400938707830327C100231AF1088327C1007B
:10520400A30901080327070093874700130600003A
:10521400E3C80A0613FEFBF7936B2E00E3920A5AC7
:10522400E310075A2326F100130320009308800794
:10523400834E3109930A0000130C0000930C000004
:1052440093070118232801006FF0DFC393F70B02C3
:10525400E39407008327C10013F70B0193874700EA
:10526400630407006F1050260327C10093F60B0454
:1052740003270700E384065C13170701135707018C
:105284002326F10093860B00130600006FF0DFD392
:1052940093F70B0213EE0B01639E07028327C100F1
:1052A4000327C100A309010893874700032C0700C3
:1052B400930E0000E3CA0A682326F100937BFEF7ED
:1052C400E31C0CB8E39A0AB8130300006FF05FF60E
:1052D400138E0B008327C100A3090108938777006D
:1052E40093F787FF138787002326E10003AC0700A9
:1052F40083AE470063C20A78937BFEF7E39C0AB44B
:10530400B367DC01E39807B4130300006FF05FF2A6
:1053140083480D0093EB8B006FE09FF1032701009E
:10532400B30D87416344B0016FF08F82930E000187
:105334008325810B37A8000063C4BE016F10502081
:1053440093840D00232EF102930D0D0093070B009F
:10535400138D0C0093027000930C0C00232C11038A
:10536400138C0A00130B0300930AC8736F00C00068
:10537400938404FF63DA9E041306060193851500E3
:1053840023A0570123A2D701232EC10A232CB10A3B
:1053940093878700E3DEB2FC832541001306410BAB
:1053A40013050900EFB08FE06310050C930E0001A4
:1053B400938404FF0326C10B8325810B9387090083
:1053C40093027000E3CA9EFA13030B00832881033F
:1053D400138B07008327C10313880A00930A0C0068
:1053E400138C0C00930C0D00138D0D00938D040091
:1053F4003306B6019385150023200B012322BB013C
:10540400232EC10A232CB10A13077000130B8B003F
:105414006344B7006FE0DFF3832541001306410BBB
:105424001305090023206104232EF102232C110308
:10543400EFB0CFD7631A05020326C10B832881037B
:105444008327C10303230104138B09006FE05FF07A
:10545400832541001306410B13050900EFB00FD556
:10546400631405006FE0DFF5832501018324410007
:105474006386050013050900EFE00FB083D7C4006D
:105484000324811B8329C11A93F70704032A811A71
:10549400832A411A032B011A832BC119032C811966
:1054A400832C4119832DC118638407006FE05FFBCF
:1054B4008320C11B032581008324411B0329011B75
:1054C400032D01191301011C67800000032701004B
:1054D40023200102232E0100330787411303000018
:1054E400634AE02863940E006FE0DFE213072000B4
:1054F4006FE01FDF832541001306410B13050900EC
:1055040023206104232EF102232C1103EFB00FCAD0
:10551400E31C05F40326C10B032301048327C10301
:1055240083288103138B09006FE0DFE1930C0001F2
:105534008327810B37A8000063C45C016F10407996
:1055440083244100930D7000930BC8746F00C00056
:10555400938A0AFF63D65C05130606019387170036
:1055640023207B0123229B01232EC10A232CF10A31
:10557400130B8B00E3DEFDFC1306410B9385040043
:1055840013050900EFB08FC2E3140514938A0AFFD0
:105594000326C10B8327810B138B0900E3CE5CFB2D
:1055A40013880B003306560193871700232EC10A74
:1055B400232CF10A23200B0123225B011307700023
:1055C4006344F7006FE0DFDD832541001306410BE0
:1055D40013050900EFB08FBDE31805E80326C10BDE
:1055E4006FE01FDC930701189315D60193767700BB
:1055F40013573700138507003387E50093860603A6
:1056040013563600B365C700A38FD7FE9387F7FF01
:10561400E39C05FC938606FD6386060013F71B00D6
:10562400631A073613070118B30CF740138C0A00EA
:1056340063C69A352328010023200102232E01008A
:10564400130300006FE0DFC7032581096356A078C8
:1056540003278101930A0300634867486356500394
:105664000327810B330656012320FB001307170081
:1056740023225B01232EC10A232CE10A9305700027
:10568400130B8B00E3C4E55413C7FAFF1357F74118
:10569400B3FAEA00B30A53416342505513F70B407F
:1056A400B38D6700E312072C832A81090327810144
:1056B40063C6EA0013F71B00E30A075A8326410274
:1056C4000327810B930570003306D60083268102DD
:1056D40013071700232EC10A2320DB00832641026F
:1056E400232CE10A130B8B00232EDBFE63D4E5008D
:1056F4006F10804B03278101B387E700B38CB74158
:10570400B30A574163D49A01938C0A0063589003F7
:105714000327810B330696012320BB0113071700CF
:1057240023229B01232EC10A232CE10A9307700034
:10573400130B8B0063D4E7006F10C04E13C7FCFF3C
:105744001357F741B3F7EC00B38AFA4063445001AE
:105754006FE09FC337A80000930C00018327810BDF
:10576400930D70009304C87363CC5C511308C87321
:105774006F00407A930D2000930E00011306080079
:105784009305050037A8000063C4EE006F10C04401
:10579400232EF1029303700093070B009304070078
:1057A400138B0A00232C110323206104930AC87469
:1057B4006F00C000938404FF63DA9E04130606019D
:1057C4009385150023A0570123A2D701232EC10AD4
:1057D400232CB10A93878700E3DEB3FC83254100C1
:1057E4001306410B13050900EFB04F9CE31E05C6D9
:1057F400930E0001938404FF0326C10B8325810BC0
:105804009387090093037000E3CA9EFA13880A0081
:1058140083288103930A0B0003230104138B0700DD
:105824008327C103138704003306C700938515003B
:105834002322EB00232EC10A232CB10A23200B01BF
:10584400130770006344B75403473109130B8B00EB
:105854006310071263940D006FE09FAF930D000077
:105864006FE05FAB0325810B6FF01FF1930C000019
:10587400930A000023200102232E010013030000D9
:1058840023280100930701186FE09FA3B3F5EB00F1
:10589400639805862320FB002322EB00232EC10AF4
:1058A400232C510B9307700063D657938325410033
:1058B4001306410B13050900EFB04F8FE31605BA29
:1058C4000326C10B832A810B938D09006FF08F90FF
:1058D400032781019307100063DEE78E930710010D
:1058E40037A8000063C4E7006F100078930C000130
:1058F400930770009304C8736F00C000130B0BFF71
:1059040063D86C7113060601938A1A0023A09D00C4
:1059140023A29D01232EC10A232C510B938D8D00AC
:10592400E3DE57FD832541001306410B13050900EF
:10593400EFB0CF87E31A05B20326C10B832A810B8C
:10594400938D0900930770006FF05FFB93F71B00C2
:10595400639407006FE05FA36FF08FB18327C100EA
:1059640083480D00938747002326F1006FE05F8C86
:1059740013870D00930D00006FE09F96138C0C00AD
:105984002328010023200102232E01001303000019
:105994006FE01F931305E5FF130700039306011837
:1059A400B38CA640A38FE7FE138C0A0063D49A013C
:1059B400138C0C0093070500232801002320010207
:1059C400232E0100130300006FE09F8F8327C10083
:1059D400938747000327C100130600002326F10024
:1059E400032707006FF04FDE8327C1008326810061
:1059F4000326810083A7070093D6F6412326E100FE
:105A040023A0C70023A2D7006FE04FF98327C1006A
:105A1400938747000327C100930B0E002326F10050
:105A2400032C0700935EFC4113870E006FF04FB305
:105A34008327C1000327C10083A70700130747007A
:105A44002326E10003A6070083A6470003A78700D7
:105A540083A7C7006FE01FA693860B006FF00FD5D6
:105A6400834E3109130C100013030000930C100033
:105A74009307F1176FF0CFC0930B0E006FF08FBD3B
:105A8400B785000093EB2B002326F1009385C59E78
:105A940013032000930E0000930880079307011856
:105AA4009376F700B386D50083C6060013574700E4
:105AB4009387F7FF2380D7009316C6013387E60048
:105AC40013564600B366C700E39C06FC130701188F
:105AD400B30CF740138C0A0063D49ABB138C0C00EC
:105AE400232801006FF00FBA930A0700E34A50B766
:105AF4006FF09FB9930AF0FF138D06006FE08FF3E8
:105B040083481D0093EB0B02130D1D006FE04FF251
:105B140083481D0093EB0B20130D1D006FE04FF124
:105B2400832541001306410B13050900EFA01FE86C
:105B3400E31C05920326C10B138B09006FF08F96AB
:105B4400B78500009385859D93F70B02638A071838
:105B54008327C1009387770093F787FF1387870014
:105B64002326E10003A6470003A7070093F71B00C1
:105B7400B366C7006384070063920630A309010873
:105B840063CE0A1E93FBFBB71303000063940A0061
:105B9400638006EA834E31096FF05FF0B785000039
:105BA4009385C59E6FF05FFA93076000138C0A001B
:105BB400E3EA5701B787000023269100938707A0E3
:105BC40023280100930C0C00930A000023200102F7
:105BD400232E0100130300006FE08FEE93080001F1
:105BE4000327810B37A8000063C458016F10804A53
:105BF40093840A00930C7000938D0700232C610298
:105C0400930AC8736F00C000938404FF63DA987426
:105C1400130606011307170023205B0123221B012F
:105C2400232EC10A232CE10A130B8B00E3DEECFCC8
:105C3400832541001306410B13050900EFA01FD76C
:105C4400E31405820326C10B0327810B138B090080
:105C5400930800016FF05FFB832541001306410B9D
:105C640013050900EFA09FD4E31005800326C10BA0
:105C74008327810B138B0900938A0AFF63DA5C295B
:105C8400130606019387170023209B0023229B0100
:105C9400232EC10A232CF10A130B8B00E3DEFDFC37
:105CA4006FF09FFB13850700232811012326F100C1
:105CB400EFD0DF85034731099346F5FF93D6F641CC
:105CC4008327C10083280101930C0500337CD50090
:105CD400631407006FE0DFDB130C1C006FE05FDB75
:105CE4008326C1000327C10093F70B019386460066
:105CF4002326D10003270700639E070693F70B04AE
:105D040063860706131707011357070113060000DC
:105D14006FF0DFE5832541001306410B13050900ED
:105D2400232EF100EFA09FC8631005F40326C10BD6
:105D3400832A810B8327C101938D09006FE05FBE25
:105D4400832541001306410B13050900232EF1009E
:105D5400EFA0DFC5631A05F00326C10B832A810B6C
:105D64008327C101938D09006FE0DFBE93F70B20F9
:105D7400639E0774130600006FF05FDF93FBFBBFA5
:105D840013030000930E00006FF05FD183254100E0
:105D94001306410B1305090023206104232EF1028D
:105DA400232C1103EFA09FC0631005EC03473109B6
:105DB4000326C10B832881038327C1030323010422
:105DC400630E072213870D008325810B930D0000BA
:105DD400138B09006FE0CFD00327810BB775000048
:105DE400938585032320BB0013061600930510003A
:105DF400130717002322BB00232EC10A232CE10A18
:105E040093057000130B8B00E3C0E5440327810165
:105E14003367A7006304075E832641020327810BCF
:105E2400930570003386C60083268102130717008A
:105E3400232EC10A2320DB0083264102232CE10AFE
:105E4400130B8B00232EDBFE63C8E55EE344056081
:105E540083268101130717002320FB003386C60025
:105E6400232EC10A232CE10A2322DB0093077000AE
:105E740063C4E7006FE00FD16FE0DFB8930700035E
:105E8400A30A1109A3090108230AF10863C40A2C0F
:105E940013FEFBB7834E3109936B2E0013032000CE
:105EA4006FF0DFBF13050900EFB00FC16FE04FA320
:105EB400832541001306410B13050900EFA01FAF12
:105EC400631405DA0326C10B138B09006FE09FD915
:105ED400832501016FF0CFD963980E6413079000F6
:105EE4006364876513070118232CB100B30CF740D2
:105EF40093880400138C0A0063D49A01138C0C0059
:105F0400834E310913030000232801006FE09FF73B
:105F1400138804003306560193871700232EC10A01
:105F2400232CF10A23200B0123225B0113077000A9
:105F34006344F7006FE00FC56FE0DFAC0327010C8B
:105F44008327410C930501072320E1082322F1084C
:105F54000327810C8327C10C13050108232801069C
:105F6400232A0106232C0106232E01062324E108FB
:105F74002326F108EF50DFA08328010193FBFBF7F0
:105F8400E3460540930770040347310963C8175972
:105F9400B7870000938787A063180718930C300015
:105FA400138C0C006FE01FAF8327C1008326810090
:105FB40083A7070023A0D7002326E1006FE00F9EEC
:105FC400B7850000834E31092326F1009385C59ED1
:105FD40093088007130320006FF05FAC8327C10B85
:105FE40083244100638C07C8130509001306410B81
:105FF40093850400EFA09F9B6FF04FC863860D4804
:106004008325810B930D0000138B09006FE08FB083
:106014001388040033066601938A1A00232EC10AEA
:10602400232C510B23A00D0123A26D0193077000B3
:1060340063C457016FE0DF996FF05F8793F60B201D
:10604400638C06481377F70F2326F10093860B0021
:10605400130600006FE05FF713F30B20A309010898
:10606400631C0344930E000063D40A006FE0DFDE78
:1060740093FBFBF763840A006FE01FDE630A0C9A4C
:106084006FE09FDD13F70B2063000742131C8C01A4
:10609400135C8C41935EFC412326F10013870E00B0
:1060A4006FE01FCC23280100930C00002320010281
:1060B400232E01001303000093070118130C0000A2
:1060C4006FE00FA013E70B109307F0FF2328E10004
:1060D400832E010C032F410C8322810C832CC10CD1
:1060E4006384FA5693079CFB6394070063820A6EE9
:1060F400E3CE0C42232C01026F00C055832FC10C48
:10610400B707008093FBFBF733F3FF00630E033CF8
:106114009307D002A309F10893077004E3D6174F3D
:10612400B7870000938747A123280100930C300010
:10613400930A000023200102232E01001303000010
:10614400130C40006FE0CF972326F100930B0E0051
:106154006FE09FD013FEFBBF936B2E001303200050
:10616400930E00006FF09F930327C1018326010261
:106174003367D700E30E077203278101232E7103CF
:1061840023208105938B0D002324A105832AC101BB
:10619400832D0102032C4104032D0103B7A8000041
:1061A40093060B009388C87313087000930C0001C6
:1061B400232CF102338BE700634AB009130DFDFF72
:1061C400938AFAFF8327810B032741033306860151
:1061D4009387170023A0E60023A28601232EC10A79
:1061E400232CF10A93868600634AF81083450D0038
:1061F400B3047B4113070B0063D49500938405001B
:10620400635690028325810B33069600232EC10A20
:106214009385150023A0760123A29600232CB10AAE
:106224006344B81083450D009386860013C5F4FFBC
:106234001355F541B3F7A400B384F540634C9000C3
:10624400B38BBB00E34A50F7635EB055938DFDFFFB
:106254006FF05FF7B7A200008325810B9382C273AE
:1062640063DA9C06232EE100232011036F00C00093
:10627400938404FF63DC9C041306060193851500D4
:1062840023A0160123A29601232EC10A232CB10AAE
:1062940093868600E35EB8FC832541001306410B18
:1062A40013050900EFA08FF06310059CB7A7000049
:1062B400938404FF0326C10B8325810B9386090075
:1062C4009388C77313087000E3C89CFA0327C101BD
:1062D400832201023306960093851500232EC10AFA
:1062E400232CB10A23A0560023A296006346B87853
:1062F40083450D00938686006FF09FF4832541004B
:106304001306410B13050900EFA04FEA631E059421
:10631400B7A700000326C10B938609009388C773AF
:10632400130870006FF09FEC832541001306410BA6
:1063340013050900232EE100EFA04FE76316059231
:10634400B7A7000083450D000326C10B0327C10135
:10635400938609009388C773130870006FF01FEDCC
:106364000323810313880A0093870D00938A040092
:10637400330656011307170023200B0123225B0168
:10638400232EC10A232CE10A93057000130B8B0002
:1063940063D6E5B0832541001306410B13050900BC
:1063A400232E6102232CF102EFA04FE0631E058A25
:1063B4000326C10B0323C10383278103138B090025
:1063C4006FF0CFAD138C07006FF0CFFE8325410033
:1063D4001306410B13050900232E6102232CF1023D
:1063E400EFA0CFDC631205880326C10B0323C1038E
:1063F40083278103138B09006FF00FA913F71B0088
:10640400631407006FD05FF8832641020327810BD2
:10641400930570003386C600832681021307170094
:10642400232EC10A2320DB0083264102232CE10A08
:106434002322DB0063D8E574832541001306410B56
:1064440013050900232EF100EFA04FD663040500C5
:106454006FF08F81032581090326C10B0327810B6C
:106464008327C101138B09006FF05F9E032781010D
:10647400B387E700B38CB741B30A574163D09AADF1
:10648400938C0A006FF08FAB138B09006FD05FEC15
:106494008327C100832681002326E10083A7070008
:1064A4002390D7006FD09FCF935EFC412326F10049
:1064B40013870E006FE0DF8A137CFC0F930E00003D
:1064C40063C40A006FE0DFBF6FE0DF981377F70F54
:1064D400130600006FF08FE92326F10093860B006A
:1064E400130600006FE05FAE9307700403473109A1
:1064F400E3D21711B7870000938747A1E312073E41
:10650400930C3000138C0C00930A0000232001022A
:10651400232E0100232801006FD09FDAB7870000E3
:106524009387C7A06FF05FA7032741048325410326
:10653400232ED101B386E740130607001385060016
:10654400232C01012328D100EFC00FB0832EC101F9
:1065540037D6CCCC1306D6CC3307DC01B33787014E
:106564003307F700B335C70237D5CCCC1305C5CCF8
:1065740083270103832601030328810183C71700AE
:10658400B337F00093D8250093F5C5FFB385150103
:106594003307B7403307EC40B335EC00B385BE4056
:1065A4003305A702B387F600832601012328F102ED
:1065B4009387F6FFB385C502B385A5003335C702BB
:1065C4003307C702B385A5001395F50193DE1500C3
:1065D4009305100013571700330CE5003307DC0153
:1065E400333587013307A7003335C7029358250095
:1065F4001375C5FF330515013307A7403307EC4076
:106604003335EC003385AE40B338C7023305C502D9
:106614003307C702330615011316F6011357170083
:106624003307E600131627003307E6001317170095
:106634003307EC4013070703A38FE6FE6FE09FAB1D
:10664400930780076FD05FED63C00C6E232C0102AB
:10665400930A600093076004631EFC449307C10916
:106664001307810993860A00930501081308010A98
:106674001306300013050900232E11032320D1092A
:106684002320D1032322E109232EE10123245108ED
:10669400232C510023269109EF10C00983460500DD
:1066A4001307000383228101032FC101832E0102FA
:1066B4008328C10393070500B3045501E38AE60464
:1066C400832D81091305010893050107232EF10089
:1066D40023269109232C11012320D1092322E10926
:1066E4002324510823280106232A0106232C01060A
:1066F400232E0106EF508F868327C101B38CB4018A
:1067040013830D00631A057E3387FC40232CE100BC
:1067140013F71B0033675701E35A600EE3100704B5
:10672400930C03009308600613FE0B4063160E6E71
:1067340093C6FCFF93D6F64133FCDC0003278103A8
:10674400630A074C1307D002A309E108130C1C00C9
:10675400832B0101930A0000232801002320010256
:10676400232E01006FD0DFB593851A0013050900AD
:1067740023281101EF80CFC083280101930705006E
:10678400E30E05120327C10C2328A1008326010C64
:106794000326410C8325810C63440764232C0102E6
:1067A4006FD0DFDA938D0B002328A10383278103A5
:1067B400832BC103032C0104032D8104138B0600D6
:1067C4006364B7016FE05FEE930D07006FE0DFEDE8
:1067D400232C010263DA0C00B7070080B3CCFC0061
:1067E4009307D002232CF102930D01089307C109EA
:1067F40093850D001308010A1307810993061000FD
:106804001306200013050900232011052320D109B4
:10681400232ED1032322E1092320E1032324510859
:10682400232E510023269109EF00D0708322C10149
:10683400032F0102832EC10383280104930A10004D
:1068440093070500232C510113F71B00630E07184F
:1068540013850D00930501072320F102232E110156
:106864002320D1092322E109232451082326910955
:1068740023280106232A0106232C0106232E0106C0
:10688400EF40DFED8328C101832701026302057E07
:10689400832681010327010AB38CD700E37097078D
:1068A40013060003930617002320D10A2300C70010
:1068B4000327010AE36897FF3307F7409306700440
:1068C400232CE100032381096308DC12130760040D
:1068D400E300ECE41307F3FF2302110B232CE1087C
:1068E400634807689306B002A302D10A9306900096
:1068F40063DCE668232E710123280100930E310B1B
:1069040037DECCCC13850E00130EDECC130F30060D
:10691400B336C70313080700930505001305F5FFF5
:1069240093D63600139626003306D60013161600A7
:106934003307C74013070703A38FE5FE1387060039
:10694400E3480FFD13870603A30FE5FE1387E5FF56
:10695400637CD7731305610A930605000346070099
:106964001307170093861600A38FC6FEE318D7FFFC
:106974003307A700130727003307B7409306410ADC
:106984003307D7402326E102832681010326C1026F
:1069940013071000B38CC6006352D7420327410289
:1069A400B38CEC000327C10193C6FCFF93D6F641D8
:1069B400137EF7BF137327000327810333FCDC0026
:1069C400936B0E1063080734930ED002A309D10908
:1069D400930A0000130C1C006FE08FBC8326810116
:1069E40083C5A6006FD05FE60327010A032381094C
:1069F4003307F740232CE1001327D3FF6314070068
:106A040063D66A009388E8FF6FF0DFEC0327810107
:106A1400634CE32C13F71B00930C0300630607007D
:106A240003274102B30CE30013FE0B4063040E0082
:106A34006342603E93C6FCFF93D6F64133FCDC0010
:106A4400930870066FF09FCF832541001306410B16
:106A540013050900232EF100EF905FF56304050090
:106A64006FE09FA0032581090326C10B8327C10181
:106A7400138B09006FF08FB9832541001306410B76
:106A840013050900232EE100EF905FF26304050073
:106A94006FE09F9DB7A7000083450D000326C10B3F
:106AA4000327C101938609009388C77313087000F4
:106AB4006FF00FF99307BCFB93B71700B387570127
:106AC400930D0108232CF100938607001307810915
:106AD4009307C10993850D001308010A13062000CA
:106AE40013050900232011052320D109232ED103E6
:106AF4002322E1092320E10323245108232E5100FA
:106B040023269109EF001043130770048322C10167
:106B1400032F0102832EC103832801049307050078
:106B2400E304ECD22320A1029305010713850D0091
:106B3400232E11012320D1092322E1092324510802
:106B44002326910923280106232A0106232C010662
:106B5400232E0106EF409FC08328C1018327010231
:106B64006306055A832681010327010AB38CD700E3
:106B7400E36897D33307F74003238109232CE1000B
:106B84006FF05FD5130B8B006FF08FAC9307D002BF
:106B9400A309F1089307700463DA1723B787000089
:106BA4009387C7A06FF04FD8832541001306410B8C
:106BB40013050900232EF100EF905FDF6304050045
:106BC4006FE09F8A832A81090326C10B8327C101B1
:106BD400138B09006FE01FB21308C8746FE0DFC4A1
:106BE40013079000637467006FE08FD86FF08FAF66
:106BF400232691006306071A138C1A00938C0A004B
:106C040023200102930A0000232E01001303000035
:106C14006FD00FEB03473109E30C07B2130C1C00D0
:106C24006FF01FB3832541001306410B13050900C0
:106C3400EF90DFD7630405006FE01F83832A810987
:106C4400832781010326C10B138B0900B38A5741A3
:106C54006FE0DFAE930500FFB30AA04037A8000041
:106C64006354B544930C0001930D7000232EF1007E
:106C74009304C8736F00C000938A0AFF63D65C0D47
:106C8400130606011307170023209B0023229B01F0
:106C9400232EC10A232CE10A130B8B00E3DEEDFC47
:106CA400832541001306410B13050900EF901FD003
:106CB400630405006FE04FFB0326C10B0327810B20
:106CC400138B09006FF05FFB93860B006FE09FD07E
:106CD4001308C8746FE01F8D138E0B006FE00FDC78
:106CE400138E0B006FE01FD303278101832641021B
:106CF40093087006B30CD700E34860A2338F6C404E
:106D0400930C1F0093C6FCFF93D6F64133FCDC00C2
:106D14006FF0DFA2834E3109930A000063840E00F2
:106D24006FE08F966FE0CF87930A6000B70700800B
:106D3400B3CCFC009307D002232CF1026FF09F9197
:106D44001308C8736FE0CFEA8327C10113880400D6
:106D54003306560113071700232EC10A232CE10A18
:106D640023200B0123225B0193057000E3DCE5E0A3
:106D7400832541001306410B13050900232EF1005E
:106D8400EF90DFC2630405006FE00FEE0326C10B32
:106D94000327810B8327C101138B09006FF04F8BED
:106DA400938C0A00138C0A0023200102930A00002A
:106DB400232E0100130300006FD08FD00327C101DD
:106DC40013771700E30007BE6FF05FBDB7870000BD
:106DD400938787A06FF04FB5232801009307C11153
:106DE400370500803347A7001305D002232CA102E6
:106DF4006FD0CFF5B7870000938707A16FF00FF02E
:106E0400832441006FE08FE7B7870000938707A1D1
:106E14006FF08FB19308700603270103034707003F
:106E2400930617F06386062A6354672A83260103B0
:106E340013050000930500006F0080019385150081
:106E440093861600130617F063000602635E67005C
:106E54003303E34003C71600E31207FE03C706002B
:106E6400130515006FF01FFE2328D1028326410469
:106E74003307B500232EB1003307D7022320A10224
:106E8400B38CEC000327810393C6FCFF93D6F64131
:106E940033FCDC00630E07141307D002832B0101BB
:106EA400A309E108130C1C0023280100930A000025
:106EB4006FD00FC1938CFAFF032B01028328C10208
:106EC4008327C103032D010403298104B30A5C0150
:106ED40013070C001306000363D40C006FD01F9734
:106EE40013071700A30FC7FEE39CEAFE33079C01B8
:106EF400130C17006FD09F950327010A8328810183
:106F0400E360979B3307F740232CE1006FF01F9C4D
:106F14001305010893050107232EF100232C110109
:106F24002320D1092322E10923245108232691098E
:106F340023280106232A0106232C0106232E0106F9
:106F4400EF40DF81832881018327C101631A050C87
:106F540003238109B38C64006FF00FFB0327410204
:106F6400338F6A0093086006B30CEF006FF0CFFB19
:106F74001307D002A302E10A930680FF130710004F
:106F840033076740E348D396930600032303D10AEB
:106F9400232E7101232801009306710A6FD0DF8E1E
:106FA4001307D002A302E10A930680FF130710001F
:106FB4003307C740E344D6946FD0DF8CB786000014
:106FC4001387C69E232CE1006FD0CFE68327C10030
:106FD40083AA07009387470063D40A00930AF0FF4B
:106FE40083481D002326F100138D06006FD04FA4A3
:106FF4000347310963020708832B0101130C1C00AA
:1070040023280100930A00006FD08FAB631E070290
:10701400130C1000930C0C00930860066FF00FF231
:10702400930F10000327010AB38F5F41232CF1094A
:10703400938C1700E36697873307F74013830F0099
:10704400232CE1006FF0CFEC032741029308600684
:10705400130F1700B30C5F0193C6FCFF93D6F641E0
:1070640033FCDC006FF08FED1308C8736FE09FFAF8
:10707400032381096FF05F98832B0101930A0000B9
:10708400232801006FD0CFA3130720002326E10299
:107094006FF09F8F1308C8736FF08FAD2320010228
:1070A400232E01006FD0CFA11308C8736FF05FCAFD
:1070B400032781013387E7006FF08FF083244100B9
:1070C40083D7C40093E707042396F4006FE00FBB53
:1070D4001307000023200102232E01006FF05FDA62
:1070E400930A000023200102232E0100232801001B
:1070F400930C3000130C40006FD08F9C3307F74083
:1071040003238109232CE1006FF01F8F03238109DE
:047114006FF04FFCCD
:107118001307050003A501819306060013860500E1
:08712800930507006FC09FF6FC
:1071300083C70500130720076382E708130770075A
:10714000638EE700130710066382E7089307600168
:107150002320F50013050000678000001303006082
:10716000130710001305800083C7150093851500D1
:1071700063860702B7180000938808809306B00260
:10718000130880076382D7026394070133671701EE
:1071900083C7150093851500E39607FEB367E300E8
:1071A0002320F60067800000137535FE1377C7FFB4
:1071B00013650501136727006FF09FFD130300009F
:1071C00013070000130540006FF01FFA130380201F
:0C71D00013071000130580106FF01FF96A
:1071DC008397C50013F72700630E070093873504C8
:1071EC001307100023A0F50023A8F50023AAE5003F
:1071FC0067800000138705008395E500130101F8F3
:10720C00232C8106232E11061304050063CE0508DA
:10721C00130681012324E100EFB0DFDC032781009A
:10722C00634205089305004013050400232A9106C8
:10723C002324E1008324C101EF701F9403278100F4
:10724C008317C7006302050C9306004093E70708F9
:10725C00232AD70093D6C4402316F7002320A70077
:10726C002328A70093F6F600130620006396C60C9D
:10727C008315E700130504002324E100EF00402DE3
:10728C00032781008317C7006308050A93F7C7FF1C
:10729C00B71600008324410793E7170093860680F6
:1072AC006F0000058317C70093F7070893B7170003
:1072BC00B307F04093F5073C9385050413050400D0
:1072CC002326E1002324B100EF701F8B0327C1009C
:1072DC00832581008317C700630A050293E707081B
:1072EC002320A7002328A700232AB7009306000019
:1072FC00B3E7D7002316F7008320C10703248107C7
:10730C0013010108678000008324410793F60720CE
:10731C00E39406FE93F7C7FF9306370493E7270021
:10732C00130610002316F7002320D7002328D700BC
:10733C00232AC7006FF05FFCB716000083244107B7
:08734C00938606806FF0DFFA62
:10735400938705008395E5001307060063CA0508B3
:10736400130101F82324C100130681012326D1004F
:107374002322F100232E1106EFB05FC783274100BB
:10738400032781008326C100634E05028327C101C0
:10739400B7F5000037E6FFFFB3F7B700B387C700C0
:1073A4008320C10793B7170023A0F60013060040FB
:1073B400371500002320C7001305058013010108B9
:1073C4006780000083D7C70093F707086382070428
:1073D4008320C1079307000023A0F60013060004CE
:1073E4002320C70013050000130101086780000073
:1073F40083D7C70093F70708639A07021306004070
:1074040023A0F600130500002320C70067800000B6
:107414008320C10723A0F600130600402320C700E1
:1074240013050000130101086780000093070000A2
:107434001306000423A0F600130500002320C70050
:04744400678000005D
:1074480063000604B7850000130101FE9385C5A1FA
:1074580013050600232C8100232E110013040600B7
:10746800EFC09EE0B787000063120502138587A16D
:107478008320C101032481011301010267800000F8
:10748800B7870000138587A167800000938587A1CF
:10749800130504002326F100EFC01EDD8327C10079
:1074A800E30605FCB7850000130504009385C5862F
:1074B800EFC09EDB8327C100E30A05FA130500002D
:0474C8006FF01FFB47
:0C74CC00B7D7000003C5872867800000C8
:1074D80063800504130101FE232C81001385050038
:1074E80013840500B78500009385C5A1232E1100DC
:1074F800EFC09ED7B787000063120502138587A1E6
:107508008320C10103248101130101026780000067
:10751800B7870000138587A167800000938587A13E
:10752800130504002326F100EFC01ED48327C100F1
:10753800E30605FCB7850000130504009385C5869E
:10754800EFC09ED28327C100E30A05FA13050000A5
:047558006FF01FFBB6
:10755C00130101FF232481002322910093040500D1
:10756C00138505002326110023A601A4EFE00CD9F6
:10757C009307F0FF630CF5008320C1000324810006
:10758C0083244100130101016780000083A7C1A47B
:10759C00E38407FE8320C1000324810023A0F400B0
:0C75AC00832441001301010167800000EE
:1075B80003A7C500130101F983A8050003A8450026
:1075C80083A6850023229106B78400002324810620
:1075D80023261106935707019384F4FF23200600FE
:1075E800232EE104B3F7970023281105232A010568
:1075F800232CD10413040500638497101305010498
:10760800930501032320210723201105232C1101B1
:1076180023220105232A01012324D1042328D10090
:107628002326E1042326E10013090600232801028A
:10763800232A0102232C0102232E0102232EF1000A
:10764800EF408F910327C1008326010103284101E0
:1076580083288101630A050C8327C1019305000073
:1076680063920706B70771409305010313060102E9
:1076780013050104232CD102232EE1022326F10253
:1076880023281103232A01032320010223220102B4
:1076980023240102EF40CFC10327C104832501043D
:1076A8000326410483268104935707012328B10444
:1076B800232AC104232CD104232EE104B3F7970015
:1076C8009305E0F8B7C6FFFF938626000327C10598
:1076D800B387D70037060180B387B7001306F6FFD4
:1076E8002320F90083280105032841058326810505
:1076F800032901063377C7003706FE3F3367C70003
:107708008320C10623201401232204012324D4004A
:107718002326E4001305040003248106832441067C
:107728001301010767800000032901066FF05FFD60
:10773800B7A800009388C87503A38800130101F552
:1077480083AE080003AE48002322610603A3C800E5
:1077580083A808012324810A2322910A23261107DA
:10776800832885032320210B232E3109232C41094B
:10777800232A5109232861092320A109232EB107AF
:107788002326110A2326710923248109232291091A
:10779800232ED1052320C10723246106232E0101AE
:1077A80083A9050003A9450083A4850003AAC50091
:1077B800930A0500130D0600938D0600130B0700AE
:1077C800138407006388080093850800EF204009A8
:1077D80023AC0A02032781069356FA012320D4001A
:1077E80093571740B3F7D700B3C7E7002324F10630
:1077F80013141A00931B0A01B7C7FFFF13171A00C7
:107808001354140093DB0B01938717F9135C1701CA
:10781800130501039305010223283103232A2103B9
:10782800232C9102232031032322210323249102B4
:10783800232E8102232681022326310523282105B0
:10784800232A9104B30CFC00232C7105EF60CFCBE5
:10785800631005163707FF7F9307F0FF1307F7FF3D
:1078680093050102130501032326E1022320F102F7
:107878002322F1022324F102EF600FC9631E0508D9
:107888009305010213050103EF404F8F6356A008CB
:10789800930730002324F1048327C10113078104CF
:1078A80013880D002320F10013860C0093070D00A8
:1078B80013850A0093080B009306C1049305C105BC
:1078C800EF00401F03270B00B787FFFF6318F7007F
:1078D800B70700809387F7FF2320FB008320C10AA6
:1078E8000324810A8324410A0329010A8329C1093F
:1078F800032A8109832A4109032B0109832BC10823
:10790800032C8108832C4108032D0108832DC1070E
:107918001301010B67800000232E810293050102E9
:10792800370401001305010323283103232A210307
:10793800232C910223200102232201022324010285
:1079480023268102EF305FF0634C0500B3EB8B0018
:1079580093071000232C71052324F1046FF0DFF343
:10796800930501021305010323283103232A210368
:10797800232C9102232E41032320010223220102FA
:107988002324010223260102EF301FDD63160500C0
:10799800232401046FF05FF0B7C7FFFF938727F92F
:1079A80013072000B30CFC002324E1046FF0DFEE82
:0C79B800930740002324F1046FF01FEE41
:1079C400130101FC232C81020324C5002328210375
:1079D40023263103032985008329450023244103F9
:1079E400032A050013141400135414001305010191
:1079F40093050100232E1102232E810023268100EA
:107A04002328410123204101232A3101232231016A
:107A1400232C210123242101EF604FAF631E0506AF
:107A24003707FF7F9307F0FF1307F7FF9305010064
:107A340013050101232A91022326E1002320F100EA
:107A44002322F1002324F10093041000EF600FAC13
:107A5400630805028320C1030324810313C51400B2
:107A64001375F50F83244103032901038329C102FC
:107A7400032A810213151500130101046780000015
:107A84009305010013050101EF309FEFE354A0FCBF
:107A9400930400006FF01FFC8320C10303248103BF
:107AA400032901038329C102032A8102130510005B
:087AB4001301010467800000CA
:107ABC00130101F3232E310B832907002322910B91
:107ACC002326110C13F3F9FC23206700130E30004E
:107ADC0013F3F9002320F10023240101832C010D61
:107AEC006302C33B2320A10B13F8C900130D08003C
:107AFC00631A082C232EB109232E1101232AD1003D
:107B0C002320C1022326B1022324E102930D050098
:107B1C00630803322320210D03A905002324810CC3
:107B2C00930700029305000063D827019397170071
:107B3C0093851500E3CC27FF13850D00EF20401033
:107B4C0013040500630C052A032741019307F9FF71
:107B5C0093D75740939727002322910CB305F70036
:107B6C00930645010326070013074700938646003A
:107B7C0023AEC6FEE3F8E5FE03274101938515000D
:107B8C0013071700B3B5E5009385F5FFB3F7B700FE
:107B9C009387470093D42740B307F4006F00C000CD
:107BAC009387C7FF6386043003A7070193860400FD
:107BBC009384F4FFE30607FE93972400B307F400C5
:107BCC0003A547012328D400232CD100EF20C03D6E
:107BDC008326810193965600B384A64013050400B6
:107BEC00EF101078832701022326A108232AF10223
:107BFC006310056C83270401638807229305C10871
:107C0C0013050400232A510B2328610B2326710B27
:107C1C002324810B232C410BEF2090639397C500F9
:107C2C0093D7C7003707F03F33E7E700032841033A
:107C3C0003A6818483A6C1843308980093080500A9
:107C4C0093050700930BF8FF2322E102130C0800A5
:107C5C00232811052320A104EF300FA803A60185CA
:107C6C0083A64185EF605E8503A6818583A6C185C9
:107C7C00EF20DFB1930A050013850B00138B050071
:107C8C00EF305FA303A6018683A64186EF60DE82F8
:107C9C00130605009386050013850A0093050B0057
:107CAC00EF20DFAE930A0500138B050013850B0044
:107CBC0063D60B0013051000330585411305B5BCC5
:107CCC006358A002EF301F9F03A6818683A6C1864E
:107CDC00EF608EFE130605009386050013850A00DF
:107CEC0093050B00EF209FAA930A0500138B050048
:107CFC0093050B0013850A00EF301F94130A0B0039
:107D0C0093050A00130B05001306000013850A00E7
:107D1C0093060000232C6101EF608EEC6352050288
:107D2C0013050B00EF301F9913860A0093060A0007
:107D3C00EF604ED53335A000B307AB40232CF100D8
:107D4C000327410293974B01338AE7003387744131
:107D5C009306F7FF2328D102832681019307600144
:107D6C0063ECD7148327810137A800009308087DA2
:107D7C0093973700B387F8000326010403A5070087
:107D8C0083A5470093060A002322E102EF60CED7B9
:107D9C00032741026348A0566344E0006F10400D76
:107DAC00832701030327810123260104232C0102CD
:107DBC00B387E7002328F1022322E104232E0102DA
:107DCC006F000013930740006310F304032D010AA6
:107DDC008320C10C8329C10BB787FFFF13860C00CE
:107DEC00832C410AB785000023A0F80093060E00EF
:107DFC00938505A31301010D6F10101B0324810C37
:107E0C000329010C832DC109930700008320C10CA9
:107E1C00032D010A8329C10B832C410A138507000A
:107E2C001301010D678000009305040013850D00FC
:107E3C00EF10D06B0324810C8324410C0329010C1B
:107E4C008327C10193061000B775000013860C0040
:107E5C0013850D0023A0D70093858503EF10D01454
:107E6C008320C10C93070500832DC109032D010A42
:107E7C008329C10B832C410A138507001301010DC3
:107E8C00678000008320C10C8329C10BB787FFFFDB
:107E9C0013860C00832C410AB785000023A0F80040
:107EAC00938545A2930680001301010D6F10D00F2E
:107EBC00232804006FF09FD2930710002326F104AF
:107ECC0083270103232C010263C40742832781010A
:107EDC0063D20740832781030327810123220104F6
:107EEC00B387E740232CF102B307E040232EF102C5
:107EFC00032701009307900063EAE75683270100EC
:107F0C0013075000E352F70A9387C7FF2320F100B1
:107F1C0083260100930740006380F65AE386E666E9
:107F2C0093072000232C0104930A0000638CF6585D
:107F3C00930730002320F100832781000327810160
:107F4C00B387E7002324F104938717002322F1025F
:107F5C006354F03C9385070013850D002326F1082C
:107F6C00EF10C07D93070500E30C05000327C10249
:107F7C000328C7001308F8FF630E080063540800B9
:107F8C001308200093F90910638E0942130730007F
:107F9C0033080741032741021337F70063040742F4
:107FAC0063820A42032781013367E800631C0740A0
:107FBC00032701048326C10423260108232EE10490
:107FCC00232441076386060203A6818383A6C1830B
:107FDC001305070093050A002320F1042320E10672
:107FEC00EF600EC083270104635405006F1040142A
:107FFC002320F1048327C10513860700138507008E
:10800C00832781069386070093850700EF200FF8DE
:10801C0003A6818883A6C188EF204FF73707C0FCE1
:10802C003303B7000327410283270104930905009A
:10803C006302073203274102832AC105032B810601
:10804C00232601062320E1040327010437A800009E
:10805C009308087D9316370003278105B386D80053
:10806C0003A686FF83A6C6FFE302071003A581893A
:10807C0083A5C189232861062328F104232A11072B
:10808C002320310793891700EF505EB403260106B5
:10809C0083260107938B0A00130A0B00EF20DFE302
:1080AC00130605009386050013850A0093050B0043
:1080BC00938A0600130B0600EF300FD8130C050043
:1080CC00EF304FDF130605009386050013850B0078
:1080DC0093050A00EF205FE08327010513070C03CB
:1080EC0013060500938605002380E700130A05009C
:1080FC00938B050013050B0093850A00EF60CEA04F
:10810C00832701056354A0006F10002E03A7C183C1
:10811C0083A681832322E1062320D10603A7C187EE
:10812C0083A68187130C0400232C2107232E910690
:10813C002328D104232AE1042328F10613040A007E
:10814C0093040B0013890A006F00C0088327C10831
:10815C0003270104938717002326F10863C4E70063
:10816C006F10C036EF604EB503260105832641051E
:10817C0093040500138905001305040093850B0077
:10818C00EF608EB3938A0500130A0500EF30CFCA57
:10819C0013040500EF300FD213060500938605007B
:1081AC0013050A0093850A00EF201FD393070403DD
:1081BC0013860400930609002380F90093891900A3
:1081CC0013040500938B0500EF608EA1635405002A
:1081DC006F10C020032501068325410613060400F9
:1081EC0093860B00EF205FCF1386040093060900E3
:1081FC00EF600E9F930705000326010583264105BA
:10820C001385040093050900E3D207F483270107C3
:10821C0003C9F9FF13040C00130690036F0040010F
:10822C006394D7006F10000003C9F6FF9389060012
:10823C009386F9FFE306C9FE130919000327C1064B
:10824C0023802601130D0002130C17009305040064
:10825C0013850D002320F100EF1050298327C10155
:10826C002380090023A087018327010063840C006D
:10827C0023A03C0103278102832681020324810C65
:10828C00032707008324410C0329010C3367A70142
:10829C00032A810B832A410B032B010B832BC10A6D
:1082AC00032C810A832DC10923A0E6006FF01FB6B1
:1082BC009305050013050400EF10407C8327C108CB
:1082CC0003270102B384F440B387E700232AF102A9
:1082DC006FF05F928327010303278101232E010294
:1082EC00B387E7002328F1022322E1046FF05FC07B
:1082FC0093071000B387E740232CF10223280102D7
:10830C006FF0DFBC83278101232601049387F7FFDD
:10831C00232CF1006FF0DFBA930710006FF09FC3AE
:10832C00130607001305070093060A0093050A00BD
:10833C002320F104EF208FC503A6818883A6C18872
:10834C00EF20CFC4832701043707C0FC9309050035
:10835C003303B70003A601890325C10583A6418910
:10836C00832581062320F10423286104EF20DFB646
:10837C008326010513860900130A0500938A05005C
:10838C00EF509EF883270104E348A06A03230105FC
:10839C00B7060080138609003347D3009306070005
:1083AC0013050A0093850A00EF608E83832701046E
:1083BC00E34405160327C105032A810613080000B0
:1083CC002328E10403274103634E0710032781018F
:1083DC001327F70063080710B7A800009388087DDF
:1083EC000327810113173700B388E80003A748005F
:1083FC0083A608002322E100032781002320D1005B
:10840C006358073E032741026344E03EE31607101E
:10841C0003A6018983A64189032501008325410018
:10842C00232AF100EF604E890326010593060A000A
:10843C00EF509EED83274101E350050E1307100307
:10844C002380E7009305000013850D009389170026
:10845C002320F100EF10900983278101130D0002F6
:10846C00138C2700832701006FF05FDE9307DC3F3E
:10847C0093BA877F2320010013050900EF308FA3E7
:10848C0003A6018783A64187EF600E83EF30CF9A56
:10849C001307F0FF9307F0FF930535002322E10249
:1084AC00130710002324F1042324010093870500F3
:1084BC00232CE1046FF05FAA93071000930A0000CD
:1084CC00232CF104832581006344B0009305100034
:1084DC00938705002324B1042322B1022324B10085
:1084EC006FF09FA7032781056302075E0327C10274
:1084FC0003264103330999400327470093061900CB
:10850C002326D10833092641E356E91C83260100B2
:10851C009386D6FF93F6D6FFE384060883260100E4
:10852C003307E6400326410293A6260013071700E3
:10853C0093B616003326C0002326E108B3F6C60016
:10854C00638806008326410263D4E6006F10C00ADC
:10855C0083260103032AC103B386E6002328D10234
:10856C0083268103B309D7009305100013850D00F2
:10857C002320F104232A0103EF10503D13090500B9
:10858C00630005200327810303284103832701048B
:10859C006300070403270103635CE0028326810365
:1085AC0003260103138706006354D6001307060045
:1085BC00832681032326E108B389E940B386E6408C
:1085CC00232CD102832601033387E6402328E102C2
:1085DC000327C10363080702E3180A2E0326C1030D
:1085EC009305040013850D002320F104232A0103B5
:1085FC00EF1090670328410383270104130405003F
:10860C00630005189305100013850D00232EF1024D
:10861C00232A0103EF1090331303050063020516A0
:10862C0003274104032841038327C1036316077AF8
:10863C000327010013272700630607009384F4FF28
:10864C006386040E1305F00103270103B304E54010
:10865C009384C4FF93F4F4012326910833863401E8
:10866C00138704006348C06E832601033386E6003B
:10867C006346C00E0327C104E31207080327410217
:10868C00634EE0480327010013273700631807489F
:10869C0093050300930600001306500013850D008C
:1086AC002320F100EF10C06693050500630A050C4A
:1086BC000327410283270100E312071A2320A1009C
:1086CC0013050400232AF100EF2000098325010083
:1086DC0083274101E354A018130710032380E700FC
:1086EC000327810193891700130D0002130717004C
:1086FC00232CE10013850D002320F100EF10005F07
:10870C0083270100631409006F10400093050900D2
:10871C0013850D002320F100EF10405D83278101AC
:10872C00138C1700832701006FF05FB20327C1027F
:10873C00832601020327470013071700E354D7F0E1
:10874C000327010393891900130717002328E1025B
:10875C00130710002322E1046FF0DFEE93050300F2
:10876C0013850D002326F10223200103EF10506620
:10877C00032801028327C10213030500E31C05EE45
:10878C000324810C8324410C0329010C032A810B43
:10879C00832A410B032B010B832BC10A032C810A67
:1087AC00832DC1096FF04FE69307DC3F93BA877FA7
:1087BC008327010093064000E382D70C6388E75CB3
:1087CC000327010093072000E306F70A9307300004
:1087DC00232C01046302F7F66FF01FCA8326087D71
:1087EC000327487D130800002320D1002322E10039
:1087FC000329010593090A00832A410093050A0005
:10880C00032A01001307100093860A0013060A00BE
:10881C00130509002324F100232A01012326E10872
:10882C00EF50CEBAEF205FE193040500EF209FE8F4
:10883C0013060A0093860A00EF501EC813060500A3
:10884C00938605001305090093850900EF20CFE8F6
:10885C008327810013870403130600002380E7009D
:10886C00938917008327810193060000130A0500E2
:10887C00138C170013890500EF50DEA083278100AD
:10888C00E306059C03A7C1870328410183A68187C2
:10889C00232A81002326E1002324D100232601036F
:1088AC002320F10213040A006F008007232601091C
:1088BC00EF509EC0032A0100832A4100130B0500D0
:1088CC0013060A0093860A00938B0500EF500EB036
:1088DC00EF209FD693040500EF20DFDD13060A007E
:1088EC0093860A00EF505EBD1306050093860500C3
:1088FC0013050B0093850B00EF200FDE93891900F5
:10890C0093870403A38FF9FE13060000930600005F
:10891C001304050013890500EF50DE96630A0572F7
:10892C000327C10883274102032681008326C10047
:10893C00130504009305090013081700E318F7F654
:10894C000328C1028327010203244101E30C081010
:10895C0093061000130D0001E31AD88E0327810132
:10896C002326E10603C9F9FF6FF01F8B138509005D
:10897C0093050300232801072320F106EF50DEB3F3
:10898C0083A7818703A8C18783280105930E0A005A
:10899C0013071000130A04002328910483290106ED
:1089AC00930B0500138C0500938A0700130B08002A
:1089BC002326E1081384080093840E006F00400105
:1089CC002326E108EF505EAF1304050093840500E5
:1089DC001305040093850400EF201FC6130905003E
:1089EC0063020502EF201FCD1306050093860500D8
:1089FC001305040093850400EF200FCE130405002B
:108A0C0093840500130909031379F90F23802901B5
:108A1C008327C10803280104938919001305040056
:108A2C009385040013860A0093060B001387170026
:108A3C00E39807F98327010603A6818983A6C189D8
:108A4C0013850B0093050C00232AF10623208106C5
:108A5C0023209104EF109FD3832801068326010461
:108A6C00832401051386080023281105EF505E9717
:108A7C008327410713040A00634005FA03A5818983
:108A8C0083A5C18913860B0093060C002320F106E5
:108A9C00EF208FC40326010583260104EF50DE86E8
:108AAC00832E01048328010583270106032801076F
:108ABC00E348A0240327C105032A81062328E104E7
:108ACC0003274103E35C07D013080000032781034D
:108ADC006302073C03270103630E073A83268103D5
:108AEC0003260103138706006354D6001307060000
:108AFC00832681032326E108B389E64083260103FC
:108B0C003387E6402328E1020327C103631A0738A1
:108B1C00232C3103130900006FF0DFAE032781050E
:108B2C00630A0746032781033386E4006340C06C65
:108B3C0003274104130A0900631E077A1307E8FF91
:108B4C002326E102930610002324010193090A0055
:108B5C00138B0700930B03002328F10293850B0062
:108B6C00130504002326D108EF00D050930509000B
:108B7C00930A0500130C050013050400EF10D03DFB
:108B8C0093850B00930405001386090013850D00D3
:108B9C00EF10104293050500E30405BE8327C500C2
:108BAC00938A0A03638E070A13850D00EF100014D5
:108BBC0093051000E3C2040683270100B3E4F4001C
:108BCC00639A04008327410183A7070093F71700DA
:108BDC00E384070493041B00938604006356B000DF
:108BEC008327C102E3960716A38F54FF8327C1087E
:108BFC0003274102E38CE71293050400930600005F
:108C0C001306A00013850D00EF108010130405004F
:108C1C00E30805B693050900930600001306A000AF
:108C2C0013850D00630E3911EF10800E130905002A
:108C3C00E30805B493850900930600001306A00011
:108C4C0013850D00EF10C00C93090500E30A05B263
:108C5C008326C108138B0400938616006FF01FF057
:108C6C002320A10213050400EF10102F832501020D
:108C7C00130A050013850D00EF10400703270100B0
:108C8C00B365EA00639C05588327410103278100E3
:108C9C0083A7070093F71700B3E7E700E39C07F0FF
:108CAC0093069003138A09008327010393890A0012
:108CBC0013070B0013830B006388DA4EE3589022E2
:108CCC0093091C03130D00029308090023003701BC
:108CDC0013090A00930917009305030013850D006F
:108CEC002324F10023201101EF1040008328010000
:108CFC0083278100E30C0920E38A08A0E38828A1DC
:108D0C009385080013850D002320F100EF00107EE1
:108D1C00832701006FF09F9F9305000013850D00C2
:108D2C002320F100EF00907C83278100130D0001BC
:108D3C00330CF04083270100938907006FF00FD1AB
:108D4C00EF00107D13090500E30C05A29309050043
:108D5C006FF01FF09305040013850D00232AF10218
:108D6C002326610223200103EF1090061304050053
:108D7C00E30805A00327C108832741030323C1028D
:108D8C00032801026FF05F8E930A000093075000D6
:108D9C002320F10093071000232CF1046FF0CF99DE
:108DAC00032741028326C1031307F7FF63CEE62C8A
:108DBC00338AE64003274102E350070C0327810363
:108DCC008326410223260108930907003307D74065
:108DDC00232CE1026FF04FF99305050013060700F1
:108DEC0013850D00EF10406813030500E30A059886
:108DFC00832701000328410313A727008327C103FE
:108E0C00630607009384F4FF638C0402232201049D
:108E1C0003270301232AF10223260103131727003A
:108E2C003307E3000325070123206102EF10C0176D
:108E3C00832741030328C102032301026FF0DF8063
:108E4C000327C102832601020327470013071700DB
:108E5C00E35ED7FA03270103938919001307170060
:108E6C002328E102130710002322E1046FF05FFABC
:108E7C0093071000B387E740232CF102832781016D
:108E8C0023260104232E01022328F1022322F104BC
:108E9C006FF00F860327C10383298103E30C07C6F8
:108EAC000326C1039305040013850D002320F10450
:108EBC00232A0103EF10405B13040500E302058C29
:108ECC008327010403284103232C310313090000D9
:108EDC006FF04FF30326010013071000E342C7ECB9
:108EEC0003270103032AC1033307D7002328E10218
:108EFC0003278103B389E6006FF00FE793050300A6
:108F0C00130504002328F102232601032320610208
:108F1C00EF109004032301020328C10283270103ED
:108F2C00635E05F493050400930600001306A0008D
:108F3C0013850D002326F102232261022320010355
:108F4C00EF00105D13040500E30C058283278101FB
:108F5C0003278105032801029387F7FF232CF100D7
:108F6C00032341028327C1026314076C0327810486
:108F7C00634EE00003270100132737006318070036
:108F8C00032781042322E1026FF08FF00327810471
:108F9C002322E102130B09009384070003294102E9
:108FAC0013071000930A0800130A0300938B0700A1
:108FBC006F0000029305040013850D00EF0050555F
:108FCC0013040500630E05FA0327C10813071700E5
:108FDC0093050A00130504002326E108EF0090090D
:108FEC009384140093090503A38F34FF8327C108CE
:108FFC00930600001306A000E3CE27FB13880A009B
:10900C0013090B0013030A0093870B00930800004D
:10901C0063000836130720006300E83A8326040136
:10902C0013071000634ED71803274401631A07185F
:10903C003337E000131D4700130600039389040027
:10904C0003C7F4FF9384F4FFE30AC7FE6FF0DFC895
:10905C0003244101832701026FF04F9F03278100F6
:10906C0093890700130D00011347F7FF232CE10030
:10907C006FF04FE8232C01046FF0CFC4930710005E
:10908C00232CF1046FF00FC48326C1030326410483
:10909C00232EE102B306D740B306D6002322D10417
:1090AC008326410203264102032781032326D1088C
:1090BC0083260103B309C700130A0000B386C60058
:1090CC002328D1026FF04FCA9305090013060A003A
:1090DC0013850D002320F104232A0103EF10C0385F
:1090EC0013090500630E05E893050500130604003B
:1090FC0013850D00EF108012630405E8930504003E
:10910C002328A10413850D00EF00503E0327C10353
:10911C000324010503284103B3074741232EF10221
:10912C001387070083270104630E07CC6FF00FCB66
:10913C0083264102032701066384069E832681044D
:10914C00635AD0A61305070003A6818783A6C1879F
:10915C0093050A002320F106EF500EB603A60188F2
:10916C0083A64188930A0500138B05002328A104CC
:10917C00138A0500EF504EB403A6818883A6C188DC
:10918C00EF10CFE0832781043707C0FC3303B7000F
:10919C002320F1049307F0FF2326F1069309050021
:1091AC00832701066FE05FEA13061700930690030E
:1091BC00930809009304060013090A002300D70042
:1091CC00130690036F0080006386971883C6F4FF24
:1091DC00938904009384F4FFE388C6FE93861600FB
:1091EC002380D400130D00026FF01FAF930509000C
:1091FC0013850D002326F102232061022324010193
:10920C00EF10003D03288100032301028327C102D4
:10921C0013090500E31E05906FF08FD693050A0025
:10922C006FF05F990327C10613091003130717008A
:10923C002326E1066FF08F80130710032380E700CD
:10924C009305000013850D00938917002320F1006E
:10925C00EF00D02983270100130C2000130D00020E
:10926C006FE0DFFE93060900130605002324F100CE
:10927C00EF10CFD1032A0100832A4100130B050004
:10928C0013060A0093860A00938B0500EF50CE87D5
:10929C0003C9F9FF83278100634CA01213060A004F
:1092AC0093860A0013050B0093850B002320F10015
:1092BC00EF405EFD832701006316050093F6140052
:1092CC00639806100327810193860900130D000192
:1092DC002326E1069305000303C7F6FF93890600D6
:1092EC009386F6FFE30AB7FE0327C106130C17009B
:1092FC006FE0DFF58325490013850D002326F1026D
:10930C002320610223240101EF0090139304050034
:10931C00630805C6032609019305C9001305C5009A
:10932C001306260013162600EFA04F8B938504001E
:10933C0013850D0013061000EF10802903288100FF
:10934C00032301028327C102130A0500631805FEDB
:10935C006FF00FC303278101930610032380D700FE
:10936C0013071700232CE100130D00026FF0DF969A
:10937C00930504001306100013850D00232AF10039
:10938C002320610023241101EF1080241304050015
:10939C00630805BE83250100EF10003C0323010088
:1093AC008328810083274101E34CA0E0631605006C
:1093BC0093F91900E39609E08326040113071000C2
:1093CC00130D0001E34AD7C6032744016FF05FC6B3
:1093DC00032781012326E1066FE01FE483270107A1
:1093EC00130A040013040C009306000013050A0072
:1093FC0093850B00130600002320F100EF409EE83C
:10940C008327C106B336A000139D4600138C1700AA
:10941C00832701006FE09FE303288100138A090072
:10942C008327010393890A0013070B0013830B0096
:10943C00630C0814032604019306100063DEC62493
:10944C00930620006302D826130B090093040A002C
:10945C0013090700930A0300938B07006F00400267
:10946C00EF00100B93850A00130405001309190073
:10947C00630805B0EF0000409384090093090503CD
:10948C009385040013850A00EF10002D930600004D
:10949C001306A000635EA02023003901938504000D
:1094AC0013850D00EF00D00693090500930600000C
:1094BC001306A0009305040013850D00638209AC0C
:1094CC00E3109BFA138B09006FF09FF90327C1057A
:1094DC00032981078324C1072328E10403274103BF
:1094EC008327010783284107032A810613040C00F4
:1094FC0013080000634407006FE09FEE6FE01FFF4E
:10950C0013060000930600001385080093850E00D7
:10951C002320F100EF401ED73336A0008327010033
:10952C0093860900131D46006FF0DFDA13870900DC
:10953C0093080900032881008327010393890A00FB
:10954C009384060013830B00130907006FF05FACC4
:10955C009306900383270103138A090013070B005A
:10956C0013830B0013860400E382DAC493891A0078
:10957C0023003B01930809009389040013090A0096
:10958C00130D00026FF04FF56358B00493050400FF
:10959C001306100013850D00232AF100232061000F
:1095AC002324E100EF10C00213040500630A059C9C
:1095BC0083250100EF10401A0323010003278100CB
:1095CC0083274101635AA01093069003E38ED9BC04
:1095DC0093091C03130800020326040193061000D0
:1095EC00130D000163C2C6EE83264401639E06EC94
:1095FC00130D08006FF04FED032741028326C103C2
:10960C001307F7FFE3C2E6A80326410283260103F2
:10961C002326C108B386C6002328D1028326C103A2
:10962C00338AE64003278103B309C7006FE0DFF3F9
:10963C0093050900930600001306A00013850D0086
:10964C00EF00006D13090500630C059203278104DC
:10965C0003280102032341028327C1026348E0006F
:10966C000327010013273700E30C0790032781041D
:10967C002322E1026FF00FCB832641022326E1085F
:10968C00032701033307D7002328E10203278103B3
:10969C00B309D7006FE05FED83264401E39206DA4D
:1096AC00E346B0EE6FF04FE2130D00016FF0CFE127
:1096BC009306900313070900138A040013090B0087
:1096CC0013830A0093870B00E380D9AE93891900AA
:1096DC00130D00026FF04FDF6316050093F61900AF
:1096EC00E39406EE130800026FF01FEF032604014B
:1096FC0093061000130D000163C8C6DC83264401D9
:10970C00B336D000139D46006FF00FDC03278101A8
:08971C00130C17006FE09FB36E
:10972400B786000037850000130101FF938646A326
:10973400130585A413060000930590032326110046
:04974400EF500FAD26
:10974800130101FF232481002326110093067001D1
:1097580013040500130710009307400063F0B604D4
:1097680093971700938647011306070013071700FE
:10977800E3F8D5FE93050600232EC4021305040062
:10978800EF00404C630205028320C100232CA40291
:10979800032481001301010167800000232E0502C4
:0C97A800930500006FF09FFDEFF05FF7ED
:1097B400130101FE232C8100232A9100232E110082
:1097C40013087001930405001384050013071000A7
:1097D40093074000637CD8069397170013854701CD
:1097E4009305070013071700E3F8A6FE23AEB4029F
:1097F400138504002326C100EF0000450326C100A1
:109804006300050623ACA402834704002300F5008B
:1098140063840704930514009307050003C7050038
:1098240093851500938717002380E700E31807FE4C
:10983400630406002320F6008320C1010324810170
:10984400832441011301010267800000232E0502D5
:10985400930500006FF0DFF9930705006FF05FFDDB
:04986400EFF01FEC16
:109868000327C50393071000B397E70023A4F50067
:0898780023A2E5006F00C047C8
:1098800003A805018327050163C8071F1308F8FF14
:10989000931228001386450133035600130E450129
:1098A00083270300B3025E0003A70200130101FD3A
:1098B000938717002326110223248102B358F7024D
:1098C0006368F70C23229102930F0600130F0E001A
:1098D000930400001304000083A70F00832E0F00E1
:1098E000130F4F009396070193D6060193D70701F4
:1098F00013970E0193D30E0113570701938F4F0057
:10990000B3861603B3871703B3869600939E0601AA
:1099100093DE0E0193D606013307D7413307874004
:10992000935E070193FE1E0013170701B387D7004C
:109930009396070193D60601B386DE0093D4070100
:10994000B387D340939607011357070133E7E60027
:1099500093D70701232EEFFE13F41700E37EF3F7EE
:1099600083A70200639E07109382C2FF63685E00B4
:109970006F0080011308F8FF63785E0083A7020080
:109980009382C2FFE38807FE832441022328050156
:1099900023261101232EC101232C6100232AC1009B
:1099A0002328010113040500EF00D05B8328C100C8
:1099B000634A050A032EC1010323810103264101E5
:1099C000032801019388180013050E00930E000070
:1099D000832705008326060013054500139707011A
:1099E000139F0601135F0F01135707013307E74168
:1099F0003307D74193D506019356070193F6160016
:109A0000B386B60093D70701B387D7401317070172
:109A1000939607011357070133E7E6001306460044
:109A200093D70701232EE5FE93FE1700E372C3FAD6
:109A300093172800B307FE0003A70700631407026B
:109A40009387C7FF6368FE006F0080011308F8FF6B
:109A50006378FE0003A707009387C7FFE30807FEAC
:109A6000232804018320C1020324810213850800F6
:109A700013010103678000001305000067800000E8
:089A8000832441026FF0DFF0C6
:109A88000328050113DE554063480E01232805000D
:109A9800232A0500678000001303450113162800D8
:109AA80093172E0093F5F5013306C300B307F300AF
:109AB8006382050683A6070093874700B3D6B600DE
:109AC80063F8C708930E0002B38EBE4093080300E4
:109AD80003A7070093884800938747003317D701E7
:109AE8003367D70023AEE8FE83A6C7FFB3D6B60018
:109AF800E3E0C7FE3308C841131828003308030100
:109B0800232ED8FE1308C8FF638A060213084800EC
:109B18006F00C00213070300E3FAC7F683A6070025
:109B28009387470013074700232ED7FEE3E8C7FEB5
:109B38003308C8411318280033080301B3076840E5
:109B480093D727402328F500E30468F467800000D2
:109B5800232AD500E38C06F21308030013084800F3
:049B68006FF0DFFDBE
:109B6C0083260501130545019307000093962600F3
:109B7C00B306D500636AD5006F00C0041305450019
:109B8C00938707026370D50403270500E30807FEDB
:109B9C00637AD502130101FD1305C10123261102BD
:109BAC002326F100232EE100EF00C0488327C100DB
:109BBC008320C102B387A70013850700130101039B
:0C9BCC0067800000138507006780000020
:0C9BD800B7D7000083A747246780070070
:109BE4006380050263020604638806048347060053
:109BF40023A0F500034506003335A000678000006C
:109C0400130101FF9305C10063040602638A06027F
:109C14008347060023A0F500034506003335A00062
:109C24001301010167800000130500006780000034
:109C3400130500006FF0DFFE1305E0FF67800000EE
:089C44001305E0FF6FF0DFFDE6
:109C4C0083274504130101FE232E11001307050081
:109C5C00938605006388070213962600B387C70016
:109C6C0003A50700630805040327050023A0E700EC
:109C7C0023280500232605008320C10113010102BE
:109C8C00678000002326B1001306100293054000E4
:109C9C002324A100EF40DFDE032781008326C100CF
:109CAC00930705002322A704E31805FA1305000007
:109CBC006FF09FFC93051000B397D50013865700E7
:109CCC0013050700131626002326D1002324F100C8
:109CDC00EF401FDBE30C05FC8326C10083278100CA
:0C9CEC002322D5002324F5006FF09FF820
:109CF8006380050203A7450083274504131727003F
:109D0800B387E70003A7070023A0E50023A0B70057
:049D18006780000060
:109D1C0003AE0501938E05001383060013884501DD
:109D2C009308000083270800130848009388180044
:109D3C00139707011357070193D60701B307C702FF
:109D4C00B386C602B387670013D707019397070141
:109D5C0093D70701B386E60013970601B307F70004
:109D6C00232EF8FE13D30601E3CEC8FB63000302D7
:109D7C0083A78E006350FE0213172E003387EE006C
:109D8C00232A670093071E0023A8FE0013850E00EC
:109D9C006780000083A54E00130101FE232C810077
:109DAC0093851500232461002322C1012320D101B6
:109DBC00232E110013040500EFF09FE8832E010001
:109DCC00032E4100032381001307050063000508DF
:109DDC0003A60E019385CE001305C50013062600BD
:109DEC0013162600232661002324C1012322D1014E
:109DFC002320E100EF908FDE832E41008327440463
:109E0C00032E810083A64E000323C10013172E00DE
:109E1C0093962600B387D70083A607008320C10141
:109E2C000324810123A0DE0023A0D701832E01008F
:109E3C0093071E003387EE00232A670023A8FE0039
:109E4C0013850E001301010267800000B786000025
:109E5C0037850000938646A3130585A913060000D9
:089E6C009305A00BEF405FBA63
:109E7400130101FE232C8100232821012326310113
:109E84002324410123225101232E1100232A91006E
:109E94009307900093890600130A0600130905002E
:109EA400938A05001304070063D2D70EB797E338EB
:109EB400938797E393868600B3B6F6029305000072
:109EC4009307100093D616009397170093851500F7
:109ED400E3CCD7FE13050900EFF01FD79305050067
:109EE400630A050A930710002328F500232A850036
:109EF4009307900063D6470913849A0093040400DF
:109F0400B38A4A0183C604001306A000130509009E
:109F1400938606FD93841400EFF01FE0930505007B
:109F2400E39254FF33044401130484FF63563A0359
:109F3400B3844941B3049400834604001306A0008B
:109F440013050900938606FD13041400EFF0DFDC0B
:109F540093050500E31294FE8320C10103248101CB
:109F640083244101032901018329C100032A8100BB
:109F7400832A410013850500130101026780000054
:109F84001384AA00138A07006FF05FFA9305000098
:109F94006FF05FF4B786000037850000938646A310
:109FA400130585A9130600009305300DEF405FA645
:109FB40093070500370701001305000063F6E70067
:109FC40093970701130500013707000163F6E700C3
:109FD40013058500939787003707001063EEE700A9
:109FE4003707004063FEE702139727006344070422
:109FF400130535006780000013974700B70600403B
:10A00400130545006370D7029397670063C4070282
:10A0140013971700E34E07FC130500026780000046
:10A02400138707001347F7FF1357F7013305E500BC
:0CA0340067800000130525006780000015
:10A040008327050013F777006306070293F61700CE
:10A0500013070000639C060013F72700630E070A2E
:10A0600093D717002320F5001307100013050700EE
:10A070006780000013970701135707016314070453
:10A0800093D7070193F6F70F1307000163960600B5
:10A090001307800193D7870093F6F70063820606C3
:10A0A00093F637006380060493F617006396060064
:10A0B0001307170093D717002320F5001305070097
:10A0C0006780000013F7F70F6302070413F7F70028
:10A0D000631607061307400093D7470093F637002F
:10A0E000E39406FC93D6270013F6160063000604DB
:10A0F00093870600130727002320F5006FF01FFC4D
:10A100001307470093D747006FF05FFD13078000E8
:10A1100093D787006FF05FF893D7270013072000CD
:10A120002320F500130507006780000093D7370050
:10A13000639E0700130700026FF05FF393D73700A9
:10A14000130730002320F5006FF05FF71307370087
:08A150002320F5006FF09FF6DB
:10A1580083274504130101FE232E11001307050070
:10A16800938605006388070203A547006306050672
:10A17800032705008320C10123A2E70093071000ED
:10A1880023260500232AD5002328F5001301010200
:10A19800678000002326B1001306100293054000D3
:10A1A8002324A100EF401F8E032781008326C100CE
:10A1B800930705002322A704E31805FAB7860000D1
:10A1C80037850000938646A3130585A9130600006A
:10A1D80093055014EF409F83130507001306C00131
:10A1E800930510002324D100EF40DF89E30805FC24
:10A1F800832681008320C101930720002324F500D2
:10A2080013071000930710002322E50023260500FA
:10A21800232AD5002328F5001301010267800000D6
:10A22800130101FE232821012326310103A9050179
:10A2380083290601232A910023244101232E11009A
:10A24800232C8100138A050093040600634C39010E
:10A25800138709009384050093090900130A06006F
:10A268001309070083A7840083A5440033842901C8
:10A27800B3A78700B385F500EFF0DF9C630A051CE0
:10A2880093084501131824003388080193870800B0
:10A2980063F8080123A0070093874700E3EC07FF52
:10A2A80093054A01131329003383650063F2651689
:10A2B80093962900938E4401B386DE00138E5401D1
:10A2C80033BEC60133869640134E1E001306B6FEF3
:10A2D8006F00800193DF0F0163960F0A9385450095
:10A2E8009388480063F6651283AF050093930F01C6
:10A2F80093D30301E38003FE93820800938F0E003B
:10A308009304000083A70F0003AF0200938242006A
:10A3180013970701135707013307770293D70701EC
:10A3280013190F0113590901135F0F01938F4F0080
:10A33800B38777023307270133079700B387E7010D
:10A34800135F0701B387E7011317070113570701C5
:10A35800139F07013367EF0023AEE2FE93D4070192
:10A36800E3E2DFFA9307000063040E009377C6FF69
:10A37800B387F80023A2970083AF050093DF0F018E
:10A38800E38E0FF483A7080093820800138F0E0052
:10A39800938407009303000003570F0093D9040127
:10A3A800939707013307F70393D70701130F4F005C
:10A3B80083A44200938242001399040113590901AE
:10A3C800330777003307370193130701B3E7F30027
:10A3D80023AEF2FE8357EFFF13570701B387F70346
:10A3E800B3872701B387E70093D30701E366DFFA52
:10A3F8001307000063040E001377C6FF3387E800D5
:10A408002322F7009385450093884800E3EE65EC26
:10A41800634880006F0080011304F4FF63080400A0
:10A428008327C8FF1308C8FFE38807FE8320C101FC
:10A438002328850003248101832441010329010184
:10A448008329C100032A81001301010267800000EB
:10A45800B786000037850000938646A3130585A9B3
:0CA468001306000093052016EF404FDAA9
:10A47400130101FE232C810023282101232631010D
:10A48400232E110093773600130406009309050068
:10A4940013890500639A070C135424406308040AC3
:10A4A400232A910083A409046382040E9377140081
:10A4B40013541440639E070003A50400630A0504B3
:10A4C400930405009377140013541440E38607FEA5
:10A4D400138604009305090013850900EFF09FD447
:10A4E400630009020327490083A7490413172700BF
:10A4F400B387E70003A707002320E90023A027016F
:10A50400630804021309050003A50400E31A05FA0D
:10A51400138604009385040013850900EFF09FD08F
:10A5240023A0A40023200500930405006FF09FF9E5
:10A534008320C101032481018324410103290101F2
:10A544008329C10013010102678000008320C10137
:10A55400032481018329C100130509000329010192
:10A56400130101026780000037A700001307077773
:10A5740093972700B307F70003A6C7FF93060000CD
:10A58400EFF08FF9130905006FF01FF19305100028
:10A5940013850900EFF04FEB9304050063000502F7
:10A5A4001307102793071000232AE5002328F5003A
:10A5B40023A0A904232005006FF05FEFB7860000F5
:10A5C40037850000938646A3130585A9130600006A
:08A5D40093055014EF40CFC3C2
:10A5DC00130101FD2320210303A9050183A7850095
:10A5EC00232C4101135A564033092A01232481029A
:10A5FC0023229102232E3101232611021304190068
:10A60C00938405009309050083A5450063D8870052
:10A61C009397170093851500E3CC87FE13850900EB
:10A62C002326C100EFF0CFE10326C100630805101B
:10A63C00930545016354400313075A001317270071
:10A64C003307E500938705009387470023AE07FE89
:10A65C00E39CE7FE131A2A00B385450103A8040105
:10A66C00938744011376F6011318280033880701E9
:10A67C006300060A130300023303C34093880500EA
:10A68C009306000003A707009388480093874700B0
:10A69C003317C7003367D70023AEE8FE83A6C7FF86
:10A6AC00B3D66600E3E007FF93875401130700005D
:10A6BC006368F800330898401308B8FE1377C8FF96
:10A6CC00B385E50023A2D5006394060013040900AA
:10A6DC0003A7440083A749048320C1021317270052
:10A6EC00B387E70003A70700232885000324810212
:10A6FC0023A0E40023A09700032901028324410234
:10A70C008329C101032A8101130101036780000021
:10A71C0003A70700938747009385450023AEE5FE0A
:10A72C00E3F607FB03A707009387470093854500D3
:10A73C0023AEE5FEE3EE07FD6FF05FF9B786000090
:10A74C0037850000938646A3130585A913060000E0
:08A75C009305E01DEF404FAB37
:10A764000327050183A70501130605003305F740F8
:10A774006312F70493972700130646019385450156
:10A78400B385F500B307F6006F0080006374F6022A
:10A7940083A6C7FF03A7C5FF9387C7FF9385C5FF9C
:10A7A400E386E6FE1305100063F6E6001305F0FFEA
:08A7B4006780000067800000CF
:10A7BC0003A7050183270601130101FE232E1100B7
:10A7CC00138F0500B308F7406310F7049396270026
:10A7DC009385450113074601B387D5003307D7008E
:10A7EC006F00800063FCF51803A8C7FF8326C7FF22
:10A7FC009387C7FF1307C7FFE306D8FE6372D81A07
:10A80C00930810006F008001E3CC08FE930706004C
:10A81C009308000013860500138F0700832546005C
:10A82C002326E101232411012322C100EFF04FC1A3
:10A83C000326410083288100032FC10063080518FB
:10A84C0003280601832F0F019302460113172800DA
:10A85C00939F2F0013064F019303450123261501E7
:10A86C003383E200B30FF601938E0200138E0300C4
:10A87C009308000003A70E0083260600130E4E005B
:10A88C00931707019395060193D7070193D50501FB
:10A89C00B387B740B387170193D606011357070147
:10A8AC003307D74093D607413307D7009397070157
:10A8BC0093D7070193160701B3E7D7001306460099
:10A8CC00232EFEFE938E4E0093580741E364F6FB55
:10A8DC0093065F011307000063E8DF00B38FEF41BD
:10A8EC00938FBFFE13F7CFFFB38EE200938E4E0013
:10A8FC0033077700338E534013860E00130F470037
:10A90C0063FC6E0483260600B305C60113064600DD
:10A91C00139706011357070133071701B387160165
:10A92C001357074193D606013307D70093970701B6
:10A93C0093D7070193160701B3E7D70023A0F500BF
:10A94C0093580741E36066FC1307F3FF3307D741C5
:10A95C001377C7FF3307E701639A07008327C7FF05
:10A96C001307C7FF1308F8FFE38A07FE8320C10112
:10A97C0023280501130101026780000093050000E4
:10A98C00EFF00FAC630605028320C10193071000A2
:10A99C00232A05002328F50013010102678000001B
:10A9AC009307060013060F00138F07006FF01FE7C5
:10A9BC00B786000037850000938646A3130585A94A
:10A9CC001306000093057023EF400F84B786000038
:10A9DC0037850000938646A3130585A9130600004E
:08A9EC0093055024EF404F8257
:10A9F400B707F07FB3F5B700B707C0FCB385F50020
:10AA0400930700006356B0001385070067800000B9
:10AA1400B305B04093D545419307300163CCB700EB
:10AA2400B7070800B3D5B7409307000013850700A4
:10AA3400678000009385C5FE1307E00193071000AB
:10AA44006346B700B7070080B3D7B700930500008B
:08AA5400138507006780000074
:10AA5C00130101FD23248102032405012322910209
:10AA6C009304450113142400338484002320210310
:10AA7C000329C4FF232E31012326B100130509003D
:10AA8C0023261102EFF04FD28325C10013070002D9
:10AA9C00B307A74023A0F5009307A0009309C4FFB8
:10AAAC0063DAA708130655FF63F03405832784FF88
:10AABC00630C0604B306C74033D7D7003319C9005B
:10AACC003369E900B397C7003707F03F130684FFDB
:10AADC003367E90063FEC402032644FFB356D60075
:10AAEC00B3E7D7006F00C0029307B000630CF5000A
:10AAFC003319C9003707F03F3367E90093070000AB
:10AB0C006F000001930700003707F03F3367E9003F
:10AB1C008320C10203248102832441020329010200
:10AB2C008329C10113850700930507001301010355
:10AB3C00678000009306B000B386A640B707F03FCD
:10AB4C003357D9003367F7009307000063F63401DD
:10AB5C00832784FFB3D7D700130555013319A900F8
:08AB6C00B367F9006FF0DFFA96
:10AB7400130101FC23282103138905009305100008
:10AB840023263103232441032326C100232E11024B
:10AB9400232C8102232A9102138A060093090700B9
:10ABA400EFF08F8A0326C100630A050E1354460191
:10ABB400370710009307F7FF1374F47F930405001D
:10ABC40033F6C700630404003366E600232EC10095
:10ABD400631009061305C101EFF04FC68326C101B6
:10ABE4001309100023A8240123AAD4001307050283
:10ABF400630404081304D4BC3304E400930750032F
:10AC040023208A003385E7408320C1030324810382
:10AC140023A0A900032901038329C102032A810275
:10AC24001385040083244103130101046780000099
:10AC340013058101232C2101EFF04FC08326C101AC
:10AC44000326810113070500630C05009307000226
:10AC5400B387A740B397F6003366F600B3D6A600D1
:10AC64003339D0001309190023AAC40023ACD4003B
:10AC740023A82401E31004F893162900B386D40012
:10AC840003A506011307E7BC2320EA00EFF04FB247
:10AC9400931759003385A7406FF01FF7B78600005C
:10ACA40037850000938646A3130585A91306000083
:08ACB4009305F030EF30DFD50D
:10ACBC00130101FD23202103138905009305810055
:10ACCC00232611022324810223229102232E3101F7
:10ACDC0093090500EFF0DFD79304050013840500FA
:10ACEC00130509009305C100EFF09FD683A7090156
:10ACFC0003260901032781008326C100B387C740BF
:10AD0C00939757003307D740B387E700635EF00291
:10AD1C00939747013384870013060500938605003B
:10AD2C001385040093050400EF205EEA8320C10222
:10AD3C000324810283244102032901028329C101D6
:10AD4C00130101036780000093974701B385F54019
:04AD5C006FF09FFCF9
:10AD6000130101FF23202101232611009307700105
:10AD70001309050063DAA70423248100232291002C
:10AD800083A7818383A5C18303A4818783A4C1870B
:10AD9000138507001306040093860400EF308EF23B
:10ADA0001309F9FF93070500E31409FE032481004A
:10ADB0008320C1008324410003290100138507007B
:10ADC000130101016780000037A700001319350047
:10ADD0001307077D33072701832707008320C1005E
:10ADE0008325470003290100138507001301010192
:04ADF0006780000078
:10ADF400832606019385F5FF93D555409385150069
:10AE0400939626009307460193952500B386D700B1
:10AE1400B305B50063F8D7021307050003A80700BC
:10AE24009387470013074700232E07FFE3E8D7FE65
:10AE3400B386C6409386B6FE93F6C6FF1305450057
:10AE44003385A6006378B50013054500232E05FE5F
:08AE5400E36CB5FE678000000D
:10AE5C000327050113D65540930645016352C702DB
:10AE6C0013172700B387E60063F2F60403A7C7FFA6
:10AE7C009387C7FFE30A07FE1305100067800000E5
:10AE8C0093172600B387F600E350E6FE93F5F50121
:10AE9C00E38C05FC03A60700130510003357B6001E
:10AEAC003317B700E302E6FC6780000013050000CF
:04AEBC0067800000AB
:0CAEC000B7D7000083A7072467800700B5
:10AECC00638405029307F00F63E8C7002380C50075
:10AEDC0013051000678000009307A0082320F500DD
:10AEEC001305F0FF67800000130500006780000069
:10AEFC00130101FF2324810023229100232611003A
:10AF0C0013040500EF00C022930405001305040090
:10AF1C00EF00C0206302050283A5418D13050400D8
:10AF2C00EF408EBF6346A00283A5818D13050400FC
:10AF3C00EF400EC8634205048320C1000324810046
:10AF4C001385040083244100130101016780000074
:10AF5C00EF80CFB583A4018D8320C1000324810031
:10AF6C00130720022320E5001385040083244100ED
:10AF7C001301010167800000EF804FB3930720029B
:0CAF8C002320F500930400006FF01FFB71
:10AF980093D7454193F7F77F138617C013083001FD
:10AFA80093860500930805006344C804634E060AA7
:10AFB800B70710009387F7FFB3D7C74033F7B70039
:10AFC8003367A7006302070C370708003357C740E9
:10AFD80093C7F7FF3307B7003377F70093070000ED
:10AFE8001308070013850700930508006780000011
:10AFF800130330036358C302130700409307050087
:10B0080013880500E310E6FE130101FF130605008F
:10B0180023261100EFF0CEF78320C10013010101B0
:10B02800678000009387D7BE138705009305F0FF5C
:10B03800B3D5F50033F5A5009387080013880600FB
:10B04800E30205FA3303C340130610003316660003
:10B05800B307160163F4C7001387160093C5F5FFFD
:10B06800B3F7F5006FF0DFF7370700809306F0FFBE
:10B078003377B70093070000E314D6F6B706F03F1E
:10B088003367D7006FF0DFF59307050013880500D5
:04B098006FF05FF501
:10B09C009357750193F7F70F938717F89306600191
:10B0AC0063CEF60263CE0704B70680009386F6FFE4
:10B0BC00B3D6F64033F6A60093050500630C0600E4
:10B0CC00B7054000B3D5F54093C6F6FFB385A50090
:10B0DC00B3F5B600138505006780000093060008E1
:10B0EC0093050500E398D7FE130101FF23261100F9
:10B0FC00EF305EA78320C1001301010167800000BF
:10B10C00B70500809306F0FFB3F5A500E394D7FCD8
:0CB11C00B707803FB3E5F5006FF0DFFBE4
:10B1280013151500B707807F135515003335F50043
:04B13800678000002C
:10B13C00130101FD9317150023248102232611020C
:10B14C0093D717003707807F13040500636EF7163B
:10B15C009356F501638EE7263777B14213077721B3
:10B16C006344A7246388060037F7CF421307571BA5
:10B17C006366F7243777B13E232291022320210303
:10B18C0013078721637EF7143717853F232E310170
:10B19C00232C4101130717596362F72A13972600D2
:10B1AC009387C192B387E70083A5070013050400BA
:10B1BC002326D1002324E100EF40CEDA03278100BF
:10B1CC00938741928326C100B387E70083A70700CA
:10B1DC0013C7160093090500138A07003309D740DB
:10B1EC0093050A0013850900EF40CED7930505009F
:10B1FC0013040500EF404EA583A5818E9304050032
:10B20C00EF408EA483A5C18EEF40CED5938504006C
:10B21C00EF408EA383A5018FEF30DE94938504005D
:10B22C00EF408EA283A5418FEF40CED393850400CF
:10B23C00EF408EA183A5818FEF30DE9293850400C1
:10B24C00EF408EA09305050013050400EF408ED14E
:10B25C00930505002324A10013050400EF40CE9EA6
:10B26C008327810093040500630C092203A5C18B7D
:10B27C0093850700EF400ECF93050500138504005E
:10B28C00EF301ED19305050013050A00EF408ECD5B
:10B29C0093850900EF400ECD9305050003A5818A27
:10B2AC00EF404ECC930730F8634CF91293177901A9
:10B2BC0083244102032901028329C101032A81014C
:10B2CC003385A7006F00C00093050500EF309E8901
:10B2DC008320C10203248102130101036780000053
:10B2EC003707003463E2E7129305040013050400EA
:10B2FC00EF408E9583A5818E93040500EF40CE948C
:10B30C0083A5C18EEF400EC693850400EF40CE930B
:10B31C0083A5018FEF301E8593850400EF40CE92FC
:10B32C0083A5418FEF400EC493850400EF40CE916E
:10B33C0083A5818FEF301E8393850400EF40CE9060
:10B34C009305050013050400EF40CEC193070500DB
:10B35C0093850700130504002324F100EF40CE8EE3
:10B36C0083A5C18B9304050003258100EF408EBF9C
:10B37C009305050013850400EF309EC1930504006E
:10B38C00EF404EBE9305050003A5818AEF408EBDAC
:10B39C008320C10203248102832441020329010278
:10B3AC001301010367800000032481028320C10282
:10B3BC0013050000130101036F0000170324810221
:10B3CC008320C10213050000130101036F00401517
:10B3DC0013050000E39E06EE130504006FF05FEF0B
:10B3EC009307490683A50190939777013385A700AE
:10B3FC00EF408E8583244102032901028329C10178
:10B40C00032A81016FF0DFEC83A5C18F13050400C3
:10B41C00EF304EF583A5818A13890700EF30DEEFFC
:10B42C00E354A0EC83A5818A13050400EF308EF35E
:10B43C0083244102032901026FF09FE983A5C18D8A
:10B44C00130504002324D100EF400E8083268100D5
:10B45C009387419393962600B387D70083A5070063
:10B46C00EF304EF0EF404EF413090500EF40CEFAEA
:10B47C0083A5018E93040500EF301EFD9305050096
:10B48C0013050400EF400EAE83A5418E9309050011
:10B49C0013850400EF305EFB130A05006FF05FD4D8
:0CB4AC008329C101032A81016FF09FEA8F
:10B4B800130101FE232C8100232E11001304050023
:10B4C8002326B100EF70DFDE8325C1008320C10190
:10B4D8002320B50013050400032481011301010290
:04B4E8006780000079
:10B4EC00130101FF232611006300050237050080BC
:10B4FC003345B500EF305EF58320C1009305200283
:10B50C00130101016FF09FFA13850500EF30DEF394
:10B51C008320C10093052002130101016FF01FF974
:08B52C0083A541906FF0DFFBE5
:08B5340083A581906FF05FFB1D
:10B53C00130101FF232611006300050203A5C18A34
:10B54C0093050000EF30DEA48320C1009305200298
:10B55C00130101016FF09FF503A5818A930500008B
:10B56C00EF301EA38320C1009305200213010101BB
:04B57C006FF0DFF39A
:10B58000130101FF930505002326110023248100E8
:10B590002322910013040500EF408E9D93050500C2
:10B5A000EF30DE9F930405009305040013050400AB
:10B5B000EF20DFA263100502032481008320C10075
:10B5C0001385040083244100930510021301010137
:10B5D0006FF09FEE8320C1000324810013850400D7
:0CB5E0008324410013010101678000007A
:10B5EC00130101FE930700012324F10083270500BA
:10B5FC00232C81001304060083A787010326060071
:10B60C00232E1100232001002322010023260100F8
:10B61C0093060100E78007008327410013076000B1
:10B62C001305000093F767006398E7008327010078
:10B63C00130510002320F4008320C1010324810191
:08B64C001301010267800000F8
:10B65400130560006304C700130510006780000031
:10B66400B7B700009387479D2320F5006F1040096A
:10B67400130101FE232E11002326A100EFF05FFE2B
:10B684000325C1008320C101930580001301010239
:04B694006F00401FE4
:10B698006302B504834605001307A0029307000060
:10B6A800638CE602130101FF2326110083C70500FE
:10B6B800938767FD93B71700B385F500EF80DEBA6F
:10B6C8008320C1009337150013850700130101017A
:10B6D800678000009307100013850700678000004B
:10B6E8006302B504834605001307A0029307000010
:10B6F800638CE602130101FF2326110083C70500AE
:10B70800938767FD93B71700B385F500EF80DEB523
:10B718008320C10093371500138507001301010129
:10B7280067800000930710001385070067800000FA
:10B7380083A5450003254500130101FE2326C1000A
:10B748002324D100232E1100EFF09FF483268100DB
:10B758000326C100630C05009307800023A6F600AA
:10B768009307600023A0C60023A2F6008320C1012E
:08B778001301010267800000CB
:10B78000130101FD232021031309070003274500AE
:10B790002324810223229102232E31012326110228
:10B7A0009304060013840800930907006310090539
:10B7B00083A54700130507002326D100EFF0DFED36
:10B7C0008326C10063040502232494008320C10260
:10B7D0000324810283244102032901028329C10138
:10B7E00013050000130101036780000083A54600D4
:10B7F00013850900EFF05FEAE30A05FC93071000E8
:10B8000023202401232294002326F4006FF01FFC40
:10B81000130101FE232C8100232A910013840500CB
:10B820009304050083A5450003254500232E110040
:10B830002326C1002324D100EFF01FE6631C05027C
:10B84000832681009307300063E6D7028327040034
:10B8500013050400032481010326C1008320C101D4
:10B8600083A747019385040083244101130101024A
:10B87000678007008320C1010324810183244101E3
:08B880001301010267800000C2
:04B888006F40802B62
:10B88C0013070000930600008347050013051500FD
:10B89C0013F6F707939787013316D60093D7874192
:10B8AC003367C70093867600E3C007FE23A0E5004C
:04B8BC0067800000A1
:10B8C00093070000130700008346050013051500C9
:10B8D00013F6F6073316E600B3E7C70013968601A2
:10B8E0001356864113077700E34006FE1306F00166
:10B8F000636CE60093F60604638806009306F0FF87
:10B900003397E600B3E7E70023A0F5006780000067
:10B9100083270600130101FD23248102232EF10059
:10B9200083A70500232291022326B10083A7870065
:10B930002326110293040500138505001304060055
:10B94000E78007008325C100630805008327C10144
:10B9500083A70700232EF10083A70400930610009D
:10B960001306C10183A7070113850400E7800700C0
:10B97000630605008327C1012320F4008320C10250
:10B980000324810283244102130101036780000024
:10B99000130101FD23229102232E310123261102DE
:10B9A000232481022320210393070005930406002A
:10B9B00093890600631AF502130536001375C5FF57
:10B9C00083270500130545008320C102032481025B
:10B9D00023A0F90083244102032901028329C10124
:10B9E00013010103678000009377F5001307C0007F
:10B9F000130905006360F71037B70000939727001D
:10BA00001307879FB387E70083A707001384050008
:10BA1000678007009305C10013050600EFF01FE7DC
:10BA20008327C100E38207FA137709079306000111
:10BA30006314D70013840400131989011359894131
:10BA4000B3878700E35209F883A707006FF0DFF799
:10BA50009305C10013050600EFF09FE66FF05FFC51
:10BA6000834716000347060093978700B3E7E70074
:10BA7000138524006FF01FFB834716000347060061
:10BA800093978700B3E7E7009397070193D70741A0
:10BA90006FF01FFE8347160003470600130546009C
:10BAA00093978700B3E7E7000347260013170701C2
:10BAB0003367F7008347360093978701B3E7E700C2
:10BAC0006FF05FF6834716000347060013058600F4
:10BAD00093978700B3E7E700034726001317070192
:10BAE0003367F7008347360093978701B3E7E70092
:08BAF0006FF05FF3EF209FF0FF
:10BAF800130101FE232E110013080500034545011B
:10BB08009307F00F630EF504937775001307200071
:10BB1800638CE704930640006368F7001387060008
:10BB2800638C0700EF201FED130730006382E704E2
:10BB380013078000E398D7FEB385E5020326C80003
:10BB48009306C1003306B64083258800EFF0DFE393
:10BB58008320C1010325C100130101026780000091
:10BB6800130700006FF05FFD138707006FF0DFFC1D
:08BB7800138706006FF05FFC6B
:10BB8000130101FD232481020324C50093C6F6FF9F
:10BB9000232291022320210323261102930405006E
:10BBA000138905002326C1003304D4009305C10185
:10BBB00013050400EFF09FCD8325C1011304050098
:10BBC000638A050213850400EFF01FF31306C1001A
:10BBD00093050900EFF0DFD3E30A05FC8320C102DF
:10BBE000032481028324410203290102130101037A
:0CBBF00067800000130500006FF05FFE8E
:10BBFC001307F00F930705006300E50493F707079D
:10BC0C001307000313850500638EE702636EF700CC
:10BC1C00130700026386E7026370F702130101FF4A
:10BC2C0023261100EF20DFDC13070004638EE700EE
:10BC3C0013070005E394E7FE13050000678000007E
:0CBC4C006F600EEF6F604EEE6F600EEB4D
:10BC5800130101FE232C81001384050093050500C0
:10BC680013050400232E11002326C1002324D1002C
:10BC7800EFF05FF893050500130504000324810124
:10BC8800832681000326C1008320C101130101021C
:04BC98006FF09FCFDB
:10BC9C00130101FD23248102232291022326110288
:10BCAC00930405001304060093070000630A0500C3
:10BCBC002326B100EF604EE48325C10093070500F5
:10BCCC002320F4001386150083C505001307F00F1D
:10BCDC00638AE5069306440013850400EFF01FF712
:10BCEC0013060500034706009306F00F1305160014
:10BCFC00230AE40093070000630AD7009305C101EF
:10BD0C00EFF01FB88327C101B307F5002326F40019
:10BD1C00834705009305C10113051500A30AF40020
:10BD2C00EFF01FB68327C1018320C1028324410297
:10BD3C00B307F5002328F400032481021301010347
:0CBD4C00678000002322F4006FF0DFF994
:10BD5800130101F8232E1106232C8106232A9106AC
:10BD680023282107232631072324410723225107AB
:10BD780023206107232E7105232C8105232A910591
:10BD88002328A1052326B10523280100232A010021
:10BD9800130810006312053BB7DAD4BC938A0A5023
:10BDA80037B8B1B8B30A56011308C8AB33B6CA00DE
:10BDB800B3860601330AD600930C0000130D050064
:10BDC80063140A0063745501130D0000938BA5FFDB
:10BDD80093BB1B002324F100B37B7D0113040700F0
:10BDE800138B0500638A0B00832447FF6390043498
:10BDF80013050400EF40C01C03258100EF608ECFBF
:10BE0800130C05006304050E930505000325810046
:10BE180013068102230E0102EFF0DFE7834CC10312
:10BE2800832581002326A10013850C00EFF09FDCF9
:10BE38002328A1020325810093054101EF60CEC9A3
:10BE4800832741010326C10093B71700B304F540C7
:10BE580083298103636C3601130D000093040000ED
:10BE680093090000930710006F00400D8345D1032C
:10BE780093068101130500002326B100EFF05FDD72
:10BE88008325C100130605009306C10113050000B0
:10BE9800EFF01FDC8325C10013060500930601029D
:10BEA80013050000EFF0DFDA93054102EFF09F9DE4
:10BEB800832781020327810113060500B387E70062
:10BEC80063ECF40A0327C101B387E700E3F2F4F84F
:10BED80083240102638604008327C102B384F4002B
:10BEE8008327410263840704639C040813058000C8
:10BEF8008320C107032481078324410703290107FD
:10BF08008329C106032A8106832A4106032B0106D9
:10BF1800832BC105032C8105832C4105032D0105C5
:10BF2800832DC1041301010867800000E38004FC2D
:10BF3800130D0000930900009307200013771B00DE
:10BF48006308071413072000E382E7FA63120A0262
:10BF58009307100063EE5701832701012324A4FFF0
:10BF6800232634FF232884FF232CF4FE232A94FE5F
:10BF7800130560006FF0DFF7138609006FF05FEDBF
:10BF88009387F7FFB389F90093778B00639C0708C1
:10BF9800631E0A0813071000636A570983460400E2
:10BFA800B3F6E6001307040263840600032704FDC2
:10BFB800032907FB2328E10093B71700337DFD0011
:10BFC800B3372001B3FDA7019305C101138509000B
:10BFD800EFF09F8E930501022326A100EFF0DF8D7D
:10BFE800032DC10163020D0A930720006304FB06B9
:10BFF8006352A00593050D0013058102230E9103DA
:10C00800EFF01FAF630C0500630609041306010176
:10C0180093050900EFF05F8F630E05029307300068
:10C028006FF0DFF1138901956FF01FF9138981957E
:10C038006FF09FF8638A0D020326010193060D0035
:10C048009305090013058102230E9103EFF0DFB277
:10C05800E30605FC032D010263040D0E8327C100CE
:10C06800B389A7016FF05FF6832741031345FDFFEE
:10C07800930541023385A700EFF0DF808327410253
:10C08800E39A07FC6FF09FF9930B10006FF09FFC89
:10C09800137B8B001307100063160B0063140A0050
:10C0A800637E57016394E700EF00C01A63560D04DE
:10C0B800EF00401CEF30D0766FF01FFFE38AE7D225
:10C0C800635C0D02032581001306810293050C00B1
:10C0D800230E9103EFF01FBC0349C10383258100A0
:10C0E80013050900EFF01FB183258100130509002E
:10C0F800EFF05FB0232AA4FE032581001306040095
:10C108009305A000EF60CE950325810013060D006E
:10C118009305B000EF60CE94032581009385040059
:10C12800EF60CE9C130570006FF09FDC032D87FE37
:10C13800032C07FF6FF0DFF8130530006FF05FDBAB
:0CC1480093072000E39C0BDE6FF05FDA31
:10C15400130101FB23248104232291041304050009
:10C1640023202105232E310323261104EF30906B65
:10C17400832704FF032584FD13890700832784FE96
:10C18400938407008327C4FD93890700832744FF12
:10C194002320F102EF00400DEF30D068EF40C005DE
:10C1A4008327050003C707031384070513771700C4
:10C1B4006304070003A40700130681019305090023
:10C1C40013050000EFF05FAD832504FB93860400A4
:10C1D4001306040013058101EFF05F9A630E050056
:10C1E400EF00C01F2326A100EF30106EEF30D06D9A
:10C1F4000325C100EF608ED637C400009386040087
:10C20400130600009305848313058101EFF01F9743
:10C214006304050213054000EF30D027B7C70000C0
:10C224009387478A370605002320F5001306061B6B
:10C2340093058483EF00001513850900EF00400087
:10C24400130101FF23261100E7000500EF20CFFAB8
:08C25400EF30505DEF204FFABE
:10C25C0003A50182130101FF23261100EFF0DFFD7E
:10C26C00130101FF23261100E7000500EFF05FFE2C
:10C27C0003A54181130101FF23261100EFF05FFE9E
:10C28C009307050063160500B7C7040093878777EB
:0CC29C0003A5018223A0F182678000004E
:08C2A80003A50182678000007C
:10C2B0009307050063160500B7C704009387C725D9
:0CC2C00003A5418123AAF18067800000E3
:08C2CC0003A541816780000019
:10C2D400130101FE232E11009307100063F6A7003B
:10C2E40003A5C5FDEFF0DFF503A705FC9306F7FFF3
:10C2F40023A0D5FC6314F70283A745FD138505022B
:10C30400638807002326A100E78007000325C100F6
:10C314008320C101130101026F30501D8320C1012C
:08C32400130101026780000013
:10C32C00130101FF23261100232481002328B5FAD1
:10C33C00232AC5FA232005FA13040500EFF05FF851
:10C34C00232CA4FAEFF09FF503A7018A83A7418A57
:10C35C00232EA4FA8320C1002322F4FEB7C70400C5
:10C36C009387472D2320E4FE2324F4FE130504FABF
:0CC37C0003248100130101016780000010
:10C38800130101FE232E1100232C81002326B10066
:10C39800130405002324C100EF30506683274500AD
:10C3A800032681008325C100938717002322F50007
:10C3B80013050400EFF01FF793071000130405049A
:10C3C8002320F50013050400EF60CE851305040053
:08C3D800EF301045EFF01FE803
:10C3E000130101FF2326110023248100EF30906107
:10C3F0000327450083270500130717002322E500C4
:10C400006388070483A6070303A6470337D7D4BC72
:10C4100013070750B7B5B1B83387E6009385C5ABAE
:10C42000B336D7003306B600B386C600639606005F
:10C430009306100063F0E60223200500138407032F
:10C4400013050400EF60CEC213050400EF30D03DA9
:10C45000EFF0DFE003A747013307E04023AAE7003E
:04C460006FF0DFFD9D
:10C46400130101FF23248100232611001304050076
:10C47400631405001304100013050400EF20CFEE2D
:10C48400630A05008320C100032481001301010114
:10C4940067800000EF30D05B63160502130540008F
:10C4A400EF30407FB7B70000938707AE370605002B
:10C4B400B7B500002320F5001306C6A49385C5ACC8
:0CC4C400EFF05FECE70005006FF01FFBDD
:10C4D000B7B70000938787A62320F5006FF08F98E9
:10C4E000130101FE232E11002326A100EFF05FFEB1
:10C4F0000325C1008320C1019305C000130101027F
:04C500006FF08FB891
:10C50400130101FD232AF10083274500232481021E
:10C514001384050083A54600232291029304050099
:10C524001385070023202103232EC100232CE100BF
:10C534002328010123261101138907002324D10094
:10C5440023261102EFF00F9A832681008328C1006D
:10C554000328010183274101032781010326C10127
:10C564006308050423A0E80023A2C800634A040268
:10C5740033078700930710006314E80093076000F3
:10C5840023A6F8008320C1020324810283244102EC
:10C594000329010213050000130101036780000051
:10C5A4009307E0FFE310F4FE930710006FF05FFDC4
:10C5B4006316070583A5470013050900232E1101FF
:10C5C400232C0101232AE1002328D1002326C100C2
:10C5D4002324F100EFF00F91032741018327810009
:10C5E4000326C100832601018328C1011308070023
:10C5F4006306050023A4C8006FF0DFF803A58400D8
:10C604008320C102832441028325050003290102FA
:10C6140003A3C5019305040003248102130101034C
:04C6240067000300A8
:10C62800130101FE232C8100232A9100232E1100DF
:10C6380013040500938405006316C70283A546000A
:10C64800032545002326E1002324C1002322D1002D
:10C65800EFF00F89032681008326410013070600A7
:10C668006314050203258400032481018320C1018A
:10C6780083270500938504008324410183A70702CB
:10C6880013010102678007008320C101032481018F
:10C698008324410113056000130101026780000033
:10C6A800130101FE232C8100232E11001304050021
:10C6B8002326B1002324C1002322D100EFF04F87A5
:10C6C80063160502032584000324810183264100A3
:10C6D80083270500032681008325C1008320C1012B
:10C6E80083A7870113010102678007008320C10126
:0CC6F8000324810113010102678000008F
:04C70400678000004A
:08C7080013050000678000002A
:08C71000130500006780000022
:08C71800930580006FF0CF963D
:10C720000327450083A545006302B704834607003D
:10C730009307A00213050000638EF602130101FFA8
:10C740002326110083C7050013050700938767FDA3
:10C7500093B71700B385F500EF709EB18320C10039
:10C760001335150013010101678000001305100047
:08C770006780000067800000F3
:10C7780003C741A5130101FD2324810223261102C9
:10C788002322910223202103630E070083A701813E
:10C7980037850000130545AE83A5C700EF80D04359
:10C7A800EF204FA513071000238AE1A4EF3090254E
:10C7B8006302050C832445009306C101130600009B
:10C7C80083C7040093050000938767FD93B717009C
:10C7D800B384F400138504009307F0FF232EF100BF
:10C7E800EFD0DEE583A70181130905003785000036
:10C7F80083A5C700130545B0EF80103E83A70181CC
:10C808001305090083A5C7008327C10163840700B6
:10C8180013850400EF80503C83A701813785000011
:10C82800130585B383A5C700EF80103B8327C1019B
:10C838006396070013050900EF208FB3EFF0DFB907
:10C84800930710006396F506EF30807D8327050077
:10C8580083A78700E780070083A701819304050069
:10C868003785000083A5C7001305C5B6EF80D0360D
:10C878006F00800183A70181378500001305C5B3C8
:10C8880083A5C7006FF09FF183A70181138504007A
:10C8980083A5C700EF80503483A701811305A0004A
:10C8A80083A5C700EF801022EF30D0016FF05FEF53
:10C8B800EF300077EF3010016FF09FEE2326A100D4
:0CC8C800EF3050000325C100EF501EE9C6
:10C8D400130101FF1305400023261100EF30803BB4
:10C8E400B7C700009387478A37060500B7C500001D
:10C8F4002320F5001306061B93858583EFF09FA87C
:10C90400130101FF1305400023261100EF30803886
:10C91400B7B70000938707AE37060500B7B5000028
:10C924002320F5001306C6A49385C5ACEFF09FA59C
:10C93400130101FF1305400023261100EF30803559
:10C94400B7B700009387C7B137060500B7B5000035
:10C954002320F5001306C6A8938585B0EFF09FA2A7
:10C96400130101FF1305400023261100EF3080322C
:10C97400B7B70000938787B437060500B7B5000042
:10C984002320F5001306C6AC938545B3EFF09F9FB3
:10C99400130101FF1305400023261100EF30802FFF
:10C9A400B7B70000938787B737060500B7B500000F
:10C9B4002320F5001306C6B0938545B6EFF09F9C7F
:10C9C400130101FE2326A10013058000232C8100FE
:10C9D400232E1100232A9100EF30C02B8325C100A0
:10C9E40013040500EF30906537060500B7C5000055
:10C9F400130646359385858E13050400EFF09F9842
:10CA04009304050013050400EF30402E1385040041
:04CA1400EF50DED42D
:10CA1800130101FE2326A10013058000232C8100A9
:10CA2800232E1100232A9100EF3080268325C10090
:10CA380013040500EF30D06537060500B7C50000C0
:10CA48001306463B9385859013050400EFF05F932A
:10CA58009304050013050400EF3000291385040032
:04CA6800EF509ECF1E
:10CA6C00130101FE2326A10013058000232C810055
:10CA7C00232E1100232A9100EF3040218325C10081
:10CA8C0013040500EF30506337060500B7C50000EE
:10CA9C001306463E9385C59213050400EFF01F8ED6
:10CAAC009304050013050400EF30C0231385040024
:04CABC00EF505ECA0F
:10CAC000130101FE2326A10013058000232C810001
:10CAD000232E1100232A9100EF30001C8325C10072
:10CAE00013040500EF30D06037060500B7C500001D
:10CAF000130646419385C59413050400EFF0DF88C3
:10CB00009304050013050400EF30801E1385040014
:04CB1000EF501EC5FF
:10CB1400130101FE2326A10013058000232C8100AC
:10CB2400232E1100232A9100EF30C0168325C10063
:10CB340013040500EF30505E37060500B7C500004A
:10CB4400130646449385C59613050400EFF09F83AE
:10CB54009304050013050400EF3040191385040005
:04CB6400EF50DEBFF1
:10CB6800130101FC232E1100232C8100232A91009C
:10CB78001304010223282101130905002328E400D6
:10CB8800232C0401232E14012322B4002324C400DF
:10CB98002326D400232AF400EF601F9793077521FA
:10CBA80093F707FF3301F1409307F10093F407FF70
:10CBB8009305052093064400130609001385040015
:10CBC8002326D4FEEF00402A13058000EF30400CE6
:10CBD8009385040013090500EF30D053370605008C
:10CBE800B7C50000130646449385C596130509008A
:10CBF800EFF00FF99304050013050900EF30C00E9C
:08CC080013850400EF505EB536
:10CC1000130101FE2326A10013058000232C8100AF
:10CC2000232E1100232A9100EF3000078325C10035
:10CC300013040500EF30505137060500B7C500005A
:10CC4000130646269385C59813050400EFF0CFF32D
:10CC50009304050013050400EF30800913850400D8
:04CC6000EF501EB0C3
:10CC6400130101FE2326A10013058000232C81005B
:10CC7400232E1100232A9100EF30C0018325C10027
:10CC840013040500EF30905137060500B7C50000C6
:10CC94001306462C9385859A13050400EFF08FEE56
:10CCA4009304050013050400EF30400413850400C9
:04CCB400EF50DEAAB5
:10CCB800130101FE2326A10013058000232C810007
:10CCC800232E1100232A9100EF20907C8325C10098
:10CCD80013040500EF30104F37060500B7C50000F4
:10CCE8001306462F9385859C13050400EFF04FE942
:10CCF8009304050013050400EF20107F138504003A
:04CD0800EF509EA5A5
:10CD0C00130101FE2326A10013058000232C8100B2
:10CD1C00232E1100232A9100EF2050778325C10088
:10CD2C0013040500EF30904C37060500B7C5000022
:10CD3C00130646329385859E13050400EFF00FE42D
:10CD4C009304050013050400EF20D079138504002B
:04CD5C00EF505EA096
:10CD6000130101F7232481082322910813040109E8
:10CD700093840500B785000023261108232021098C
:10CD8000232E31071306900693090500938585B776
:10CD9000130544F7B3843441EF600FE5938704082B
:10CDA00093F707FF3301F1401309F100137909FFED
:10CDB00013068006930544F713050900EF60CFE2E0
:10CDC000138604009385090013058906EF60CFE1FF
:10CDD000B30499002384040613050900EFF09FBEF5
:10CDE000130101FE232C8100232E110013040102E4
:10CDF000130101FE1307F100137707FF9307C70024
:10CE0000B788000093860700938848BE1303A000EC
:10CE1000130E9000337866029386F6FF338808017C
:10CE200003480800238006011308060033566602F3
:10CE3000E3620EFF3386D74063E8C502B305C740FF
:10CE40009385C5002326C4FEEF600FDA0326C4FED7
:10CE5000130104FE8320C101032481011305060090
:10CE600013010102678000001306F0FF6FF05FFE00
:10CE7000130101FD9385F5FF2324810223229102F2
:10CE800023202103232E3101232C4101232A510188
:10CE9000232861012326110293090500930406004B
:10CEA0003309B50013040500130A5002930A300732
:10CEB000130BA00703C704006302070A637024056D
:10CEC000631E470183C7140063825703638C6705A1
:10CED000B387474193B71700B384F4002300E400FD
:10CEE00093841400130414006FF0DFFC83A7060082
:10CEF00003C70700630207026318240193050400B7
:10CF000013850900EFF0DFE5130414009387170081
:10CF1000A30FE4FE6FF0DFFD9386460093842400A8
:10CF20006FF05FF903C6240093075007E318F6FA81
:10CF300003A60600B3058940130504002326D1008B
:10CF4000EFF01FEAE35CA0FA8326C1003304A400DB
:10CF500093843400938646006FF0DFF523000400CD
:10CF6000330534418320C10203248102832441021A
:10CF7000032901028329C101032A8101832A410176
:0CCF8000032B0101130101036780000076
:0CCF8C00630406006F608FC56780000022
:10CF9800938705009305060063860700138607003C
:10CFA8006F501F80130500006780000093870500FD
:10CFB8009305060063860700138607006F504FFE2F
:08CFC800130500006780000062
:10CFD000630406006F8050031305000067800000A3
:10CFE00063D80500130101FF23261100EFF09F9184
:08CFF000138505006FF00FC767
:08CFF8002320B5006780000052
:08D000002322B5006780000047
:08D0080003250500678000000C
:08D01000130585006780000094
:08D0180013058500678000008C
:08D020002324B5006780000025
:10D02800832705002322B500B387B70023800700B4
:04D03800678000000D
:10D03C0093078500032505003305F54013351500CE
:04D04C0067800000F9
:10D0500083A70500370700801307E7FF637CF7000D
:10D0600037850000130101FF130505BF23261100BA
:10D07000EFF01FA5637CF6001316160063F8C700D7
:10D08000636AC70023A0C5009307060093851700B5
:10D090006FF01FF523A0E500930707006FF01FFF57
:10D0A0009307050003250500938787006304F500B7
:08D0B0006F20102967800000C9
:08D0B800032505006F2050283C
:04D0C0006780000085
:04D0C4006780000081
:04D0C800678000007D
:08D0CC001305850067800000D8
:10D0D4009307050083A647001385050063F0B60295
:10D0E400930506001306050037850000130101FFB0
:10D0F400130585C023261100EFF0DFA6678000002A
:10D10400B70700809387E7FFB385F50083274500C1
:10D11400B385F54063FAC500130101FF13850600CA
:0CD1240023261100EFF09F9967800000A7
:10D13000032545003305B5406374A60013050600BA
:04D140006780000004
:10D144008327050063EAF50003274500B387E7005A
:10D1540033B5B70067800000130510006780000036
:10D16400930710006318F60083C705002300F50039
:08D17400678000006FF05FE12D
:10D17C00130710006318E60083C705002300F500B1
:10D18C0067800000630406006F60CF926780000028
:10D19C009387050013071000930506006396E700BC
:10D1AC002300C50067800000638607001386070014
:08D1BC006F609EFD678000001A
:10D1C400130101FE232C8100232A9100232E110038
:10D1D4002326B1009307F00013040500930406000E
:10D1E40063FEB7009305C10013060000EFF01FE6CD
:10D1F4008325C1002320A4002324B40063880500F0
:10D204000325040013860400EFF01FF90327C1006F
:10D21400832704002322E400B387E7002380070068
:10D224008320C101032481018324410113010102EC
:04D23400678000000F
:04D238006FF0DFF8BC
:08D23C003306B6406FF05FF20B
:04D244006FF09FFFE9
:08D248003306B6406FF09FF1C0
:04D250006FF09FFFDD
:08D254003305B54067800000BE
:10D25C006304B50A130101FD2320210303290500F2
:10D26C00232291022326110223248102232E310131
:10D27C009307850083A445001306F0006304F900AE
:10D28C00032685009389050013040500637E96022E
:10D29C009305C10023269100EFF0DFDA1309050096
:10D2AC0013050400EFF01FDF8327C10023202401A6
:10D2BC002324F40083A50900138604001305090038
:10D2CC00EFF09FE96F008000E39604FE83270400D3
:10D2DC0023229400B3879700238007008320C10288
:10D2EC000324810283244102032901028329C10101
:0CD2FC0013010103678000006780000040
:10D30800130101FD232E310183294500B307C740CE
:10D31800232C4101130A070003270500B3873701AF
:10D32800232481022322910223202103232861013F
:10D338002326F10023261102232A51019307850091
:10D34800130906001304050093840500138B0600D7
:10D358001306F0006304F700032685009305C10057
:10D368001305040033892401EFF01FCEB389294146
:10D37800930A0500638804008325040013860400CB
:10D38800EFF0DFDD630C0B00630A0A0013060A00E6
:10D3980093050B0033859A00EFF05FDC638E09007C
:10D3A800832504003385440113860900B3852501CC
:10D3B8003385AA00EFF09FDA13050400EFF0DFCD04
:10D3C8008327C100232054012324F4008320C102B1
:10D3D8000324810283244102032901028329C10114
:10D3E800032A8101832A4101032B0101130101034F
:04D3F800678000004A
:10D3FC0003274500130101FF232481002322910000
:10D40C009387050023261100B385C50093040600FD
:10D41C00130405003306B740630CB700638A04009D
:10D42C0003250500B305B5003305F500EFF05FD417
:10D43C000326440083270400330696402322C400AD
:10D44C00B387C700238007008320C1000324810019
:0CD45C00832441001301010167800000DF
:10D46800930785002320F5002322050023040500E7
:04D4780067800000C9
:10D47C00930785002320F5002322050023040500D3
:04D48C0067800000B5
:0CD49000930785002320F5006FF0DFD229
:10D49C00130101FE232C8100232A9100232E11005D
:10D4AC00930405001305850023A0A40083A70500A1
:10D4BC0013840500938585006390F50403264400CE
:10D4CC002326B10013061600EFF09FAB8325C10095
:10D4DC0083274400230404008320C1012320B400CB
:10D4EC00232204000324810123A2F400832441019C
:10D4FC00130101026780000023A0F400832784003D
:08D50C0023A4F4006FF0DFFC22
:10D51400930685002320D50003A705009387850083
:10D5240003A64500639AE704130101FF2324810045
:10D5340023229100138405009304050093850700BA
:10D54400130616001385060023261100EFF0DFA34F
:10D55400832744002322040023A2F4008327040029
:10D56400238007008320C100032481008324410019
:10D5740013010101678000002320E50003A7850053
:10D584002322C50023A0F5002324E50023A20500DF
:08D594002384050067800000FC
:04D59C006FF05FB01D
:10D5A000130101FE232E11002326A100EFF01FCB53
:10D5B0008320C1010325C10013010102678000001F
:10D5C00083A70500130101FF23248100232291007A
:10D5D000138405002326110093858500930405001C
:10D5E000032505006396F502639C840283270400EB
:10D5F0002322040013850400238007008320C10038
:10D60000032481008324410013010101678000008D
:10D61000938684006318D502130500006F00C002D2
:10D620000326440063040600EFF0DFB30327440041
:10D6300083A7040023A2E400B387E7002380070048
:10D640006FF0DFFA03A7840023A0F40083274400CF
:10D6500023A2F4008327840023A4F40063080500B8
:10D660002320A4002324E4006FF05FF82320B400FB
:04D670006FF0DFF781
:08D6740003250500678000009A
:08D67C00032505006780000092
:10D6840003270500032545003305A7006780000034
:10D6940003270500032545003305A7006780000024
:10D6A40083A7050003A74500B387E7002320F500FF
:04D6B400678000008B
:10D6B80083A7050003A74500B387E7002320F500EB
:04D6C8006780000077
:0CD6CC0083A705002320F5006780000004
:0CD6D80083A705002320F50067800000F8
:08D6E40003250500678000002A
:10D6EC0003270500032545003305A70067800000CC
:10D6FC0083A7050003A74500B387E7002320F500A7
:04D70C006780000032
:0CD7100083A705002320F50067800000BF
:08D71C000325450067800000B1
:08D724000325450067800000A9
:0CD72C00370500801305E5FF6780000052
:10D7380003270500930785006306F7000325850086
:0CD74800678000001305F00067800000FF
:10D7540003270500130101FE232E1100232C810051
:10D76400232A91002326B100930785001306F000B5
:10D774006304F700032685008327C100637CF60257
:10D784009305C10013040500EFF05F8C03264400E9
:10D79400832504009304050013061600EFF05F9C34
:10D7A40013050400EFF09F8F8327C100232094000A
:10D7B4002324F4008320C101032481018324410133
:08D7C40013010102678000005F
:10D7CC0083250500130101FD2320210323261102CB
:10D7DC002324810223229102232E31011309850077
:10D7EC006308B902832445009307F0001304050075
:10D7FC0063EE970213861400130509002326B1006B
:10D80C00EFF09F950325C100EF20C03223202401A7
:10D81C008320C102032481028324410203290102D3
:10D82C008329C10113010103678000008327850050
:10D83C00E3F0F4FE93851400EFF0CFF98325040098
:10D84C001386140093090500EFF01F9113050400D3
:10D85C00EFF05F8423203401232494006FF05FFBEE
:10D86C0093071000639EF500EF20407BEFE09FB61E
:10D87C002326A100EF20D0040325C100EF409EED2C
:10D88C00EF20C079032481028320C102832441024A
:10D89C00032901028329C101130101036F205002E6
:10D8AC00130101FF23261100EFF09FF18320C1002B
:08D8BC00130101016780000067
:10D8C40083270500232205002380070067800000CA
:0CD8D40003254500133515006780000097
:0CD8E000032505003305B500678000003B
:0CD8EC00032505003305B500678000002F
:10D8F8000326450063ECC50037850000130101FFCE
:10D90800130505C423261100EFF08FA50325050094
:08D918003305B5006780000033
:10D920000326450063ECC50037850000130101FFA5
:10D93000130505C423261100EFF00FA303250500EE
:08D940003305B500678000000B
:08D948000325050067800000C3
:08D950000325050067800000BB
:10D9580083274500032505009387F7FF3305F50066
:04D9680067800000D4
:10D96C0083274500032505009387F7FF3305F50052
:04D97C0067800000C0
:10D9800083260500130101FE232A9100232E110096
:10D99000232C810013078500938405009307F00072
:10D9A000832545006384E6008327850013841500E2
:10D9B00063F28702130710009306000013060000AD
:10D9C0002326B1002324A100EFF01F948325C1007A
:10D9D0000325810083270500B387B70023809700C4
:10D9E0008327050023228500B38787002380070053
:10D9F0008320C10103248101832441011301010219
:04DA0000678000003B
:10DA0400130101FE232E11002326A100EFF01FF7BE
:10DA14008320C1010325C1001301010267800000B6
:10DA2400130101FE232E11002326A100EFF0DF8253
:10DA34008320C1010325C100130101026780000096
:04DA44006FF0DFB7E9
:10DA4800130101FE232A9100930406003786000083
:10DA5800130646C8232C81002326B100232E11006B
:10DA680013040500EFF08FE69307F0FF8325C1004C
:10DA78006396F402832704002322B400B387B70017
:10DA8800238007008320C1011305040003248101BA
:10DA9800832441011301010267800000E38404FE2E
:10DAA800032644003306B64063F4C400138604001A
:0CDAB80013050400EFF01F946FF0DFFC7A
:10DAC40083270500130101FE13061000B385F540FA
:10DAD400232E11002326A1002324B100EFF0DF91AF
:10DAE4000325C100832581008320C101032505008E
:0CDAF400130101023305B500678000003B
:10DB00008327050003274500130101FF232481001B
:10DB10002322910023261100B384F540B387E70048
:10DB2000130405006314F6022322950023800500E8
:10DB3000032504008320C1000324810033059500E0
:10DB40008324410013010101678000003306B640C1
:0CDB500093850400EFF09F8A6FF09FFDAA
:10DB5C0083254500130101FF130610009385F5FF83
:10DB6C0023261100EFF0DF888320C100130101018F
:04DB7C0067800000BE
:10DB8000130101FD2322910293840600B786000051
:10DB9000232E3101938686C99389050093050600DB
:10DBA0001386040023248102232C41011304050061
:10DBB000130A07002326B100232611022320210384
:10DBC000EFF04FD40325040093068400832744001C
:10DBD0008325C1001307F0006304D50003278400E8
:10DBE0003389B4403309F900636827073387350167
:10DBF0003386E740638CE700638A9500330535017F
:10DC0000B305B50033059500EFF04FD7638C0400E2
:10DC10000325040013060A0093850400330535012B
:10DC2000EFF0CFD78327040023222401130504003B
:10DC3000B3872701238007008320C10203248102C8
:10DC400083244102032901028329C101032A81019E
:10DC50001301010367800000138605001387040089
:10DC6000930600009385090013050400EFF0CFE947
:04DC70006FF0DFF979
:10DC7400938605008325450013070600130600005C
:04DC84006FF0DFEF6F
:10DC88008327450063F6B700B385F5406FF01FFEA4
:10DC980063FAF500832705002322B500B387B70090
:08DCA8002380070067800000E3
:08DCB000130600006FF05FFD98
:10DCB8001307060003264500938605009305000018
:04DCC8006FF09FEB6F
:10DCCC00130101FF13860500930510002324810026
:10DCDC002326110013040500EFF05FFD8320C10023
:10DCEC001305040003248100130101016780000067
:10DCFC00130101FE232A91009304060037860000CD
:10DD0C00130686CB232C8100232E1100130405004F
:10DD1C002326D100EFF04FBB93050500130504003B
:10DD2C00032481010327C1008320C10193860400D1
:10DD3C008324410113060000130101026FF09FE3DD
:10DD4C0083270500130101FE13070600B385F54078
:10DD5C009306100013060000232C8100232E1100C3
:10DD6C00130405002326B100EFF0DFE003250400C7
:10DD7C008325C1008320C101032481013305B50033
:08DD8C00130101026780000091
:10DD9400130101FE232A9100930406003786000034
:10DDA400130606CD232C81002326B100130405009D
:10DDB4002324D1002322E100232E1100EFF04FB1E0
:10DDC400032644008325C1000327410083268100E4
:10DDD4003306B64063F4C4001386040093050500BB
:10DDE40013050400032481018320C101832441011C
:08DDF400130101026FF09FD83A
:10DDFC00832705003306B640B385F5406FF09FD7F7
:10DE0C00130101FF2324810003240500138706005E
:10DE1C009306060013860500232291002326110089
:10DE2C009304050033848540EFF09FFC03A50400A8
:10DE3C008320C10083244100330585000324810025
:08DE4C001301010167800000D1
:10DE5400130101FD232481022322910223202103A3
:10DE6400232E310113040700232611021307F7FFA1
:10DE7400938405001309060093890600637EC70096
:10DE84001306040093850600138504002326F1007D
:10DE9400EFF08FAE8327C100638C07006300240B6F
:10DEA40013860700B385240133858400EFF0CFACDB
:10DEB40063768908B38724013387890063E6E70220
:10DEC40013060400032481028320C10203290102F2
:10DED40093850900138504008329C1018324410229
:10DEE400130101036FF04FA963E8F902B30524415C
:10DEF40013060400B385B9001385040003248102CA
:10DF04008320C10283244102032901028329C10120
:10DF1400130101036FF0CFA43389374113060900BD
:10DF24009385090013850400EFF00FA533062441FF
:10DF3400B3858400338524016FF05FFC8320C10224
:10DF44000324810283244102032901028329C1019C
:08DF54001301010367800000C6
:10DF5C00130101FD23229102232A5101930406008F
:10DF6C00938A0600B786000013060700232481025B
:10DF7C00232C410113040500938686CE138A0500D9
:10DF8C0093850400232021032324E100232611027E
:10DF9C00232E3101EFF04F96032904001306840061
:10DFAC0083274400032781009306F0006304C90013
:10DFBC0083268400B3099740B389F90063EA360BD2
:10DFCC0033094901338A4401B387474193850A00D9
:10DFDC00130504002326E1002324F100EFF0CF9574
:10DFEC00832781000327C1006308050663800702AD
:10DFFC00638EE4003305E90013860700B30599002E
:10E00C002324E100EFF0CF9603278100630A070079
:10E01C001306070093850A0013050900EFF0CF9350
:10E02C00832704002322340113050400B38737012E
:10E03C00238007008320C102032481028324410230
:10E04C00032901028329C101032A8101832A410189
:10E05C00130101036780000093860A0013860400F5
:10E06C009305090013050400EFF01FDE6FF05FFB52
:10E07C0093860A001386040093050A001305040016
:08E08C00EFF0CFA76FF0DFF900
:10E09400130101FD83274500232481021384050015
:10E0A400930506003786000023202103130646D07B
:10E0B400130905001305040023229102232E3101C4
:10E0C4002326D1002324B100832404002326110233
:10E0D40093890700EFE0DFFF0327440083258100D5
:10E0E4008326C1003307B74063F4E60013870600B4
:10E0F400032481028320C102B386A400138609008D
:10E10400832441028329C101130509000329010263
:0CE1140093050000130101036FF01FE4ED
:10E1200013070600032645009386050093050000AB
:04E130006FF0DFE2CB
:10E13400130101FE232C8100232E1100130405007A
:10E14400EFF0DFFD8320C1011305040003248101E6
:08E154001301010267800000C5
:10E15C00130101FE232C8100130405001385050017
:10E16C00232E11002326B100EF50CFB90326440013
:10E17C001307050013050400032481018326C10045
:10E18C008320C10193050000130101026FF05FDCD5
:04E19C006FF01FFC05
:10E1A000130101FE232A9100930406003786000024
:10E1B000130606CD232C81002326B100130405008D
:10E1C0002324D1002322E100232E1100EFE09FF051
:10E1D000032644008325C1000327410083268100D4
:10E1E0003306B64063F4C4001386040093050500AB
:10E1F00013050400032481018320C101832441010C
:08E20000130101026FF09FD52C
:10E208000327460083260600130600006FF0DFF898
:10E21800130101FD23248102232291021304060025
:10E22800832406003786000023202103232E310192
:10E238001309050093890500130686CB938506000C
:10E24800130504002326E1002324D100232611020C
:10E25800EFE0DFE783274400832681000327C1001E
:10E26800B387D7406374F70093070700032481023C
:10E278008320C102B386A400938509008324410248
:10E288008329C10113050900032901021387070027
:0CE2980013060000130101036FF01FF0DB
:10E2A4001387060093060600130600006FF01FEFA5
:10E2B40083270500130101FFB385F5401301010114
:04E2C4006FF01FFEDA
:10E2C800130101FE232C8100130405001305060029
:10E2D800232E11002326B1002324C100EF50CFA222
:10E2E8001307050013050400032481018326810018
:10E2F8008325C1008320C101130600001301010218
:04E308006FF09FE92A
:0CE30C0003A7460083A606006FF0DFE8C0
:10E31800130101FD232E3101930906003786000001
:10E328002322910223202103130606CD930405001E
:10E33800138905001385060093050700232481022D
:10E348002326F10003A406002324E1002322D100A0
:10E3580023261102EFE09FD783264100032781007F
:10E368008327C10003A646003307E64063F4E700AD
:10E3780013870700B306A400032481028320C10287
:10E3880013860900930509008329C10103290102A5
:10E398001385040083244102130101036FF0DFDFBA
:10E3A800130101FE232C81001304050013850600C8
:10E3B800232E11002326B1002324C1002322D100DB
:10E3C800EF508F94130705001305040003248101FF
:10E3D80083264100032681008325C1008320C101D3
:08E3E800130101026FF05FDB7D
:10E3F000832705003306B640B385F5406FF05FDA3A
:0CE4000003A7460083A606006FF09FFEF5
:10E40C00130101FE232C8100130405001385060063
:10E41C00232E11002326B1002324C1002322D10076
:10E42C00EF504F8E130705001305040003248101E0
:10E43C0083264100032681008325C1008320C1016E
:08E44C00130101026FF01FFA39
:0CE45400130101FF130101016FF05FF9DB
:10E46000832705003306B6403307D740B385F54010
:04E470006FF01FD357
:10E47400832705003306B6403307D740B385F540FC
:04E484006FF0DFD185
:10E48800130101FE232C8100032405003307D60065
:10E498009306060013860500232A9100232E1100F7
:10E4A8009304050033848540EFF05FFC03A5040066
:10E4B8008320C101832441013305850003248101A0
:08E4C80013010102678000004E
:10E4D000832705003306B6403307D740B385F540A0
:04E4E0006FF01FCCEE
:10E4E400832705003306B6403307D740B385F5408C
:04E4F4006FF0DFCA1C
:10E4F800130101FF8327450023248100130405002D
:10E508000325050023261100232291009306840089
:10E518001307F0006304D50003278400B304F60052
:10E52800636C9702630606003305F500EFE01FC32E
:10E53800832704002322940013050400B38797005F
:10E54800238007008320C100032481008324410025
:10E558001301010167800000130706009386050078
:10E56800130600009385070013050400EFE05FD948
:04E578006FF01FFC25
:10E57C00130101FEB7860000232C81009386C6D1BF
:10E58C001384050093050000232E11002326A100FF
:10E59C002324C100EFE05FB693050400032481013E
:10E5AC00032681000325C1008320C1011301010250
:04E5BC006FF0DFF32A
:0CE5C000130101FF130101016FF05FFB6C
:0CE5CC0003A6450083A505006FF09FFA30
:04E5D8006FF05FFF82
:10E5DC00130101FD23248102232021031384050050
:10E5EC00130906003786000023229102232E3101E5
:10E5FC0083A405001306C6D19309050093050900F1
:10E60C00130504002326D10023261102EFE0DFAB13
:10E61C00032644008326C1003306264163F4C6005A
:10E62C0013860600032481028320C1020329010200
:10E63C00B385A40083244102138509008329C101F9
:08E64C00130101036FF0DFF27E
:0CE65400130101FF130101016FF01FF220
:10E66000130101FD2324810223229102232021038F
:10E67000232E3101232611029307850013890500FB
:10E680002320F5002322050023040500B305E6003E
:10E690001304050093890600930407002326C10094
:10E6A000EFF04F8B0326C10093050900130504000A
:10E6B000EFF0DFEC138604009385090013050400D6
:10E6C000EFF0DFEB6F0080019304050013050400F9
:10E6D000EFE01F9D13850400EF408E888320C10268
:10E6E000130504000324810283244102032901024B
:0CE6F0008329C1011301010367800000B1
:10E6FC00130101FE232C8100130405001385050072
:10E70C00232E1100232A910093840500EF409FDFF4
:10E71C00B7860000130605002326A1009305000010
:10E72C00130504009386C6D1EFE01F9D130504006A
:10E73C00032481010326C1008320C10193850400B9
:0CE74C0083244101130101026FF05FDA29
:04E758006FF05FFA05
:10E75C00130101FE232A9100930406003786000062
:10E76C0023282101130646D313890500938506003F
:10E77C00232C81002326D10013040500232E110025
:10E78C00EFE09F94032644008326C1003306D64055
:10E79C0063F4C40013860400630E06008325040092
:10E7AC00130509002326C100B385D500EFE0DF9ADD
:10E7BC000326C1008320C10103248101832441016C
:10E7CC0003290101130506001301010267800000F3
:10E7DC00630EB516130101FD232A5101832A05008E
:10E7EC00232481022322910223202103232E310191
:10E7FC00232C4101232611022328610113098500D2
:10E80C0003AA050013840500930405009389850071
:10E81C0063125907032645006394490983A74500F1
:10E82C00631A060A638E070813861700938509007E
:10E83C0013050900EFE0CFF48327440023A2F40072
:10E84C008327040023220400238007008320C102B5
:10E85C000324810283244102032901028329C1017B
:10E86C00032A8101832A4101032B010113010103B6
:10E87C0067800000032B850063103A0D03A645004A
:10E88C001305090093050A0013061600EFE04FEF7D
:10E89C002320540123A02401232464016F0040028F
:10E8AC0083AA850013061600930509001385090039
:10E8BC00EFE00FED23A044012320340123A45401E5
:10E8CC000327440083A7440023A2E4002322F4007E
:10E8DC006FF0DFF7130A1600638E0702938A170096
:10E8EC0013860A009385090013050100EFE04FE938
:10E8FC0013060A009305090013850900EFE04FE8A1
:10E90C0013860A009305010013050900EFE04FE799
:10E91C006FF01FFB13060A0093050900138509000D
:10E92C00EFE00FE683A744002322F40023A20400A7
:10E93C0083A704006FF05FF12320450183A78500B6
:10E94C0023A055012324F5006FF01FF5678000000C
:08E95C0003250500678000009F
:08E96400032505006780000097
:04E96C0067800000C0
:10E9700083274500639A060063F4C7001306F0FF7F
:10E980001305060067800000E37AF6FE130101FE1E
:10E99000232A910023282101232631012324410128
:10E9A0002322510123206101232E1100232C8100F9
:10E9B0008329050003C70500130A1000B38AF90074
:10E9C0009384060013890500130B07003385C900E3
:10E9D000B387C740330ADA4063F697001306F0FFA7
:10E9E0006F00C00213060B00B305FA00EFE0CFDAA8
:10E9F00013040500E30405FE1386040093050900D3
:10EA0000EFE00FDD631A0502330634418320C101B4
:10EA10000324810183244101032901018329C100C9
:10EA2000032A8100832A4100032B010013050600FD
:10EA3000130101026780000013051400B387AA4088
:04EA40006FF09FF9DB
:0CEA440083A6450083A505006FF05FF27B
:10EA5000130101FE232C810013040500138505001A
:10EA6000232E11002326C1002324B100EF405FAA0A
:10EA70009306050013050400032481010326C10049
:10EA8000832581008320C101130101026FF05FEE35
:10EA9000032745006374E604130101FF232481006A
:10EAA0000324050093070600138605003305F400D0
:10EAB000B305F74023261100EFE00FCE9307F0FFD8
:10EAC00063040500B30785408320C100032481004F
:10EAD0001385070013010101678000009307F0FF11
:08EAE0001385070067800000A8
:10EAE800130101FE232C810003244500232E11006D
:10EAF800232A9100636CD4023304D44063748600E3
:10EB08001304060083240500138606003385840059
:10EB18002326C1002324B100EFE00FCB630A0500D0
:10EB2800832581000326C100631004021304F0FF4B
:10EB38008320C101130504000324810183244101BA
:10EB480013010102678000001304F4FF6FF01FFC3B
:0CEB580083A6450083A505006FF09FF820
:10EB6400130101FE232C8100130405001385050005
:10EB7400232E11002326C1002324B100EF401F9946
:10EB84009306050013050400032481010326C10034
:10EB9400832581008320C101130101026FF09FF4DA
:10EBA40083274500638607029387F7FF6374F600A3
:10EBB4009307060093871700032705009387F7FF41
:10EBC4003307F700034707006306B700E39607FE21
:0CEBD4009307F0FF138507006780000026
:10EBE000130101FE232E1100232C8100232A910002
:10EBF00023282101232631012324410163820606B3
:10EC000003294500138A0600938905009304050033
:10EC1000130406006376240583A7040093050A0005
:10EC200013850900B387870003C60700EFE0CFB65E
:10EC3000630405028320C10113050400032481013C
:10EC400083244101032901018329C100032A810092
:10EC50001301010267800000130414006FF09FFB92
:08EC60001304F0FF6FF01FFD2B
:0CEC680083A6450083A505006FF01FF790
:10EC7400130101FE232C81001304050013850500F4
:10EC8400232E11002326C1002324B100EF401F8846
:10EC94009306050013050400032481010326C10023
:10ECA400832581008320C101130101026FF01FF34A
:04ECB4006FF0DFDD41
:10ECB800130101FE232C810003244500232E11009B
:10ECC800232A9100232821012326310123244101ED
:10ECD80063040406638206061304F4FF6374860063
:10ECE8001304060003290500138A0600938905000A
:10ECF8009304F0FFB307890003C6070093050A00D1
:10ED080013850900EFE0CFA8631605001304F4FF8C
:10ED1800E31294FE8320C10113050400032481013A
:10ED280083244101032901018329C100032A8100A9
:10ED380013010102678000001304F0FF6FF09FFDCC
:0CED480083A6450083A505006FF09FF630
:10ED5400130101FE232C8100130405001385050013
:10ED6400232E11002326C1002324B100EF400FFA03
:10ED74009306050013050400032481010326C10042
:10ED8400832581008320C101130101026FF09FF2EA
:04ED94006FF01FE11C
:10ED9800130101FD232021030329450023248102B7
:10EDA80023229102232E3101232611029304050008
:10EDB8009389050013040600636424031304F0FF19
:10EDC8008320C10213050400032481028324410225
:10EDD800032901028329C10113010103678000008F
:10EDE80083A704009385060013850900B38787006D
:10EDF80003C607002326D100EFE08F99E30205FC44
:0CEE08008326C100130414006FF01FFBF0
:0CEE140083A6450083A505006FF0DFF722
:10EE2000130101FE232C8100130405001385050046
:10EE3000232E11002326C1002324B100EF404FED03
:10EE40009306050013050400032481010326C10075
:10EE5000832581008320C101130101026FF0DFF3DC
:10EE6000032745006368E6001306F0FF130506005C
:10EE70006780000083270500B387C70083C70700AA
:0CEE8000E396B7FE130616006FF0DFFDEE
:10EE8C00130101FE232C810003244500232E1100C5
:10EE9C00232A910023282101232631012324410117
:10EEAC00630204061304F4FF637486001304060063
:10EEBC0003290500138A0600938905009304F0FFCB
:10EECC00B307890003C6070093050A0013850900E0
:10EEDC00EFE0CF8B630605001304F4FFE31294FEFE
:10EEEC008320C10113050400032481018324410103
:10EEFC00032901018329C100032A810013010102A6
:0CEF0C00678000001304F0FF6FF09FFD11
:0CEF180083A6450083A505006FF0DFF61E
:10EF2400130101FE232C8100130405001385050041
:10EF3400232E11002326C1002324B100EF400FDD4E
:10EF44009306050013050400032481010326C10070
:10EF5400832581008320C101130101026FF0DFF2D8
:10EF640083274500638A07029387F7FF6374F600DB
:10EF740093070600832605001307F0FF3386F60087
:10EF8400034606006316B6009387F7FFE398E7FE8F
:10EF940013850700678000009307F0FF6FF05FFFA1
:10EFA400130101FF232481002322910003A44500BF
:10EFB400832445002326110013060400636494008F
:10EFC4001386040083A5050003250500EFE00F80E8
:10EFD40063140500338584408320C1000324810029
:0CEFE4008324410013010101678000003C
:10EFF000130101FD232291029304060037860000CD
:10F00000232E3101130686D493090500232481029F
:10F01000232021032326D100138905002326110272
:10F02000EFE04F8B03A449008326C1003304244141
:10F0300063F484001384040083A446001386040050
:10F04000637494001306040003A5090083A5060059
:10F0500033052501EFD0DFF7631405003305944035
:10F060008320C10203248102832441020329010277
:0CF070008329C101130101036780000027
:10F07C00130101FD23229102B78400002324810295
:10F08C0013040600138684D42326F10023261102D0
:10F09C0023202103232E3101130907009389060035
:10F0AC00232C4101232A5101138A0500930A0500E0
:10F0BC00EFE08F81138684D4930509001385090032
:10F0CC00EFE08F8083A44A008327C100B3844441BE
:10F0DC00637494009304040003A449003304244192
:10F0EC0063F48700138407001306040063F48400A0
:10F0FC001386040083A5090003A50A00B385250126
:10F10C0033054501EFD01FEC6314050033858440B3
:10F11C008320C102032481028324410203290102BA
:10F12C008329C101032A8101832A410113010103AF
:04F13C0067800000E8
:10F14000130101FE232A9100832445002328210175
:10F150001309050013850500232C81002326B10027
:10F16000232E1100EF40CFBA8325C1001304050000
:10F170001306050063649500138604000325090047
:10F18000EFD01FE563140500338584408320C1015F
:10F190000324810183244101032901011301010298
:04F1A0006780000084
:10F1A400130101FE232A9100930406003786000010
:10F1B40023263101130686D493090500232C8100EC
:10F1C400232821012324410113890500232E110042
:10F1D400138A0600EFD0DFEF03A44900330424416F
:10F1E40063F484001384040013050A00EF400FB293
:10F1F40093040500130605006374A40013060400B9
:10F2040003A5090093050A0033052501EFD01FDC8F
:10F2140063140500330594408320C1010324810154
:10F2240083244101032901018329C100032A8100A8
:08F234001301010267800000D4
:10F23C00130101FD232C4101130A0600378600003F
:10F24C00232E3101130686D4930905002324810251
:10F25C0023229102232021032326D10013890500A8
:10F26C002326110293040700EFD01FE603A44900E4
:10F27C008326C1003304244163748A0013040A00FA
:10F28C001306040063F484001386040003A509002C
:10F29C009385060033052501EFD0DFD263140500FA
:10F2AC00330594408320C10203248102832441024C
:10F2BC00032901028329C101032A810113010103DE
:04F2CC006780000057
:08F2D0002320B5006780000057
:08F2D8002320B500678000004F
:10F2E000130101FE232A91009304050013850500F4
:10F2F000232E1100232C81002326B10013040600C5
:10F30000EF400FA103274400832604008325C1009A
:10F310001306050013850400EFF08FB48320C101AC
:10F320000324810113850400832441011301010298
:04F3300067800000F2
:10F334000327460083260600130101FEA307B1003C
:10F34400130610009305F100232E11002324A100BD
:10F35400EFF0CFB08320C101032581001301010226
:04F3640067800000BE
:10F36800032746008326060003A6450083A505005B
:10F37800130101FE232E11002326A100EFF0CFADCB
:10F388008320C1010325C100130101026780000029
:10F39800130101FEB307B640232C8100232A9100F4
:10F3A80023282101232E11002326F1001307F00042
:10F3B800130405009384050013090600637EF70013
:10F3C800130600009305C100EFD01FC88327C100B2
:10F3D8002320A4002324F4000325040013060900B5
:10F3E80093850400EFD01FE50327C100832704009D
:10F3F8002322E400B387E700238007008320C101AC
:10F40800032481018324410103290101130101021D
:04F418006780000009
:10F41C00930785002320F5002322050093060000A6
:04F42C006FF0DFF6A8
:10F43000130101FEB307B640232C8100232A91005B
:10F4400023282101232E11002326F1001307F000A9
:10F45000130405009384050013090600637EF7007A
:10F46000130600009305C100EFD09FBE8327C100A3
:10F470002320A4002324F40003250400130609001C
:10F4800093850400EFD05FDC0327C10083270400CD
:10F490002322E400B387E700238007008320C10113
:10F4A0000324810183244101032901011301010285
:04F4B0006780000071
:10F4B400930785002320F50083A7050003A64500D4
:10F4C40093060000938507003386C7006FF01FF68C
:10F4D400130101FEB307B640232C8100232A9100B7
:10F4E40023282101232E11002326F1001307F00005
:10F4F400130405009384050013090600637EF700D6
:10F50400130600009305C100EFD05FB48327C10048
:10F514002320A4002324F400032504001306090077
:10F5240093850400EFD05FD10327C1008327040033
:10F534002322E400B387E700238007008320C1016E
:10F5440003248101832441010329010113010102E0
:04F5540067800000CC
:10F55800930785002320F500232205009306000069
:04F568006FF0DFF66B
:10F56C00130101FEB307B640232C8100232A91001E
:10F57C0023282101232E11002326F1001307F0006C
:10F58C00130405009384050013090600637EF7003D
:10F59C00130600009305C100EFD0DFAA8327C1003A
:10F5AC002320A4002324F4000325040013060900DF
:10F5BC0093850400EFD09FC80327C1008327040064
:10F5CC002322E400B387E700238007008320C101D6
:10F5DC000324810183244101032901011301010248
:04F5EC006780000034
:10F5F000930785002320F500639E0500630C060039
:10F6000037850000130101FF130505D623261100DD
:10F61000EFD04FBB930600003386C5006FF01FF597
:10F62000130101FE232E1100232C81009307850076
:10F630002320F5006398050037850000130505D6E3
:10F64000EFD04FB813040500138505002326B10041
:10F65000EF301FEC8325C1008320C1019306000019
:10F660003386A50013050400032481011301010260
:04F670006FF0DFEF69
:10F6740093078500130101FF2320F5009306000082
:0CF684003386C500130101016FF01FEE7A
:10F69000930785002320F500232205009306000030
:04F6A0006FF0DFEC3C
:10F6A400130101FE232C8100232A91002328210128
:10F6B40023263101232E11009307850013890500A9
:10F6C400930906002320F5003786000003A40500F3
:10F6D4009304050093850900130646D91305090010
:10F6E400EFD01F9F03264900B305A4000324810122
:10F6F4008320C10103290101330636411385040027
:10F704008329C10083244101930600003386C50088
:08F71400130101026FF05FE533
:10F71C00130101FD232481022322910223202103C2
:10F72C00232E31019307850023261102138905002E
:10F73C00930906002320F5003786000003A405007A
:10F74C00130646D993850900930405001305090097
:10F75C002326D100EFD05F97032649008326C100F2
:10F76C00B305A4003306364163F4C60013860600C5
:10F77C00032481028320C102032901028329C101D0
:10F78C001385040083244102930600003386C500D0
:08F79C00130101036FF0DFDC33
:10F7A400130101FE232A91009384050093050600AA
:10F7B40037860000232C8100130606DB13040500A2
:10F7C40013850400232E11002326D100EFD05F906F
:10F7D4008326C10013060500938504001305040065
:10F7E400EFF09FF38320C10113050400032481017A
:0CF7F40083244101130101026780000022
:10F80000130101FD232481022322910223202103DD
:10F81000232E310193078500232611021389050049
:10F82000930906002320F5003786000003A4050095
:10F83000130686DC9385090093040500130509006F
:10F840002326D100EFD01F89032649008326C1005B
:10F85000B305A4003306364163F4C60013860600E0
:10F86000032481028320C102032901028329C101EB
:10F870001385040083244102930600003386C500EB
:08F88000130101036FF09FCE9C
:10F88800130101FC232C8102130405000325050044
:10F89800232E11022324B1002326C100130784005C
:10F8A8009307F0006304E500832784000326C10062
:10F8B8008325810063F4C704930701023386C500DA
:10F8C8009306000013058101232CF100232E01006B
:10F8D800EFF05FC99305810113050400EFD0DFCD78
:10F8E80013058101EFD04FFB8320C10313050400EA
:10F8F80003248103130101046780000063080600E4
:10F908002322C100EFD09F850326410083270400EE
:10F918002322C400B387C700238007006FF0DFFCF1
:10F92800130101FE232C8100232A9100232E1100AC
:10F938002326C1009307F0001304050093840500F3
:10F9480063FEC700130600009305C100EFD0CFEF98
:10F958000326C1002320A4002324C4006308060052
:10F968000325040093850400EFD04FFF0327C1004F
:10F97800832704002322E400B387E70023800700DD
:10F988008320C10103248101832441011301010261
:04F998006780000084
:10F99C00130101FE232C8100232A9100232E110038
:10F9AC002326C1009307F00013040500938405007F
:10F9BC0063FEC700130600009305C100EFD08FE86B
:10F9CC000326C1002320A4002324C4000325040023
:10F9DC009385040013061600EFD00FF88327C1009F
:10F9EC008320C101832441012322F40003248101DB
:08F9FC00130101026780000005
:10FA0400930785002320F50003A6450083A5050080
:04FA14006FF09FF8F8
:10FA18000325050083A705003305F54013351500B8
:04FA280067800000F3
:10FA2C000325050083A705003305F54013351500A4
:04FA3C0067800000DF
:0CFA400037850000130585DD678000009D
:10FA4C00B7B70000938707AE2320F5006F00407511
:10FA5C00130101FE232E11002326A100EFF05FFEFF
:10FA6C000325C1008320C10193054000130101024D
:04FA7C006FB0DFE0A8
:0CFA800037850000130585DE678000005C
:10FA8C00B7B700009387C7B12320F5006FF05FFB79
:10FA9C00130101FE232E11002326A100EFF05FFEBF
:10FAAC000325C1008320C10193054000130101020D
:04FABC006FB0DFDC6C
:0CFAC00037850000130545E0678000005A
:10FACC00B7B70000938787B42320F5006F00406D13
:10FADC00130101FE232E11002326A100EFF05FFE7F
:10FAEC000325C1008320C1019305400013010102CD
:04FAFC006FB0DFD830
:0CFB000037850000130545E16780000018
:10FB0C00B7B70000938787B72320F5006F004069D3
:10FB1C00130101FE232E11002326A100EFF05FFE3E
:10FB2C000325C1008320C10193054000130101028C
:04FB3C006FB0DFD4F3
:04FB40006FF08E8351
:10FB44001387C15A83274700130605FF63880700FC
:10FB5400832605FFB305D60063F8F500232AF5FED6
:10FB64002322C700678000006392B70683A547007D
:10FB740083A70700232AB5FEB387D7002328F5FE01
:10FB84006FF01FFE1307480083A847006382080232
:10FB94000328070083274800E3E6B7FE639A1501AC
:10FBA40083A5070083A74700B386B6002322F80085
:10FBB4008327070083A507003388B700631C060169
:10FBC400B385D50023A0B700678000001387015BCD
:10FBD4006FF09FFB83A747002328D5FE232AF5FE59
:0CFBE4008327070023A2C70067800000F1
:10FBF00013050501930780006374F5001385070062
:10FC00001305F500937705FF03A5015B1387015BDF
:10FC1000630E05020325070003260500636AF6024A
:10FC20003308F640930670008325450063F8060309
:10FC3000B306F50023A2B6000325070023A00601A2
:10FC40002320F5002320D70013050501678000005D
:10FC500013074500032545006FF09FFB93860500C1
:08FC60002320C5006FF01FFE18
:10FC6800130101FF232481001384C15A0325840052
:10FC78002326110063060500EFE09EEF232404000D
:10FC88008320C10003248100130101016780000063
:10FC9800130101FF23248100130405061305040042
:10FCA80023261100EFE01EEC93070500631C0500F6
:10FCB80013050400EFF05FF39307050063140500D4
:10FCC800EFC04FD9130600069305000013850700FF
:10FCD800EF40CECB8320C100032481001305050625
:08FCE800130101016780000017
:10FCF0009387C15A03A7870083A7C700130505FA96
:10FD0000B307F7006376F5006374A7006FF09FE315
:04FD10006FE09EE61C
:10FD1400130101FF1305000523261100EFE0DEE4C3
:10FD240093070500631C050013050005EFF01FECA5
:10FD34009307050063140500EFC00FD213060005F6
:10FD44009305000013850700EF408EC48320C10093
:08FD54001301010167800000AA
:10FD5C009387C15A83A6870083A7C70013070500A2
:10FD6C00B387F6006376F50063F4A6006FF0DFDC72
:08FD7C00130507006FE09EDF94
:10FD8400130101FE232C810003240500232E1100FE
:10FD9400938705006370B40213860500378500005D
:10FDA400B7850000930604009385C5721305857416
:10FDB400EFC05FDB3304B4406374860013040600B1
:10FDC400130607006374E4001306040063000602CC
:10FDD40003254500938506002326E1003305F5003D
:10FDE400EF5050220327C100631405003305E4409B
:10FDF4008320C101032481011301010267800000F3
:10FE0400130101FA232A910437850000232C81046D
:10FE140023263105232E1104232821059384C15A56
:10FE24001305C57723A2040023A4040023A6040019
:10FE3400EF50C00D9307F0002320F102B7870000B4
:10FE4400938707792322F102930780002324F10288
:10FE5400B78700009387077A2326F102930790005F
:10FE6400232AF102B78700009387C77A232CF10273
:10FE7400930740001304050023280102232EF102F6
:10FE84009309E002631204068327C10313070004E5
:10FE94006354F70093070700032401036314040069
:10FEA400130460001304C4023304F4021314240082
:10FEB40023A68400630C040013050400EFE0DECAEB
:10FEC40023A4A4006318050E23A604008320C105FF
:10FED4000324810583244105032901058329C104E1
:10FEE4001301010667800000834704001307F00034
:10FEF40013060700938767FC93B717003304F400D5
:10FF0400930604009305000013050102EFF05FE778
:10FF1400631A05048347F400639637051304040148
:10FF240013098102032709009306040093050000C6
:10FF340013060700130509002326E100EFF05FE430
:10FF4400631C05000327C100B307E40083C6070050
:10FF54009307D0036382F6021309C90093070104CF
:10FF6400E312F9FC130504009305A003EF505010AD
:10FF7400130405006FF01FF1130717003305E400A5
:10FF8400130600009305C101EF50C02D0324C101E5
:10FF940003470400930767FC93B717001337170050
:10FFA400B3E7E700E38007FCE34E05FA2324A90046
:10FFB4006FF05FFB23A2A400232085002322050009
:04FFC4006FF0DFF00B
:10FFC800130101FF23261100232481006304050483
:10FFD80013040500EF00C00403270400832644002F
:10FFE800B7D7D4BC9387075037B6B1B8B307F70073
:08FFF8001306C6AB33B7E700A6
:020000025000AC
:10000000B386C6003307D700631A07001307100032
:100010006366F7000325C4FDEFC0CFA2EFC00FA4B5
:08002000032585FF6780000045
:10002800130101FF23248100232611001304050076
:10003800EF00C01C0327040083254400B7D7D4BCB5
:100048009387075037B8B1B8B307F7001308C8ABA0
:1000580033B7E700B38505013307B70083260500EA
:10006800130604FD631607009305100063F2F502FA
:1000780063840600EFC00F9E2320C5008320C100C3
:100088000324810013850600130101016780000025
:10009800832744FE1387170063D407003387F5408E
:1000A800832745002322E4FE9387F7FF2322F500E8
:1000B8006386C6002320D4FE2320C500832684FF40
:0400C8006FF0DFFBFB
:1000CC00130101FF23261100EF0080128327050086
:1000DC006384070683A6070303A6470337D7D4BC5C
:1000EC0013070750B7B5B1B83387E6009385C5AB96
:1000FC00B336D7003306B600B386C6006396060047
:10010C009306100063FCE600232005008320C10049
:10011C0013850703130101016F205E8903A74701B3
:10012C0063520702130717006316070083A6070123
:10013C002320D50023AAE7008320C100130101016D
:10014C00678000001307F7FF6318070003A7070178
:10015C002320E5006FF09FFB9306F0FFE31CD7FC18
:04016C00EFC00F8F42
:10017000130101FF23261100EF00C00803254500ED
:100180008320C1003335A000130101016780000006
:10019000130101FF23261100EF00C0068320C100D8
:0C01A000032545001301010167800000E9
:0401AC006780000068
:0401B0006780000064
:0C01B400378500001305857B6780000084
:0C01C000378500001305857C6780000077
:0801CC00930540006FB08FEBBA
:0801D400930540006FB00FEB32
:0401DC006780000038
:0801E000930540006FB04FEAE7
:0401E800678000002C
:0801EC00930540006FB08FE99C
:0401F4006780000020
:0401F800678000001C
:0801FC00138581A56780000056
:08020400138581A5678000004D
:10020C00130101FF23261100EFF01FFF032505004A
:10021C00630E05008347050393F7170063860700F9
:10022C0003250500130505FB032505008320C100EC
:08023C001301010167800000BD
:1002440003A701A623A0A1A6130507006780000049
:0802540003A501A6678000006C
:08025C00032545006780000046
:10026400130101FEB7C70000232C8100232E1100C7
:10027400938707A6130405002320F50003254500F2
:100284009305C100130545FFEF2000311305040059
:10029400032481018320C101130101026FF0DFF007
:1002A400130101FE232E11002326A100EFF05FFBB2
:1002B4000325C1008320C101130101026FF01F88CF
:1002C400B7C70000938747A72320F5006FF05FF9B5
:1002D400130101FE232E11002326A100EFF05FFE7F
:1002E4000325C1008320C101130101026FF01F85A2
:1002F400B7C70000938787A82320F5006FF05FF647
:10030400130101FE232E11002326A100EFF05FFE4E
:100314000325C1008320C101130101026FF01F8274
:10032400B7C700009387C7A92320F5006FF05FF3D8
:10033400130101FE232E11002326A100EFF05FFE1E
:100344000325C1008320C101130101026FF00FFFD7
:10035400130101FEB7C70000232C8100232E1100D6
:100364009387C79F130405002320F5000325450048
:100374009305C100130545FFEF2000221305040077
:10038400032481018320C101130101026FF0DFE125
:10039400130101FE232E11002326A100EFF05FFBC1
:1003A4000325C1008320C101130101026FF00FF97D
:1003B400B7C70000938707A12320F5006FF05FF90A
:1003C400130101FE232E11002326A100EFF05FFE8E
:1003D4000325C1008320C101130101026FF00FF650
:1003E400B7C70000938747A22320F5006FF05FF69C
:1003F400130101FE232E11002326A100EFF05FFE5E
:100404000325C1008320C101130101026FF00FF322
:10041400B7C70000938787A32320F5006FF05FF32D
:10042400130101FE232E11002326A100EFF05FFE2D
:100434000325C1008320C101130101026FF00FF0F5
:10044400B7C700009387C7A42320F5006FF05FF0BF
:10045400130101FE232E11002326A100EFF05FFEFD
:100464000325C1008320C101130101026FF00FEDC8
:10047400130101FEB7C70000232C81009387C79F97
:10048400232E1100232A91002320F50083A70500C1
:1004940013040500138547FF83A7C7FF63C0070242
:1004A400EF20903E8320C1012322A4000324810174
:1004B4008324410113010102678000001306000038
:1004C4009305C100EF20103E6FF0DFFD930405009B
:1004D40013050400EFF05FCD13850400EF200EA890
:1004E400130101FE232E11002326A100EFF05FF873
:1004F4000325C1008320C101B7C70000938707A16A
:0C0504002320F5001301010267800000B5
:10051000130101FE232E11002326A100EFF09FF509
:100520000325C1008320C101B7C70000938747A2FC
:0C0530002320F500130101026780000089
:10053C00130101FE232E11002326A100EFF0DFF2A0
:10054C000325C1008320C101B7C70000938787A38F
:0C055C002320F50013010102678000005D
:10056800130101FE232E11002326A100EFF01FF036
:100578000325C1008320C101B7C700009387C7A422
:0C0588002320F500130101026780000031
:10059400130101FEB7C70000232C8100938707A62F
:1005A400232E1100232A91002320F50083A70500A0
:1005B40013040500138547FF83A7C7FF63C0070221
:1005C400EF20902C8320C1012322A4000324810165
:1005D4008324410113010102678000001306000017
:1005E4009305C100EF20102C6FF0DFFD930405008C
:1005F40013050400EFF05FBB13850400EF200E9693
:10060400130101FE232E11002326A100EFF05FF851
:100614000325C1008320C101B7C70000938747A702
:0C0624002320F500130101026780000094
:10063000130101FE232E11002326A100EFF09FF5E8
:100640000325C1008320C101B7C70000938787A895
:0C0650002320F500130101026780000068
:10065C00130101FE232E11002326A100EFF0DFF27F
:10066C000325C1008320C101B7C700009387C7A928
:0C067C002320F50013010102678000003C
:10068800130101FE9305C100232E1100EF10907095
:0C0698008320C1011301010267800000F3
:1006A40083A7C5FF130101FE232C8100232E110013
:1006B40013040500138545FF63CE0700EF20D01C0B
:1006C4008320C1012320A40003248101130101021A
:1006D40067800000130600009305C100EF20901C02
:0406E4006FF01FFE96
:1006E800130101FF83A54500B7C7000023261100A9
:1006F8009387C79F2320F50013054500EFF01FFAE5
:0C0708008320C100130101016780000084
:10071400130101FF23248100938545001304050080
:100724001305450023261100EF30000A8320C10081
:1007340013050400032481001301010167800000F4
:10074400B7C700009387C79F2320F50083A7450000
:100754002322F5009387815C23A2F50067800000C3
:10076400130101FF23248100938545001304050030
:100774001305450023261100EF1080298320C100B2
:1007840013050400032481001301010167800000A4
:10079400130101FF83A54500B7C7000023261100FC
:1007A400938707A62320F50013054500EFF05FEFBC
:0C07B4008320C1001301010167800000D8
:1007C000130101FF232481009385450013040500D4
:1007D0001305450023261100EF20507F8320C10020
:1007E0001305040003248100130101016780000048
:1007F000B7C70000938707A62320F50083A745000D
:100800002322F5009387815C23A2F5006780000016
:10081000130101FF23248100938545001304050083
:100820001305450023261100EF10C01E8320C100D0
:1008300013050400032481001301010167800000F7
:10084000130101FEB7C70000232C8100232E1100E5
:10085000232A91009387C79F130405002320F500E6
:100860001306C10013054500EF30D0076F0080016B
:100870009304050013050400EFF05F931385040053
:10088000EF101EEE8320C101032481018324410166
:08089000130101026780000062
:10089800130101FE232E11002326A100EFF0DFF93A
:1008A8000325C1008320C101B7C70000938707A1B2
:0C08B8002320F5001301010267800000FE
:1008C400130101FE232E11002326A100EFF01FF7D0
:1008D4000325C1008320C101B7C70000938747A245
:0C08E4002320F5001301010267800000D2
:1008F000130101FE232E11002326A100EFF05FF467
:100900000325C1008320C101B7C70000938787A3D7
:0C0910002320F5001301010267800000A5
:10091C00130101FE232E11002326A100EFF09FF1FD
:10092C000325C1008320C101B7C700009387C7A46A
:0C093C002320F500130101026780000079
:10094800130101FEB7C70000232C8100232E1100DC
:10095800232A9100938707A6130405002320F50096
:100968001306C10013054500EF3040776F00800182
:100978009304050013050400EFF0DF8213850400DB
:10098800EF109EDD8320C1010324810183244101EE
:08099800130101026780000059
:1009A000130101FE232E11002326A100EFF0DFF931
:1009B0000325C1008320C101B7C70000938747A763
:0C09C0002320F5001301010267800000F5
:1009CC00130101FE232E11002326A100EFF01FF7C7
:1009DC000325C1008320C101B7C70000938787A8F6
:0C09EC002320F5001301010267800000C9
:1009F800130101FE232E11002326A100EFF05FF45E
:100A08000325C1008320C101B7C700009387C7A988
:0C0A18002320F50013010102678000009C
:0C0A240083A5050003A645FF6F3090502D
:0C0A30009387815C2320F50067800000A4
:080A3C0083A505006FF05FC601
:100A4400130101FE9306C100232E1100EF30C02ACA
:0C0A54008320C101130101026780000033
:100A600083A50500130101FF23261100EFF09FC3AA
:0C0A70008320C100130101016780000019
:100A7C00130101FF23248100232611001304050018
:100A8C00EF2010548320C1001305040003248100BF
:080A9C00130101016780000055
:100AA40003250500130101FE9305C100130545FF4D
:100AB400232E1100EF10502E8320C10113010102D7
:040AC4006780000047
:100AC80083A705002320F5009387815C23A0F50008
:040AD8006780000033
:100ADC00130101FE232E11002326A100EF00D0727A
:100AEC008320C1010325C1001301010267800000AE
:100AFC00130101FD232481022322910223202103CF
:100B0C00232E3101232611029309050013890500B8
:100B1C00130410009384F5FF3385840097000000C4
:100B2C00E7000000631A05001305C40097000000DD
:100B3C00E70000006F00C000130414006FF0DFFD2D
:100B4C009307F4FF9304C500232405002322F5002A
:100B5C002320F500130604009305090013850400F7
:100B6C0097000000E70000008320C10203248102EB
:100B7C0023A0990003290102832441028329C10186
:100B8C001301010367800000EFF04FC9EFB09F84A1
:100B9C002326A100EFF0CFD20325C100EF109EBB9E
:080BAC001703000067000000C0
:080BB4001703000067000000B8
:100BBC00130101FF2326110097000000E70000003D
:100BCC008320C100930645FF3705050093051000EF
:100BDC0013060000130585681301010117030000BB
:040BEC00670000009E
:080BF0001305450067800000B9
:080BF8001305450067800000B1
:100C0000130101FE232A910093840500B78500009B
:100C1000232C81009385C5861304050013058100EC
:100C2000232E1100EFF0DFC113068000B305C100D1
:100C30001305040097000000E700000013060400FD
:100C40009385040013054400EFF05FEB130581006A
:100C5000EFF04FF08320C10103248101832441017F
:100C600013010102678000001304050013058100D1
:0C0C7000EFF04FEE13050400EF109EAEF5
:100C7C00130101FE2328210113890500B78500000B
:100C8C00232C81009385C586130405001305810070
:100C9C00232E1100232A9100EFF0DFB913068000F8
:100CAC00B305C1001305040097000000E700000025
:100CBC001305090097000000E700000093050500EC
:100CCC001306040013054400EFF09FE213058100A6
:100CDC00EFF08FE78320C1010324810183244101BC
:100CEC0003290101130101026780000013040500B0
:100CFC0013058100EFF04FE513050400EF109EA5DE
:080D0C00130545006FF0DFEA5A
:100D1400130101FF2324810013040500130545007A
:100D240023261100EFF05FE913050400032481007A
:100D34008320C100130101011703000067000000B4
:0C0D4400130545001703000067000000C5
:100D5000130101FE232A910093840500B78500004A
:100D6000232C81009385C58613040500130581009B
:100D7000232E1100EFF0DFACB7C700001306800090
:100D8000938707A1B305C100130504002324F100D4
:100D900097000000E700000013060400938504009C
:100DA00013054400EFF09FD513058100EFF08FE0AD
:100DB0008320C10103248101832441011301010225
:100DC000678000001304050013058100EFF08FDE3B
:080DD00013050400EF10DE988A
:100DD800130101FE2328210113890500B7850000AE
:100DE800232C81009385C586130405001305810013
:100DF800232E1100232A9100EFF01FA4B7C700008B
:100E080013068000938707A1B305C10013050400EA
:100E18002324F10097000000E700000013050900F3
:100E280097000000E7000000930505001306040082
:100E380013054400EFF01FCC13058100EFF00FD726
:100E48008320C10103248101832441010329010175
:100E580013010102678000001304050013058100D7
:0C0E6800EFF0CFD413050400EF101E8F34
:080E7400130545006FF05FD487
:040E7C006FF09FE98B
:100E8000130101FE232A910093840500B785000019
:100E9000232C81009385C58613040500130581006A
:100EA000232E1100EFF0DF99B7C700001306800072
:100EB000938747A2B305C100130504002324F10062
:100EC00097000000E700000013060400938504006B
:100ED00013054400EFF09FC213058100EFF08FD09F
:100EE0008320C101032481018324410113010102F4
:100EF000678000001304050013058100EFF08FCE1A
:080F000013050400EF10DE856B
:100F0800130101FE2328210113890500B78500007C
:100F1800232C81009385C5861304050013058100E1
:100F2800232E1100232A9100EFF01F91B7C700006C
:100F380013068000938747A2B305C1001305040078
:100F48002324F10097000000E700000013050900C2
:100F580097000000E7000000930505001306040051
:100F680013054400EFF01FB913058100EFF00FC718
:100F78008320C10103248101832441010329010144
:100F880013010102678000001304050013058100A6
:0C0F9800EFF0CFC413050400EF100EFCB6
:080FA400130545006FF05FC169
:040FAC006FF09FD66D
:100FB000130101FE232A910093840500B7850000E8
:100FC000232C81009385C586130405001305810039
:100FD000232E1100EFF0DF86B7C700001306800054
:100FE000938787A3B305C100130504002324F100F0
:100FF00097000000E700000013060400938504003A
:1010000013054400EFF09FAF13058100EFF08FC090
:101010008320C101032481018324410113010102C2
:10102000678000001304050013058100EFF08FBEF8
:0810300013050400EF10CEF2DD
:10103800130101FE2328210113890500B78500004B
:10104800232C81009385C5861304050013058100B0
:10105800232E1100232A9100EFF00FFEB7C70000DE
:1010680013068000938787A3B305C1001305040006
:101078002324F10097000000E70000001305090091
:1010880097000000E7000000930505001306040020
:1010980013054400EFF01FA613058100EFF00FB70A
:1010A8008320C10103248101832441010329010113
:1010B8001301010267800000130405001305810075
:0C10C800EFF0CFB413050400EF100EE9A8
:0810D400130545006FF05FAE4B
:0410DC006FF09FC34F
:1010E000130101FE232A910093840500B7850000B7
:1010F000232C81009385C586130405001305810008
:10110000232E1100EFF0CFF3B7C7000013068000C5
:101110009387C7A4B305C100130504002324F1007D
:1011200097000000E7000000130604009385040008
:1011300013054400EFF09F9C13058100EFF08FB082
:101140008320C10103248101832441011301010291
:10115000678000001304050013058100EFF08FAED7
:0811600013050400EF10CEDFBF
:10116800130101FE2328210113890500B78500001A
:10117800232C81009385C58613040500130581007F
:10118800232E1100232A9100EFF00FEBB7C70000C0
:10119800130680009387C7A4B305C1001305040094
:1011A8002324F10097000000E70000001305090060
:1011B80097000000E70000009305050013060400EF
:1011C80013054400EFF01F9313058100EFF00FA7FC
:1011D8008320C101032481018324410103290101E2
:1011E8001301010267800000130405001305810044
:0C11F800EFF0CFA413050400EF100ED69A
:08120400130545006FF05F9B2C
:04120C006FF09FB030
:10121000130101FE232A910093840500B785000085
:10122000232C81009385C5861304050013058100D6
:10123000232E1100EFF04FF113068000B305C1001B
:101240001305040097000000E700000013060400E7
:101250009385040013054400EFF05F8A13058100B5
:10126000EFF04F808320C1010324810183244101D9
:1012700013010102678000001304050013058100BB
:0C128000EFE05FFE13050400EF108ECDC0
:10128C00130101FE2328210113890500B7850000F5
:10129C00232C81009385C58613040500130581005A
:1012AC00232E1100232A9100EFF04FE91306800042
:1012BC00B305C1001305040097000000E70000000F
:1012CC001305090097000000E700000093050500D6
:1012DC001306040013054400EFF09F8113058100F1
:1012EC00EFE09FF78320C101032481018324410196
:1012FC00032901011301010267800000130405009A
:10130C0013058100EFE05FF513050400EF108EC4A8
:08131C00130545006FF0DF89A5
:041324006FF01F9FA8
:0C132800130545001703000067000000DB
:10133400130101FE232A910093840500B785000060
:10134400232C81009385C5861304050013058100B1
:10135400232E1100EFF00FDFB7C700001306800043
:10136400938747A7B305C100130504002324F100A4
:1013740097000000E70000001306040093850400B2
:1013840013054400EFF04FF713058100EFE05FF31E
:101394008320C1010324810183244101130101023B
:1013A400678000001304050013058100EFE05FF17E
:0813B40013050400EF108EBACE
:1013BC00130101FE2328210113890500B7850000C4
:1013CC00232C81009385C586130405001305810029
:1013DC00232E1100232A9100EFF04FD6B7C700003F
:1013EC0013068000938747A7B305C10013050400BB
:1013FC002324F10097000000E7000000130509000A
:10140C0097000000E7000000930505001306040098
:10141C0013054400EFF0CFED13058100EFE0DFE999
:10142C008320C1010324810183244101032901018B
:10143C0013010102678000001304050013058100ED
:0C144C00EFE09FE713050400EF10CEB0A6
:08145800130545006FF00FF6CB
:041460006FF05F8B3F
:10146400130101FE232A910093840500B78500002F
:10147400232C81009385C586130405001305810080
:10148400232E1100EFF00FCCB7C700001306800025
:10149400938787A8B305C100130504002324F10032
:1014A40097000000E7000000130604009385040081
:1014B40013054400EFF04FE413058100EFE05FE310
:1014C4008320C1010324810183244101130101020A
:1014D400678000001304050013058100EFE05FE15D
:0814E40013050400EF108EA7B0
:1014EC00130101FE2328210113890500B785000093
:1014FC00232C81009385C5861304050013058100F8
:10150C00232E1100232A9100EFF04FC3B7C7000020
:10151C0013068000938787A8B305C1001305040048
:10152C002324F10097000000E700000013050900D8
:10153C0097000000E7000000930505001306040067
:10154C0013054400EFF0CFDA13058100EFE0DFD98B
:10155C008320C1010324810183244101032901015A
:10156C0013010102678000001304050013058100BC
:0C157C00EFE09FD713050400EF10CE9D98
:08158800130545006FF00FE3AD
:041590006FF04FF8B1
:10159400130101FE232A910093840500B7850000FE
:1015A400232C81009385C58613040500130581004F
:1015B400232E1100EFF00FB9B7C700001306800007
:1015C4009387C7A9B305C100130504002324F100C0
:1015D40097000000E7000000130604009385040050
:1015E40013054400EFF04FD113058100EFE05FD302
:1015F4008320C101032481018324410113010102D9
:10160400678000001304050013058100EFE05FD13B
:0816140013050400EF108E9491
:10161C00130101FE2328210113890500B785000061
:10162C00232C81009385C5861304050013058100C6
:10163C00232E1100232A9100EFF04FB0B7C7000002
:10164C00130680009387C7A9B305C10013050400D6
:10165C002324F10097000000E700000013050900A7
:10166C0097000000E7000000930505001306040036
:10167C0013054400EFF0CFC713058100EFE0DFC97D
:10168C008320C10103248101832441010329010129
:10169C00130101026780000013040500130581008B
:0C16AC00EFE09FC713050400EF10CE8A8A
:0816B800130545006FF00FD08F
:0416C0006FF04FE593
:0816C40003250500678000000A
:0C16CC002320B500138505006780000096
:0C16D80003250500130545FF6780000096
:0816E4000325050067800000EA
:1016EC008327050003A547FF3385A700678000000B
:1016FC009307050083A707001385050083A647FF02
:10170C0063F0B6029305060013060500378500004A
:10171C00130101FF130585C023261100EFB00FC480
:04172C0067800000D2
:10173000B70700409387C7FFB385F50083270500EF
:1017400083A747FFB385F54063FAC500130101FF86
:101750001385060023261100EFB08FB667800000C6
:101760008327050003A547FF3305B5406374A60032
:0817700013050600678000006C
:101778008327050063EAF50003A747FFB387E7005F
:1017880033B5B700678000001305100067800000BC
:10179800130710006318E60083C705002300F5004F
:1017A80067800000630406006F109FC36780000015
:1017B800130710006318E60083C705002300F5002F
:1017C80067800000630406006F101FAF6780000089
:1017D8009387050013071000930506006396E7003A
:1017E8002300C50067800000638607001386070092
:0817F8006F20DE9967800000FC
:081800003306B6406FF05FF9FA
:041808006FF09FFFDF
:08180C003306B6406FF09FF8AF
:041814006FF09FFFD3
:081818003305B54067800000B4
:081820001385C15B6780000025
:0C1828009387815C2320F500678000009E
:1018340083A705002320F5009387815C23A0F5008E
:0418440067800000B9
:1018480083A705002320F5009387815C23A0F5007A
:0418580067800000A5
:08185C00032505006780000070
:101864008327050003A547FF3385A7006780000091
:10187400130101FF232481001304050013850500CF
:1018840023261100EFF0DFFD2320A4008320C100F4
:101894001305040003248100130101016780000083
:0C18A40083A705002320F50067800000EA
:0818B00003250500678000001C
:1018B8008327050003A547FF3385A700678000003D
:1018C800130101FF2324810013040500138505007B
:1018D80023261100EFF09FF82320A4008320C100E5
:1018E800130504000324810013010101678000002F
:0C18F80083A705002320F5006780000096
:0C1904008327050003A547FF6780000053
:0C1910008327050003A547FF6780000047
:0C191C00370500401305C5FF6780000080
:0C1928008327050003A587FF67800000EF
:101934008327050003A547FF1335150067800000C2
:0C194400032505003305B5006780000096
:1019500003250500032645FF63ECC500378500001D
:10196000130101FF130505C423261100EFB0CF9F1B
:081970003305B500678000009B
:08197800032505006780000053
:1019800003250500832745FF9387F7FF3305F500FF
:04199000678000006C
:10199400130101FE232C8100130406003786000086
:1019A40023282101130646D31389050093850600D5
:1019B400232A91002326D10093040500232E11002D
:1019C400EFF09FD383A504008326C10003A645FF3F
:1019D4003306D6406374C40013060400630C060087
:1019E400B385D500130509002326C100EFF09FDA63
:1019F4000326C1008320C101032481018324410102
:101A04000329010113050600130101026780000088
:101A14008327050003A7C7FF6354070023AE07FE0F
:101A240003A705008326C7FF63D40600232E07FE01
:0C1A34002320E50023A0F50067800000DF
:101A4000130101FE232E11002326A100EFF09FFCBD
:101A50008320C1010325C10013010102678000003A
:101A6000130101FE232E11002326A100EFF09FFA9F
:101A70008320C1010325C10013010102678000001A
:081A800003250500678000004A
:081A8800032505006780000042
:041A9000678000006B
:101A9400130101FE2328210103290500232E11002F
:101AA400232C8100232A9100232631012324410180
:101AB4002322510123206101832749FF63980600F3
:101AC40063F0C7061306F0FF6F008005E37CF6FEA3
:101AD40003C70500130A1000B30AF9009384060033
:101AE40093890500130B07003305C900B387C7406A
:101AF400330ADA40E3E897FC13060B00B305FA0057
:101B0400EFB00FCB13040500E30E05FA13860400AF
:101B140093850900EFB08FCB631A05023306244185
:101B24008320C1010324810183244101032901018C
:101B34008329C100032A8100832A4100032B010069
:101B44001305060013010102678000001305140049
:081B5400B387AA406FF01FFAED
:0C1B5C0083A5050083A645FF6FF01FF372
:101B6800130101FE232C81001304050013850500D1
:101B7800232E11002326C1002324B100EF10DF9883
:101B88009306050013050400032481010326C10000
:101B9800832581008320C101130101026FF01FEF2B
:101BA800130101FF232481000324050023261100CB
:101BB800832744FF637CF60213050600138605009D
:101BC800B385A7403305A400EFB04FBE9307F0FFDD
:101BD80063040500B30785408320C1000324810006
:101BE8001385070013010101678000009307F0FFC8
:041BF8006FF09FFEED
:101BFC00130101FE2328210103290500232C810058
:101C0C00232E1100032449FF232A91006368D40278
:101C1C003304D440938406006374860013040600D6
:101C2C0013860400330589002326B100EFB08FB969
:101C3C00630805008325C100631204021304F0FF3E
:101C4C008320C10113050400032481018324410175
:101C5C000329010113010102678000001304F4FF42
:041C6C006FF01FFCFA
:0C1C700083A5050083A645FF6FF05FF818
:101C7C00130101FE232C81001304050013850500BC
:101C8C00232E11002326C1002324B100EF109F87BF
:101C9C009306050013050400032481010326C100EB
:101CAC00832581008320C101130101026FF05FF4D1
:101CBC008327050003A547FF630405021305F5FF01
:101CCC006374A60013050600130515001305F5FF34
:101CDC003387A700034707006306B700E31805FE28
:081CEC001305F0FF6780000002
:101CF400130101FE232E1100232C8100232A9100BD
:101D0400232821012326310123244101638006066F
:101D140083240500138A06009389050003A944FF60
:101D24001304060063742405B387840003C6070004
:101D340093050A0013850900EFB08FA76304050219
:101D44008320C1011305040003248101832441017C
:101D5400032901018329C100032A8100130101021F
:101D640067800000130414006FF0DFFB1304F0FF1E
:041D74006FF01FFDF0
:0C1D780083A5050083A645FF6FF05FF710
:101D8400130101FE232C81001304050013850500B3
:101D9400232E11002326C1002324B100EF100FF7D6
:101DA4009306050013050400032481010326C100E2
:101DB400832581008320C101130101026FF05FF3C9
:041DC4006FF05FDE7F
:101DC800130101FE232A910083240500232C81009E
:101DD800232E110003A444FF2328210123263101C7
:101DE8002324410163020406638006061304F4FFFA
:101DF8006374860013040600138A0600938905009D
:101E08001309F0FFB387840003C6070093050A008F
:101E180013850900EFB08F99631605001304F4FFCA
:101E2800E31224FF8320C101130504000324810168
:101E380083244101032901018329C100032A810068
:101E480013010102678000001304F0FF6FF09FFD8B
:0C1E580083A5050083A645FF6FF09FF6F0
:101E6400130101FE232C81001304050013850500D2
:101E7400232E11002326C1002324B100EF100FE903
:101E84009306050013050400032481010326C10001
:101E9400832581008320C101130101026FF09FF2A9
:041EA4006FF09FE15B
:101EA800130101FD2322910283240500232021032D
:101EB8002324810203A944FF232E31012326110282
:101EC8009389050013040600636424031304F0FFD8
:101ED8008320C102130504000324810283244102E4
:101EE800032901028329C10113010103678000004E
:101EF800B387840003C6070093850600138509008D
:101F08002326D100EFB08F8AE30405FC8326C100A5
:081F1800130414006FF05FFBDD
:0C1F200083A5050083A645FF6FF01FF8A5
:101F2C00130101FE232C8100130405001385050009
:101F3C00232E11002326C1002324B100EF108FDCC7
:101F4C009306050013050400032481010326C10038
:101F5C00832581008320C101130101026FF01FF45E
:101F6C00832705001305060003A747FF6366E500FA
:101F7C001305F0FF67800000B386A70083C6060038
:0C1F8C00E39AB6FE130515006FF05FFE2F
:101F9800130101FE232A910083240500232C8100CC
:101FA800232E110003A444FF2328210123263101F5
:101FB80023244101630004061304F4FF63748600BC
:101FC80013040600138A0600938905001309F0FF1D
:101FD800B387840003C6070093050A001385090028
:101FE800EFA0DFFC630605001304F4FFE31224FFEF
:101FF8008320C101130504000324810183244101C6
:10200800032901018329C100032A81001301010268
:0C201800678000001304F0FF6FF09FFDD4
:0C20240083A5050083A645FF6FF0DFF6E2
:10203000130101FE232C8100130405001385050004
:10204000232E11002326C1002324B100EF104FCC12
:102050009306050013050400032481010326C10033
:10206000832581008320C101130101026FF0DFF29B
:102070008327050003A547FF630605021305F5FF47
:102080006374A600130506001307F0FFB386A700CC
:1020900083C60600639AB6001305F5FFE318E5FE54
:0C20A000678000001305F0FF678000005F
:1020AC000325050083A50500130101FF23248100EE
:1020BC002322910003A445FF832445FF232611000E
:1020CC001386040063E4840013060400EFA09FEF62
:1020DC0063140500338584408320C10003248100F0
:0C20EC0083244100130101016780000003
:1020F800130101FE232A910093040600378600008D
:10210800130686D4232C81002328210113040500FB
:10211800138905002326D100232E1100EFF08FDD4F
:10212800032504008326C100032445FF330424410A
:1021380063F484001384040083A5060083A445FF88
:102148001386040063749400130604003305250104
:10215800EFA09FE763140500330594408320C10175
:102168000324810183244101032901011301010290
:04217800678000007C
:10217C00130101FD23229102B7840000232C41019D
:10218C00130A0600138684D42326F1002326110299
:10219C002324810223202103138406001309070042
:1021AC00232E3101232A510193890500930A05003E
:1021BC00EFF00FD4138684D49305090013050400A3
:1021CC00EFF00FD303A50A008327C100832445FF3A
:1021DC00B384344163749A0093040A008325040089
:1021EC0003A445FF3304244163F4870013840700E0
:1021FC001306040063F4840013860400B3852501E0
:10220C0033053501EFA01FDC6314050033858440D2
:10221C008320C10203248102832441020329010289
:10222C008329C101032A8101832A4101130101037E
:04223C0067800000B7
:10224000130101FE2328210103290500232A9100FF
:1022500013850500832449FF232C81002326B10028
:10226000232E1100EF10CFAA8325C100130405000F
:102270001386040063E4A400130605001305090097
:10228000EFA01FD563140500338584408320C1016E
:102290000324810183244101032901011301010267
:0422A0006780000053
:1022A400130101FE232A91009304060037860000DF
:1022B400232C8100130686D413040500232821014E
:1022C400232631012324410113890500232E110003
:1022D400138A0600EFF04FC28329040003A449FFC8
:1022E4003304244163F484001384040013050A00B6
:1022F400EF10CFA193040500130605006374A40036
:102304001306040093050A0033852901EFA01FCCAE
:1023140063140500330594408320C1010324810123
:1023240083244101032901018329C100032A810077
:082334001301010267800000A3
:10233C00130101FD232E310193090600378600009D
:10234C00130686D423248102232291021304050050
:10235C00232021032326D1001389050023261102F3
:10236C0093040700EFF0CFB8032504008326C100C7
:10237C00032445FF3304244163F4890013840900CA
:10238C001306040063F4840013860400938506008E
:10239C0033052501EFA01FC36314050033059440DA
:1023AC008320C102032481028324410203290102F8
:0C23BC008329C1011301010367800000A8
:0823C8001385C15B6780000072
:0C23D000032585001355F501678000000F
:0C23DC00032585003325A0006780000069
:0C23E8009307F0FF2324F500678000003D
:0823F4002324050067800000AE
:1023FC009387C15B630AF500232405002320B500F5
:0C240C003305B5002306050067800000C2
:082418001305C50067800000F8
:10242000130101FFB7070040232611002324810078
:102430009387C7FF63F8A700378500001305C57DA4
:10244000EFA00FE81304050063F8A50093971500AB
:102450006374F500138407009307D4013717000055
:102460006374F70463F285043304E4001307F7FF91
:10247000B3F7E7003304F440B70700409387C7FF82
:1024800063F48700138407001305D400EF909FFDC9
:102490008320C1002322850003248100232405001A
:1024A00013010101678000001305D400E35005FE0D
:0424B000EFA04FC585
:1024B400130101FE232E1100232C8100232A9100F5
:1024C4002328210123263101630C05049389050087
:1024D4009305000013090500EFF05FF41304C50031
:1024E40093040500930509001305040013860900ED
:1024F400EFF04FAE9305090013850400EFF0DFEF12
:102504008320C101130504000324810183244101B4
:10251400032901018329C10013010102678000001E
:082524001384815C6FF0DFFD00
:10252C00130101FF23248100138605001304050009
:10253C00930500001305000023261100EFF0DFF6D1
:10254C008320C1002320A400032481001301010176
:04255C006780000094
:10256000130101FF232481001304050013850500D6
:10257000930506001386060023261100EFF09FF353
:102580008320C1002320A400032481001301010142
:042590006780000060
:042594006FF01FF2D3
:042598006FD08FDA97
:10259C001387C15B630CE500032785009306F7FFE7
:1025AC002324D5006344E0006FF05FFE67800000D9
:1025BC0003250500130101FE9305C100130545FF1A
:1025CC00232E1100EFF0DFFC8320C1011301010267
:0425DC006780000014
:1025E0000327050093070500130547FF0327C7FFCF
:1025F0006358E002130101FD9305C1012326110276
:102600002326F100EFF09FF98327C1008320C10248
:102610001387815C23A0E70013010103678000009A
:08262000930500006FF09FDD3F
:10262800130101FC232821031309050003250500D4
:10263800232A9102232C8102832445FF2326310378
:1026480013840500B309B600832585FFB387C64008
:102658002324410323225103232E1102B38A970016
:1026680023206103232E7101138A0600B3843441A9
:1026780063E655010327C5FF635CE0081306C10044
:1026880013850A00EFF05FD9930B0500130BC50003
:10269800630A0400832509001306040013050B00D0
:1026A800EFF00F8F63800402832509001305C4002F
:1026B8003305450113860400B38535013385AB0026
:1026C800EFF00F8D032509009305C100130545FFA1
:1026D800EFF05FEC2320690103250900032481033F
:1026E8008320C10383244103032901038329C102F1
:1026F800032A8102032B0102832BC10193850A005F
:10270800832A4102130545FF130101046FF09FCE90
:10271800E38404FCE38207FC338A8600B3053501B1
:102728001386040033054501EFF08F886FF0DFFA58
:1027380003270500832647FF638A06040327C7FF8C
:10274800635EE002130101FE930600001306000019
:1027580093050000232E11002326A100EFF05FEC63
:102768008327C1008320C1011307F0FF83A7070057
:1027780023AEE7FE130101026780000083270500EE
:102788001307F0FF23AEE7FE6780000067800000B4
:102798008327050083A7C7FF63C407006FF05FF9AD
:0427A8006780000046
:1027AC00130101FE232E11002326A100EFF01FFEC2
:1027BC000325C1008320C10103250500130101027B
:0427CC006780000022
:1027D000130101FF23248100130405001385050064
:1027E00023261100EFF09FFC2320A4008320C100CA
:1027F0001305040003248100130101016780000018
:10280000130101FE232E11002326A100EFF0DFF8B3
:102810000325C1008320C1018327050003A547FFCD
:0C282000130101023385A700678000004F
:10282C00130101FF23248100130405001385050007
:10283C0023261100EFF01FFC2320A4008320C100ED
:10284C0013050400032481001301010167800000BB
:10285C00130101FE232E11002326A1002324B10015
:10286C00EFF0DFF20325C100832581008320C10135
:10287C0003250500130101023305B5006780000034
:10288C00130101FE232E11002326A100EFF01FF0EF
:10289C000325C1008320C10103250500130101029A
:0428AC006780000041
:1028B00083270500130101FE232C8100232E110024
:1028C0002326A10003A447FFEFF01FED0325C1005D
:1028D0001304F4FF8320C10103250500330585009F
:0C28E00003248101130101026780000045
:1028EC0083270500130101FE232E110003A647FFC9
:1028FC00232C810063E8C50037850000130505C44F
:10290C00EFA0CFA5130405002326B100EFF01FE8BC
:10291C00032504008325C1008320C1010324810108
:0C292C003305B5001301010267800000B4
:10293800130101FE232A9100930406003786000044
:10294800130646C8232C81002326B1001304050072
:10295800232E1100EFE01FDA832704008325C1002E
:1029680003A647FF3306B64063F4C4001386040089
:10297800930505009306000013050400EFF05FCAF5
:102988008320C1011305040003248101832441012C
:08299800130101026780000039
:1029A000832705001306100083A547FF9385F5FFD5
:0429B0006FF09FF82D
:1029B40083270500130101FE93060000B385F5404B
:1029C40013061000232E11002326A1002324B10096
:1029D400EFF05FC50325C100832581008320C10179
:1029E400032505009307F0FF232EF5FE3305B500FC
:0829F4001301010267800000DD
:1029FC00930706003306B6406386B70483270500A9
:102A0C00130101FE93060000B385F540232C8100D1
:102A1C00232E1100130405002326B100EFF01FC074
:102A2C00832704008325C1008320C1010324810175
:102A3C001307F0FF23AEE7FE3385B7001301010245
:0C2A4C0067800000138505006780000013
:102A5800130101FD23229102232E310193840600E4
:102A680093090600B786000023202103938686C9B0
:102A78001389050013860400938509002324810225
:102A880023261102130405002326E100EFE0DFC925
:102A980093860400138609009305090013050400B2
:102AA800EFF01FB8638C0400032504000326C1005F
:102AB8009385040033052501EFE09FD18320C102EF
:102AC800130504000324810283244102032901021F
:0C2AD8008329C101130101036780000085
:102AE40083270500130706009386050003A647FF06
:082AF400930500006FF01FF6CE
:102AFC00130101FF138605009305100023248100A8
:102B0C002326110013040500EFF01FFD8320C100E4
:102B1C0013050400032481001301010167800000E8
:102B2C00130101FE232A910093040600378600004E
:102B3C00130686CB232C8100232E110013040500D1
:102B4C002326D100EFE0DFBA93050500130504003E
:102B5C00032481010327C1008320C1019386040053
:102B6C008324410113060000130101026FF01FEED4
:102B7C0083270500130101FE13070600B385F540FA
:102B8C009306100013060000232C8100232E110045
:102B9C00130405002326B100EFF05FEB03250400BE
:102BAC008325C1008320C101032481019307F0FF19
:102BBC00232EF5FE3305B5001301010267800000DA
:102BCC00130101FE232A91009304060037860000AE
:102BDC00130606CD232C81002326B1001304050017
:102BEC002324D1002322E100232E1100EFE05FB05B
:102BFC00832704008325C1000327410003A647FF58
:102C0C00832681003306B64063F4C40013860400A7
:102C1C009305050013050400032481018320C101E1
:0C2C2C0083244101130101026FF05FE2FC
:102C3800832705003306B640B385F5406FF05FE1A2
:102C48001387060093060600138605006FF05FFEE3
:102C5800130101FE232821011389060093060700AA
:102C6800232C8100232A91002326E100232E110022
:102C78001304050093840500EFF09F9A0327C10011
:102C8800630C0700032504001306070093050900D9
:102C980033059500EFE0DFAF8320C1011305040081
:102CA8000324810183244101032901011301010245
:042CB8006780000031
:102CBC0083270500130101FF232291009384050053
:102CCC0083A547FFB7860000938646D023261100C4
:102CDC00232481002320210113040500130906007D
:102CEC00EFE05FA49385040013050400EFE01FA838
:102CFC009307050003250400639607048327C5FF8B
:102D0C006342F004B387A44063E427071306090069
:102D1C0093850400EFE09FA70325040093050900A9
:102D2C00130545FFEFF0CFEC8320C1001305040021
:102D3C0003248100832441000329010013010101B4
:102D4C0067800000032645FF13050400032481005F
:102D5C008320C10013070900938604000329010096
:102D6C008324410093050000130101016FF01FEE55
:102D7C00E38407FA1306090093850400EFE01FA310
:042D8C006FF09FF94C
:102D9000130101FE232C8100232E110013040500D2
:102DA000EFF0DFF18320C10113050400032481014A
:082DB00013010102678000001D
:102DB800130101FD2324810223202103138405002C
:102DC800130906003786000023229102232E3101C1
:102DD80083A40500130646D093090500930509004E
:102DE800130504002326D10023261102EFE09F904B
:102DF800832704008326C10003A647FF3306264124
:102E080063F4C60013860600032481028320C102EE
:102E180003290102B385A400832441021385090014
:0C2E28008329C101130101036FF0DFE8F2
:102E3400130101FE232C81001304050013850500F2
:102E4400232E11002326B100EF004FEC13060500DA
:102E540013050400032481018325C1008320C101DB
:082E6400130101026FF05FE5AC
:042E6C006FF09FFC68
:0C2E7000130101FF130101016FF05FE48A
:102E7C00130101FD2320210337890000232C41017C
:102E8C00130A0600130689CB232611022324810280
:102E9C0023229102232E3101930405001384060092
:102EAC0093890500EFE0DF8493050000138504008F
:102EBC00930689CB13060400EFE0DF8693050A0026
:102ECC0013850400EFE09F8A6318050083A70400B4
:102EDC0003A7C7FF635CE00213070400032481020D
:102EEC008320C1020329010293060A00938509007D
:102EFC00032A81018329C101138504008324410223
:102F0C0013060000130101036FF05FD413060000D9
:102F1C009385090013850400930604003309FA40D5
:102F2C00EFF0CFEF03A5040013060400B305250151
:102F3C00B3878500330535016376F50063E8A50298
:102F4C0093850700EFE09F848320C1020324810254
:102F5C00032901028329C101032A8101138504007D
:102F6C00832441021301010367800000338A294145
:102F7C0013060A002326A100EFE05F810325C100A0
:102F8C003306344133062601B3058500330545016C
:042F9C006FF05FFB78
:102FA00083270500130101FFB385F54013010101DB
:042FB0006FF0DFECF3
:102FB400130101FD2324810223229102130406003C
:102FC400832406003786000023202103232E3101A9
:102FD4001309050093890500130686CB9385060023
:102FE400130504002326E1002324D1002326110223
:102FF400EFE08FF083270400832681000327C100BC
:1030040083A747FFB386D7406374D70093060700AE
:10301400032481028320C1023386A400938509001E
:10302400832441028329C1011305090003290102F4
:08303400130101036FF05FE4DA
:10303C00832706009306000003A747FF6FF0DFF617
:10304C00130101FE232C8100130405001305060057
:10305C00232E11002326B1002324C100EF008FCAB8
:10306C009306050013050400032481010326810047
:10307C008325C1008320C101130101026FF05FDFC2
:10308C009387C15B6308F50083278500938717003E
:0C309C002324F5001305C5006780000028
:1030A80083270500130101FF232481001304050071
:1030B8003305F600138605008325440023202101EB
:1030C8002326110023229100EFF00FB503260400F8
:1030D80013090500630806009305C4001305C5001D
:1030E800EFE00FEB8325040013050900EFF08FB024
:1030F8008320C10003248100832441001305C900F3
:0C31080003290100130101016780000091
:103114008327050003A787FF6368B70083A6C7FF5B
:10312400635ED0049305070003A647FF130101FE65
:10313400232C81003386C540130405009305C10088
:10314400138547FF232E1100232A9100EFF09FF5EA
:1031540093040500032504009305C100130545FFEE
:10316400EFF08FC38320C101232094000324810145
:10317400832441011301010267800000678000007D
:1031840083A70500130101FE232C810003A647FF3A
:10319400232E1100232A9100232821011304050062
:1031A400630E0604832705001389050083A447FFE3
:1031B40003A787FFB30496006366970083A7C7FF3E
:1031C400635CF00093850400130504002326C1000A
:1031D400EFF01FF40326C1008327040083250900B0
:1031E40003A547FF3385A700EFE0CFDA03250400EA
:1031F40093850400130545FFEFF00FA08320C10160
:1032040013050400032481018324410103290101DE
:083214001301010267800000B4
:04321C006FF09FF6BA
:10322000130101FD23202103232E31011309060080
:103230009389050037860000232481021306C6D136
:103240001304050093050900138509002326D10006
:103250002326110223229102EFE04FCA83A709001F
:103260008326C10003A647FF3306264163F4C60048
:1032700013860600630E06048327040083A447FF19
:1032800003A787FFB30496006366970083A7C7FF71
:10329000635CF00093850400130504002326C1003D
:1032A000EFF05FE70326C1008327040083A5090030
:1032B00003A547FFB38525013385A700EFE0CFCDF8
:1032C0000325040093850400130545FFEFF00F93D9
:1032D0008320C102130504000324810283244102D8
:1032E000032901028329C101130101036780000042
:1032F000130101FE232C8100232E1100232A9100AB
:103300002328210123263101232441011304050030
:10331000630E0606B7860000938405009386C6D127
:1033200093050000130A0600EFE08FC08329040014
:1033300003A949FF83A789FF33092A0163E627010F
:1033400083A7C9FF6350F0029385040013050400AE
:10335000EFE08FC2630E0504930509001305040016
:10336000EFF05FDB832704009385040013060A0057
:1033700003A547FF3385A700EFE00FC20325040034
:1033800093050900130545FFEFF04F878320C10126
:103390001305040003248101832441010329010151
:1033A0008329C100032A8100130101026780000004
:1033B0009305090013050400EFF0DFD5832704000F
:0C33C000B3843441B38497006FF0DFF950
:0C33CC00130101FF130101016FF0DFF19C
:1033D800130101FE232C8100130405001385050049
:1033E800232E11002326B100EF000F9213060500CB
:1033F80013050400032481018325C1008320C10132
:08340800130101026FF05FEEF9
:043410006FF09FFCBE
:0C341400130101FF130101016FF05FEDD7
:10342000130101FE232C8100232E1100232A910079
:103430002328210123263101130405006388050692
:10344000B786000013890500930906009386C6D14C
:103450001386050093050000EFE08FAD832704007D
:1034600083A447FF03A787FFB3049900636697000F
:1034700083A7C7FF6358F000938504001305040079
:10348000EFF05FC983270400930509001386090044
:1034900003A547FF3385A700EFE00FB40325040021
:1034A00093850400130545FFEFE05FF58320C1011C
:1034B0001305040003248101832441010329010130
:0C34C0008329C100130101026780000095
:1034CC0083270500130101FE232C810013840500C2
:1034DC0083A547FFB7860000232A91009386467F79
:1034EC0093040600130604002326A1002324B10034
:1034FC00232E1100EFE00FA3832581000325C100CB
:10350C0063F08502B305B440032481018320C1011B
:10351C001386040083244101130101026FF09FEF15
:10352C006370B40293050400032481018320C1015C
:10353C00832441011306F0FF130101026FF00FBF4A
:10354C008320C10103248101832441011301010261
:04355C006780000084
:08356000130600006FF09FF656
:1035680083270500130101FE232C81001384050025
:1035780083A547FF03A787FF232E11009385150016
:103588006366B70083A7C7FF635CF0002326B1001A
:103598002324A100EFF09FB78325C10003258100F4
:1035A8008327050003A747FFB387E7002380870029
:1035B80003250500032481018320C101130545FF6C
:0835C800130101026FE01FE393
:1035D000130101FE232E11002326A100EFF0DFF8D6
:1035E0008320C1010325C10013010102678000008F
:1035F000130101FC23282103138905009305C10150
:10360000232C8102232A910223263103130405006F
:103610002326C10093040700232E1102938906007C
:10362000EFE0DFF00326C10013050400B3059600A8
:10363000EFF05FAE0326C1009305090013050400F7
:10364000EFF01FCB138604009385090013050400D7
:10365000EFF01FCA6F0080019304050013050400FA
:10366000EFE0DFF513850400EFF08D8F8320C103B9
:103670001305040003248103832441030329010368
:0C3680008329C1021301010467800000CF
:10368C008327050083A647FF03A787FF63E6E600B1
:10369C0003A7C7FF6356E008130101FD2324810231
:1036AC0013060000130405009305C101138547FFA1
:1036BC002326110223229102EFF05F9E9304050052
:1036CC00032504009305C101130545FFEFE05FECF2
:1036DC008320C1022320940003248102832441020D
:1036EC00130101036780000093071000639EF5002F
:1036FC00EFC0DF92EF801FCE2326A100EFC05F9CAE
:10370C000325C100EFF00D85EFC05F91032481020A
:10371C008320C10283244102130101036FC05F9A0D
:04372C0067800000B2
:10373000130101FF23261100EFF05FF58320C10084
:08374000130101016780000084
:103748008327850063C407006FF0DF93130600002A
:043758006FF01F955A
:10375C00130101FE232C81001304050003A50500B1
:10376C001306C10093058100130545FF232E11009C
:10377C00EFF0DFFC8320C1012320A400032481018E
:08378C00130101026780000037
:10379400130101FE232C81001304050003A5050079
:1037A400930506001306C100130545FF232E1100DF
:1037B400EFF05FF98320C1012320A40003248101D9
:0837C4001301010267800000FF
:1037CC00130101FE232C8100130405008327040040
:1037DC0003A50500232E1100232A91006386A7025E
:1037EC001306C10093058100130545FFEFF01FF58B
:1037FC00930405000325040093058100130545FF80
:10380C00EFE01FD9232094008320C101130504008D
:10381C00032481018324410113010102678000000C
:04382C006FF01FFA20
:083830002320B50067800000B1
:10383800130101FE232C81001304050013850500E4
:10384800232E11002326C1002324B100EFF0DECB84
:103858000326C10083258100832606001306050080
:103868001305040003A746FFEFF01FD88320C1010A
:10387800130504000324810113010102678000007D
:1038880083260600130101FEA307B10003A746FF24
:103898009305F10013061000232E11002324A10024
:1038A800EFF09FD48320C101032581001301010299
:0438B8006780000025
:1038BC008326060083A50500130101FE03A746FF1E
:1038CC0003A645FF232E11002326A100EFF09FD164
:1038DC008320C1010325C100130101026780000090
:1038EC00130101FE232E1100232C8100232A9100A9
:1038FC002328210123263101232441016380A506BD
:10390C001389050093040500930500003305A940B5
:10391C00EFE05FB01304C500130A050093850400A3
:10392C001305040013060900EFD0DFECB305994032
:10393C0013050A00EFE0DFAB8320C101130504007F
:10394C000324810183244101032901018329C1003E
:10395C00032A810013010102678000001384815C3B
:04396C006FF09FFD5C
:10397000130101FF232481001304050013850500B2
:103980009305060013860600930600002326110007
:10399000EFF0DFF58320C1002320A4000324810081
:0839A000130101016780000022
:1039A800130101FE232E1100232C8100232A9100EC
:1039B8002328210123263101232441016308B50668
:1039C8001389050013040500630C05049305000022
:1039D8003305A940EFE05FA49304C500130A05006E
:1039E800930504001385040013060900EFD0DFE0F7
:1039F800B305894013050A00EFE0DF9F8320C1016A
:103A080003248101032901018329C100032A8100BC
:103A1800138504008324410113010102678000001B
:103A2800379500001305C580EF805FF99384815CAA
:043A38006FF0DFFC50
:103A3C00130101FE232C810013840500930506005D
:103A4C003786000023282101130646D913090500E7
:103A5C0013050400232E1100232A91002326310183
:103A6C008324040093890600EFD09FC883270400A9
:103A7C00138609003385A40083A547FF9306000035
:103A8C00B385B700EFF09FF18320C10103248101BE
:103A9C002320A90083244101032901018329C100AA
:083AAC00130101026780000014
:103AB400130101FF2324810013040500138505006D
:103AC40093050600138606009306000023261100C2
:103AD400EFF05FED8320C1002320A40003248100C4
:083AE4001301010167800000DD
:103AEC00130101FE232C81001384050093050600AD
:103AFC003786000023282101130646D91309050037
:103B0C0013050400232A91002326D1002324E1006D
:103B1C002322B10083240400232E1100EFD05FBDBB
:103B2C0003280400832541008326C100832748FF16
:103B3C0003278100B387B74063F4F6009387060030
:103B4C00B385B7003385A400930600001306070065
:103B5C00B305B800EFF09FE48320C1010324810179
:103B6C002320A9008324410103290101130101022F
:043B7C00678000005E
:103B8000130101FD2324810213840500930506001F
:103B90003786000023202103130646D913090500A8
:103BA00013050400232291022326D1002324B1000F
:103BB0008324040023261102EFD05FB403270400FE
:103BC000832581008326C100832747FFB387B74041
:103BD00063F4F60093870600B385B7001306C101AE
:103BE0003385A40093060000B305B700EFF0DFDBD8
:103BF0008320C102032481022320A90083244102DF
:0C3C00000329010213010103678000008A
:103C0C00130101FE232A91009384050093050600FD
:103C1C0037860000232C8100130606DB13040500F5
:103C2C0013850400232E11002326D100EFD05FACA6
:103C3C008326C100130605009385040013050400B8
:103C4C00EFF05FF38320C10113050400032481010D
:0C3C5C0083244101130101026780000075
:103C6800130101FE232E1100232C8100232A910029
:103C78002328210123263101232441016308B506A5
:103C88001389050013040500630C0504930500005F
:103C98003305A940EFE04FF89304C500130A050067
:103CA800930504001385040013060900EFD09FB59F
:103CB800B305894013050A00EFE0CFF38320C10163
:103CC80003248101032901018329C100032A8100FA
:103CD8001385040083244101130101026780000059
:103CE800379500001305C580EF805FCD9384815C14
:043CF8006FF0DFFC8E
:103CFC00130101FF23248100130405001385050023
:103D0C00B385C50013860600930600002326110018
:103D1C00EFF0DFF48320C1002320A40003248100F2
:083D2C00130101016780000092
:103D3400130101FD232A5101B78A000023286101E0
:103D4400130B060013860ACD232481022322910239
:103D540023202103232E3101232C410113040500C8
:103D6400138A050023261102938406009309070091
:103D7400EFD09F988327040003A947FF33094941E3
:103D840063742B0113090B00930509001305040048
:103D940093860ACD13860900EFD05F9993850400BA
:103DA40013050400EFD01F9D63180500832704004A
:103DB40003A7C7FF6350E004130504000324810232
:103DC4008320C102832A4101032B010113870900C7
:103DD400938604008329C101832441021306090048
:103DE40093050A0003290102032A81011301010337
:103DF4006FE05FE633873401B386470163FAE60672
:103E040033072A013387E70063FCE4089306810043
:103E140013860900938504001305C100EFF0DFED5C
:103E24008326C100138709001306090093050A00BD
:103E340013050400EFE01FE2130405001305C1009D
:103E4400EFE08FF78320C1021305040003248102ED
:103E540083244102032901028329C101032A810128
:103E6400832A4101032B0101130101036780000030
:103E7400B384F4401306090093050A0013050400F3
:103E840093860900EFE00FFA032504001386090066
:103E9400B305950033054501EFD0DF8F6FF09FFA2E
:103EA400B384F440B3843401B38424416FF09FFCA1
:103EB400130405001305C100EFE00FF0130504001F
:043EC400EFE0DD89C5
:0C3EC80083A6060003A746FF6FF05FE62C
:103ED400130101FD232E31019309060037860000EA
:103EE4002322910223202103130606CD9304050007
:103EF4001389050013850600930507002324810216
:103F04002326F10003A406002324E1002322D10088
:103F140023261102EFD04FFE8326410003278100A0
:103F24008327C10083A6060003A646FF3307E640A5
:103F340063F4E70013870700B306A4000324810297
:103F44008320C10213860900930509008329C10156
:103F54000329010213850400832441021301010390
:043F64006FF01FDDFE
:103F6800130101FE232C81001304050013850600AC
:103F7800232E11002326B1002324C1002322D100BF
:103F8800EFF08ED813070500130504000324810100
:103F980083264100032681008325C1008320C101B7
:083FA800130101026FF09FD824
:103FB000832705003306B640B385F5406FF09FD7E1
:0C3FC00083A6060003A746FF6FF09FFEDB
:103FCC00130101FE232C8100130405001385060048
:103FDC00232E11002326B1002324C1002322D1005B
:103FEC00EFF04ED2130705001305040003248101E2
:103FFC0083264100032681008325C1008320C10153
:08400C00130101026FF01FFA1D
:10401400832705003306B6403307D740B385F54000
:044024006FF01FD149
:10402800832705003306B6403307D740B385F540EC
:044038006FF0DFCF77
:10403C00130101FF3387E600130101016FF01FFE2E
:10404C00832705003306B6403307D740B385F540C8
:04405C006FF09FCD95
:10406000832705003306B6403307D740B385F540B4
:044070006FF05FCCC2
:10407400130101FF232481001304050013850500A7
:1040840093050600138606009306000023261100FC
:10409400EFF05FBD8320C1002320A400032481002E
:0840A400130101016780000017
:1040AC00130101FE232C8100130405001385050068
:1040BC00B385C5001386060093060000232E11005D
:1040CC00EFF0DFB98320C1012320A4000324810178
:0840DC001301010267800000DE
:1040E400130101FE232C8100232A9100138405006F
:1040F400232E1100930405009305F0FF630C0400C4
:10410400130504002326C100EFF04EC00326C100AE
:10411400B305A4001305040093060000EFF09FB458
:104124008320C1010324810123A0A400832441012D
:08413400130101026780000085
:10413C000325050083A705003305F540133515004D
:04414C006780000088
:104150000325050083A705003305F5401335150039
:044160006780000074
:0C41640083A5050003A645FF6F00C04EB8
:044170006FF05FFF8E
:104174009307060003A70700130101F9232481060E
:1041840003270701232291062324B1002326C1001B
:1041940023261106138605001304050093850700E2
:1041A4001305810493840600E70007003796000096
:1041B400130686839305000013058104EFA08F90F6
:1041C4009305050013050103EF900FAD138604005A
:1041D4009305000013050103EFA0CF8E930505009E
:1041E40013058101EF904FAB930581011305040082
:1041F400EF00104313058101EF805FEA130501030B
:10420400EF80DFE913058104EF805FE9B7C70000A1
:10421400938747BD2320F400832781008320C106B0
:10422400832441062324F4008327C1002326F400B9
:1042340003248106130101076780000013040500AD
:1042440013058101EF809FE513050103EF801FE54E
:1042540013058104EF809FE413050400EFE00DD003
:10426400130405006FF05FFE130405006FF05FFE9A
:04427400678000005F
:0C427800130500009305000067800000A3
:104284003796076C2320B50093060500130710002A
:10429400130656961308002783A506009386460046
:1042A40093D7E501B3C7B700B387C702B387E70065
:1042B40023A0F60013071700E31007FF1305F57F8B
:0842C400A320E51C6780000047
:0442CC006FF09FFBF5
:0C42D000B7150000938515576FF0DFFA5A
:0842DC001305000067800000DB
:0842E4001305F0FF67800000E4
:1042EC00B7050080130705001308C53893060500B1
:1042FC009388F5FF83A7060003A6460003A3466335
:10430C00B3F7B70033761601B3E7C70013D617001F
:10431C0093F717003346660063860700B7B7089912
:10432C009387F70DB347F60023A0F600938646005B
:10433C00E312D8FC37060080930505631308F6FFDB
:10434C008327C7388326073983280700B3F7C700AC
:10435C00B3F60601B3E7D70093D6170093F717000F
:10436C00B3C6160163860700B7B708999387F70D94
:10437C00B3C7F6002326F73813074700E392E5FC92
:10438C0037160000B307C50083A7C79B832605001B
:10439C0037070080B3F7E7001307F7FF33F7E600A2
:1043AC0083260563B3E7E70013D7170093F71700CD
:1043BC003347D70063860700B7B708999387F70D83
:1043CC003305C5003347F700232EE59A2320059CBF
:0443DC0067800000F6
:1043E000130101FE232C810037140000232A9100C1
:1043F00023282101232E1100B3048500130900276F
:1044000003A7049CB307E9406316060263E4B702FE
:104410008320C10133058500032481013307B700E0
:104420002320E59C8324410103290101130101029A
:1044300067800000B387F54033B7F5003306E640E8
:104440002324C1002322A1002326F100EFF01FEA5C
:104450008325C10003268100032541006FF05FFA28
:10446000130101FF23229100B7140000B307950048
:1044700003A7079C23248100232611009307F0261D
:104480001304050063F4E700EFF05FE6B304940063
:1044900083A7049CB7562C9D938606681387170044
:1044A000939727003304F40023A0E49C032704001F
:1044B0008320C100032481009357B700B3C7E700EE
:1044C000139777003377D7003347F7009317F70038
:1044D000B706C6EFB3F7D700B3C7E70013D5270178
:1044E000832441003345F50013010101678000007A
:0444F0006FF01FF753
:0444F4006FF0DFF690
:1044F80003264500130101FE232C81001304050047
:10450800138505002326C1002324B100232E1100A2
:10451800EFE09EFF0326C100832581006316A602F3
:10452800130510006308060003250400EF10402D52
:10453800133515008320C10103248101134515009B
:104548001301010267800000130500006FF09FFE51
:10455800130101FE232C810013840500B795000088
:10456800232A91009385C58393040500130504004D
:10457800232E1100EFF0DFF7630A050AB795000054
:104588009385458413050400EFF09FF66300050A40
:10459800B79500009385C58413050400EFF05FF517
:1045A800B715000093851557630605080324040012
:1045B800930541001306000013050400EF00504A5C
:1045C800834704009305050063880700832741009B
:1045D80083C707006380070613050001EFB04FEBA0
:1045E80093040500EF00C06FB7960000130605009E
:1045F800938646859305600113850400EFF01FB785
:1046080037560500B7C500001306C6A4938585ADC7
:1046180013850400EF70DFD613040500138504002A
:10462800EFB08FEC13050400EFE00D93B715000011
:1046380093851557032481018320C1011385040044
:0C46480083244101130101026FF05FC3E5
:044654006FF05FF0B4
:10465800130101FD2320210313090500130501019E
:104668002324810223229102232611022324A1005C
:104678009384050013040600639A05006308060086
:1046880037850000130505D6EF804FB3232281003C
:104698009307F00063F087021306000093054100BA
:1046A80013058100EF805F9A832741002324A1002E
:1046B8002328F1009385040013060400EF801FAA45
:1046C8000327410083278100930581002326E10009
:1046D800B387E7002380070013050900EFF05FE7C1
:1046E80013058100EF805F9B8320C10203248102B0
:1046F800832441020329010213010103678000009A
:104708001304050013058100EF801F9913050400A9
:04471800EFE08D84BD
:10471C00930785002320F5002322050023040500C0
:04472C0067800000A2
:044730006FB04FAD6A
:10473400130101FE232C8100232A91002328210147
:1047440013040500232E1100130585002320A40063
:104754001389050093040600639A050063080600A4
:1047640037850000130505D6EF808FA52326910019
:104774009307F00063F09702130600009305C1004D
:1047840013050400EF809F8C8327C1002320A4001D
:104794002324F4001386040093050900EF805F9C32
:1047A4000327C100832704002322E400B387E70022
:1047B400238007008320C101032481018324410154
:0C47C400032901011301010267800000BD
:1047D000130101FF23261100EFB0CFA28320C100F7
:0847E0001301010167800000D4
:1047E800130101FE232E11002326A100EF809FA6AE
:1047F8008320C1010325C100130101026780000065
:044808006F809F8995
:04480C006F801FC9D1
:10481000130101FF232481001384050083A50500F3
:10482000232291002326110093078400930405009E
:10483000032505006396F502639C84028327040028
:104840002322040013850400238007008320C10075
:1048500003248100832441001301010167800000CB
:10486000938684006318D502130500006F00C00210
:104870000326440063040600EF80DF8E0327440014
:1048800083A7040023A2E400B387E7002380070086
:104890006FF0DFFA03A784008326440023A0B4004E
:1048A00023A2D4008326840023A4D4006308050037
:1048B0002320A4002324E4006FF05FF82320F400F9
:0448C0006FF0DFF7BF
:0C48C40037950000130585886780000010
:1048D00083270600639AF500832746003385A740A7
:1048E0001335150067800000130500006780000085
:0448F00067800000DD
:0C48F4003795000013050589678000005F
:1049000093074007130101FF63C8B70693077005BB
:1049100063CCB7029307D00463C2B7029307B00316
:1049200063CCB7029307400263C0B7049307F0005B
:1049300063C4B7069307E00063F0B7062324B10011
:104940002326A1006F000006B707BF1F138785FA53
:104950009387D7096F008003B7170200138745FCC0
:104960009387F7886F008002938735FD1307100047
:104970006374F7026FF09FFC1387A5F8930780011B
:10498000E3EEE7FAB707F1019387F77BB3D7E700C8
:1049900093F71700E38407FA938781822324B100F9
:1049A0002326F100032581008325C10013010101A5
:0449B000678000001C
:0449B4006780000018
:1049B800130101FF93070500138505001301010189
:0849C8009385070067800000E1
:1049D00083270500130101FD2326C10083A747019A
:1049E00023261102E78007000326C100232CA10023
:1049F000232EB10083274600639EB700832706005D
:104A00003305F540133515008320C102130101035E
:0C4A100067800000130500006FF01FFF1E
:104A1C0083A74500631AF50003A505003305C540BF
:104A2C001335150067800000130500006780000037
:044A3C00678000008F
:044A4000678000008B
:044A44006FB0CF8FF1
:044A48006FB08F8F2D
:104A4C00B7C70000938747BD2320F5006FB0DF8008
:104A5C00130101FE232E11002326A100EFF05FFEAF
:104A6C000325C1008320C101130101026FB08F8C9B
:104A7C0083A70500130101FD2324810283A70701ED
:104A8C00130405002326110213058100E78007009B
:104A9C000326C1008325810013050400EFB0DFF964
:104AAC006F0080011304050013058100EF808FDE79
:104ABC0013050400EFD01DCA13058100EF808FDDB4
:104ACC008320C10213050400032481021301010396
:044ADC0067800000EF
:104AE000130101FD2326C10023261102EFF05FE12F
:104AF0000326C100232CA100232EB10083274600EA
:104B0000639EB700832706003305F5401335150073
:104B10008320C10213010103678000001305000018
:044B20006FF01FFF14
:104B2400130101FD2324810223202103232E3101BB
:104B3400232C41012326110223229102930785008D
:104B440013040500130A06002320F50023220500A0
:104B5400230405001309C0039309200293050900E7
:104B640013050400EF80DFBE83240400130609004C
:104B740013050A002380040093850400EF00906D60
:104B84006318050013850400EFE05E986F000001D0
:104B94006314350513191900130500008327040055
:104BA4002322A400B387A70023800700832744009F
:104BB400E38607FA8320C10213050400032481025B
:104BC40083244102032901028329C101032A8101AB
:104BD400130101036780000083C70400E39407FA0C
:104BE400B79500001306E00093858589130501003D
:104BF400EFE04EFF1306D000930501001385040077
:104C0400EFE04EFE1305D0006FF05FF98327040038
:104C140023220400238007009304050013050400E5
:104C2400EF80CFC713850400EFD05DB36FF0DFFED4
:104C3400130101FD232021031309050013050001BD
:104C4400232481022322910223261102EFB08F84B0
:104C540083A78182930405001306090083A7070133
:104C64009385818213058100E78007009305810005
:104C740013850400EF00C01A13058100EF800FC2F2
:104C8400B7C70000938747BD138481823756050058
:104C9400B7C5000023A0F40023A4240123A68400A4
:104CA4001306C6A4938585AD13850400EF708FEDBC
:104CB4001304050013058100EF804FBE1385040023
:104CC400EFB0CF8213050400EFD05DA913040500F3
:044CD4006FF0DFFEA0
:044CD80067800000F1
:044CDC006FA05FE680
:084CE00013854182678000008A
:084CE800138581826780000042
:104CF0008327450083250500130101FF03A7070053
:104D0000138507000327470113010101670007000E
:044D100067800000B8
:0C4D140003A6450083A505006FB09FD2E8
:104D2000130101FFB7C700002324810023261100CF
:104D3000232291009387C79F130405002320F500C9
:104D400013054500EFF01FFD6F008001930405007F
:104D500013050400EFB08FC513850400EFD05DA0EC
:104D60008320C10003248100832441001301010139
:044D70006780000058
:104D7400130101FE232E11002326A100EFF01FFAD8
:104D84000325C1008320C101B7C70000938707A191
:0C4D94002320F5001301010267800000DD
:104DA000130101FE232E11002326A100EFF05FF76F
:104DB0000325C1008320C101B7C70000938747A224
:0C4DC0002320F5001301010267800000B1
:104DCC00130101FE232E11002326A100EFF09FF406
:104DDC000325C1008320C101B7C70000938787A3B7
:0C4DEC002320F500130101026780000085
:104DF800130101FE232E11002326A100EFF0DFF19D
:104E08000325C1008320C101B7C700009387C7A449
:0C4E18002320F500130101026780000058
:104E2400130101FFB7C700002324810023261100CA
:104E340023229100938707A6130405002320F5007D
:104E440013054500EFF0DFEC6F00800193040500CB
:104E540013050400EFB04FB513850400EFD01D9087
:104E64008320C10003248100832441001301010134
:044E74006780000053
:104E7800130101FE232E11002326A100EFF01FFAD3
:104E88000325C1008320C101B7C70000938747A746
:0C4E98002320F5001301010267800000D8
:104EA400130101FE232E11002326A100EFF05FF76A
:104EB4000325C1008320C101B7C70000938787A8D9
:0C4EC4002320F5001301010267800000AC
:104ED000130101FE232E11002326A100EFF09FF401
:104EE0000325C1008320C101B7C700009387C7A96C
:0C4EF0002320F500130101026780000080
:104EFC009307050003A50181138605009385070020
:044F0C006F008002B0
:104F10009305050003A50181130101FE1306C100DD
:104F2000232E1100EF0000018320C10113010102B3
:044F30006780000096
:104F3400130101FD232C410123229102232021038B
:104F4400232A510123286101232611021389050014
:104F5400130B0600930A0500EF00D04583A4C18219
:104F6400638E0406232E3101834709006388070EEC
:104F7400138737FC130609006302070E83471600E4
:104F840013061600138737FC63840700E31807FE33
:104F94009309D0036380370D03A50400630C050A4D
:104FA40023248102330426411306040093050900D7
:104FB400EF001020631A050083A70400B38787005D
:104FC40003C707006302370503A544009384440024
:104FD400E31C05FC032481028329C10113850A0013
:104FE400EF00903D8320C102832441020329010282
:104FF400032A8101832A4101032B010113050000C7
:10500400130101036780000003A7C18213850A000E
:105014002326F100B384E44093D4244023209B004E
:10502400EF0090398327C100032481028320C10249
:105034008329C1018324410203290102032A810136
:10504400832A4101032B0101138517001301010376
:10505400678000008329C1016FF05FF8130609001F
:045064006FF01FF3D7
:10506800130101FE1306C100232E1100EFF01FECFF
:0C5078008320C1011301010267800000C9
:105084009307050003A50181138605009385070096
:045094006FE01E9D0E
:10509800B7B80000130F0500938705009388988917
:1050A8001385070003C80700938717003387080193
:1050B8000347070013778700E31407FE1307D0029E
:1050C8006304E8121307B00293030000630CE80CB2
:1050D80013F7F6FE6302070A930FF0FF33D3DF02DC
:1050E80093820600B3FFDF02930800001305000057
:1050F800130E9000930E9001130708FD6378EE00DD
:105108001307F8FB63ECEE02130798FC6350D7040F
:105118009388180063800802636EA3006316650411
:105128009308F0FF63D2EF049387170003C8F7FFD3
:105138006FF09FFC9308F0FF6FF01FFF1307F8F95B
:1051480063E6EE00130798FAE344D7FC1307F0FF71
:105158006380E80663940304630606006392080606
:105168002320B6006780000033085502930810001A
:10517800330507016FF05FFB13070003630EE806B2
:10518800639806049306A00037A39919130393990B
:1051980093820600930F50006FF01FF53305A0406F
:1051A8006FF09FFB03C80700930725006FF05FF2BD
:1051B800130720022320EF00138508006306060664
:1051C8009385F7FF2320B6006780000063800606FA
:1051D80037030010930600011303F3FF93820600C0
:1051E800930FF0006FF05FF003C8070093031000FF
:1051F800930725006FF0DFED03C70700130580054F
:105208001377F70DE314A7FC37030010930600018A
:1052180003C817001303F3FF93820600930FF000EF
:10522800938727006FF05FEC67800000370300204A
:10523800930680001303F3FF93820600930F700018
:045248006FF09FEA7A
:04524C006FF0DFE43C
:105250001307050003A501819306060013860500C8
:08526000930507006FF05FE306
:105268001307050003A501819306060013860500B0
:08527800930507006FF0DFE170
:10528000930705006306050003274503630607002F
:10529000138507006F000016130101FE232E110075
:1052A0002326C1002324B1002322A100EFC00E81D8
:1052B000832741000326C100832581008320C1018B
:0C52C00013850700130101026F00C012EB
:1052CC0083A7018113070500138605006386070079
:1052DC0083A6470363880600930507001385070020
:1052EC006F008010130101FE2324A1001385070019
:1052FC00232E11002326B1002322F100EFB05EFB18
:10530C0003278100832741000326C1008320C101AC
:10531C009305070013850700130101026F00C00CF1
:10532C00130101FC232C81021304050013850500D5
:10533C002326C100232E1102232EB100EFE08E9CF8
:10534C001307C101930710002326A1022320A102F9
:10535C002322E1022324F1020326C1006306040088
:10536C0083274403638007068317C600032746067A
:10537C00B72500009396270163CE0602B7E6FFFF20
:10538C009386F6FFB3E7B7003377D7002316F60002
:10539C002322E606930506001305040013064102BA
:1053AC00EFC04EB88320C103032481031301010411
:1053BC006780000093172701E3DE07FC1305F0FF5D
:1053CC006FF05FFE13050400EFB09EEE0326C100E4
:0453DC006FF09FF9D6
:1053E0009307050003A50181138605009385070037
:0453F0006FF0DFF388
:1053F4001307050063060500832745036384070438
:105404008327860093F6F50F9387F7FF2324F6008E
:1054140063DA07000325860163C2A702938766FF48
:10542400638E07008327060013F5F50F1387170013
:105434002320E6002380D7006780000013050700BF
:105444006F00C024130101FE2326C1002324B100F0
:10545400232E11002322A100EFB01EE60326C10073
:1054640083258100032741008327860093F6F50FE7
:105474009387F7FF2324F60063DA070003258601E8
:1054840063C6A702938766FF638207028327060029
:1054940013F5F50F138717002320E6002380D700A8
:1054A4008320C10113010102678000008320C10130
:0C54B40013050700130101026F00401DEA
:1054C00083A60181130705006386060083A74603B0
:1054D0006388070483A785001376F70F9387F7FF88
:1054E00023A4F50063DA070003A5850163C2A702C0
:1054F000930766FF638E070083A705001375F70FF8
:105500001387170023A0E5002380C70067800000F1
:105510001386050013850600930507006F004017EA
:10552000130101FE2324A100138506002326B100E8
:105530002322D100232E1100EFB05ED88325C100B5
:10554000032781008326410083A785001376F70F88
:105550009387F7FF23A4F50063DA070003A585010D
:1055600063C6A702930766FF6382070283A705004D
:105570001375F70F1387170023A0E5002380C700DA
:105580008320C10113010102678000008320C10153
:105590001386050093050700138506001301010219
:0455A0006F00000F89
:1055A400130101F6930EC10837030080370EFFFF85
:1055B400138F05002326D1081303F3FF130E8E2047
:1055C4009305810093860E00232E1106232AF108E9
:1055D4002324E101232CE1012328E108232C0109E0
:1055E400232E11092326010623286100232E61009E
:1055F400232AC1012322D101EF00405C83278100CB
:10560400238007008320C1071301010A678000007B
:10561400130101F6130F050003A50181930E810800
:1056240037030080370EFFFF2324C1082326D10847
:105634001303F3FF13860500130E8E2093058100D8
:1056440093860E00232E1106232AF1082324E10158
:10565400232CE1012328E108232C0109232E11091D
:105664002326010623286100232E6100232AC10179
:105674002322D101EF008054832781002380070077
:0C5684008320C1071301010A67800000A9
:10569000130101FE232C8100232A9100232E1100E7
:1056A0009304050013840500630605008327450362
:1056B000638A0712032786018317C6002324E600A6
:1056C00013F787006306070803270601630207082C
:1056D0009396270103274606B725000063D0060AE4
:1056E0009317270163CC070E0327060083270601C3
:1056F00083264601B307F74063D8D70A938717007C
:1057000083268600930517002320B6009386F6FFB4
:105710002324D60023008700032746011374F40FC7
:105720006306F70A930764FF639807008357C60070
:1057300093F71700639C07088320C1011305040039
:1057400003248101832441011301010267800000C9
:1057500093050600138504002326C100EFC09E8F29
:10576000631E05060326C100B72500008317C60087
:105770000327460693962701E3C406F6B7E6FFFF24
:105780009386F6FF3377D700B3E7B7002316F6000A
:105790002322E60683270601032706008326460107
:1057A000B307F740E3CCD7F4930506001385040054
:1057B0002326C100EFB08EDA631205020326C10072
:1057C00093071000032706006FF09FF39305060070
:1057D00013850400EFB08ED8E30005F61304F0FF44
:1057E0006FF09FF52326C100EFB05EAD0326C10028
:0457F0006FF05FEC0B
:1057F4009307050003A5018113860500938507001F
:045804006FF0DFE87A
:105808009306300063FEC604B3E7A50093F737009C
:10581800638A07021306F6FF130616003306C5004F
:105828006F0080006300A6048347050003C70500D6
:105838001305150093851500E386E7FE3385E740D9
:10584800678000000327050083A70500E314F7FC21
:105858001306C6FF1305450093854500E3E4C6FE1D
:0C586800E31A06FA130500006780000038
:1058740093F6F50F937735006380060C638E07006B
:10588400834705006386070A6386D70A1305150054
:1058940093773500E39607FE93F5F50F939885000B
:1058A40003270500B388B80093970801B388F8006C
:1058B4003708FFFEB3C7E8001308F8EFB385070104
:1058C40013C6F7FFB30707011347F7FF33F6C50005
:1058D400B3F7E70037838080B3E7C70013030308F7
:1058E400B3F76700639207040327450013054500D7
:1058F400B347170193C5F7FF33860701B3070701C1
:105904001347F7FF33F6C500B3F7E700B3E7C70063
:10591400B3F76700E38A07FC83470500638A07003F
:105924006386F6081305150083470500E39A07FE0E
:105934001305000067800000638C0700834705009F
:10594400E38A07FE1305150093773500E39807FEF5
:10595400032705003706FFFE1306F6EFB307C7005B
:10596400B78680801347F7FFB3F7E70093860608EE
:10597400B3F7D700639007020327450013054500DA
:10598400B307C7001347F7FFB3F7E700B3F7D70030
:10599400E38407FE83470500E38E07F88347150079
:1059A40013051500E39C07FE678000006780000074
:1059B400630A0608B367B50093F73700639A0704D0
:1059C4003703FFFEB7888080130E30001303F3EF14
:1059D400938808086360CE026F0080031306C6FF35
:1059E4006302060663900706130545009385450088
:1059F4006370CE020327050083A60500B307670082
:105A04001348F7FFB3F70701B3F71701E308D7FC0F
:105A14008347050003C705001306F6FF3306C500D8
:105A2400638EE7006F00800213051500638C070086
:105A34008347050003C70500639AE70093851500B3
:105A4400E314C5FE13050000678000003385E740BA
:045A54006780000067
:105A5800130101FD23261102232E01006300060A0B
:105A680023229102938405009305050003A5018173
:105A78002326C1009306C1011306100023248102C6
:105A8800EF30402613040500EFD01EA88327C1007D
:105A98006372F5041385040093050400EF00000702
:105AA8000325C101630C05000324810283244102FC
:105AB8008320C102130101036780000083470400AB
:105AC800E39407FE03248102832441021305600145
:105AD8006FF01FFE1386F7FF93050400138504007B
:105AE8002326C100EFD0DE8F0326C100B385C40092
:105AF8002380050003248102832441028320C102FC
:0C5B080013052002130101036780000058
:105B1400B367B50093F737006390070803A7050040
:105B2400B7867F7F9386F6F73378D7003308D8009B
:105B34003368E8003368D8009307F0FF13060500C4
:105B44006314F802938545002320E60003A70500AB
:105B540013064600B377D700B387D700B3E7E7004F
:105B6400B3E7D700E38007FF83C7050003C7150029
:105B740083C625002300F600638A0700A300E6001D
:105B8400630607002301D6006394060067800000C3
:105B9400A3010600678000009307050003C7050002
:105BA4009387170093851500A38FE7FEE31807FE7C
:045BB4006780000006
:045BB8006780000002
:045BBC0067800000FE
:105BC000130101E4232E111A2328211B2328A119D4
:105BD00013890500130D06002326D100232A911AEC
:105BE0002320A100EFD04EAB8327050013850700CB
:105BF0002324F102EFD0DE918357C9002322A102B2
:105C00002320010C93F70708638807008327090105
:105C1000639407006F10102C232C811A2326311B4C
:105C20002324411B2322511B2320611B232E711986
:105C3000232C8119232A91192326B119B7C70000F3
:105C40009309C10D37CA0000938707BE232E010AAE
:105C5000232C010A232A310B138B0900232AF1007C
:105C6000130ACAD4232C010023260102232801028F
:105C700023220104232A010213040001232401002A
:105C800083470D00930A0D001387B7FD63020706D3
:105C900063800706138C0A0083C71A00938A1A00D0
:105CA000638607001387B7FDE31607FEB38CAA418E
:105CB0006380AA058327C10B0325810B2320AB0139
:105CC000B38797011305150023229B01232EF10AA8
:105CD000232CA10A93077000130B8B0063CCA71E23
:105CE00083278100B38797012324F10083471C0099
:105CF000639407006F10107783C81A00138D1A0081
:105D0000A3090108930AF0FF23220100930B00006E
:105D1000130CA005130D1D00938708FE636CFC0493
:105D20000327410193972700B387E70083A7070064
:105D300067800700938708FD2322010093069000E7
:105D4000032741000326410083480D001317270055
:105D50003307C70013171700B387E7002322F100AA
:105D6000938708FD130D1D00E3FCF6FC938708FEE6
:105D7000E378FCFA639408006F10D06E930C100067
:105D8000230E1111A3090108138C0C002328010014
:105D9000930A000023200102232E010013030000B8
:105DA0009307C1110326C10B93FD4B08130806008E
:105DB000E38E0D0403473109630807068325810B31
:105DC00013070000130531092320AB00130616004A
:105DD00013051000938515002322AB00232EC10A62
:105DE000232CB10A13057000130B8B006344B552CA
:105DF000630C07028325810B130741092320EB0065
:105E00001306260013072000938515002322EB00BC
:105E1000232EC10A232CB10A13077000130B8B0029
:105E20006354B7006F10C00F13070008E388ED72CA
:105E3000B38A9A41634A507F13F70B10E312070E9F
:105E40002320FB008327810B33069601232EC10AF2
:105E50009387170023229B0113077000232CF10A5C
:105E6000634AF760130B8B0013FE4B00630A0E00AE
:105E700083274100B38A8741635450016F10C00DDE
:105E8000032341006354830113030C008327810023
:105E9000B38767002324F100630406006F00107EBF
:105EA00083270101232C010A638807008325010150
:105EB00003250100EFD09E8C138B09006FF05FDC8F
:105EC00083480D006FF01FE583480D0093EB0B0234
:105ED0006FF05FE4032501001306410B93050900F1
:105EE000EF20D051630405006F205024138B09006C
:105EF0006FF01FDF93F78B00639407006F10006053
:105F00008327C1000327C10083A7070013074700A9
:105F10002326E10003A6070083A6470003A7870006
:105F200083A7C7001305010C232811012326F10CB8
:105F30002320C10C2322D10C2324E10CEF109FA8B5
:105F4000232CA10893072000832801016314F50086
:105F50006F10D043930710006314F5006F101064A6
:105F600013FCF8FD930710046304FC006F10905FAE
:105F700093070003230AF10813071006930780050F
:105F80006394E8006F20001CA30AF1089307300611
:105F900063D457016F20801B0327C10C8326010C9B
:105FA0000326410C8325810C635407006F20D00D1C
:105FB000232C0102232801009307C111930D01082E
:105FC0002320F104232AC10693E72B00232CB106DA
:105FD00013850D009305010713068109232E110374
:105FE000232EF1002328D106232EE106EF10CFDC6B
:105FF000032781080326010883264108232CE10694
:106000000327C1082328C106232AD1061306010647
:10601000B706FC3F9305010713850D002326D10623
:10602000232EE10623200106232201062324010654
:10603000EF509EA8032E010803284108032681087B
:106040009305010713850D002326C10323200103B7
:10605000232CC10023280106232A0106232C010634
:10606000232E0106EF50CEEF832BC10803268101BA
:1060700003280102032EC1028328C10383270104E0
:106080006316050093061000232CD1089306100612
:106090006394D8006F20D024B78600001387869DB4
:1060A000232CE10023206103938C0B002324210582
:1060B00083248101138C070023261103232EF10270
:1060C0002320A105130B0800930B060013090E00F3
:1060D0006F00C0039305010713850D0023202109DC
:1060E000232261092324710923269109232801060B
:1060F000232A0106232C0106232E0106EF504EE62B
:10610000631405006F20500F938AFAFFB70703400E
:10611000130601069305010713850D002326F106DA
:1061200023282107232A6107232C7107232E910797
:10613000232001062322010623240106EF50DE97C7
:1061400013850D00EF709EC593050500130D050026
:1061500013850D00832C0108832B4108032B810834
:106160000329C108EF70DED28327810803260108C6
:1061700083264108232CF1048327C1082328C10466
:106180009305010613060105130501072320910756
:10619000232271072324610723262107232AD10400
:1061A000232EF104EF605E85B387A40183C6070048
:1061B00093050C00130C1C0003290107032B410756
:1061C000832B8107832CC107A30FDCFEE3940AF025
:1061D0008328C1028327C103130E090013080B0093
:1061E00013860B0093840500938B0C00B70AFE3FC7
:1061F0009305010713850D00232611052326F102BF
:1062000003298104930C0D002320C109032D0104EF
:106210002324C10523220109232001052324C108C9
:10622000232EC1022326710923280106232A0106F1
:10623000232C0106232E5107EF508EE1032B010280
:106240008327C1028328C1046344A0029305010788
:1062500013850D0023201103EF508ED083280102F7
:106260008327C102631C050493FC1C0063880C0493
:10627000032781012320910A0346FCFF8345F70091
:1062800013070C006390C50213050003A30FA7FEBC
:106290000327010A9306F7FF2320D10A0346F7FFDD
:1062A000E386C5FE930516001305900393F5F50FDD
:1062B0006314A6006F20C010A30FB7FE0326810948
:1062C0001387F8002302E10AB306FC401307F6FF28
:1062D000232CE108232CD100635407006F200079A0
:1062E0009306B002A302D10A9306900063D4E6009D
:1062F0006F10507C9306610A130707032380E600A2
:1063000013070118B386E6401387D60D2326E10252
:106310006F200003032501001306410B93050900BC
:10632000232461042320F104232E1103232CE102F2
:10633000EF20D00CE31005360326C10B03238104A4
:10634000832701048328C10303278103138B0900DA
:106350006FF01FAA832A810B832681011307100087
:106360003306E600B38AEA00930D8B00E35AD77830
:10637000130710002322EB002320FB00232EC10A69
:10638000232C510B13077000635457016F10000644
:1063900003274102938A1A00232C510B3306E6008F
:1063A00003278102232EC10A938D8D0023ACEDFEBD
:1063B0000327410223AEEDFE13077000635457011B
:1063C0006F1000000327810C0325010C8325410C6D
:1063D0002320F1022324E108832781010327C10C34
:1063E0002320A1082322B108130501089305010702
:1063F000232EC10023280106232A0106232C01068F
:10640000232E01062326E108138BF7FFEF504EB52C
:106410000326C101E308057283270102938A1A004B
:106420003306660193871700232C510B232EC10AD4
:1064300023A0FD0023A26D0193077000E3C2576FF4
:10644000938D8D008327C1028326C1021307410A61
:106450003386C70093871A0023A0ED00232EC10ABC
:10646000232CF10A23A2DD0013077000138B8D008B
:10647000E35CF79E032501001306410B9305090019
:10648000EF20C077E31805200326C10B138B09000A
:106490006FF09F9D8327C100930C1000A309010892
:1064A00083A70700230EF1108327C10093874700BD
:1064B0002326F1006FF05F8D93F70B026392073C88
:1064C0008327C10013F70B0193874700630407007C
:1064D0006F2000258326C10013F70B0403AC0600D0
:1064E000631407006F101006131C0C01135C0C41A1
:1064F000935EFC412326F10013870E006344073AA4
:1065000063C20A3CB367DC0193FBFBF7639C073A69
:10651000639A0A3A834E310963940E006F10D00CCF
:10652000130C00001303000023280100930C00004B
:10653000930A000093070118130C1C006314030056
:106540006F20006B0326C10B8325810B93FD4B0845
:10655000130C2C001308060013850500E38E0D189C
:1065600023200102232E010013030000E3860E887E
:10657000130720006FF01F858327C1000327C10088
:10658000A309010883A70700930447006394070049
:106590006F10406F63D40A006F10801813850700D6
:1065A00013860A0093050000232E11012326F10013
:1065B000EFC08E9F2328A100034731098327C10024
:1065C0008328C101631405006F10507CB30CF540A3
:1065D00093C6FCFF93D6F64133FCDC00630407004E
:1065E0006F104017232691000326C10B23280100BA
:1065F00023200102232E010093FD4B08930A000083
:10660000130300001308060063960DFA03274100E8
:1066100033078741E34AE03C03473109631007FA37
:10662000B38A9A41E35A508137C800008325810B11
:106630001308C8D46356540993840A00232EF10228
:10664000930D700093070B00232C1103930A030092
:10665000130B0A006F00C000938404FF6356940478
:10666000130606019385150023A0470123A2870086
:10667000232EC10A232CB10A93878700E3DEBDFCD9
:10668000032501001306410B93050900EF20005775
:10669000E3120500938404FF0326C10B8325810BBD
:1066A00093870900E34E94FA13080B0083288103B3
:1066B000138B07008327C10313830A00938A040006
:1066C000330656019385150023200B0123225B011D
:1066D000232EC10A232CB10A13077000130B8B0061
:1066E000635CB7F4032501001306410B9305090011
:1066F00023206104232EF102232C1103EF200050EC
:10670000631A057813F70B100326C10B032301044A
:106710008327C10383288103138B0900630207F2D7
:1067200013075006E35817C30327410C8325010CB8
:106730000325810C2322E1080327C10C2320B10883
:106740002324A1089305010713050108232EC10284
:10675000232CF1022320610423280106232A0106A9
:10676000232C0106232E01062326E108EF405EFFBD
:10677000832781030326C10303230104E31C050EC1
:106780008327810B37770000130787032320EB0053
:106790001306160013071000938717002322EB003F
:1067A000232EC10A232CF10A13077000130B8B0050
:1067B0006354F7006F104035832781090327810157
:1067C000E3DCE744032741028327810B130B8B0093
:1067D0003306E6000327810293871700232EC10AA0
:1067E000232CEBFE03274102232CF10A232EEBFE80
:1067F00013077000E344F76483278101938AF7FF4E
:10680000635450E737C80000930C00018327810BC5
:10681000930D70009304C8D463CA5C016F20C02933
:10682000938A0AFF63C45C016F108033130606016C
:106830009387170023209B0023229B01232EC10A4C
:10684000232CF10A130B8B00E3DCFDFC0325010074
:106850001306410B93050900EF20403A631C0562C3
:106860000326C10B8327810B138B09006FF05FFB9D
:1068700093F70B0213EE0B01E3800746930B0E0018
:106880008327C1009387770093F787FF03A747000B
:10689000938687002326D10003AC0700930E0700E0
:1068A000E35007C6B3378001B30ED041B38EFE402C
:1068B0009307D002A309F108330C804163C40A0096
:1068C00093FBFBF7639E0E0E9307900063EA870F1E
:1068D000130C0C03A30F8117138C0A00E358504BC1
:1068E000834E310913030000930C10009307F11736
:1068F00023280100E3840EC4130C1C006FF01FC496
:106900008327C10083A707002322F100E3DE0730BD
:1069100083274100B307F0402322F1008327C10001
:10692000938747002326F10083480D0093EB4B002B
:106930006FF04FBE93F70B0213EE0B016394070445
:106940008327C1000327C100A309010893874700DB
:10695000032C0700930E000063D40A006F10C04A96
:106960002326F100937BFEF7E3100CF6E39E0AF476
:10697000130300006F00803793F70B02E380073C9E
:10698000138E0B008327C100A309010893877700AA
:1069900093F787FF138787002326E10003AC0700E6
:1069A00083AE4700E3CA0A46937BFEF7E39C0AF0F6
:1069B000B367DC01E39807F0130300006F000033B6
:1069C000B7DCCCCCB7DDCCCC938CDCCC938DCDCCF0
:1069D00013F80B4093050000130601189384080078
:1069E0006F0040080327010303470700930617F0D1
:1069F000638606006314B7006F10001313030C00C6
:106A000013850E00138607003307DC01B3368701B8
:106A10003307D700B336970313DE260093F6C6FF7D
:106A2000B386C6013307D7403307EC40B336EC00DA
:106A3000B386DE40B3869603B30EB703333E9703A7
:106A4000B386D60133079703B386C601139EF601BA
:106A500093DE160013571700330CEE006314050085
:106A60006F1010473307DC01B3368701B306D70038
:106A700033B59603938515009307F6FF135325004E
:106A80001375C5FF33056500B386A640B306DC4029
:106A90003335DC003385AE4033B3960333059503BD
:106AA000B3869603330565001315F50193D61600DA
:106AB000B306D50013952600B306D50093961600AD
:106AC000B306DC4093860603A30FD6FEE31C08F052
:106AD00013030C0013850E00138607006FF01FF3DD
:106AE00093F70B0293E60B01E38A071C8327C1008F
:106AF0009387770093F787FF138787002326E100AA
:106B000003A6470003A70700A309010893FBF6BFEC
:106B100063C00A50B367C70093FBF6B7639A074E8A
:106B200063980A4E13FC1600630C0C7A930700035B
:106B3000A30FF116930C0C0023280100232001025F
:106B4000232E0100130300009307F1176FF08FA5A8
:106B50009307B00283480D00A309F1086FF08F9BE3
:106B60008324010013850400EFC00EB38327450082
:106B700013850700232AF102EFC09E9993070500B1
:106B8000138504002322F10493840700EFC0CEB0E4
:106B90000327850083480D002328E102638C0496B7
:106BA000630A0796834707006386079693EB0B40BB
:106BB0006FF04F9683480D0093EB1B006FF08F959D
:106BC0008347310983480D006396079493070002B9
:106BD000A309F1086FF00F9483480D0093EB0B08A5
:106BE0006FF04F9383480D009307A00293061D009A
:106BF0006394F8006F105073938708FD130690009C
:106C0000930A00006364F60213972A0083C8060003
:106C1000B30A5701939A1A00B38AFA00938708FDC2
:106C200093861600E372F6FEE3CC0A1E138D06006F
:106C30006FF08F8E83480D0093078006E388F81E5F
:106C400093EB0B046FF00F8D0327C10093F70B023A
:106C500013074700E392070493F70B0163840700CF
:106C60006F00107D93F70B04638407006F100036EC
:106C700013FE0B2063140E006F00907B8327C1006E
:106C8000832681002326E10083A707002380D70005
:106C90006FE01FFF83480D009307C006E380F81CD8
:106CA00093EB0B016FF00F87B78700009387078383
:106CB0000327C100231AF1088327C100A309010893
:106CC000032707009387470013060000E3C20A0E5C
:106CD00013FEFBF7936B2E00E3980A76E316077614
:106CE0002326F1001303200093088007834E310907
:106CF000930A0000130C0000930C00009307011886
:106D0000232801006FF01FBF93F70B02E39C0706D7
:106D10008327C10013F70B01938747006304070023
:106D20006F10D0280327C10093F60B040327070038
:106D3000639406006F00507F131707011357070174
:106D40002326F10093860B00130600006FF0DFDBB3
:106D500083480D0093EB8B006FE0DFFB03274100BE
:106D6000B30D87416356B08D930E00018325810BCF
:106D700037C8000063C4BE016F10902693840D00D5
:106D8000232EF102930D0D0093070B009302700068
:106D9000138B0A00232C1103130D0300930AC8D48C
:106DA0006F00C000938404FF63DA9E04130606019B
:106DB0009385150023A0570123A2D701232EC10AD2
:106DC000232CB10A93878700E3DEB2FC0325010080
:106DD0001306410B93050900EF105062631C050A6E
:106DE000930E0001938404FF0326C10B8325810BBE
:106DF0009387090093027000E3CA9EFA13880A0081
:106E000083288103930A0B00138B07008327C10398
:106E100013030D00138D0D00938D04003306B6018E
:106E20009385150023200B012322BB01232EC10AC9
:106E3000232CB10A13077000130B8B006344B700B7
:106E40006FE01FFF032501001306410B93050900A6
:106E500023206104232EF102232C1103EF10105A7A
:106E6000631A05020326C10B832881038327C1030C
:106E700003230104138B09006FE09FFB032501002E
:106E80001306410B93050900EF10505763140500DA
:106E90006FF00F8183250101832481006386050043
:106EA00003250100EFC09E8D8357C9000324811B79
:106EB0008329C11A93F70704032A811A832A411AE6
:106EC000032B011A832BC119032C8119832C41191F
:106ED000832DC118638407006F10904E8320C11B5F
:106EE0000329011B032D0119138504008324411B71
:106EF0001301011C678000000327410023200102C9
:106F0000232E010033078741130300006346E03C52
:106F100063940E006FE05FEE130720006FE09FEABE
:106F2000032501001306410B93050900232061048A
:106F3000232EF102232C1103EF10504CE31C05F417
:106F40000326C10B032301048327C1038328810384
:106F5000138B09006FE05FED930C00018327810B19
:106F600037C8000063C45C016F1050038324010024
:106F7000930D7000930BC8D56F00C000938A0AFF71
:106F800063D65C05130606019387170023207B0157
:106F900023229B01232EC10A232CF10A130B8B0001
:106FA000E3DEFDFC1306410B930509001385040085
:106FB000EF10D044E31005EE938A0AFF0326C10BBD
:106FC0008327810B138B0900E3CE5CFB13880B0036
:106FD0003306560193871700232EC10A232CF10A8A
:106FE00023200B0123225B01130770006344F70089
:106FF0006FE01FE9032501001306410B930509000B
:10700000EF10D03FE31805E80326C10B6FE05FE700
:10701000930701189315D60193767700135737001D
:10702000138507003387E500938606031356360061
:10703000B365C700A38FD7FE9387F7FFE39C05FCDA
:10704000938606FD6386060013F71B00631A07404C
:1070500013070118B30CF740138C0A0063C69A3F5C
:107060002328010023200102232E01001303000026
:107070006FE05FD303258109E35CA018032781013A
:10708000930A030063406752635650030327810B42
:10709000330656012320FB001307170023225B0150
:1070A000232EC10A232CE10A93057000130B8B00D9
:1070B000E3C8E56013C7FAFF1357F741B3FAEA00D4
:1070C000B30A5341634C506913F70B40B38D67000B
:1070D00063140770832A81090327810163C6EA00CC
:1070E00013F71B00E3040768832641020327810B83
:1070F000930570003306D60083268102130717001C
:10710000232EC10A2320DB0083264102232CE10A1F
:10711000130B8B00232EDBFE63D4E5006F100031D0
:1071200003278101B387E700B38CB741B30A574106
:1071300063D49A01938C0A00635890030327810B50
:10714000330696012320BB011307170023229B015E
:10715000232EC10A232CE10A93077000130B8B0026
:1071600063D4E7006F10C05713C7FCFF1357F741F4
:10717000B3F7EC00B38AFA40634450016FE0DFCE0E
:1071800037C80000930C00018327810B930D70001A
:107190009304C8D463C85C016F101012938A0AFF6D
:1071A000E3D05C1D130606019387170023209B0084
:1071B00023229B01232EC10A232CF10A130B8B00DF
:1071C000E3DEFDFC032501001306410B93050900D6
:1071D000EF10D022E31005CC0326C10B8327810BCF
:1071E000138B09006FF09FFB0325810B930E0001A9
:1071F000130608009305050037C8000063C4EE00BD
:107200006F10804C232EF1022320510593070B00B1
:107210009303700093040700232C1103130B030046
:10722000930AC8D56F00C000938404FF63DA9E04FC
:10723000130606019385150023A0570123A2D70149
:10724000232EC10A232CB10A93878700E3DEB3FC07
:10725000032501001306410B93050900EF10101AD6
:10726000E31A05C2930E0001938404FF0326C10BA9
:107270008325810B9387090093037000E3CA9EFA6C
:1072800013030B0013880A00138B07008328810364
:107290008327C103832A0104138704003306C70030
:1072A000938515002322EB00232EC10A232CB10A5B
:1072B00023200B01130770006346B77003473109A1
:1072C000130B8B00631C071663940D006FE05FB611
:1072D000930D00006FE05FB2930D20006FF01FF17F
:1072E000930C0000930A000023200102232E0100CA
:1072F0001303000023280100930701186FE09FAAE1
:10730000B3F5EB00639605862320FB002322EB00F8
:10731000232EC10A232C510B9307700063D457937B
:10732000032501001306410B93050900EF10100D12
:10733000E31205B60326C10B832A810B938D090046
:107340006FF04F90032781019307100063DCE78EF5
:107350009307100137C8000063C4E7006F10407C3A
:10736000930C0001930770009304C8D46F00C00011
:10737000130B0BFFE3DC6C1513060601938A1A004E
:1073800023A09D0023A29D01232EC10A232C510B73
:10739000938D8D00E3DE57FD032501001306410B9D
:1073A00093050900EF109005E31605AE0326C10B07
:1073B000832A810B938D0900930770006FF05FFBA8
:1073C000032501001306410B93050900232EF1004C
:1073D000EF10D002E31005AC0326C10B832A810B0A
:1073E0008327C101938D09006FE0DFFD03250100B4
:1073F0001306410B93050900232EF100EF10100036
:10740000E31A05A80326C10B832A810B8327C10138
:10741000938D09006FE0DFF793F71B00639407007B
:107420006FE09FA46FF00FBA8327C10083480D005F
:10743000938747002326F1006FE0DF8D13870D004F
:10744000930D00006FE01F98138C0C00232801009F
:1074500023200102232E0100130300006FE09F94FC
:107460001305E5FF1307000393060118B38CA6402C
:10747000A38FE7FE138C0A0063D49A01138C0C00CF
:10748000930705002328010023200102232E010079
:10749000130300006FE01F918327C1008326810042
:1074A0000326810083A7070093D6F6412326E10037
:1074B00023A0C70023A2D7006FE08FFC8327C10061
:1074C000938747000327C100130600002326F1001D
:1074D000032707006FF04FE38327C100938747001E
:1074E0000327C100930B0E002326F100032C070095
:1074F000935EFC4113870E006FF04F808327C1001D
:1075000013050108232811019387770093F787FF5C
:1075100003A6470083A50700938787002326F10071
:10752000EF601EB003260108832641080327810867
:107530008327C108832801016FE0DF9E93F70B01C9
:10754000638407006F1000260327C10093F70B0424
:10755000032C0700130747002326E100638E0778FA
:10756000131C0C01A3090108135C0C01930E00000D
:1075700063CA0AB433E38A0193FBFBF7631403B4D1
:107580006FF0CFF693860B006FF04FD6834E310924
:10759000130C100013030000930C10009307F11755
:1075A0006FF00FB5930A0700E34250AF6FF09FB042
:1075B000B785000093EB2B002326F1009385C59E31
:1075C00013032000930E000093088007930701180F
:1075D0009376F700B386D50083C60600135747009D
:1075E0009387F7FF2380D7009316C6013387E60001
:1075F00013564600B366C700E39C06FC1307011848
:10760000B30CF740138C0A0063D49AAF138C0C00B0
:10761000232801006FF00FAE930B0E006FF08FAABE
:10762000930AF0FF138D06006FE00FEF83481D00F3
:1076300093EB0B20130D1D006FE0CFED0325010030
:107640001306410B93050900EF10405BE31405841A
:107650000326C10B138B09006FF00F9A83481D009E
:1076600093EB0B02130D1D006FE0CFEAB78500000E
:107670009385859D93F70B02638807248327C100B8
:107680009387770093F787FF138787002326E1000E
:1076900003A6470003A7070093F71B00B366C700C4
:1076A00063840700639E0642A309010863C00A269B
:1076B00093FBFBB71303000063940A00638806E2A0
:1076C000834E31096FF09FF0B78500009385C59E0A
:1076D0006FF05FFA0325010093050004EF708ECA76
:1076E0002320A9002328A900631405006F10804CF3
:1076F000232C811A2326311B2324411B2322511BB7
:107700002320611B232E7119232C8119232A9119FF
:107710002326B11993070004232AF9006FE00FD242
:1077200013850700232811012326F100EFB05EDE48
:10773000034731099346F5FF93D6F6418327C100ED
:1077400083280101930C0500337CD50063140700E6
:107750006FE05FE9130C1C006FE0DFE893080001A5
:107760000327810B37C8000063C458016F10C03F66
:1077700093840A00930C7000938D0700232C610200
:10778000930AC8D46F00C000938404FF63DE986836
:10779000130606011307170023205B0123221B0198
:1077A000232EC10A232CE10A130B8B00E3DEECFC31
:1077B000032501001306410B93050900EF10004457
:1077C000631A05EC0326C10B0327810B138B0900F9
:1077D000930800016FF05FFB0327C10183260102BC
:1077E0003367D700631407006F10803803278101C7
:1077F000232E7103232081052324A105138C0D0062
:10780000832B4104832AC101832D0102032D01032F
:10781000B7C8000093060B009388C8D41308700003
:10782000930C0001232CF102338BE700634AB0096B
:10783000130DFDFF938AFAFF8327810B0327410372
:10784000330676019387170023A0E60023A2760172
:10785000232EC10A232CF10A93868600634CF82458
:1078600083450D00B3048B4113070B0063D49500CF
:1078700093840500635690028325810B330696009E
:10788000232EC10A9385150023A0860123A296000A
:10789000232CB10A6342B83683450D0093868600D7
:1078A00013C5F4FF1355F541B3F7A400B384F540B5
:1078B00063469006330CBC00E34A50F7E35CB02DFE
:1078C000938DFDFF6FF05FF78326C1000327C10092
:1078D00093F70B01938646002326D1000327070068
:1078E0006392070293F70B04638A070013170701DB
:1078F00013570701130600006FF01FDA93F70B20F0
:107900006398076A130600006FF01FD993FBFBBF53
:1079100013030000930E00006FF05FCBB7C20000AE
:107920008325810B9382C2D463DA9C06232EE10067
:10793000232011036F00C000938404FF63DC9C04C8
:10794000130606019385150023A0160123A29601B4
:10795000232EC10A232CB10A93868600E35EB8FC6D
:10796000032501001306410B93050900EF100029C0
:10797000631205D2B7C70000938404FF0326C10B2E
:107980008325810B938609009388C7D41308700060
:10799000E3C89CFA0327C101832201023306960043
:1079A00093851500232EC10A232CB10A23A056006B
:1079B00023A29600E346B82C83450D0093868600EB
:1079C0006FF05FEF032501001306410B93050900DB
:1079D00023206104232EF102232C1103EF10002237
:1079E000631A05CA034731090326C10B83288103A3
:1079F0008327C103032301046300072C13870D00B1
:107A00008325810B930D0000138B09006FE08FBB62
:107A10000327810BB7750000938585032320BB00E6
:107A20001306160093051000130717002322BB004E
:107A3000232EC10A232CE10A93057000130B8B003F
:107A400063C8E544032781013367A7006308074A39
:107A5000832641020327810B930570003386C600FD
:107A60008326810213071700232EC10A2320DB007F
:107A700083264102232CE10A130B8B00232EDBFE0D
:107A800063CCE54AE342054A8326810113071700C8
:107A90002320FB003386C600232EC10A232CE10AD3
:107AA0002322DB009307700063C4E7006FE08FBB05
:107AB0006FE05F9C032501001306410B930509004D
:107AC000EF10C013631805BCB7C700000326C10B35
:107AD000938609009388C7D4130870006FF05FD8AD
:107AE00093070003A30A1109A3090108230AF10857
:107AF00063C20A3213FEFBB7834E3109936B2E002B
:107B0000130320006FF09FAC032501001306410B07
:107B100093050900EF10800E631E05B60326C10B06
:107B2000138B09006FE05FC9E3940E2813079000E0
:107B3000E360872913070118232CB100B30CF74029
:107B400093880400138C0A0063D49A01138C0C00F0
:107B5000834E310913030000232801006FE09FD9F1
:107B6000138804003306560193871700232EC10A99
:107B7000232CF10A23200B0123225B011307700041
:107B80006344F7006FE00FAE6FE0DF8E0327010C58
:107B90008327410C930501072320E1082322F108E4
:107BA0000327810C8327C10C130501082328010634
:107BB000232A0106232C0106232E01062324E10893
:107BC0002326F108EF301EDC8328010193FBFBF72D
:107BD000E34A0508930770040347310963CE17434E
:107BE000B7870000938787A06310071E930C3000AF
:107BF000138C0C006FE05F9F032501001306410BFF
:107C000093050900232EE100EF00507F631405A8BF
:107C1000B7C7000083450D000326C10B0327C10130
:107C2000938609009388C7D4130870006FF05FC76C
:107C30008327C1008326810083A7070023A0D700E4
:107C40002326E1006FE0CF83B7850000834E310922
:107C50002326F1009385C59E130320009308800717
:107C60006FF0DF968327C10B83248100638E07A208
:107C7000032501001306410B93050900EF0010785E
:107C80006FF08FA293076000138C0A0063E45727FC
:107C9000B787000023269100938707A023280100BF
:107CA000930C0C00930A000023200102232E0100F4
:107CB000130300006FE00F8F63880D2C8325810B69
:107CC000930D0000138B09006FE00F9313880400DD
:107CD00033066601938A1A00232EC10A232C510B06
:107CE00023A00D0123A26D019307700063C4570107
:107CF0006FE00FF56FF0CFE213F30B20A30901083B
:107D0000631E032A930E000063D40A006FE0DFBBFA
:107D100093FBFBF763840A006FE01FBB63140C0046
:107D20006FE0DFFC6FE05FBA93F60B20638A0626F4
:107D30001377F70F2326F10093860B00130600003C
:107D40006FE09FDC13F70B2063040724131C8C01E6
:107D5000135C8C41935EFC412326F10013870E00D7
:107D60006FE0CFF913E70B109307F0FF2328E10032
:107D7000832E010C032F410C8322810C832CC10C18
:107D80006382FA2A93079CFB63940700638E0A3E82
:107D9000E3CE0C24232C01026F008029832FC10C19
:107DA000B707008093FBFBF733F3FF00630C03225C
:107DB0009307D002A309F10893077004E3D21737A1
:107DC000B7870000938747A123280100930C300058
:107DD000930A000023200102232E01001303000058
:107DE000130C40006FD01FFC23280100930C0000EF
:107DF00023200102232E0100130300009307011822
:107E0000130C00006FD01FFA2326F100930B0E0015
:107E10006FE09FAB13FEFBBF936B2E00130320009C
:107E2000930E00006FF08FFA0323810313880A007A
:107E300093870D00938A0400330656011307170039
:107E400023200B0123225B01232EC10A232CE10AEC
:107E500093057000130B8B0063D8E5A60325010082
:107E60001306410B93050900232E6102232CF10216
:107E7000EF00D058630405006FF0CF810326C10BDB
:107E80000323C10383278103138B09006FF0CFA362
:107E9000032501001306410B93050900232EF10071
:107EA000EF00D055630405006FE0DFFE0325810974
:107EB0000326C10B8327C101138B09006FF09FB804
:107EC000032501001306410B93050900232E6102CF
:107ED000232CF102EF009052630405006FE09FFB3A
:107EE0000326C10B0323C10383278103138B0900DE
:107EF0006FF04F9C138C07006FF09FD913F71B0096
:107F0000631407006FD05FF6832641020327810BBD
:107F1000930570003386C60083268102130717007D
:107F2000232EC10A2320DB0083264102232CE10AF1
:107F30002322DB0063D4E552032501001306410B25
:107F400093050900232EF100EF00504B6304050058
:107F50006FE05FF4032581090326C10B0327810B22
:107F60008327C101138B09006FF0DFB10327810163
:107F7000B387E700B38CB741B30A574163D69A9FE2
:107F8000938C0A006FF04F9E138B09006FD05FEA4D
:107F9000935EFC412326F10013870E006FE00FD69D
:107FA0002326F10093860B00130600006FE0DFB577
:107FB0001377F70F130600006FF00FEE137CFC0F22
:107FC000930E000063D80ADA6FE0DF8F8327C100C9
:107FD000832681002326E10083A707002390D70092
:107FE0006FD01FCA9307700403473109E3D41713F6
:107FF000B7870000938747A1E31C0738930C300034
:10800000138C0C00930A000023200102232E010090
:10801000232801006FD01FD9B78700009387C7A01E
:108020006FF09FBC63C20C7C232C0102930A60009A
:10803000930760046314FC48032501009307C109FA
:108040001307810993860A00930501081308010AA2
:1080500013063000232E11032320D1092320D1033E
:108060002322E109232EE10123245108232C51006E
:1080700023269109EFF04EEC834605001307000319
:1080800083228101032FC101832E01028328C103B2
:1080900093070500B3045501E38AE610832D810997
:1080A0001305010893050107232EF10023269109EA
:1080B000232C11012320D1092322E1092324510873
:1080C00023280106232A0106232C0106232E01065C
:1080D000EF300EE98327C101B38CB40113830D0087
:1080E000E310050A3387FC40232CE10013F71B0043
:1080F00033675701E35A6018E310070A930C030033
:108100009308600613FE0B40631E0E7A93C6FCFFB5
:1081100093D6F64133FCDC0003278103630A075E34
:108120001307D002A309E108130C1C00832B0101E3
:10813000930A00002328010023200102232E0100BE
:108140006FD05FC6930780076FD01FE4032501003F
:1081500093851A0023281101EF60DEA28328010114
:1081600093070500E30C05200327C10C2328A10079
:108170008326010C0326410C8325810C634A07707A
:10818000232C01026FD09FE3232C010263DA0C0041
:10819000B7070080B3CCFC009307D002232CF10278
:1081A00003250100930D01089307C10993850D0074
:1081B0001308010A13078109930610001306200013
:1081C000232011052320D109232ED1032322E109E5
:1081D0002320E10323245108232E51002326910953
:1081E000EFF08ED58322C101032F0102832EC1033C
:1081F00083280104930A100093070500232C5101E2
:1082000013F71B006304071C13850D00930501077A
:108210002320F102232E11012320D1092322E10979
:10822000232451082326910923280106232A010625
:10823000232C0106232E0106EF308ED28328C101A4
:1082400083270102E306050A832681010327010A29
:10825000B38CD700E3769719130600039306170033
:108260002320D10A2300C7000327010AE36897FFF0
:108270003307F74093067004232CE10003238109A0
:10828000630EDC1413076004E302ECE61307F3FF4C
:108290002302110B232CE1086342077A9306B002F4
:1082A000A302D10A9306900063D6E67A232E7101C9
:1082B00023280100930E310B37DECCCC13850E0042
:1082C000130EDECC130F3006B336C70313080700B6
:1082D000930505001305F5FF93D636001396260087
:1082E0003306D600131616003307C74013070703DB
:1082F000A38FE5FE13870600E3480FFD13870603EF
:10830000A30FE5FE1387E5FFE37AD7051305610A9E
:10831000930605000346070013071700938616000F
:10832000A38FC6FEE318D7FF3307A7001307270064
:108330003307B7409306410A3307D7402326E102AB
:10834000832681010326C10213071000B38CC600E7
:108350006352D74C03274102B38CEC000327C101C1
:1083600093C6FCFF93D6F641137EF7BF1373270025
:108370000327810333FCDC00936B0E106302074874
:10838000930ED002A309D109930A0000130C1C001C
:108390006FE0CF9A930D0C002328A103832781035C
:1083A000832BC103032C0104032D8104138B0600CE
:1083B0006364B7016FE01FD2930D07006FE09FD198
:1083C0008326810183C5A6006FD01FEF0327010A12
:1083D000032381093307F740232CE1001327D3FF40
:1083E0006314070063D66A009388E8FF6FF01FEA02
:1083F000032781016340E33C13F71B00930C030048
:108400006306070003274102B30CE30013FE0B4091
:1084100063040E006346604A93C6FCFF93D6F641A0
:1084200033FCDC00930870066FF01FCF03250100BA
:108430001306410B93050900232EF100EF00007C89
:10844000630405006FE01FA5832A81090326C10B81
:108450008327C101138B09006FE09FCC130B8B00A6
:108460006FF08FE29307D002A309F108930770041D
:1084700063D61741B78700009387C7A06FF0DF94DA
:10848000032501001306410B93050900232EE1008B
:10849000EF00C076630405006FE0DF9FB7C7000000
:1084A00083450D000326C10B0327C10193860900F4
:1084B0009388C7D4130870006FF0CFBF9307BCFB3D
:1084C0000325010093B71700B3875701930D0108E7
:1084D000232CF10093860700130781099307C10934
:1084E00093850D001308010A1306200023201105AF
:1084F0002320D109232ED1032322E1092320E103E4
:1085000023245108232E510023269109EFF0CEA2F7
:10851000130770048322C101032F0102832EC103BC
:108520008328010493070500E30CECCC2320A1026F
:108530009305010713850D00232E11012320D10976
:108540002322E10923245108232691092328010627
:10855000232A0106232C0106232E0106EF304EA00C
:108560008328C101832701026300056683268101F8
:108570000327010AB38CD700E36097CF3307F74096
:1085800003238109232CE1006FF05FD023269100A3
:10859000630A0730138C1A00938C0A00232001020F
:1085A000930A0000232E0100130300006FD08FFFF9
:1085B0000327410483254103232ED101B386E740DD
:1085C0001306070013850600232C01012328D10080
:1085D000EFA0CEA7832EC10137D6CCCC1306D6CCC4
:1085E0003307DC01B33787013307F700B335C70220
:1085F00037D5CCCC1305C5CC8327010383260103D3
:108600000328810183C71700B337F00093D82500F2
:1086100093F5C5FFB38515013307B7403307EC4029
:10862000B335EC00B385BE403305A702B387F6002F
:10863000832601012328F1029387F6FFB385C50243
:10864000B385A5003335C7023307C702B385A5003C
:108650001395F50193DE15009305100013571700CD
:10866000330CE5003307DC01333587013307A700FE
:108670003335C702935825001375C5FF330515011F
:108680003307A7403307EC403335EC003385AE4069
:10869000B338C7023305C5023307C70233061501D5
:1086A0001316F601135717003307E60013162700B9
:1086B0003307E600131717003307EC4013070703CF
:1086C000A38FE6FE6FE00FB21308C8D56FE01FBDA1
:1086D00013079000637467006FE0CFB86FF08FC529
:1086E000032501001306410B93050900EF0000511B
:1086F000630405006FE00FFA832A81098327810153
:108700000326C10B138B0900B38A57416FE0DFA525
:1087100003473109E30C07A0130C1C006FF01FA1E5
:10872000138E0B006FE0DFDB930500FFB30AA04060
:1087300037C80000635CB546930C0001930D7000D0
:10874000232EF1009304C8D46F00C000938A0AFF5F
:1087500063DA5C0D130606011307170023209B0044
:1087600023229B01232EC10A232CE10A130B8B0029
:10877000E3DEEDFC032501001306410B9305090020
:10878000EF00C047630405006FE0CFF00326C10B84
:108790000327810B138B09006FF05FFB1308C8D50B
:1087A0006FE01F83138E0B006FE08F9993860B0091
:1087B0006FE05FD103278101832641029308700691
:1087C000B30CD700E3406094338F6C40930C1F00D0
:1087D00093C6FCFF93D6F64133FCDC006FF0DF93C9
:1087E0001308C8D46FE08FE3930A6000B7070080D6
:1087F000B3CCFC009307D002232CF1026FF05F830F
:10880000834E3109930A000063840E006FE0CF8E1F
:108810006FD0DFD20327C10113771700E30007B43D
:108820006FF05FB38327C10113880400330656013C
:1088300013071700232EC10A232CE10A23200B0162
:1088400023225B0193057000E3DAE5C003250100F4
:108850001306410B93050900232EF100EF00003AA7
:10886000630405006FE00FE30326C10B0327810BB0
:108870008327C101138B09006FF00FA1B787000098
:10888000938787A06FF04FD4232801009307C1116D
:10889000370500803347A7001305D002232CA1021F
:1088A0006FD0CFF1938C0A00138C0A0023200102B1
:1088B000930A0000232E0100130300006FD08FCE17
:1088C000930870060327010303470700930617F078
:1088D00063800630635E672E832601031305000064
:1088E000930500006F0080019385150093861600A4
:1088F000130617F063000604635E67023303E34068
:1089000003C71600E31207FE03C706001305150090
:108910006FF01FFEB7870000938707A16FF0CFEDC0
:10892000B7870000938707A16FF00FCA83248100E7
:108930006FE08FD72328D102832641043307B50087
:10894000232EB1003307D7022320A102B38CEC0001
:108950000327810393C6FCFF93D6F64133FCDC006A
:10896000630E07121307D002832B0101A309E1084C
:10897000130C1C0023280100930A00006FD08FC243
:108980000327010A83288101E368978D3307F740A5
:10899000232CE1006FF01F8F03274102338F6A0001
:1089A00093086006B30CEF006FF0CFF513050108D4
:1089B00093050107232EF100232C11012320D10957
:1089C0002322E109232451082326910923280106A3
:1089D000232A0106232C0106232E0106EF205ED850
:1089E000832881018327C1016318051003238109AE
:1089F000B38C64006FF00FEF938CFAFF032B01022E
:108A00008328C1028327C103032D010403298104A4
:108A1000B30A5C0113070C001306000363D40C00B7
:108A20006FD0DF8913071700A30FC7FEE39CEAFE90
:108A300033079C01130C17006FD05F881307D00217
:108A4000A302E10A930680FF130710003307674073
:108A5000E34ED384930600032303D10A232E71012E
:108A6000232801009306710A6FD01F891307D002D3
:108A7000A302E10A930680FF130710003307C740E3
:108A8000E34AD6826FD01F87631C0702130C1000C5
:108A9000930C0C00930860066FF00FE80347310950
:108AA0006306070A832B0101130C1C002328010015
:108AB000930A00006FD00FAF1308C8D46FF08F8AED
:108AC0000327410293086006130F1700B30C5F01E0
:108AD00093C6FCFF93D6F64133FCDC006FF0CFE386
:108AE000B78600001387C69E232CE1006FD08FDB72
:108AF000032381096FF09F8E930F10000327010A53
:108B0000B38F5F41232CF109938C1700636697F5AF
:108B10003307F74013830F00232CE1006FF00FDDC4
:108B20001308C8D46FF0CF9A8327C10083AA070027
:108B30009387470063D40A00930AF0FF83481D001F
:108B40002326F100138D06006FD0CF9C832B0101EB
:108B5000930A0000232801006FD0CFA41307200040
:108B60002326E1026FF0CFFD1308C8D46FF0CFAC1D
:108B7000032781013387E7006FF09F838357C90084
:108B80008324810093E707042316F9006FE0CFB137
:108B9000930A000023200102232E01002328010054
:108BA000930C3000130C40006FD0CF9F1308C8D433
:108BB0006FF0DFC7032701009307C0002320F700F1
:108BC0009304F0FF6FE08FB1032381096FF00FEC86
:108BD0001307000023200102232E01006FF01FD78E
:108BE0003307F74003238109232CE1006FF00FFFC7
:0C8BF00023200102232E01006FD0CF9A39
:108BFC0003278600130101FE232A9100232E110066
:108C0C0093040600630A0708232C810023263101F4
:108C1C00232441012322510103240600232821018E
:108C2C0093090500138A0500930AF0FF6F00C0003A
:108C3C00130484006388060483A74400930607008A
:108C4C001386F7FF23A2C400635EF00203294400DD
:108C5C00E30009FE032604009306090093050A00AD
:108C6C0013850900EF00C04C6306550503A784006B
:108C7C00130484003307274123A4E4009306070060
:108C8C00E39C06FA03248101032901018329C10015
:108C9C00032A8100832A41008320C10123A40400FC
:108CAC0023A20400130500008324410113010102D7
:108CBC0067800000032481018320C1010329010185
:108CCC008329C100032A8100832A410023A40400C4
:108CDC0023A20400832441011301010267800000D8
:108CEC009307E00863EEB70037C700001307C7D639
:108CFC0093972500B387E70083A7070067800700D9
:108D0C00130101FF232611006388063E138505001D
:108D1C009305060013860600EF0000416308053C2E
:108D2C008320C1001301010167800000379500000A
:108D3C001305C5F16780000037950000130545F059
:108D4C0067800000379500001305C5EB67800000B5
:108D5C0037950000130545ED67800000379500003E
:108D6C00130505AC6780000037950000130505E876
:108D7C006780000037950000130545CF6780000021
:108D8C00379500001305C5F7678000003795000084
:108D9C00130585986780000037950000130505952D
:108DAC006780000037950000130505EF6780000011
:108DBC0037950000130545F56780000037950000D6
:108DCC001305C5C46780000037950000130545B82E
:108DDC006780000037950000130585A567800000AB
:108DEC0037950000130585B56780000037950000A6
:108DFC00130585A46780000037950000130505F95D
:108E0C0067800000379500001305C5A96780000036
:108E1C0037950000130505C76780000037950000E3
:108E2C00130585E96780000037950000130585E67A
:108E3C006780000037950000130585E3678000000C
:108E4C0037950000130505E2678000003795000098
:108E5C00130505E06780000037950000130505DE5B
:108E6C006780000037950000130505DB6780000064
:108E7C00379500001305C5D86780000037950000B2
:108E8C001305C5E46780000037950000130505F352
:108E9C006780000037950000130545D767800000F8
:108EAC0037950000130585D56780000037950000C5
:108EBC00130545D46780000037950000130585D253
:108ECC0067800000379500001305C5D1678000004E
:108EDC0037950000130585D067800000379500009A
:108EEC00130545CE67800000379500001305C5CCEF
:108EFC006780000037950000130585CB6780000064
:108F0C0037950000130505CA6780000037950000EF
:108F1C00130585DA6780000037950000130505C935
:108F2C006780000037950000130585C86780000036
:108F3C0037950000130545C6678000003795000083
:108F4C00130585C367800000379500001305C5C164
:108F5C006780000037950000130585C0678000000E
:108F6C0037950000130585BD67800000379500001C
:108F7C001305C5BC67800000379500001305C5BB01
:108F8C006780000037950000130545BA6780000024
:108F9C0037950000130545B9678000003795000030
:108FAC001305C5B66780000037950000130585B41E
:108FBC006780000037950000130585B367800000BB
:108FCC0037950000130505B2678000003795000047
:108FDC00130505B06780000037950000130505AE3A
:108FEC006780000037950000130585A86780000096
:108FFC0037950000130585A76780000037950000A2
:10900C00130585A36780000037950000130585A222
:10901C006780000037950000130545A167800000AC
:10902C0037950000130585A0678000003795000078
:10903C001305059F67800000379500001305459EBA
:10904C0067800000379500001305059D67800000C0
:10905C00379500001305C59B67800000379500000D
:10906C001305859A67800000379500001305C59796
:10907C0067800000379500001305C59667800000D7
:10908C00379500001305C5936780000037950000E5
:10909C001305859267800000379500001305C59075
:1090AC00678000003795000013050590678000006D
:1090BC00379500001305858E6780000037950000FA
:1090CC001305858D67800000379500001305C58B4F
:1090DC0067800000379500001305058B6780000042
:1090EC00379500001305858A6780000037850000DE
:1090FC001305C5866FF0DFC2930605006FF01FC124
:10910C009305050003A501819306000013060000DA
:04911C006FF01FBD14
:109120009305050003A501819306000013060000C6
:049130006FF0DFBB42
:08913400130500006780000034
:10913C00130101FE2328210103A98500232C8100A2
:10914C00232A9100232E1100930805001384050097
:10915C0003A50500938406009307060063E6260F1B
:10916C000397C5009376074863940604930409009B
:10917C009385070013860400EFA0CE930327840089
:10918C00832704001305000033072741B38797009A
:10919C002324E4002320F4008320C1010324810153
:1091AC00832441010329010113010102678000009E
:1091BC0003A8450183A50501938614001316180016
:1091CC00330606011359F6013309C9003308B540BB
:1091DC0013591940B3860601130609006376D900AA
:1091EC001389060013860600137707402326F10027
:1091FC0023240101630E0704138508009305060060
:10920C0023221101EF505E97832841006308050863
:10921C0003288100832504012324A10013060800E0
:10922C0023220101EFA08E9B8356C400032841002A
:10923C000327810093F6F6B793E606088327C1004F
:10924C002316D4006F008002138906006FF05FF2C2
:10925C001385080023221101EFA01E800328810032
:10926C008327C100130705006302050233050701BC
:10927C0033080941232A24012328E4002320A400D5
:10928C0023240401138904006FF09FEE832504014D
:10929C0003254100EFA0CECD832841008357C400A5
:1092AC001307C00023A0E80093E707042316F4007B
:0892BC001305F0FF6FF05FEEF7
:0492C40004FE0400A0
:0400000300004000B9
:00000001FF
