:1000000000000000000000000000000000000000F0
:1000100000000000000000000000000000000000E0
:1000200000000000000000000000000000000000D0
:1000300000000000000000000000000000000000C0
:1000400000000000000000000000000000000000B0
:1000500000000000000000000000000000000000A0
:100060000000000000000000000000000000000090
:100070000000000000000000000000000000000080
:100080000000000000000000000000000000000070
:100090000000000000000000000000000000000060
:1000A0000000000000000000000000000000000050
:1000B0000000000000000000000000000000000040
:1000C0000000000000000000000000000000000030
:1000D0000000000000000000000000000000000020
:1000E0000000000000000000000000000000000010
:1000F0000000000000000000000000000000000000
:1001000000000000000000000000000000000000EF
:1001100000000000000000000000000000000000DF
:1001200000000000000000000000000000000000CF
:1001300000000000000000000000000000000000BF
:1001400000000000000000000000000000000000AF
:10015000000000000000000000000000000000009F
:10016000000000000000000000000000000000008F
:10017000000000000000000000000000000000007F
:10018000000000000000000000000000000000006F
:10019000000000000000000000000000000000005F
:1001A000000000000000000000000000000000004F
:1001B000000000000000000000000000000000003F
:1001C000000000000000000000000000000000002F
:1001D000000000000000000000000000000000001F
:1001E000000000000000000000000000000000000F
:1001F00000000000000000000000000000000000FF
:1002000000000000000000000000000000000000EE
:1002100000000000000000000000000000000000DE
:1002200000000000000000000000000000000000CE
:1002300000000000000000000000000000000000BE
:1002400000000000000000000000000000000000AE
:10025000000000000000000000000000000000009E
:10026000000000000000000000000000000000008E
:10027000000000000000000000000000000000007E
:10028000000000000000000000000000000000006E
:10029000000000000000000000000000000000005E
:1002A000000000000000000000000000000000004E
:1002B000000000000000000000000000000000003E
:1002C000000000000000000000000000000000002E
:1002D000000000000000000000000000000000001E
:1002E000000000000000000000000000000000000E
:1002F00000000000000000000000000000000000FE
:1003000000000000000000000000000000000000ED
:1003100000000000000000000000000000000000DD
:1003200000000000000000000000000000000000CD
:1003300000000000000000000000000000000000BD
:1003400000000000000000000000000000000000AD
:10035000000000000000000000000000000000009D
:10036000000000000000000000000000000000008D
:10037000000000000000000000000000000000007D
:10038000000000000000000000000000000000006D
:10039000000000000000000000000000000000005D
:1003A000000000000000000000000000000000004D
:1003B000000000000000000000000000000000003D
:1003C000000000000000000000000000000000002D
:1003D000000000000000000000000000000000001D
:1003E000000000000000000000000000000000000D
:1003F00000000000000000000000000000000000FD
:1004000000000000000000000000000000000000EC
:1004100000000000000000000000000000000000DC
:1004200000000000000000000000000000000000CC
:1004300000000000000000000000000000000000BC
:1004400000000000000000000000000000000000AC
:10045000000000000000000000000000000000009C
:10046000000000000000000000000000000000008C
:10047000000000000000000000000000000000007C
:10048000000000000000000000000000000000006C
:10049000000000000000000000000000000000005C
:1004A000000000000000000000000000000000004C
:1004B000000000000000000000000000000000003C
:1004C000000000000000000000000000000000002C
:1004D000000000000000000000000000000000001C
:1004E000000000000000000000000000000000000C
:1004F00000000000000000000000000000000000FC
:1005000000000000000000000000000000000000EB
:1005100000000000000000000000000000000000DB
:1005200000000000000000000000000000000000CB
:1005300000000000000000000000000000000000BB
:1005400000000000000000000000000000000000AB
:10055000000000000000000000000000000000009B
:10056000000000000000000000000000000000008B
:10057000000000000000000000000000000000007B
:10058000000000000000000000000000000000006B
:10059000000000000000000000000000000000005B
:1005A000000000000000000000000000000000004B
:1005B000000000000000000000000000000000003B
:1005C000000000000000000000000000000000002B
:1005D000000000000000000000000000000000001B
:1005E000000000000000000000000000000000000B
:1005F00000000000000000000000000000000000FB
:1006000000000000000000000000000000000000EA
:1006100000000000000000000000000000000000DA
:1006200000000000000000000000000000000000CA
:1006300000000000000000000000000000000000BA
:1006400000000000000000000000000000000000AA
:10065000000000000000000000000000000000009A
:10066000000000000000000000000000000000008A
:10067000000000000000000000000000000000007A
:10068000000000000000000000000000000000006A
:10069000000000000000000000000000000000005A
:1006A000000000000000000000000000000000004A
:1006B000000000000000000000000000000000003A
:1006C000000000000000000000000000000000002A
:1006D000000000000000000000000000000000001A
:1006E000000000000000000000000000000000000A
:1006F00000000000000000000000000000000000FA
:1007000000000000000000000000000000000000E9
:1007100000000000000000000000000000000000D9
:1007200000000000000000000000000000000000C9
:1007300000000000000000000000000000000000B9
:1007400000000000000000000000000000000000A9
:100750000000000000000000000000000000000099
:100760000000000000000000000000000000000089
:100770000000000000000000000000000000000079
:100780000000000000000000000000000000000069
:100790000000000000000000000000000000000059
:1007A0000000000000000000000000000000000049
:1007B0000000000000000000000000000000000039
:1007C0000000000000000000000000000000000029
:1007D0000000000000000000000000000000000019
:1007E0000000000000000000000000000000000009
:1007F00000000000000000000000000000000000F9
:1008000000000000000000000000000000000000E8
:1008100000000000000000000000000000000000D8
:1008200000000000000000000000000000000000C8
:1008300000000000000000000000000000000000B8
:1008400000000000000000000000000000000000A8
:100850000000000000000000000000000000000098
:100860000000000000000000000000000000000088
:100870000000000000000000000000000000000078
:100880000000000000000000000000000000000068
:100890000000000000000000000000000000000058
:1008A0000000000000000000000000000000000048
:1008B0000000000000000000000000000000000038
:1008C0000000000000000000000000000000000028
:1008D0000000000000000000000000000000000018
:1008E0000000000000000000000000000000000008
:1008F00000000000000000000000000000000000F8
:1009000000000000000000000000000000000000E7
:1009100000000000000000000000000000000000D7
:1009200000000000000000000000000000000000C7
:1009300000000000000000000000000000000000B7
:1009400000000000000000000000000000000000A7
:100950000000000000000000000000000000000097
:100960000000000000000000000000000000000087
:100970000000000000000000000000000000000077
:100980000000000000000000000000000000000067
:100990000000000000000000000000000000000057
:1009A0000000000000000000000000000000000047
:1009B0000000000000000000000000000000000037
:1009C0000000000000000000000000000000000027
:1009D0000000000000000000000000000000000017
:1009E0000000000000000000000000000000000007
:1009F00000000000000000000000000000000000F7
:100A000000000000000000000000000000000000E6
:100A100000000000000000000000000000000000D6
:100A200000000000000000000000000000000000C6
:100A300000000000000000000000000000000000B6
:100A400000000000000000000000000000000000A6
:100A50000000000000000000000000000000000096
:100A60000000000000000000000000000000000086
:100A70000000000000000000000000000000000076
:100A80000000000000000000000000000000000066
:100A90000000000000000000000000000000000056
:100AA0000000000000000000000000000000000046
:100AB0000000000000000000000000000000000036
:100AC0000000000000000000000000000000000026
:100AD0000000000000000000000000000000000016
:100AE0000000000000000000000000000000000006
:100AF00000000000000000000000000000000000F6
:100B000000000000000000000000000000000000E5
:100B100000000000000000000000000000000000D5
:100B200000000000000000000000000000000000C5
:100B300000000000000000000000000000000000B5
:100B400000000000000000000000000000000000A5
:100B50000000000000000000000000000000000095
:100B60000000000000000000000000000000000085
:100B70000000000000000000000000000000000075
:100B80000000000000000000000000000000000065
:100B90000000000000000000000000000000000055
:100BA0000000000000000000000000000000000045
:100BB0000000000000000000000000000000000035
:100BC0000000000000000000000000000000000025
:100BD0000000000000000000000000000000000015
:100BE0000000000000000000000000000000000005
:100BF00000000000000000000000000000000000F5
:100C000000000000000000000000000000000000E4
:100C100000000000000000000000000000000000D4
:100C200000000000000000000000000000000000C4
:100C300000000000000000000000000000000000B4
:100C400000000000000000000000000000000000A4
:100C50000000000000000000000000000000000094
:100C60000000000000000000000000000000000084
:100C70000000000000000000000000000000000074
:100C80000000000000000000000000000000000064
:100C90000000000000000000000000000000000054
:100CA0000000000000000000000000000000000044
:100CB0000000000000000000000000000000000034
:100CC0000000000000000000000000000000000024
:100CD0000000000000000000000000000000000014
:100CE0000000000000000000000000000000000004
:100CF00000000000000000000000000000000000F4
:100D000000000000000000000000000000000000E3
:100D100000000000000000000000000000000000D3
:100D200000000000000000000000000000000000C3
:100D300000000000000000000000000000000000B3
:100D400000000000000000000000000000000000A3
:100D50000000000000000000000000000000000093
:100D60000000000000000000000000000000000083
:100D70000000000000000000000000000000000073
:100D80000000000000000000000000000000000063
:100D90000000000000000000000000000000000053
:100DA0000000000000000000000000000000000043
:100DB0000000000000000000000000000000000033
:100DC0000000000000000000000000000000000023
:100DD0000000000000000000000000000000000013
:100DE0000000000000000000000000000000000003
:100DF00000000000000000000000000000000000F3
:100E000000000000000000000000000000000000E2
:100E100000000000000000000000000000000000D2
:100E200000000000000000000000000000000000C2
:100E300000000000000000000000000000000000B2
:100E400000000000000000000000000000000000A2
:100E50000000000000000000000000000000000092
:100E60000000000000000000000000000000000082
:100E70000000000000000000000000000000000072
:100E80000000000000000000000000000000000062
:100E90000000000000000000000000000000000052
:100EA0000000000000000000000000000000000042
:100EB0000000000000000000000000000000000032
:100EC0000000000000000000000000000000000022
:100ED0000000000000000000000000000000000012
:100EE0000000000000000000000000000000000002
:100EF00000000000000000000000000000000000F2
:100F000000000000000000000000000000000000E1
:100F100000000000000000000000000000000000D1
:100F200000000000000000000000000000000000C1
:100F300000000000000000000000000000000000B1
:100F400000000000000000000000000000000000A1
:100F50000000000000000000000000000000000091
:100F60000000000000000000000000000000000081
:100F70000000000000000000000000000000000071
:100F80000000000000000000000000000000000061
:100F90000000000000000000000000000000000051
:100FA0000000000000000000000000000000000041
:100FB0000000000000000000000000000000000031
:100FC0000000000000000000000000000000000021
:100FD0000000000000000000000000000000000011
:100FE0000000000000000000000000000000000001
:100FF00000000000000000000000000000000000F1
:1010000000000000000000000000000000000000E0
:1010100000000000000000000000000000000000D0
:1010200000000000000000000000000000000000C0
:1010300000000000000000000000000000000000B0
:1010400000000000000000000000000000000000A0
:101050000000000000000000000000000000000090
:101060000000000000000000000000000000000080
:101070000000000000000000000000000000000070
:101080000000000000000000000000000000000060
:101090000000000000000000000000000000000050
:1010A0000000000000000000000000000000000040
:1010B0000000000000000000000000000000000030
:1010C0000000000000000000000000000000000020
:1010D0000000000000000000000000000000000010
:1010E0000000000000000000000000000000000000
:1010F00000000000000000000000000000000000F0
:1011000000000000000000000000000000000000DF
:1011100000000000000000000000000000000000CF
:1011200000000000000000000000000000000000BF
:1011300000000000000000000000000000000000AF
:10114000000000000000000000000000000000009F
:10115000000000000000000000000000000000008F
:10116000000000000000000000000000000000007F
:10117000000000000000000000000000000000006F
:10118000000000000000000000000000000000005F
:10119000000000000000000000000000000000004F
:1011A000000000000000000000000000000000003F
:1011B000000000000000000000000000000000002F
:1011C000000000000000000000000000000000001F
:1011D000000000000000000000000000000000000F
:1011E00000000000000000000000000000000000FF
:1011F00000000000000000000000000000000000EF
:1012000000000000000000000000000000000000DE
:1012100000000000000000000000000000000000CE
:1012200000000000000000000000000000000000BE
:1012300000000000000000000000000000000000AE
:10124000000000000000000000000000000000009E
:10125000000000000000000000000000000000008E
:10126000000000000000000000000000000000007E
:10127000000000000000000000000000000000006E
:10128000000000000000000000000000000000005E
:10129000000000000000000000000000000000004E
:1012A000000000000000000000000000000000003E
:1012B000000000000000000000000000000000002E
:1012C000000000000000000000000000000000001E
:1012D000000000000000000000000000000000000E
:1012E00000000000000000000000000000000000FE
:1012F00000000000000000000000000000000000EE
:1013000000000000000000000000000000000000DD
:1013100000000000000000000000000000000000CD
:1013200000000000000000000000000000000000BD
:1013300000000000000000000000000000000000AD
:10134000000000000000000000000000000000009D
:10135000000000000000000000000000000000008D
:10136000000000000000000000000000000000007D
:10137000000000000000000000000000000000006D
:10138000000000000000000000000000000000005D
:10139000000000000000000000000000000000004D
:1013A000000000000000000000000000000000003D
:1013B000000000000000000000000000000000002D
:1013C000000000000000000000000000000000001D
:1013D000000000000000000000000000000000000D
:1013E00000000000000000000000000000000000FD
:1013F00000000000000000000000000000000000ED
:1014000000000000000000000000000000000000DC
:1014100000000000000000000000000000000000CC
:1014200000000000000000000000000000000000BC
:1014300000000000000000000000000000000000AC
:10144000000000000000000000000000000000009C
:10145000000000000000000000000000000000008C
:10146000000000000000000000000000000000007C
:10147000000000000000000000000000000000006C
:10148000000000000000000000000000000000005C
:10149000000000000000000000000000000000004C
:1014A000000000000000000000000000000000003C
:1014B000000000000000000000000000000000002C
:1014C000000000000000000000000000000000001C
:1014D000000000000000000000000000000000000C
:1014E00000000000000000000000000000000000FC
:1014F00000000000000000000000000000000000EC
:1015000000000000000000000000000000000000DB
:1015100000000000000000000000000000000000CB
:1015200000000000000000000000000000000000BB
:1015300000000000000000000000000000000000AB
:10154000000000000000000000000000000000009B
:10155000000000000000000000000000000000008B
:10156000000000000000000000000000000000007B
:10157000000000000000000000000000000000006B
:10158000000000000000000000000000000000005B
:10159000000000000000000000000000000000004B
:1015A000000000000000000000000000000000003B
:1015B000000000000000000000000000000000002B
:1015C000000000000000000000000000000000001B
:1015D000000000000000000000000000000000000B
:1015E00000000000000000000000000000000000FB
:1015F00000000000000000000000000000000000EB
:1016000000000000000000000000000000000000DA
:1016100000000000000000000000000000000000CA
:1016200000000000000000000000000000000000BA
:1016300000000000000000000000000000000000AA
:10164000000000000000000000000000000000009A
:10165000000000000000000000000000000000008A
:10166000000000000000000000000000000000007A
:10167000000000000000000000000000000000006A
:10168000000000000000000000000000000000005A
:10169000000000000000000000000000000000004A
:1016A000000000000000000000000000000000003A
:1016B000000000000000000000000000000000002A
:1016C000000000000000000000000000000000001A
:1016D000000000000000000000000000000000000A
:1016E00000000000000000000000000000000000FA
:1016F00000000000000000000000000000000000EA
:1017000000000000000000000000000000000000D9
:1017100000000000000000000000000000000000C9
:1017200000000000000000000000000000000000B9
:1017300000000000000000000000000000000000A9
:101740000000000000000000000000000000000099
:101750000000000000000000000000000000000089
:101760000000000000000000000000000000000079
:101770000000000000000000000000000000000069
:101780000000000000000000000000000000000059
:101790000000000000000000000000000000000049
:1017A0000000000000000000000000000000000039
:1017B0000000000000000000000000000000000029
:1017C0000000000000000000000000000000000019
:1017D0000000000000000000000000000000000009
:1017E00000000000000000000000000000000000F9
:1017F00000000000000000000000000000000000E9
:1018000000000000000000000000000000000000D8
:1018100000000000000000000000000000000000C8
:1018200000000000000000000000000000000000B8
:1018300000000000000000000000000000000000A8
:101840000000000000000000000000000000000098
:101850000000000000000000000000000000000088
:101860000000000000000000000000000000000078
:101870000000000000000000000000000000000068
:101880000000000000000000000000000000000058
:101890000000000000000000000000000000000048
:1018A0000000000000000000000000000000000038
:1018B0000000000000000000000000000000000028
:1018C0000000000000000000000000000000000018
:1018D0000000000000000000000000000000000008
:1018E00000000000000000000000000000000000F8
:1018F00000000000000000000000000000000000E8
:1019000000000000000000000000000000000000D7
:1019100000000000000000000000000000000000C7
:1019200000000000000000000000000000000000B7
:1019300000000000000000000000000000000000A7
:101940000000000000000000000000000000000097
:101950000000000000000000000000000000000087
:101960000000000000000000000000000000000077
:101970000000000000000000000000000000000067
:101980000000000000000000000000000000000057
:101990000000000000000000000000000000000047
:1019A0000000000000000000000000000000000037
:1019B0000000000000000000000000000000000027
:1019C0000000000000000000000000000000000017
:1019D0000000000000000000000000000000000007
:1019E00000000000000000000000000000000000F7
:1019F00000000000000000000000000000000000E7
:101A000000000000000000000000000000000000D6
:101A100000000000000000000000000000000000C6
:101A200000000000000000000000000000000000B6
:101A300000000000000000000000000000000000A6
:101A40000000000000000000000000000000000096
:101A50000000000000000000000000000000000086
:101A60000000000000000000000000000000000076
:101A70000000000000000000000000000000000066
:101A80000000000000000000000000000000000056
:101A90000000000000000000000000000000000046
:101AA0000000000000000000000000000000000036
:101AB0000000000000000000000000000000000026
:101AC0000000000000000000000000000000000016
:101AD0000000000000000000000000000000000006
:101AE00000000000000000000000000000000000F6
:101AF00000000000000000000000000000000000E6
:101B000000000000000000000000000000000000D5
:101B100000000000000000000000000000000000C5
:101B200000000000000000000000000000000000B5
:101B300000000000000000000000000000000000A5
:101B40000000000000000000000000000000000095
:101B50000000000000000000000000000000000085
:101B60000000000000000000000000000000000075
:101B70000000000000000000000000000000000065
:101B80000000000000000000000000000000000055
:101B90000000000000000000000000000000000045
:101BA0000000000000000000000000000000000035
:101BB0000000000000000000000000000000000025
:101BC0000000000000000000000000000000000015
:101BD0000000000000000000000000000000000005
:101BE00000000000000000000000000000000000F5
:101BF00000000000000000000000000000000000E5
:101C000000000000000000000000000000000000D4
:101C100000000000000000000000000000000000C4
:101C200000000000000000000000000000000000B4
:101C300000000000000000000000000000000000A4
:101C40000000000000000000000000000000000094
:101C50000000000000000000000000000000000084
:101C60000000000000000000000000000000000074
:101C70000000000000000000000000000000000064
:101C80000000000000000000000000000000000054
:101C90000000000000000000000000000000000044
:101CA0000000000000000000000000000000000034
:101CB0000000000000000000000000000000000024
:101CC0000000000000000000000000000000000014
:101CD0000000000000000000000000000000000004
:101CE00000000000000000000000000000000000F4
:101CF00000000000000000000000000000000000E4
:101D000000000000000000000000000000000000D3
:101D100000000000000000000000000000000000C3
:101D200000000000000000000000000000000000B3
:101D300000000000000000000000000000000000A3
:101D40000000000000000000000000000000000093
:101D50000000000000000000000000000000000083
:101D60000000000000000000000000000000000073
:101D70000000000000000000000000000000000063
:101D80000000000000000000000000000000000053
:101D90000000000000000000000000000000000043
:101DA0000000000000000000000000000000000033
:101DB0000000000000000000000000000000000023
:101DC0000000000000000000000000000000000013
:101DD0000000000000000000000000000000000003
:101DE00000000000000000000000000000000000F3
:101DF00000000000000000000000000000000000E3
:101E000000000000000000000000000000000000D2
:101E100000000000000000000000000000000000C2
:101E200000000000000000000000000000000000B2
:101E300000000000000000000000000000000000A2
:101E40000000000000000000000000000000000092
:101E50000000000000000000000000000000000082
:101E60000000000000000000000000000000000072
:101E70000000000000000000000000000000000062
:101E80000000000000000000000000000000000052
:101E90000000000000000000000000000000000042
:101EA0000000000000000000000000000000000032
:101EB0000000000000000000000000000000000022
:101EC0000000000000000000000000000000000012
:101ED0000000000000000000000000000000000002
:101EE00000000000000000000000000000000000F2
:101EF00000000000000000000000000000000000E2
:101F000000000000000000000000000000000000D1
:101F100000000000000000000000000000000000C1
:101F200000000000000000000000000000000000B1
:101F300000000000000000000000000000000000A1
:101F40000000000000000000000000000000000091
:101F50000000000000000000000000000000000081
:101F60000000000000000000000000000000000071
:101F70000000000000000000000000000000000061
:101F80000000000000000000000000000000000051
:101F90000000000000000000000000000000000041
:101FA0000000000000000000000000000000000031
:101FB0000000000000000000000000000000000021
:101FC0000000000000000000000000000000000011
:101FD0000000000000000000000000000000000001
:101FE00000000000000000000000000000000000F1
:101FF00000000000000000000000000000000000E1
:1020000000000000000000000000000000000000D0
:1020100000000000000000000000000000000000C0
:1020200000000000000000000000000000000000B0
:1020300000000000000000000000000000000000A0
:102040000000000000000000000000000000000090
:102050000000000000000000000000000000000080
:102060000000000000000000000000000000000070
:102070000000000000000000000000000000000060
:102080000000000000000000000000000000000050
:102090000000000000000000000000000000000040
:1020A0000000000000000000000000000000000030
:1020B0000000000000000000000000000000000020
:1020C0000000000000000000000000000000000010
:1020D0000000000000000000000000000000000000
:1020E00000000000000000000000000000000000F0
:1020F00000000000000000000000000000000000E0
:1021000000000000000000000000000000000000CF
:1021100000000000000000000000000000000000BF
:1021200000000000000000000000000000000000AF
:10213000000000000000000000000000000000009F
:10214000000000000000000000000000000000008F
:10215000000000000000000000000000000000007F
:10216000000000000000000000000000000000006F
:10217000000000000000000000000000000000005F
:10218000000000000000000000000000000000004F
:10219000000000000000000000000000000000003F
:1021A000000000000000000000000000000000002F
:1021B000000000000000000000000000000000001F
:1021C000000000000000000000000000000000000F
:1021D00000000000000000000000000000000000FF
:1021E00000000000000000000000000000000000EF
:1021F00000000000000000000000000000000000DF
:1022000000000000000000000000000000000000CE
:1022100000000000000000000000000000000000BE
:1022200000000000000000000000000000000000AE
:10223000000000000000000000000000000000009E
:10224000000000000000000000000000000000008E
:10225000000000000000000000000000000000007E
:10226000000000000000000000000000000000006E
:10227000000000000000000000000000000000005E
:10228000000000000000000000000000000000004E
:10229000000000000000000000000000000000003E
:1022A000000000000000000000000000000000002E
:1022B000000000000000000000000000000000001E
:1022C000000000000000000000000000000000000E
:1022D00000000000000000000000000000000000FE
:1022E00000000000000000000000000000000000EE
:1022F00000000000000000000000000000000000DE
:1023000000000000000000000000000000000000CD
:1023100000000000000000000000000000000000BD
:1023200000000000000000000000000000000000AD
:10233000000000000000000000000000000000009D
:10234000000000000000000000000000000000008D
:10235000000000000000000000000000000000007D
:10236000000000000000000000000000000000006D
:10237000000000000000000000000000000000005D
:10238000000000000000000000000000000000004D
:10239000000000000000000000000000000000003D
:1023A000000000000000000000000000000000002D
:1023B000000000000000000000000000000000001D
:1023C000000000000000000000000000000000000D
:1023D00000000000000000000000000000000000FD
:1023E00000000000000000000000000000000000ED
:1023F00000000000000000000000000000000000DD
:1024000000000000000000000000000000000000CC
:1024100000000000000000000000000000000000BC
:1024200000000000000000000000000000000000AC
:10243000000000000000000000000000000000009C
:10244000000000000000000000000000000000008C
:10245000000000000000000000000000000000007C
:10246000000000000000000000000000000000006C
:10247000000000000000000000000000000000005C
:10248000000000000000000000000000000000004C
:10249000000000000000000000000000000000003C
:1024A000000000000000000000000000000000002C
:1024B000000000000000000000000000000000001C
:1024C000000000000000000000000000000000000C
:1024D00000000000000000000000000000000000FC
:1024E00000000000000000000000000000000000EC
:1024F00000000000000000000000000000000000DC
:1025000000000000000000000000000000000000CB
:1025100000000000000000000000000000000000BB
:1025200000000000000000000000000000000000AB
:10253000000000000000000000000000000000009B
:10254000000000000000000000000000000000008B
:10255000000000000000000000000000000000007B
:10256000000000000000000000000000000000006B
:10257000000000000000000000000000000000005B
:10258000000000000000000000000000000000004B
:10259000000000000000000000000000000000003B
:1025A000000000000000000000000000000000002B
:1025B000000000000000000000000000000000001B
:1025C000000000000000000000000000000000000B
:1025D00000000000000000000000000000000000FB
:1025E00000000000000000000000000000000000EB
:1025F00000000000000000000000000000000000DB
:1026000000000000000000000000000000000000CA
:1026100000000000000000000000000000000000BA
:1026200000000000000000000000000000000000AA
:10263000000000000000000000000000000000009A
:10264000000000000000000000000000000000008A
:10265000000000000000000000000000000000007A
:10266000000000000000000000000000000000006A
:10267000000000000000000000000000000000005A
:10268000000000000000000000000000000000004A
:10269000000000000000000000000000000000003A
:1026A000000000000000000000000000000000002A
:1026B000000000000000000000000000000000001A
:1026C000000000000000000000000000000000000A
:1026D00000000000000000000000000000000000FA
:1026E00000000000000000000000000000000000EA
:1026F00000000000000000000000000000000000DA
:1027000000000000000000000000000000000000C9
:1027100000000000000000000000000000000000B9
:1027200000000000000000000000000000000000A9
:102730000000000000000000000000000000000099
:102740000000000000000000000000000000000089
:102750000000000000000000000000000000000079
:102760000000000000000000000000000000000069
:102770000000000000000000000000000000000059
:102780000000000000000000000000000000000049
:102790000000000000000000000000000000000039
:1027A0000000000000000000000000000000000029
:1027B0000000000000000000000000000000000019
:1027C0000000000000000000000000000000000009
:1027D00000000000000000000000000000000000F9
:1027E00000000000000000000000000000000000E9
:1027F00000000000000000000000000000000000D9
:1028000000000000000000000000000000000000C8
:1028100000000000000000000000000000000000B8
:1028200000000000000000000000000000000000A8
:102830000000000000000000000000000000000098
:102840000000000000000000000000000000000088
:102850000000000000000000000000000000000078
:102860000000000000000000000000000000000068
:102870000000000000000000000000000000000058
:102880000000000000000000000000000000000048
:102890000000000000000000000000000000000038
:1028A0000000000000000000000000000000000028
:1028B0000000000000000000000000000000000018
:1028C0000000000000000000000000000000000008
:1028D00000000000000000000000000000000000F8
:1028E00000000000000000000000000000000000E8
:1028F00000000000000000000000000000000000D8
:1029000000000000000000000000000000000000C7
:1029100000000000000000000000000000000000B7
:1029200000000000000000000000000000000000A7
:102930000000000000000000000000000000000097
:102940000000000000000000000000000000000087
:102950000000000000000000000000000000000077
:102960000000000000000000000000000000000067
:102970000000000000000000000000000000000057
:102980000000000000000000000000000000000047
:102990000000000000000000000000000000000037
:1029A0000000000000000000000000000000000027
:1029B0000000000000000000000000000000000017
:1029C0000000000000000000000000000000000007
:1029D00000000000000000000000000000000000F7
:1029E00000000000000000000000000000000000E7
:1029F00000000000000000000000000000000000D7
:102A000000000000000000000000000000000000C6
:102A100000000000000000000000000000000000B6
:102A200000000000000000000000000000000000A6
:102A30000000000000000000000000000000000096
:102A40000000000000000000000000000000000086
:102A50000000000000000000000000000000000076
:102A60000000000000000000000000000000000066
:102A70000000000000000000000000000000000056
:102A80000000000000000000000000000000000046
:102A90000000000000000000000000000000000036
:102AA0000000000000000000000000000000000026
:102AB0000000000000000000000000000000000016
:102AC0000000000000000000000000000000000006
:102AD00000000000000000000000000000000000F6
:102AE00000000000000000000000000000000000E6
:102AF00000000000000000000000000000000000D6
:102B000000000000000000000000000000000000C5
:102B100000000000000000000000000000000000B5
:102B200000000000000000000000000000000000A5
:102B30000000000000000000000000000000000095
:102B40000000000000000000000000000000000085
:102B50000000000000000000000000000000000075
:102B60000000000000000000000000000000000065
:102B70000000000000000000000000000000000055
:102B80000000000000000000000000000000000045
:102B90000000000000000000000000000000000035
:102BA0000000000000000000000000000000000025
:102BB0000000000000000000000000000000000015
:102BC0000000000000000000000000000000000005
:102BD00000000000000000000000000000000000F5
:102BE00000000000000000000000000000000000E5
:102BF00000000000000000000000000000000000D5
:102C000000000000000000000000000000000000C4
:102C100000000000000000000000000000000000B4
:102C200000000000000000000000000000000000A4
:102C30000000000000000000000000000000000094
:102C40000000000000000000000000000000000084
:102C50000000000000000000000000000000000074
:102C60000000000000000000000000000000000064
:102C70000000000000000000000000000000000054
:102C80000000000000000000000000000000000044
:102C90000000000000000000000000000000000034
:102CA0000000000000000000000000000000000024
:102CB0000000000000000000000000000000000014
:102CC0000000000000000000000000000000000004
:102CD00000000000000000000000000000000000F4
:102CE00000000000000000000000000000000000E4
:102CF00000000000000000000000000000000000D4
:102D000000000000000000000000000000000000C3
:102D100000000000000000000000000000000000B3
:102D200000000000000000000000000000000000A3
:102D30000000000000000000000000000000000093
:102D40000000000000000000000000000000000083
:102D50000000000000000000000000000000000073
:102D60000000000000000000000000000000000063
:102D70000000000000000000000000000000000053
:102D80000000000000000000000000000000000043
:102D90000000000000000000000000000000000033
:102DA0000000000000000000000000000000000023
:102DB0000000000000000000000000000000000013
:102DC0000000000000000000000000000000000003
:102DD00000000000000000000000000000000000F3
:102DE00000000000000000000000000000000000E3
:102DF00000000000000000000000000000000000D3
:102E000000000000000000000000000000000000C2
:102E100000000000000000000000000000000000B2
:102E200000000000000000000000000000000000A2
:102E30000000000000000000000000000000000092
:102E40000000000000000000000000000000000082
:102E50000000000000000000000000000000000072
:102E60000000000000000000000000000000000062
:102E70000000000000000000000000000000000052
:102E80000000000000000000000000000000000042
:102E90000000000000000000000000000000000032
:102EA0000000000000000000000000000000000022
:102EB0000000000000000000000000000000000012
:102EC0000000000000000000000000000000000002
:102ED00000000000000000000000000000000000F2
:102EE00000000000000000000000000000000000E2
:102EF00000000000000000000000000000000000D2
:102F000000000000000000000000000000000000C1
:102F100000000000000000000000000000000000B1
:102F200000000000000000000000000000000000A1
:102F30000000000000000000000000000000000091
:102F40000000000000000000000000000000000081
:102F50000000000000000000000000000000000071
:102F60000000000000000000000000000000000061
:102F70000000000000000000000000000000000051
:102F80000000000000000000000000000000000041
:102F90000000000000000000000000000000000031
:102FA0000000000000000000000000000000000021
:102FB0000000000000000000000000000000000011
:102FC0000000000000000000000000000000000001
:102FD00000000000000000000000000000000000F1
:102FE00000000000000000000000000000000000E1
:102FF00000000000000000000000000000000000D1
:1030000000000000000000000000000000000000C0
:1030100000000000000000000000000000000000B0
:1030200000000000000000000000000000000000A0
:103030000000000000000000000000000000000090
:103040000000000000000000000000000000000080
:103050000000000000000000000000000000000070
:103060000000000000000000000000000000000060
:103070000000000000000000000000000000000050
:103080000000000000000000000000000000000040
:103090000000000000000000000000000000000030
:1030A0000000000000000000000000000000000020
:1030B0000000000000000000000000000000000010
:1030C0000000000000000000000000000000000000
:1030D00000000000000000000000000000000000F0
:1030E00000000000000000000000000000000000E0
:1030F00000000000000000000000000000000000D0
:1031000000000000000000000000000000000000BF
:1031100000000000000000000000000000000000AF
:10312000000000000000000000000000000000009F
:10313000000000000000000000000000000000008F
:10314000000000000000000000000000000000007F
:10315000000000000000000000000000000000006F
:10316000000000000000000000000000000000005F
:10317000000000000000000000000000000000004F
:10318000000000000000000000000000000000003F
:10319000000000000000000000000000000000002F
:1031A000000000000000000000000000000000001F
:1031B000000000000000000000000000000000000F
:1031C00000000000000000000000000000000000FF
:1031D00000000000000000000000000000000000EF
:1031E00000000000000000000000000000000000DF
:1031F00000000000000000000000000000000000CF
:1032000000000000000000000000000000000000BE
:1032100000000000000000000000000000000000AE
:10322000000000000000000000000000000000009E
:10323000000000000000000000000000000000008E
:10324000000000000000000000000000000000007E
:10325000000000000000000000000000000000006E
:10326000000000000000000000000000000000005E
:10327000000000000000000000000000000000004E
:10328000000000000000000000000000000000003E
:10329000000000000000000000000000000000002E
:1032A000000000000000000000000000000000001E
:1032B000000000000000000000000000000000000E
:1032C00000000000000000000000000000000000FE
:1032D00000000000000000000000000000000000EE
:1032E00000000000000000000000000000000000DE
:1032F00000000000000000000000000000000000CE
:1033000000000000000000000000000000000000BD
:1033100000000000000000000000000000000000AD
:10332000000000000000000000000000000000009D
:10333000000000000000000000000000000000008D
:10334000000000000000000000000000000000007D
:10335000000000000000000000000000000000006D
:10336000000000000000000000000000000000005D
:10337000000000000000000000000000000000004D
:10338000000000000000000000000000000000003D
:10339000000000000000000000000000000000002D
:1033A000000000000000000000000000000000001D
:1033B000000000000000000000000000000000000D
:1033C00000000000000000000000000000000000FD
:1033D00000000000000000000000000000000000ED
:1033E00000000000000000000000000000000000DD
:1033F00000000000000000000000000000000000CD
:1034000000000000000000000000000000000000BC
:1034100000000000000000000000000000000000AC
:10342000000000000000000000000000000000009C
:10343000000000000000000000000000000000008C
:10344000000000000000000000000000000000007C
:10345000000000000000000000000000000000006C
:10346000000000000000000000000000000000005C
:10347000000000000000000000000000000000004C
:10348000000000000000000000000000000000003C
:10349000000000000000000000000000000000002C
:1034A000000000000000000000000000000000001C
:1034B000000000000000000000000000000000000C
:1034C00000000000000000000000000000000000FC
:1034D00000000000000000000000000000000000EC
:1034E00000000000000000000000000000000000DC
:1034F00000000000000000000000000000000000CC
:1035000000000000000000000000000000000000BB
:1035100000000000000000000000000000000000AB
:10352000000000000000000000000000000000009B
:10353000000000000000000000000000000000008B
:10354000000000000000000000000000000000007B
:10355000000000000000000000000000000000006B
:10356000000000000000000000000000000000005B
:10357000000000000000000000000000000000004B
:10358000000000000000000000000000000000003B
:10359000000000000000000000000000000000002B
:1035A000000000000000000000000000000000001B
:1035B000000000000000000000000000000000000B
:1035C00000000000000000000000000000000000FB
:1035D00000000000000000000000000000000000EB
:1035E00000000000000000000000000000000000DB
:1035F00000000000000000000000000000000000CB
:1036000000000000000000000000000000000000BA
:1036100000000000000000000000000000000000AA
:10362000000000000000000000000000000000009A
:10363000000000000000000000000000000000008A
:10364000000000000000000000000000000000007A
:10365000000000000000000000000000000000006A
:10366000000000000000000000000000000000005A
:10367000000000000000000000000000000000004A
:10368000000000000000000000000000000000003A
:10369000000000000000000000000000000000002A
:1036A000000000000000000000000000000000001A
:1036B000000000000000000000000000000000000A
:1036C00000000000000000000000000000000000FA
:1036D00000000000000000000000000000000000EA
:1036E00000000000000000000000000000000000DA
:1036F00000000000000000000000000000000000CA
:1037000000000000000000000000000000000000B9
:1037100000000000000000000000000000000000A9
:103720000000000000000000000000000000000099
:103730000000000000000000000000000000000089
:103740000000000000000000000000000000000079
:103750000000000000000000000000000000000069
:103760000000000000000000000000000000000059
:103770000000000000000000000000000000000049
:103780000000000000000000000000000000000039
:103790000000000000000000000000000000000029
:1037A0000000000000000000000000000000000019
:1037B0000000000000000000000000000000000009
:1037C00000000000000000000000000000000000F9
:1037D00000000000000000000000000000000000E9
:1037E00000000000000000000000000000000000D9
:1037F00000000000000000000000000000000000C9
:1038000000000000000000000000000000000000B8
:1038100000000000000000000000000000000000A8
:103820000000000000000000000000000000000098
:103830000000000000000000000000000000000088
:103840000000000000000000000000000000000078
:103850000000000000000000000000000000000068
:103860000000000000000000000000000000000058
:103870000000000000000000000000000000000048
:103880000000000000000000000000000000000038
:103890000000000000000000000000000000000028
:1038A0000000000000000000000000000000000018
:1038B0000000000000000000000000000000000008
:1038C00000000000000000000000000000000000F8
:1038D00000000000000000000000000000000000E8
:1038E00000000000000000000000000000000000D8
:1038F00000000000000000000000000000000000C8
:1039000000000000000000000000000000000000B7
:1039100000000000000000000000000000000000A7
:103920000000000000000000000000000000000097
:103930000000000000000000000000000000000087
:103940000000000000000000000000000000000077
:103950000000000000000000000000000000000067
:103960000000000000000000000000000000000057
:103970000000000000000000000000000000000047
:103980000000000000000000000000000000000037
:103990000000000000000000000000000000000027
:1039A0000000000000000000000000000000000017
:1039B0000000000000000000000000000000000007
:1039C00000000000000000000000000000000000F7
:1039D00000000000000000000000000000000000E7
:1039E00000000000000000000000000000000000D7
:1039F00000000000000000000000000000000000C7
:103A000000000000000000000000000000000000B6
:103A100000000000000000000000000000000000A6
:103A20000000000000000000000000000000000096
:103A30000000000000000000000000000000000086
:103A40000000000000000000000000000000000076
:103A50000000000000000000000000000000000066
:103A60000000000000000000000000000000000056
:103A70000000000000000000000000000000000046
:103A80000000000000000000000000000000000036
:103A90000000000000000000000000000000000026
:103AA0000000000000000000000000000000000016
:103AB0000000000000000000000000000000000006
:103AC00000000000000000000000000000000000F6
:103AD00000000000000000000000000000000000E6
:103AE00000000000000000000000000000000000D6
:103AF00000000000000000000000000000000000C6
:103B000000000000000000000000000000000000B5
:103B100000000000000000000000000000000000A5
:103B20000000000000000000000000000000000095
:103B30000000000000000000000000000000000085
:103B40000000000000000000000000000000000075
:103B50000000000000000000000000000000000065
:103B60000000000000000000000000000000000055
:103B70000000000000000000000000000000000045
:103B80000000000000000000000000000000000035
:103B90000000000000000000000000000000000025
:103BA0000000000000000000000000000000000015
:103BB0000000000000000000000000000000000005
:103BC00000000000000000000000000000000000F5
:103BD00000000000000000000000000000000000E5
:103BE00000000000000000000000000000000000D5
:103BF00000000000000000000000000000000000C5
:103C000000000000000000000000000000000000B4
:103C100000000000000000000000000000000000A4
:103C20000000000000000000000000000000000094
:103C30000000000000000000000000000000000084
:103C40000000000000000000000000000000000074
:103C50000000000000000000000000000000000064
:103C60000000000000000000000000000000000054
:103C70000000000000000000000000000000000044
:103C80000000000000000000000000000000000034
:103C90000000000000000000000000000000000024
:103CA0000000000000000000000000000000000014
:103CB0000000000000000000000000000000000004
:103CC00000000000000000000000000000000000F4
:103CD00000000000000000000000000000000000E4
:103CE00000000000000000000000000000000000D4
:103CF00000000000000000000000000000000000C4
:103D000000000000000000000000000000000000B3
:103D100000000000000000000000000000000000A3
:103D20000000000000000000000000000000000093
:103D30000000000000000000000000000000000083
:103D40000000000000000000000000000000000073
:103D50000000000000000000000000000000000063
:103D60000000000000000000000000000000000053
:103D70000000000000000000000000000000000043
:103D80000000000000000000000000000000000033
:103D90000000000000000000000000000000000023
:103DA0000000000000000000000000000000000013
:103DB0000000000000000000000000000000000003
:103DC00000000000000000000000000000000000F3
:103DD00000000000000000000000000000000000E3
:103DE00000000000000000000000000000000000D3
:103DF00000000000000000000000000000000000C3
:103E000000000000000000000000000000000000B2
:103E100000000000000000000000000000000000A2
:103E20000000000000000000000000000000000092
:103E30000000000000000000000000000000000082
:103E40000000000000000000000000000000000072
:103E50000000000000000000000000000000000062
:103E60000000000000000000000000000000000052
:103E70000000000000000000000000000000000042
:103E80000000000000000000000000000000000032
:103E90000000000000000000000000000000000022
:103EA0000000000000000000000000000000000012
:103EB0000000000000000000000000000000000002
:103EC00000000000000000000000000000000000F2
:103ED00000000000000000000000000000000000E2
:103EE00000000000000000000000000000000000D2
:103EF00000000000000000000000000000000000C2
:103F000000000000000000000000000000000000B1
:103F100000000000000000000000000000000000A1
:103F20000000000000000000000000000000000091
:103F30000000000000000000000000000000000081
:103F40000000000000000000000000000000000071
:103F50000000000000000000000000000000000061
:103F60000000000000000000000000000000000051
:103F70000000000000000000000000000000000041
:103F80000000000000000000000000000000000031
:103F90000000000000000000000000000000000021
:103FA0000000000000000000000000000000000011
:103FB0000000000000000000000000000000000001
:103FC00000000000000000000000000000000000F1
:103FD00000000000000000000000000000000000E1
:103FE00000000000000000000000000000000000D1
:103FF00000000000000000000000000000000000C1
:10400000374100001301010BE7000100130000001D
:1040100000000000000000000000000000000000A0
:10402000232E11FE232C51FE232A61FE232871FE2C
:104030002326A1FE2324B1FE2322C1FE2320D1FE8C
:10404000232EE1FC232CF1FC232A01FD232811FD62
:104050002326C1FD2324D1FD2322E1FD2320F1FDF0
:10406000130101FCEF90822F8320C103832281037F
:1040700003234103832301030325C1028325810216
:1040800003264102832601020327C1018327810100
:104090000328410183280101032EC100832E8100E2
:1040A000032F4100832F010013010104730020300E
:1040B00097A10000938101A417310000130181F63C
:1040C0001385019B97A50000938545006308B50003
:1040D00023200500130545006FF05FFF175505000D
:1040E000130585201301C1FF975505009385052011
:1040F000630EB50083260500130545002320A100AB
:10410000E7800600032501006FF01FFE1301410048
:104110003715000013050588372500001305858035
:10412000EFA0530E6F00000013000000130000000A
:08413000130000001300000061
:1070200073696E676C655F66635F696E74382E7432
:10703000666C697465000000300000005A7461538A
:1070400074617475732054454E534F523A3A7365C8
:107050007444617461547970652854656E736F72FD
:107060004461746154797065290000006261736540
:107070002F74656E736F722E637070006D5F73692D
:107080007A65203C2028313C3C2844505F414444F0
:10709000525F57494454482D312929005A7461538D
:1070A00074617475732054454E534F523A3A616C73
:1070B0006C6F63617465285A54415F53484152456F
:1070C000445F4D454D290000766563746F723A3A0E
:1070D0005F4D5F7265616C6C6F635F617070656E50
:1070E000640000006F746865722D3E6D5F73697A8D
:1070F000653D3D6D5F73697A650000005A746153A8
:1071000074617475732054454E534F523A3A416C32
:107110006961732854454E534F522A2900000000DC
:10712000726200007175657565203C2047524150C0
:10713000485F4D41585F494E5354414E434500000E
:1071400047726170683A3A47726170682829000096
:10715000626173652F67726170682E6370700000E2
:10716000737461746963205A7461537461747573C4
:107170002047726170684E6F64653A3A4368656390
:107180006B526573706F6E7365282900636E74208F
:107190003C3D204D41585F434F4E434154454E4185
:1071A000544500007669727475616C205A7461539D
:1071B0007461747573204E657572616C4E65744CA4
:1071C00061796572436F6E6361743A3A4576616CBA
:1071D0007561746528696E742900000061707073B0
:1071E0002F6E6E2F6E6E5F636F6E6361742E6370B1
:1071F000700000006F705F696E6465783A202564E6
:107200002C206F705F6F75747075745F7368617038
:10721000653A2025640A00007669727475616C20F5
:107220005A7461537461747573204E657572616C24
:107230004E65744C61796572436F6E7632443A3AAA
:107240004576616C7561746528696E74290000006B
:10725000617070732F6E6E2F6E6E5F636F6E76321D
:10726000642E63707000000072616E6765203E3DA1
:107270002030000073746174696320696E74313664
:107280005F74204E657572616C4E65744C617965F2
:1072900072436F6E7632443A3A5370754576616C3C
:1072A00041637469766174696F6E28696E743136F2
:1072B0005F742C20766F69642A2C2075696E743394
:1072C000325F742C2075696E7433325F742900004C
:1072D0007374643A3A61627328686929203C2072A9
:1072E000616E676500000000766F6964204E657509
:1072F00072616C4E65744C61796572436F6E763263
:10730000443A3A47656E4269617328696E74333254
:107310005F742A2C20696E742C20696E7433325F7E
:10732000742C20766F69642A2A2C20766F69642A6F
:107330002A2900002868692A72616E67652B6C6FC4
:10734000293D3D76000000004E657572616C4E650A
:10735000744C617965722A204E657572616C4E6558
:10736000743A3A4372656174654C61796572286953
:107370006E742C204E657572616C4E65744F70652D
:107380007261746F724465662A29000061707073BF
:107390002F6E6E2F6E6E2E63707000006C617965BB
:1073A0007249643D3D2828696E74296D5F6F706570
:1073B0007261746F72732E73697A6528292D312971
:1073C000000000005A7461537461747573204E6537
:1073D0007572616C4E65743A3A41737369676E4FAA
:1073E000757470757454656E736F727328626F6F05
:1073F0006C2900005A7461537461747573204E6572
:107400007572616C4E65743A3A4C6F6164456E6496
:107410002829000063757272656E74207461736B45
:107420002074696D653A20256C640A000D0A00001D
:107430006275666964203E3D203000005A746153D5
:107440007461747573204E657572616C4E65743A23
:107450003A427566666572416C6C6F63617465284B
:10746000696E742C2054454E534F522A2900000057
:10747000617070732F6E6E2F6E6E5F7574696C2EF7
:10748000637070006D5F6275664C73745B627566E5
:1074900069645D2E737A3D3D2873697A655F74294E
:1074A0005F74656E736F722D3E4765744275664CEE
:1074B000656E2829000000005A7461537461747568
:1074C00073204E657572616C4E65743A3A4275660A
:1074D000666572416C6C6F63617465507265706152
:1074E000726528696E742C204E657572616C4E65EC
:1074F0007454656E736F72547970652C2073697A59
:10750000655F742C20626F6F6C2C20626F6F6C292A
:10751000000000006D5F6275664C73745B62756697
:1075200069645D2E737A3D3D737A00006D5F66700D
:10753000000000007669727475616C205A746153A2
:1075400074617475732054666C6974654E6E3A3A52
:1075500056657269667928290000000061707073B1
:107560002F6E6E2F74662E637070000069203C20B1
:1075700073697A6528290000666C617462756666B5
:107580006572733A3A566563746F723C542C20539B
:10759000697A65543E3A3A72657475726E5F7479B1
:1075A000706520666C6174627566666572733A3ADE
:1075B000566563746F723C542C2053697A65543E4F
:1075C0003A3A4765742853697A65542920636F6E87
:1075D0007374205B776974682054203D20666C6F5B
:1075E00061743B2053697A6554203D206C6F6E674F
:1075F00020756E7369676E656420696E743B2072D6
:10760000657475726E5F74797065203D20666C6F6D
:1076100061745D002E2F617070732F6E6E2F666C1B
:1076200061746275666665722F666C6174627566F8
:10763000666572732F766563746F722E6800000042
:10764000666C6174627566666572733A3A56656314
:10765000746F723C542C2053697A65543E3A3A72E6
:10766000657475726E5F7479706520666C617462A2
:107670007566666572733A3A566563746F723C5408
:107680002C2053697A65543E3A3A47657428536909
:107690007A65542920636F6E7374205B7769746810
:1076A0002054203D206C6F6E6720696E743B205320
:1076B000697A6554203D206C6F6E6720756E736922
:1076C000676E656420696E743B2072657475726EB6
:1076D0005F74797065203D206C6F6E6720696E74F1
:1076E0005D000000696E7075742077696474683A93
:1076F0002025642C20696E70757420686569676840
:10770000743A2025643B2066696C7465725F776902
:107710006474683A2025642C2066696C7465722054
:107720006865696768743A2025640A006F702D3EA9
:10773000696E7075747328292D3E73697A652829DE
:107740003D3D330070616464696E673A20256C6466
:107750002C20256C640A00006D756C7469706C696E
:1077600065723A20256C642C2073686966743A202F
:10777000256C640A000000006F66667365742069FA
:107780006E7075743A20256C642C20776569676883
:1077900074733A20256C642C206F75747075743A7C
:1077A00020256C640A0000006F702D3E696E7075B4
:1077B000747328292D3E73697A652829203C20544A
:1077C000464C4954455F4D41585F4E554D5F494EBB
:1077D000505554006164645F706172616D730000A4
:1077E0006F702D3E696E7075747328292D3E736914
:1077F0007A6528293D3D32006F702D3E6F7574709B
:1078000075747328292D3E73697A6528293D3D31A9
:10781000000000006F702D3E696E7075747328292A
:107820002D3E73697A6528293D3D3100706F6F6C7C
:107830005F706172616D730054464C6974655F449A
:107840006574656374696F6E5F506F737450726FA7
:107850006365737300000000556E6B6E6F776E206A
:107860006F70636F64653A20256C640A0000000045
:10787000715F6669786564203C3D2028316C6C201E
:107880003C3C203331290000766F69642054666CDB
:107890006974654E6E3A3A5175616E74697A654DD8
:1078A000756C7469706C69657228646F75626C655B
:1078B0002C20696E7433325F742A2C20696E742A0E
:1078C00029000000617070732F6E6E2F74665F75F3
:1078D00074696C2E63707000646F75626C655F6DA7
:1078E000756C7469706C696572203C20312E0000E3
:1078F000766F69642054666C6974654E6E3A3A51CD
:1079000075616E74697A654D756C7469706C6965C2
:1079100072536D616C6C65725468616E4F6E654533
:10792000787028646F75626C652C20696E743332D0
:107930005F742A2C20696E7433325F742A29000028
:10794000646F75626C655F6D756C7469706C696588
:1079500072203E20302E00007368696674203C3D22
:107960002030000072633D3D5A7461537461747538
:10797000734F6B00696E7420746573745F6D6F6410
:10798000656C5F322829000073696D2F746573740C
:107990005F66632E637070002C2066756E63746979
:1079A0006F6E3A2000000000617373657274696F36
:1079B0006E2022257322206661696C65643A206618
:1079C000696C6520222573222C206C696E65202548
:1079D00064257325730A000030313233343536376D
:1079E00038394142434445460000000030313233CB
:1079F00034353637383961626364656600000000EB
:107A0000286E756C6C290000494E4600696E660050
:107A10004E414E006E616E0043000000504F5349CE
:107A200058000000496E66696E69747900000000B4
:107A30004E614E0042616C6C6F63207375636365C9
:107A400065646564000000002F686F6D652F6B65CD
:107A500076696E2F776F726B6469722F72697363C8
:107A6000762D676E752D746F6F6C636861696E2F0C
:107A70006E65776C69622F6E65776C69622F6C69D1
:107A800062632F7374646C69622F6764746F612D15
:107A9000646D6973632E63002F686F6D652F6B656E
:107AA00076696E2F776F726B6469722F7269736378
:107AB000762D676E752D746F6F6C636861696E2FBC
:107AC0006E65776C69622F6E65776C69622F6C6981
:107AD00062632F7374646C69622F6D707265632EBC
:107AE000630000007465726D696E61746520636186
:107AF0006C6C6564207265637572736976656C7908
:107B00000A0000007465726D696E617465206361BE
:107B10006C6C6564206166746572207468726F773E
:107B2000696E6720616E20696E7374616E63652093
:107B30006F66202700000000270A00007465726D40
:107B4000696E6174652063616C6C6564207769742B
:107B5000686F757420616E20616374697665206555
:107B60007863657074696F6E0A0000002020776882
:107B7000617428293A2020006E6F7420656E6F753D
:107B8000676820737061636520666F7220666F722C
:107B90006D617420657870616E73696F6E20285016
:107BA0006C65617365207375626D69742066756CB0
:107BB0006C20627567207265706F7274206174202A
:107BC00068747470733A2F2F6763632E676E752E17
:107BD0006F72672F627567732F293A0A2020202061
:107BE0000000000030313233343536373839000088
:107BF00062617369635F737472696E673A3A5F4D6D
:107C00005F6372656174650025733A205F5F706F12
:107C1000732028776869636820697320257A75293D
:107C2000203E20746869732D3E73697A6528292087
:107C300028776869636820697320257A75290000B0
:107C400062617369635F737472696E673A3A6174F3
:107C50003A205F5F6E202877686963682069732027
:107C6000257A7529203E3D20746869732D3E73691D
:107C70007A65282920287768696368206973202538
:107C80007A75290062617369635F737472696E67E4
:107C90003A3A65726173650062617369635F737418
:107CA00072696E673A3A5F4D5F7265706C616365C9
:107CB0005F6175780000000062617369635F7374CF
:107CC00072696E673A3A696E7365727400000000FB
:107CD00062617369635F737472696E673A3A726561
:107CE000706C61636500000062617369635F737447
:107CF00072696E673A3A5F4D5F7265706C61636579
:107D00000000000062617369635F737472696E677B
:107D10003A3A61737369676E0000000062617369CB
:107D2000635F737472696E673A3A617070656E640E
:107D30000000000062617369635F737472696E674B
:107D40003A3A636F7079000062617369635F7374BC
:107D500072696E673A3A636F6D7061726500000018
:107D600062617369635F737472696E673A20636FEF
:107D70006E737472756374696F6E2066726F6D20B6
:107D80006E756C6C206973206E6F742076616C69FF
:107D90006400000062617369635F737472696E6787
:107DA0003A3A62617369635F737472696E67000067
:107DB00062617369635F737472696E673A3A73756F
:107DC0006273747200000000737472696E673A3AED
:107DD000737472696E6700007374643A3A62616426
:107DE0005F616C6C6F6300007374643A3A62616443
:107DF0005F61727261795F6E65775F6C656E6774E3
:107E0000680000007374643A3A6261645F6361738E
:107E1000740000007374643A3A6261645F7479704C
:107E200065696400256400005F474C4F42414C5F28
:107E30000000000028616E6F6E796D6F7573206EA3
:107E4000616D657370616365290000005B61626943
:107E50003A0000002C2000003A3A00007B6465667E
:107E600061756C7420617267230000007D3A3A00EE
:107E70006175746F3A00000074656D706C617465B3
:107E800020706172616D65746572206F626A6563EE
:107E90007420666F72200000696E697469616C6994
:107EA0007A657220666F72206D6F64756C65200054
:107EB000767461626C6520666F722000565454209F
:107EC000666F722000000000636F6E7374727563DA
:107ED00074696F6E20767461626C6520666F7220C3
:107EE000000000002D696E2D00000000747970659F
:107EF000696E666F20666F7220000000747970658D
:107F0000696E666F206E616D6520666F722000007D
:107F100074797065696E666F20666E20666F722078
:107F2000000000006E6F6E2D7669727475616C20B2
:107F30007468756E6B20746F20000000636F76614B
:107F40007269616E742072657475726E20746875E2
:107F50006E6B20746F2000006A61766120436C6153
:107F6000737320666F72200067756172642076619A
:107F7000726961626C6520666F722000544C5320F8
:107F8000696E69742066756E6374696F6E20666FC2
:107F900072200000544C532077726170706572201B
:107FA00066756E6374696F6E20666F7220000000E4
:107FB0007265666572656E63652074656D706F725B
:107FC000617279202300000068696464656E206135
:107FD0006C69617320666F72200000006E6F6E2DF9
:107FE0007472616E73616374696F6E20636C6F6E1F
:107FF0006520666F722000006F70657261746F7229
:10800000000000006F70657261746F7220000000E4
:1080100061640000735A0000735000006773000031
:108020006E7800003E280000636C00006978000054
:1080300071750000203A20006E6577200000000076
:10804000756C00006C6C0000756C6C0066616C7384
:108050006500000074727565000000006A61766159
:10806000207265736F757263652000006465636CD0
:1080700074797065202800002E2E2E0074686973B4
:10808000000000007B7061726D230000676C6F62FE
:10809000616C20636F6E7374727563746F7273209A
:1080A0006B6579656420746F20000000676C6F62F7
:1080B000616C2064657374727563746F7273206B86
:1080C0006579656420746F20000000007B6C616D31
:1080D00062646100292300007B756E6E616D6564CA
:1080E0002074797065230000205B636C6F6E6520DF
:1080F000000000005B667269656E645D0000000050
:10810000747970656E616D650000000074656D7056
:108110006C6174650000000020636C617373000083
:108120002072657175697265732000002072657335
:10813000747269637400000020766F6C6174696CFE
:108140006500000020636F6E73740000207472611C
:108150006E73616374696F6E5F73616665000000C2
:10816000206E6F657863657074000000207468721B
:108170006F77000026260000205F436F6D706C65EE
:1081800078000000205F496D6167696E6172790057
:108190003A3A2A00205F5F766563746F72280000A8
:1081A0007468697320000000282E2E2E0000000045
:1081B0002E2E2E2900000000202E2E2E2000000042
:1081C0006465636C74797065286E756C6C7074721C
:1081D00029000000737472696E67206C697465729F
:1081E000616C0000737464006175746F00000000BE
:1081F0006465636C74797065286175746F2900001B
:108200006C69000064690000647400007074000010
:108210006458000024540000244E000024545400EC
:108220007374643A3A616C6C6F6361746F720000CE
:10823000616C6C6F6361746F720000007374643AF8
:108240003A62617369635F737472696E67000000FC
:1082500062617369635F737472696E670000000026
:108260007374643A3A737472696E67007374643A33
:108270003A62617369635F737472696E673C6368C5
:1082800061722C207374643A3A636861725F74722D
:10829000616974733C636861723E2C207374643A44
:1082A0003A616C6C6F6361746F723C636861723EBB
:1082B000203E00007374643A3A6973747265616DAC
:1082C000000000007374643A3A62617369635F6925
:1082D00073747265616D3C636861722C20737464A1
:1082E0003A3A636861725F7472616974733C63687F
:1082F00061723E203E00000062617369635F6973D2
:10830000747265616D0000007374643A3A6F73743F
:108310007265616D000000007374643A3A626173C3
:1083200069635F6F73747265616D3C636861722C21
:10833000207374643A3A636861725F74726169743D
:10834000733C636861723E203E00000062617369A5
:10835000635F6F73747265616D0000007374643ADB
:108360003A696F73747265616D0000007374643AEA
:108370003A62617369635F696F73747265616D3CC2
:10838000636861722C207374643A3A636861725F47
:108390007472616974733C636861723E203E0000D0
:1083A00062617369635F696F73747265616D000008
:1083B000614E0000263D0000615300003D000000BA
:1083C0006161000026000000616E0000616C696759
:1083D0006E6F66200000000061770000636F5F61D0
:1083E0007761697420000000617A00006363000017
:1083F000636F6E73745F636173740000636D00007C
:108400002C000000636F00007E0000006456000036
:108410002F3D00005B2E2E2E5D3D000064610000AC
:1084200064656C6574655B5D20000000646300003A
:1084300064796E616D69635F63617374000000004D
:10844000646500002A000000646C000064656C65CF
:1084500074652000647300002E2A0000647600001A
:108460002F00000064780000654F00005E3D0000B2
:10847000656F00005E000000657100003D3D00007A
:10848000664C000066520000666C000066720000D8
:108490003E3D0000677400005B5D00006C5300000F
:1084A0003C3C3D003C3D00006F70657261746F7232
:1084B000222220006C7300003C3C00006C74000021
:1084C0003C0000006D4900002D3D00006D4C000097
:1084D0002A3D00006D6900002D0000006D6C000059
:1084E0006D6D00002D2D00006E6100006E65775BE4
:1084F0005D0000006E650000213D00006E7400000C
:10850000210000006E7700006E6577006E6F657861
:1085100063657074000000006F5200007C3D000035
:108520006F6F00007C7C00007C000000704C00003D
:108530002B3D0000706C00002B000000706D0000EF
:108540002D3E2A002B2B0000707300002D3E0000F2
:108550003F000000724D0000253D000072530000F6
:108560003E3E3D00726300007265696E7465727014
:108570007265745F6361737400000000726D0000C7
:1085800025000000727300003E3E000073697A65AA
:108590006F662E2E2E0000007363000073746174EA
:1085A00069635F63617374003C3D3E0073697A6583
:1085B0006F662000747200007468726F77000000AC
:1085C000747700007468726F772000007369676EBB
:1085D0006564206368617200626F6F6C0000000068
:1085E000626F6F6C65616E0063686172000000000D
:1085F0006279746500000000646F75626C6500004C
:108600006C6F6E6720646F75626C6500666C6F617D
:10861000740000005F5F666C6F6174313238000077
:10862000756E7369676E656420636861720000002F
:10863000696E7400756E7369676E656420696E7427
:1086400000000000756E7369676E656400000000CD
:10865000756E7369676E6564206C6F6E67000000ED
:108660005F5F696E7431323800000000756E7369A7
:10867000676E6564205F5F696E7431323800000098
:1086800073686F7274000000756E7369676E65645D
:108690002073686F72740000766F696400000000D8
:1086A00077636861725F74006C6F6E67206C6F6EC9
:1086B00067000000756E7369676E6564206C6F6E8D
:1086C00067206C6F6E670000646563696D616C3371
:1086D00032000000646563696D616C36340000002F
:1086E000646563696D616C313238000068616C6685
:1086F0000000000063686172385F74006368617233
:1087000031365F74000000006368617233325F7459
:10871000000000005F466C6F617400007374643A7F
:108720003A62666C6F617431365F740062617369BE
:10873000635F737472696E675F766965773A3A73DF
:10874000756273747200000025733A205F5F706F6A
:10875000732028776869636820697320257A7529F2
:10876000203E205F5F73697A6520287768696368B7
:1087700020697320257A752900000000474C494282
:108780004358585F54554E41424C45530000000039
:10879000676C69626378782E65685F706F6F6C00D4
:1087A0006F626A5F73697A65000000006F626A5FDA
:1087B000636F756E740000007374643A3A65786391
:1087C000657074696F6E00007374643A3A62616434
:1087D0005F657863657074696F6E000062617369CC
:1087E000635F737472696E673A3A5F535F63726571
:1087F0006174650062617369635F737472696E6747
:108800003A3A726573697A650000000062617369C3
:10881000635F737472696E673A3A5F535F636F6E3A
:10882000737472756374206E756C6C206E6F742037
:1088300076616C69640000003A200000646566613E
:10884000756C74006D7431393933370070726E672E
:108850000000000072616E646F6D5F64657669632D
:10886000653A3A5F4D5F696E69745F7072657472E4
:108870003128636F6E7374207374643A3A73747240
:10888000696E67262900000067656E65726963007E
:1088900073797374656D0000556E6B6E6F776E2023
:1088A0006572726F720000005375636365737300C5
:1088B0004E6F74206F776E65720000004E6F2073EC
:1088C0007563682066696C65206F722064697265E3
:1088D00063746F72790000004E6F207375636820B7
:1088E00070726F6365737300496E74657272757030
:1088F0007465642073797374656D2063616C6C00BA
:10890000492F4F206572726F720000004E6F207306
:1089100075636820646576696365206F72206164A1
:108920006472657373000000417267206C69737430
:1089300020746F6F206C6F6E670000004578656370
:1089400020666F726D6174206572726F7200000034
:10895000536F636B657420616C7265616479206329
:108960006F6E6E6563746564000000004261642090
:1089700066696C65206E756D626572004E6F20636E
:1089800068696C6472656E0044657374696E6174C5
:10899000696F6E20616464726573732072657175AE
:1089A00069726564000000004E6F206D6F72652073
:1089B00070726F6365737365730000004E6F74208F
:1089C000656E6F75676820737061636500000000F5
:1089D0005065726D697373696F6E2064656E696549
:1089E0006400000042616420616464726573730016
:1089F000446576696365206F72207265736F757266
:108A0000636520627573790046696C6520657869D5
:108A10007374730043726F73732D64657669636555
:108A2000206C696E6B0000004E6F207375636820C8
:108A300064657669636500004E6F74206120646927
:108A4000726563746F727900486F73742069732064
:108A5000646F776E00000000436F6E6E656374692B
:108A60006F6E20616C726561647920696E2070722E
:108A70006F677265737300004973206120646972C7
:108A80006563746F72790000496E76616C69642069
:108A9000617267756D656E74000000004E657477D5
:108AA0006F726B20696E74657266616365206973AD
:108AB000206E6F7420636F6E6669677572656400FF
:108AC000436F6E6E656374696F6E2061626F72745E
:108AD0006564206279206E6574776F726B000000A8
:108AE000546F6F206D616E79206F70656E206669BE
:108AF0006C657320696E2073797374656D00000076
:108B000046696C652064657363726970746F722066
:108B100076616C756520746F6F206C61726765009B
:108B20004E6F7420612063686172616374657220A6
:108B30006465766963650000546578742066696CC5
:108B4000652062757379000046696C6520746F6FEB
:108B5000206C617267650000486F73742069732030
:108B6000756E726561636861626C65004E6F20733B
:108B700070616365206C656674206F6E2064657635
:108B8000696365004E6F7420737570706F727465E1
:108B900064000000496C6C6567616C207365656BEF
:108BA00000000000526561642D6F6E6C792066696B
:108BB0006C652073797374656D000000546F6F20CD
:108BC0006D616E79206C696E6B73000042726F6B21
:108BD000656E2070697065004D617468656D6174C3
:108BE00069637320617267756D656E74206F75744B
:108BF000206F6620646F6D61696E206F66206675F8
:108C00006E6374696F6E0000526573756C742074C6
:108C10006F6F206C61726765000000004E6F206D01
:108C2000657373616765206F66206465736972653B
:108C300064207479706500004964656E74696669C2
:108C400065722072656D6F7665640000496C6C65B5
:108C500067616C20627974652073657175656E63F8
:108C600065000000446561646C6F636B0000000088
:108C70004E6574776F726B20697320756E726561D3
:108C8000636861626C6500004E6F206C6F636B00FF
:108C90004E6F7420612073747265616D0000000076
:108CA00053747265616D20696F63746C2074696DB3
:108CB000656F7574000000004E6F207374726561FB
:108CC0006D207265736F7572636573005669727497
:108CD00075616C20636972637569742069732067BC
:108CE0006F6E650050726F746F636F6C2065727287
:108CF0006F720000556E6B6E6F776E2070726F74BE
:108D00006F636F6C000000004D756C7469686F7064
:108D100020617474656D7074656400004261642044
:108D20006D6573736167650046756E6374696F6E18
:108D3000206E6F7420696D706C656D656E7465640E
:108D4000000000004469726563746F7279206E6F71
:108D50007420656D7074790046696C65206F7220AF
:108D600070617468206E616D6520746F6F206C6F28
:108D70006E670000546F6F206D616E792073796D9E
:108D8000626F6C6963206C696E6B73004E6F20625A
:108D900075666665722073706163652061766169CE
:108DA0006C61626C650000004E6F2064617461004C
:108DB000416464726573732066616D696C79206EBD
:108DC0006F7420737570706F72746564206279209F
:108DD00070726F746F636F6C2066616D696C79007F
:108DE00050726F746F636F6C2077726F6E67207450
:108DF00079706520666F7220736F636B6574000015
:108E0000536F636B6574206F7065726174696F6E08
:108E1000206F6E206E6F6E2D736F636B6574000034
:108E200050726F746F636F6C206E6F742061766127
:108E3000696C61626C650000436F6E6E6563746996
:108E40006F6E20726566757365640000436F6E6EA9
:108E5000656374696F6E2072657365742062792032
:108E60007065657200000000416464726573732070
:108E7000616C726561647920696E207573650000AC
:108E800041646472657373206E6F742061766169EA
:108E90006C61626C65000000536F66747761726587
:108EA0002063617573656420636F6E6E65637469BA
:108EB0006F6E2061626F727400000000536F636B0D
:108EC0006574206973206E6F7420636F6E6E6563C6
:108ED00074656400536F636B657420697320616C03
:108EE000726561647920636F6E6E6563746564009A
:108EF0004F7065726174696F6E2063616E63656C3B
:108F0000656400005374617465206E6F742072652F
:108F1000636F76657261626C650000005072657601
:108F2000696F7573206F776E657220646965640080
:108F30004F7065726174696F6E206E6F7420737507
:108F400070706F72746564206F6E20736F636B65F1
:108F50007400000056616C756520746F6F206C6141
:108F600072676520666F7220646566696E6564204D
:108F70006461746120747970650000004D657373DD
:108F800061676520746F6F206C6F6E670000000072
:108F9000436F6E6E656374696F6E2074696D65648E
:108FA000206F7574000000002000000054464C3310
:108FB00000000000140020001C0018001400100025
:108FC0000C00000008000400140000001C00000059
:108FD0008C000000E4000000B4070000C40700009B
:108FE000280B00000300000001000000100000003A
:108FF00000000A0010000C00080004000A00000035
:109000000C0000001C000000380000000F000000F1
:1090100073657276696E675F64656661756C74000E
:1090200001000000040000009CFFFFFF050000009D
:1090300004000000060000006F7574707574000075
:109040000100000004000000DEF8FFFF0400000043
:1090500005000000696E70757400000002000000D9
:109060003400000004000000DCFFFFFF08000000E7
:109070000400000013000000434F4E564552534970
:109080004F4E5F4D455441444154410008000C008F
:1090900008000400080000000700000004000000B1
:1090A000130000006D696E5F72756E74696D655FA7
:1090B00076657273696F6E0009000000CC060000CF
:1090C000C4060000AC0600006C0600009C00000016
:1090D000940000008C0000006C0000000400000000
:1090E00076F9FFFF04000000580000000C000000AB
:1090F00008000E0008000400080000001000000036
:10910000280000000000060008000400060000001F
:109110000400000001000000EB03000000000A0052
:1091200010000C00080004000A000000010000000C
:10913000020000000400000006000000322E31355D
:109140002E300000DAF9FFFF0400000010000000DC
:10915000312E31342E3000000000000000000000ED
:1091600014F7FFFF18F7FFFFFEF9FFFF04000000F0
:10917000BE050000F3DE08A42128324A9E6E4A068E
:1091800043CC602F4C77F50398B07923E92ACDB50D
:1091900048D250EDC0BED38E7E949FE95CBF6BBEBB
:1091A0005B66562C753782A91FB465991C645DFEF9
:1091B000D4BFB3BEC5CDB310F1B707BEB683C737B2
:1091C000223D5EB0A25D7DB4D04C4C551600B9D79F
:1091D0008DB62082AA9506CC241D8E3ECD31A0C22C
:1091E000D7069B6C59F297B7E337B1D0DB06D13283
:1091F000584FF7ECB3F4C3475A1DC92CE21589D276
:10920000DC94AF9903EF7B4D88F366FC8C9BB86EC2
:109210004482F7297B87E09B6F7FE3D3069F8E65AF
:10922000481D2144EAD5F802DEB33E3B2D98B5D166
:109230004ECC6D79485FF4B50B580CCD6722F8FF22
:109240004AC64A079ADA1E1C3C7E21C2865B6DD351
:1092500091FF228B40E35B3A09BBAF043F77BAF43E
:10926000DF4B26E0DD590075E531243AAF20C82BED
:10927000390E2D77D9796CC00E6BB49E5E780DEAED
:10928000CB56E04D6704EFBA8C0B236A7014D7BE3F
:109290000922F66E1AD9D3E44B9E5430C1B0C09166
:1092A00095688914906CE05E34C4DB5F865A3A1A84
:1092B000CBF584EFF574C5A54D6B58F12D08827878
:1092C0001C644FB04B18B61D33216A6321AECA75BA
:1092D00019155DC1792ED73C1105D164D87E8F91C7
:1092E000853636AF5CF5AD54B50B6B3129324A8209
:1092F00082313194E8A004E74EFA1AAB36D6C6653F
:109300008F128A568820FB1E5E4CE060F032825736
:10931000220D98074DF2A14166C171633443B32514
:10932000D2A75D93CD3C2D8F6571AA14709515B2AF
:10933000AE64E479F0614EF5963FA643ACBD0EEA0B
:10934000C639BC1D003055FDBF91CC27BDA48ADDB8
:109350005C1ECFFE6561026A09207F0EEE107A0462
:10936000E3FF97736B565DFF317885A667CC83ED7D
:10937000A88258AE086555FCED789F08642553789F
:109380002550A9A136BA0800EEC566E3FA2A9F2047
:109390004AEC46AE5D32C3312FBD464A38A1E4E007
:1093A0009F53AB8785FB60E531A7BAA1EAA271574D
:1093B000A896AD9AC2F5EED32C9FF0FA09FA8C0D5F
:1093C000AE72DDFCE05EE83389C4F5E599C8834BF5
:1093D000C0927BCF812C8DD558CDBD39FE6AE90472
:1093E000035C1416C41503961B2ECC50588959CE15
:1093F000389955B7137092C29EE77CD9D5ED5025A8
:10940000DB9BBD52A15ECE459684133A8D7B10F056
:109410004540563ABDAA612453E03DDA14F5409F19
:10942000FF793A3DEDF9F5F937F7D365B6DDF4D8B4
:10943000913BA7006032A0B31BCB5F79D40CF561E0
:109440002546444F669D3A2620051CEF2E0A1346FA
:109450004453412675CDACDA7BDFA61CDCE76250B5
:1094600040206EED76EA7685BD56D4D12A92BD8D28
:10947000756D70DD87E54AD9165B6EDD57835E1327
:1094800086E2C9705D0F45AABE5D7BC4F72EF01D54
:10949000FF08EB7FB248977205F8E7B2B59E468E9B
:1094A000C3D7B421C9E0994973465713DC04A6B069
:1094B00023AA1A4BFBDDAA684FCDCC7634FF926D00
:1094C0001B7DC5B849FBB4E46425437C5CE6C3ACB2
:1094D0000EE57E6BE056C30130AA2519314D3ECC16
:1094E000C3C01B6C923E14C8E7BE960D592407BD3D
:1094F000C19859A94FCB5B2AE1728DC028FBD82CAB
:10950000AF5F4AF1E27226553CFBA0ECA829887CAB
:109510004356970F31BD83C21513AC253BC6994501
:10952000E0835FF16EDFB7A4B091ADB1A67EBE75EA
:10953000628B5E59F3312C892AE1E808AD76EEDDC5
:1095400009383C6019A6D9F69217596F16654A7802
:109550007B574696856A61567F754DEECEF08984BD
:1095600097AC2E02ED7845AC7BFEBF58C4B6D3FB5A
:1095700098E7DE73955C078FD6211D7D5D417A39B2
:1095800009F9E838CEEF42309C3A7551DFF6B88DD4
:10959000629AAA8C1FCAC7552E2DAB853C3646A0B1
:1095A0008FAC8C337FBDE12AEBDA7B3A16CDAD94DC
:1095B0007CBF8EA750D8F225C6776B6CCEDF260B0A
:1095C0004175BEF0EFE8116A1BE3C42BFA90A47F4B
:1095D0003CF9518D295C3B83839DF6FBFD88EE9A17
:1095E00022C45667710CF8609659356F4963BBF514
:1095F000BB7C93CE7048B6D885DB749675CC369E0E
:10960000B010D42DCD7C7E598CC2FC31F62B39DEC6
:109610004735C6377C50D2F124235D5E7CE5605728
:1096200018EC098C7C359FCFABDCC625228A745D93
:10963000F799E74C64D26C056240433366FA6518CB
:10964000103FF05A7FFFC9E2D11E5D8BCC66C85F28
:10965000234396AE38716743D5B97473E8D7C770A2
:10966000E98398D5BAF64AE4A46DCE56C2D11E69F4
:1096700029B0855D46AA9A654402F0BCC027BDD8D2
:1096800048834A60AD26479C68F4DDC896F1B74E22
:10969000CF1FF85B066393D1877F6EC544F4F6D67F
:1096A000567D8579FD5ED4FF6F0C9415D2D9535F3A
:1096B000FE84569A96EB208886CC7AAD9BA4D28CF9
:1096C000FCC69EA80A2A26E49630FE9A16F3D26CAF
:1096D00020647CD08B89C528F2267B7289907BCE52
:1096E000156CAB56761E89082AFC887D6AB7B78F41
:1096F000CA29D1CD0B1EB2E59514365A7E2B75E6DC
:10970000AA48BCABB5D2FF5BF9D2FF4FEE8210D4B2
:109710004CAE1776B8822A7D7C9DBD6D940E961155
:10972000EED1B96EC8EB290D85679F863633D18E91
:1097300076A40000CAFFFFFF04000000280000001C
:10974000BD0E00006223000099CDFFFF1F32000014
:109750003B2A0000D2440000C8E7FFFFDEBDFFFF48
:109760004610000053CAFFFF000006000800040076
:10977000060000000400000008000000FFFFFFFFDB
:109780009300000038FDFFFF3CFDFFFF0F000000CD
:109790004D4C495220436F6E7665727465642E009D
:1097A000010000001400000000000E00180014006A
:1097B00010000C00080004000E000000140000005F
:1097C0001C00000094000000980000009C000000B5
:1097D000040000006D61696E0000000002000000DE
:1097E000580000001400000000000E0018001400D3
:1097F00010000C000B0004000E000000140000001C
:10980000000000081000000014000000010000002B
:10981000C4FDFFFF01000000050000000300000080
:1098200004000000030000000200000000000A0025
:109830000C000000080004000A00000008000000FE
:109840000C00000001000000040000000200000005
:109850000000000001000000010000000500000001
:1098600001000000000000000600000024020000CB
:10987000C001000048010000DC0000007000000092
:10988000040000000AFEFFFF0000000114000000B9
:109890003000000006000000000000094400000045
:1098A000F4FDFFFF080000001000000001000000B0
:1098B0000100000000000000010000000E80963C46
:1098C00019000000537461746566756C50617274A0
:1098D0006974696F6E656443616C6C3A30000000B6
:1098E00002000000010000000A00000072FEFFFFFD
:1098F000000000011400000030000000050000001E
:1099000000000009440000005CFEFFFF08000000AA
:10991000100000000100000080FFFFFFFFFFFFFFBD
:1099200001000000127E803B1900000073696E6721
:109930006C655F66632F666C617474656E2F52652B
:109940007368617065000000020000000100000003
:1099500093000000DAFEFFFF000000011400000089
:109960003400000004000000000000094400000072
:10997000C4FEFFFF0800000014000000010000000A
:1099800000000000000000000000000001000000D6
:109990007AA1C93A1700000073696E676C655F664B
:1099A000632F6F75747075742F4D61744D756C00F5
:1099B000020000000A0000009300000042FFFFFFC9
:1099C000000000011400000034000000030000004B
:1099D00000000002540000002CFFFFFF0800000000
:1099E0001400000001000000000000000000000062
:1099F00000000000010000001168CA3627000000C6
:109A000073696E676C655F66632F6F7574707574CC
:109A10002F426961734164642F52656164566172BB
:109A20006961626C654F7000010000000A0000006F
:109A3000B6FFFFFF00000001180000001800000042
:109A400002000000000000022800000004000400E2
:109A5000040000001700000073696E676C655F66A4
:109A6000632F666C617474656E2F436F6E73740040
:109A70000100000002000000000016001C00180099
:109A8000170010000C000800000000000000070094
:109A90001600000000000001200000003C00000053
:109AA00001000000000000094C0000000C000C0048
:109AB00000000000080004000C0000000800000086
:109AC000100000000100000080FFFFFFFFFFFFFF0C
:109AD00001000000127E803B170000007365727663
:109AE000696E675F64656661756C745F696E7075D9
:109AF000743A30000400000001000000070000007C
:109B00000700000003000000020000003000000019
:109B1000100000000C0010000F00000008000400FE
:109B20000C00000009000000040000000000000913
:109B30000C000C000B000000000004000C000000F2
:109B400016000000000000163947726170684E6F01
:109B50006465000000000000FCD30000000000006D
:109B60000000000000000000000000000873010079
:109B700031374E657572616C4E65744C61796572F2
:109B80004164640088AA0000709B000004D40000B7
:109B900000000000849B0000307A0100407A010040
:109BA000807B0100707A010040E2030038E203008C
:109BB00032304E657572616C4E65744C61796572B8
:109BC000436F6E636174000088AA0000B09B0000C0
:109BD00004D4000000000000C89B0000487F010082
:109BE0001885010064820100A07F010048E20300A3
:109BF00038E2030032304E657572616C4E65744C0C
:109C000061796572436F6E763244000088AA000065
:109C1000F49B000004D40000000000000C9C000035
:109C200020860100308601003CA201006086010010
:109C300050E2030038E20300A0B20100C0B201000C
:109C4000E0B20100FCB2010018B3010034B301001E
:109C500054B3010070B3010030B2010080B20100C2
:109C6000C8C101007CC201005CC1010024C1010027
:109C700070C0010068C3010031344E657572616CBB
:109C80004E65744C6179657200000000394E65754F
:109C900072616C4E6574000088AA00008C9C000004
:109CA000FCD3000000000000989C000018B00100E8
:109CB00054B1010020AB0100ECC5010008730100A4
:109CC00028AB01000000000004D4000000000000E8
:109CD0000000000000000000000000000000000084
:109CE00038E2030032324E657572616C4E65744C19
:109CF000617965724C6F6769737469630000000075
:109D000088AA0000E49C000004D4000000000000C9
:109D1000009D000008CB010018CB010048CB0100DA
:109D2000A8CB010064E2030038E2030032334E6541
:109D30007572616C4E65744C617965724F626A44EC
:109D4000657465637400000088AA00002C9D000003
:109D500004D4000000000000489D000054CE010023
:109D6000F0DE0100ACDF0100C0CE01006CE20300B8
:109D700074E2030032314E657572616C4E65744C4D
:109D800061796572506F6F6C4176670088AA000038
:109D9000749D000004D40000000000008C9D0000B1
:109DA0008CE401009CE40100CCE4010018E5010012
:109DB00060E3030038E2030032314E657572616C76
:109DC0004E65744C617965725265736861706500A7
:109DD00088AA0000B89D000004D400000000000024
:109DE000D09D0000A4E70100B4E7010094E7010062
:109DF0009CE7010068E3030038E20300BC080200AE
:109E0000BC080200481E0200B81A02000421020029
:109E100008110200580D0200500A0200D82E02005C
:109E20009C0902003854666C6974654E6E0000002F
:109E300088AA0000249E0000989C000000000000FA
:109E4000309E00002440020020410200D8FE0100A4
:109E5000ECC5010008730100443F0200804202008B
:109E6000284302002043020018430200104302006E
:109E70009C4202009C4202009C4202009C42020062
:109E8000084302009C4202009C4202009C420200E5
:109E90009C420200004302009C4202009C420200DD
:109EA0009C4202009C4202009C4202009C42020032
:109EB0009C420200F84202009C4202009C420200C6
:109EC0009C4202009C4202009C4202009C42020012
:109ED0009C4202009C4202009C420200C0420200DE
:109EE000804202002843020020430200184302007F
:109EF000104302009C4202009C4202009C4202006D
:109F00009C420200084302009C4202009C42020064
:109F10009C4202009C420200004302009C4202005C
:109F20009C4202009C4202009C4202009C420200B1
:109F30009C4202009C420200F84202009C42020045
:109F40009C4202009C4202009C4202009C42020091
:109F50009C4202009C4202009C4202009C42020081
:109F6000C042020080420200284302002043020057
:109F700018430200104302009C4202009C4202006F
:109F80009C4202009C420200084302009C420200E4
:109F90009C4202009C4202009C42020000430200DC
:109FA0009C4202009C4202009C4202009C42020031
:109FB0009C4202009C4202009C420200F8420200C5
:109FC0009C4202009C4202009C4202009C42020011
:109FD0009C4202009C4202009C4202009C42020001
:109FE0009C420200B442020000000000FFFFFFFF9D
:109FF0000200000003000000FFFFFFFFFFFFFFFF64
:10A00000FFFFFFFFFFFFFFFFFFFFFFFF0900000053
:10A010000000000001000000040000000200000039
:10A02000A30E0000630E0000030E0000830D00006D
:10A03000E30C0000230C0000430B0000430A000067
:10A0400003000000070000000700000090E202008B
:10A05000A8E1020088E10200A8E102007CE202001F
:10A06000A8E1020088E1020090E2020090E2020012
:10A070007CE2020088E10200B4E10200B4E10200E7
:10A08000B4E102007CE20200CCF2020040F20200E5
:10A0900024F2020040F20200BCF2020040F2020090
:10A0A00024F20200CCF20200CCF20200BCF2020068
:10A0B00024F202004CF202004CF202004CF20200C8
:10A0C000BCF20200180303009C020300E402030038
:10A0D00018030300480303000C0203000C020300F2
:10A0E0000C0203000C020300D4020300FC02030074
:10A0F000180303004803030058040300F40403009A
:10A10000140503002805030048050300800503002B
:10A11000D80503000C060300D80503004C06030015
:10A12000A0060300D4060300F4060300280703007A
:10A13000440703006007030084070300D0070300FF
:10A1400010080300480803005C080300AC08030083
:10A15000EC0803009809030098090300980903001C
:10A16000980903009809030098090300980903005F
:10A17000980903009809030098090300980903004F
:10A18000980903009809030098090300980903003F
:10A19000980903009809030098090300980903002F
:10A1A000980903009809030098090300C8040300F4
:10A1B0002409030040090300840A0300200B030064
:10A1C000400B03005C0B0300840B0300C40B030073
:10A1D0001C0C0300500C03001C0C0300900C03002B
:10A1E000E40C0300180D0300380D03006C0D030090
:10A1F000880D0300A40D0300C80D0300140E030016
:10A20000580E0300900E0300AC0E0300FC0E03007A
:10A21000400F0300F40F0300F40F0300F40F0300DA
:10A22000F40F0300F40F0300F40F0300F40F030016
:10A23000F40F0300F40F0300F40F0300F40F030006
:10A24000F40F0300F40F0300F40F0300F40F0300F6
:10A25000F40F0300F40F0300F40F0300F40F0300E6
:10A26000F40F0300F40F0300F40F0300F40A0300DB
:10A27000780F0300940F0300041803001C1603005A
:10A280001C1603009C1703001C160300541803003F
:10A290006018030068180300801803009C1803006E
:10A2A0009C180300C8180300C8180300F81803001E
:10A2B000101903007C1903009C190300C419030042
:10A2C000AC190300D4190300AC1A0300B81A030038
:10A2D000C01A0300C81A0300D01A03001C1603009A
:10A2E0001C160300D81A0300E01A03001C16030012
:10A2F000E81A0300F01A0300F81A0300001B030019
:10A300001C1603001C1B0300141B03002C1B030062
:10A31000081B0300241B0300341B0300B81C0300AC
:10A32000201D03005C1D0300801D0300981D030019
:10A33000D82D0300582D0300A42D0300D82D0300B1
:10A34000082E0300382E0300382E0300382E030099
:10A35000382E0300942D0300BC2D0300D82D0300DC
:10A36000082E030000010202030303030404040493
:10A370000404040405050505050505050505050591
:10A380000505050506060606060606060606060671
:10A39000060606060606060606060606060606065D
:10A3A0000606060607070707070707070707070741
:10A3B000070707070707070707070707070707072D
:10A3C000070707070707070707070707070707071D
:10A3D000070707070707070707070707070707070D
:10A3E00007070707080808080808080808080808F1
:10A3F00008080808080808080808080808080808DD
:10A4000008080808080808080808080808080808CC
:10A4100008080808080808080808080808080808BC
:10A4200008080808080808080808080808080808AC
:10A43000080808080808080808080808080808089C
:10A44000080808080808080808080808080808088C
:10A45000080808080808080808080808080808087C
:10A4600008080808C4FD030074F6030074F603002E
:10A47000B8FD030074F6030074F6030074F60300DD
:10A4800008FD030074F6030074F60300ECFA030001
:10A4900008FB030074F60300FCFA03006CFD0300E4
:10A4A00074F6030060FD030040F6030040F603006D
:10A4B00040F6030040F6030040F6030040F60300B8
:10A4C00040F6030040F6030040F6030074F6030074
:10A4D00074F6030074F6030074F6030074F60300C8
:10A4E00074F6030074F6030074F6030074F60300B8
:10A4F00048FA03006CFA030074F6030074F60300D4
:10A5000074F6030074F6030074F6030074F6030097
:10A5100074F6030074F6030074F6030074F6030087
:10A5200018FB030074F6030074F6030074F60300CE
:10A53000F4F9030074F6030088FB030074F60300CB
:10A5400074F60300B803040074F6030074F6030005
:10A5500074F6030074F6030074F6030074F6030047
:10A5600074F6030074F6030074F6030074F6030037
:10A5700048FA030070F9030074F6030074F6030050
:10A5800074F6030074FB030070F9030084F7030002
:10A5900074F60300B4FE030074F6030080FE0300AB
:10A5A00048FE0300DCFD030084F7030074F603009B
:10A5B000F4F903007CF70300CCFB030074F60300FE
:10A5C00074F603003004040074F603007CF7030003
:10A5D000303030303030303030303030303030307B
:10A5E000202020202020202020202020202020206B
:10A5F000AC4F0400B4420400B4420400A04F040075
:10A60000B4420400B4420400B4420400544F0400B5
:10A61000B4420400B4420400B44E0400E84E040006
:10A62000B4420400DC4E0400044F0400B4420400B1
:10A63000F84E0400744204007442040074420400A2
:10A640007442040074420400744204007442040022
:10A650007442040074420400B4420400B442040092
:10A66000B4420400B4420400B4420400B442040002
:10A67000B442040090440400B4420400004E0400BC
:10A68000244E0400904404009044040090440400CC
:10A69000B4420400B4420400B4420400B4420400D2
:10A6A00034530400B4420400B4420400C44F040014
:10A6B000B4420400B4420400B4420400484A040016
:10A6C000B4420400B4520400B4420400B442040092
:10A6D000645B0400B4420400B4420400B4420400C9
:10A6E000B4420400B4420400B4420400B442040082
:10A6F000B442040090440400B4420400004E04003C
:10A70000404D040090440400904404009044040030
:10A7100034500400404D040050440400B44204008E
:10A720008C500400B44204004850040070520400ED
:10A730001052040050440400B4420400484A04008B
:10A7400048440400A0500400B4420400B442040091
:10A75000C05B0400B4420400484404003030303090
:10A760003030303030303030303030302020202029
:10A7700020202020202020202020202071000000E8
:10A7800092BFFFFF8F3F00000100000000000000AB
:10A7900005000000190000007D000000000000001E
:10A7A000BC89D897B2D29C3C33A7A8D523F64939A7
:10A7B0003DA7F444FD0FA5329D978CCF08BA5B25C9
:10A7C000436FAC642806C80A0080E03779C3414370
:10A7D000176E05B5B5B89346F5F93FE9034F384D07
:10A7E000321D30F94877825A3CBF737FDD4F1575B3
:10A7F000000000000000F03F0000000000002440C6
:10A8000000000000000059400000000000408F40A0
:10A81000000000000088C34000000000006AF8400B
:10A820000000000080842E4100000000D01263412F
:10A830000000000084D797410000000065CDCD41A5
:10A84000000000205FA00242000000E87648374286
:10A85000000000A2941A6D42000040E59C30A24224
:10A860000000901EC4BCD64200003426F56B0C4399
:10A870000080E03779C3414300A0D8855734764340
:10A8800000C84E676DC1AB43003D9160E458E143A1
:10A89000408CB5781DAF154450EFE2D6E41A4B4416
:10A8A00092D54D06CFF08044F64AE1C7022DB5445B
:10A8B000B49DD9794378EA4400202020202020202C
:10A8C0002020282828282820202020202020202060
:10A8D0002020202020202020208810101010101070
:10A8E00010101010101010101004040404040404BC
:10A8F0000404041010101010101041414141414156
:10A900000101010101010101010101010101010137
:10A910000101010110101010101042424242424247
:10A920000202020202020202020202020202020207
:10A9300002020202101010102000000000000000AF
:10A940000000000000000000000000000000000007
:10A9500000000000000000000000000000000000F7
:10A9600000000000000000000000000000000000E7
:10A9700000000000000000000000000000000000D7
:10A9800000000000000000000000000000000000C7
:10A9900000000000000000000000000000000000B7
:10A9A00000000000000000000000000000000000A7
:10A9B0000000000000000000000000004E31305F89
:10A9C0005F637878616269763131375F5F636C61AC
:10A9D00073735F747970655F696E666F4500000020
:10A9E00088AA0000BCA900002CD4000000000000D0
:10A9F000E0A9000084B6040094B6040028C704004F
:10AA000028C7040030B804000CB6040058B704008E
:10AA1000A0B7040074B60400B4BA040034BA040049
:10AA200080BA0400B4BA0400E4BA040014BB040001
:10AA300014BB040014BB040014BB040070BA04006F
:10AA400098BA0400B4BA0400E4BA04004E31305F8E
:10AA50005F637878616269763132305F5F73695F16
:10AA6000636C6173735F747970655F696E666F455F
:10AA70000000000088AA00004CAA0000E0A9000025
:10AA80000000000074AA0000F0C4040000C5040027
:10AA900028C7040028C7040030B804000CB604001E
:10AAA000C8C6040024C5040048C6040053743974A1
:10AAB0007970655F696E666F00000000000000003D
:10AAC0002CD4000024C7040038C7040028C70400A1
:10AAD00028C7040040C7040030C70400537439621B
:10AAE00061645F616C6C6F630000000088AA000005
:10AAF000DCAA000038D4000000000000ECAA00002E
:10AB00006CFA04007CFA040060FA040053743230DA
:10AB10006261645F61727261795F6E65775F6C65B7
:10AB20006E6774680000000088AA00000CAB00008B
:10AB3000ECAA00000000000028AB0000ACFA040002
:10AB4000BCFA0400A0FA04005374386261645F63C5
:10AB50006173740088AA000048AB000038D400007C
:10AB60000000000054AB0000ECFA0400FCFA040002
:10AB7000E0FA0400537431306261645F7479706587
:10AB80006964000088AA000074AB000038D400009B
:10AB90000000000084AB00002CFB04003CFB040020
:10ABA00020FB040064450300B44503005C4503003A
:10ABB000F84403005C45030064450300644503005A
:10ABC000AC440300B445030064450300644503003E
:10ABD000AC440300B4450300B44503005C450300E6
:10ABE000AC440300AC44030064450300AC440300E0
:10ABF000AC440300AC4403005C4503001850030060
:10AC000050500300505003005050030050500300B8
:10AC100068500300185003006050030060500300A8
:10AC2000C45203001C5403001C540300905403003E
:10AC30001056030090560300406803008857030035
:10AC400098570300D4570300F45703001458030027
:10AC5000545803007458030094580300B458030078
:10AC6000D4580300F4580300145903003459030066
:10AC7000545903007459030094590300D459030034
:10AC8000345A0300445A0300445A0300445A030050
:10AC9000405C0300405C0300405C0300405C030038
:10ACA000405C0300405C0300405C0300405C030028
:10ACB000EC5A0300EC5A0300405C0300405C0300C4
:10ACC0004C5C0300985C0300A85C03000C5D03006F
:10ACD000085E030004640300085E0300585E03007E
:10ACE000585E030068570300C85E0300085F030056
:10ACF000645F030004640300845F0300D05F03000B
:10AD0000E05F0300E86103000464030010640300D3
:10AD100004640300046403004865030048650300FD
:10AD2000046703004867030068670300886703003F
:10AD30003C6703009467030080680300A068030079
:10AD4000C068030004640300F4690300F4590300BD
:10AD5000145A0300C067030028530300405C03003B
:10AD6000206A03005C6A0300405C0300405C03004F
:10AD700064530300D0530300D0530300A4530300D3
:10AD8000B45703007C6A0300D46A0300985C030094
:10AD9000E46A0300146B0300346B0300605C03007F
:10ADA00090660300A0660300B0660300C46603005B
:10ADB000D8660300A46B0300BC6B0300C86B0300E0
:10ADC000A46B0300BC6B0300C86B0300686C03003A
:10ADD000806C03001C6D03002C6C0300546C03009A
:10ADE000786C0300906C03009C6C0300A86C03005B
:10ADF000146D0300146D0300146D0300146D030043
:10AE0000B46C0300146D0300FC6C0300146D0300AC
:10AE1000146D0300146D0300146D0300146D030022
:10AE2000146D0300146D0300146D0300146D030012
:10AE3000146D0300146D0300146D0300146D030002
:10AE4000146D0300146D0300146D0300146D0300F2
:10AE5000146D0300146D0300146D0300146D0300E2
:10AE6000146D0300146D0300146D0300146D0300D2
:10AE7000146D0300146D0300146D0300146D0300C2
:10AE8000146D0300146D0300146D0300D46B0300F4
:10AE9000146D0300146D0300E06B0300206C0300CD
:10AEA000547C0300AC790300987B0300AC79030069
:10AEB000AC790300EC7B0300AC7903001C7C03003D
:10AEC000187B0300047C0300AC790300AC79030019
:10AED000AC790300AC790300AC790300AC790300D2
:10AEE000AC790300AC790300307B0300F87A0300EF
:10AEF000AC790300AC7A0300387C0300348503008E
:10AF00001084030008870300A48703001084030053
:10AF100024850300288703001084030010840300A5
:10AF2000108403001084030010840300D8850300FC
:10AF300010840300A8860300C88603001084030061
:10AF4000E8860300108403000C8603004887030092
:10AF5000F0870300EC830300EC830300EC83030021
:10AF6000EC830300EC830300EC830300EC83030019
:10AF7000EC830300EC830300EC830300EC83030009
:10AF8000EC83030050880300EC83030088880300EF
:10AF9000C4880300D088030098880300EC83030072
:10AFA000DC88030000890300EC830300EC830300CA
:10AFB000EC830300EC8303004C8A0300EC83030062
:10AFC00038880300EC830300EC830300F48803005B
:10AFD000F0870300E8880300EC890300AC920300CB
:10AFE00000930300E8920300D8900300F09203005E
:10AFF000F892030014820000188200001C820000F6
:10B0000074000000E481000003000000E4810000FF
:10B0100003000000000000000000000061000000CC
:10B02000208200000E000000208200000E000000C0
:10B030003082000009000000620000003C82000035
:10B04000110000003C82000011000000508200004E
:10B050000C00000073000000608200000B00000084
:10B060006C82000046000000508200000C000000CE
:10B0700069000000B48200000C000000C4820000DF
:10B0800031000000F88200000D0000006F00000099
:10B09000088300000C00000018830000310000004D
:10B0A0004C8300000D000000640000005C83000081
:10B0B0000D0000006C83000032000000A08300003F
:10B0C0000E000000CC8500000B000000CC850000C5
:10B0D0000B00000000000000D88500000400000004
:10B0E000E08500000700000007000000E885000080
:10B0F00004000000F08500000400000000000000D3
:10B10000F885000006000000F88500000600000039
:10B1100008000000008600000B0000000086000010
:10B120000B000000080000000C8600000500000075
:10B130000C860000050000000800000014860000D6
:10B140000A000000148600000A0000000800000049
:10B15000208600000D000000208600000D00000089
:10B160000000000030860000030000003086000070
:10B170000300000001000000348600000C00000005
:10B1800044860000080000000200000000000000EB
:10B1900000000000000000000000000000000000AF
:10B1A000888F000004000000888F00000400000069
:10B1B00003000000508600000D00000050860000D3
:10B1C0000D00000004000000608600000800000080
:10B1D0006086000008000000000000006C8600008F
:10B1E000110000006C86000011000000000000004B
:10B1F000000000000000000000000000000000004F
:10B20000000000000000000000000000000000003E
:10B21000000000000000000000000000000000002E
:10B220000000000000000000000000008086000018
:10B2300005000000808600000500000000000000FE
:10B24000888600000E000000888600000E000000C6
:10B2500000000000000000000000000000000000EE
:10B2600000000000000000009886000004000000BC
:10B27000988600000400000009000000A08600007D
:10B2800007000000E8850000040000000000000046
:10B29000A886000009000000888F0000040000005C
:10B2A00005000000B486000012000000B486000013
:10B2B000120000000600000078800000030000007B
:10B2C000788000000300000000000000C886000035
:10B2D00009000000C886000009000000000000000E
:10B2E000D486000009000000D48600000900000098
:10B2F00000000000E08600000A000000E086000078
:10B300000A00000000000000EC86000004000000BD
:10B31000EC8600000400000008000000F486000035
:10B3200007000000F4860000070000000000000095
:10B33000FC86000008000000FC86000008000000F9
:10B3400000000000088700000800000008870000D7
:10B350000800000000000000C08100001100000093
:10B36000C0810000110000000000000014870000F0
:10B37000060000001487000006000000080000001E
:10B380001C8700000F0000001C8700000F00000059
:10B3900008000000B0830000B48300000200000039
:10B3A00002000000B8830000BC8300000100000020
:10B3B00002000000C0830000748100000200000051
:10B3C0000200000010800000C483000001000000A3
:10B3D00001000000C8830000C483000001000000D9
:10B3E0000200000018870000CC8300000800000065
:10B3F00001000000D8830000DC8300000900000089
:10B4000001000000E8830000CC8300000800000079
:10B4100001000000EC830000F08300000A0000003F
:10B420000200000028800000847900000200000073
:10B4300002000000FC830000008400000100000006
:10B4400002000000048400000884000001000000E5
:10B45000010000000C8400001084000002000000C5
:10B4600002000000108200001484000006000000AA
:10B47000030000001C84000020840000090000007C
:10B48000010000002C840000308400000C0000004B
:10B49000020000004084000044840000010000001D
:10B4A0000100000004820000BC83000001000000D5
:10B4B00002000000488400004C84000007000000E7
:10B4C00001000000548400005884000002000000C5
:10B4D00002000000088200009485000001000000C6
:10B4E000020000005C840000608400000100000095
:10B4F00002000000648400001884000002000000C4
:10B5000002000000688400006C840000020000005B
:10B51000020000007084000074840000010000003C
:10B5200002000000788400007C840000020000001B
:10B53000020000008084000078800000030000000A
:10B5400003000000848400007880000003000000F5
:10B5500003000000888400007880000003000000E1
:10B56000020000008C8400007880000003000000CE
:10B5700002000000548B00009084000002000000D4
:10B58000020000001C800000587E00000200000045
:10B590000100000094840000F4820000010000001B
:10B5A000020000002C8000009884000002000000CF
:10B5B000020000009C840000A08400000300000042
:10B5C00002000000848C0000A4840000020000003F
:10B5D0000200000000820000A88400000B000000B0
:10B5E00001000000B4840000B884000002000000E4
:10B5F00002000000BC840000C084000001000000C4
:10B6000002000000C4840000C884000002000000A2
:10B6100002000000CC840000D08400000200000082
:10B6200002000000D4840000D88400000100000063
:10B6300002000000DC8400004484000001000000DF
:10B6400002000000E0840000E4840000020000002A
:10B6500001000000E8840000EC8400000500000008
:10B6600003000000F4840000F884000002000000E1
:10B6700002000000D47D0000D8840000010000001A
:10B6800001000000FC8400000085000001000000B3
:10B690000100000004850000088500000300000090
:10B6A00003000000208000000C850000080000005E
:10B6B00001000000188500001C8500000200000049
:10B6C0000200000020850000248500000200000028
:10B6D00002000000F08C000028850000010000003E
:10B6E000020000002C8500003085000002000000F0
:10B6F00002000000348500003885000001000000D1
:10B70000020000003C8500004085000003000000AE
:10B71000020000006875000044850000020000007F
:10B72000010000004885000038850000010000008D
:10B73000010000000C8200004C85000002000000A7
:10B740000200000030800000508500000100000071
:10B75000030000005485000058850000020000002E
:10B76000020000005C85000060850000030000000E
:10B7700002000000648500006885000010000000E1
:10B78000020000007C8500008085000001000000B0
:10B79000020000008485000088850000020000008F
:10B7A00002000000188000008C85000009000000E5
:10B7B00001000000148000008C85000009000000DA
:10B7C00001000000988500009C8500000B0000002F
:10B7D000020000001C810000A8850000030000009A
:10B7E00002000000F8830000AC85000007000000A4
:10B7F0000100000028750000AC8500000700000073
:10B8000001000000B4850000B885000005000000BC
:10B8100000000000C0850000C48500000600000094
:10B820000100000000000000000000000000000017
:10B8300000000000537439657863657074696F6E39
:10B8400000000000537431336261645F65786365A2
:10B850007074696F6E00000088AA000044B8000090
:10B8600038D400004E31305F5F637878616269766A
:10B870003131355F5F666F726365645F756E7769DE
:10B880006E6445004E31305F5F637878616269763F
:10B890003131395F5F666F726569676E5F657863C6
:10B8A000657074696F6E45000000000038D40000B8
:10B8B000CC010500EC010500D401050000000000EA
:10B8C00058B80000D0010500F4010500E0010500B2
:10B8D0000000000040D40000000000000000000054
:10B8E000000000000000000048D40000000000003C
:10B8F0000000000000000000537431316C6F676974
:10B90000635F6572726F720088AA0000F8B8000069
:10B9100038D4000053743132646F6D61696E5F65B5
:10B9200072726F720000000088AA000014B9000053
:10B9300008B9000053743136696E76616C69645FD2
:10B94000617267756D656E740000000088AA000062
:10B9500034B9000008B90000537431326C656E6769
:10B9600074685F6572726F720000000088AA000040
:10B9700058B9000008B90000537431326F75745F14
:10B980006F665F72616E67650000000088AA000044
:10B9900078B9000008B900005374313372756E74C1
:10B9A000696D655F6572726F7200000088AA0000A1
:10B9B00098B9000038D400005374313172616E6759
:10B9C000655F6572726F720088AA0000B8B90000E6
:10B9D000ACB90000537431346F766572666C6F7762
:10B9E0005F6572726F72000088AA0000D4B900000F
:10B9F000ACB9000053743135756E646572666C6F56
:10BA0000775F6572726F720088AA0000F4B9000057
:10BA1000ACB900000000000008B900007403050084
:10BA2000B40305007C0205000000000028B90000F6
:10BA3000D4030500E40305007C02050000000000BB
:10BA40004CB9000004040500140405007C02050044
:10BA5000000000006CB90000340405004404050037
:10BA60007C020500000000008CB9000064040500A1
:10BA7000740405007C02050000000000ACB9000061
:10BA800084020500C40205007C02050000000000DD
:10BA9000C8B90000E4020500F40205007C020500BC
:10BAA00000000000E8B900001403050024030500AD
:10BAB0007C0205000000000008BA000044030500F5
:10BAC000540305007C0205004E5374335F56323137
:10BAD000346572726F725F63617465676F72794506
:10BAE000000000005374313273797374656D5F65C3
:10BAF00072726F720000000088AA0000E4BA0000B1
:10BB0000ACB9000088AA000010BB000094D400006B
:10BB10002A4E31325F474C4F42414C5F5F4E5F319E
:10BB2000323267656E657269635F6572726F725FEC
:10BB300063617465676F72794500000088AA000030
:10BB400048BB000094D400002A4E31325F474C4F6E
:10BB500042414C5F5F4E5F31323173797374656D72
:10BB60005F6572726F725F63617465676F7279454A
:10BB7000000000000000000004BB000010490500A8
:10BB8000644A0500E44805009C4A0500444B050052
:10BB9000D8490500F04805003C4A050000000000B7
:10BBA0003CBB0000D4490500684A05001449050063
:10BBB0009C4A0500444B050020490500004B050048
:10BBC0003C4A05000000000094D400000000000082
:10BBD00000000000000000009C4A0500000000007A
:10BBE000D8490500F04905003C4A05000000000066
:10BBF000F8BA00006C4A05007C4A05007C0205008A
:10BC0000E06B0500945D0500945D0500D46B0500B4
:10BC1000945D0500945D0500945D0500806B050052
:10BC2000945D0500945D050020690500706B0500BA
:10BC3000945D050048690500046C0500945D0500ED
:10BC4000F86B0500545D0500545D0500545D05006A
:10BC5000545D0500545D0500545D0500545D05000C
:10BC6000545D0500545D0500945D0500945D05007C
:10BC7000945D0500945D0500945D0500945D0500EC
:10BC8000945D0500145F0500945D0500B464050033
:10BC900090680500145F0500145F0500145F05003F
:10BCA000945D0500945D0500945D0500945D0500BC
:10BCB000706D0500945D0500945D0500006B050046
:10BCC000945D0500945D0500945D05009865050090
:10BCD000945D050054690500945D0500945D0500C0
:10BCE0008C760500945D0500945D0500945D05006B
:10BCF000945D0500945D0500945D0500945D05006C
:10BD0000945D0500145F0500945D0500B4640500B2
:10BD1000D8640500145F0500145F0500145F05007A
:10BD2000546C0500D8640500E85E0500945D0500CC
:10BD3000B46C0500945D0500686C0500286D050075
:10BD4000C86C0500E85E0500945D05009865050077
:10BD5000E05E050098690500945D0500945D0500AE
:10BD6000E8760500945D0500E05E05003030303077
:10BD70003030303030303030303030302020202003
:10BD80002020202020202020202020200C91050091
:10BD900000910500F4900500E8900500DC90050096
:10BDA000D0900500C4900500B8900500AC90050047
:10BDB000A090050094900500889005007C900500F7
:10BDC00070900500649005002C8D050058900500CA
:10BDD0004C90050040900500349005002890050027
:10BDE0001C9005001090050004900500F88F0500D8
:10BDF000EC8F0500E08F0500D48F0500C88F05008B
:10BE0000BC8F0500B08F0500A48F0500988F05003A
:10BE10008C8F0500808F0500748F0500688F0500EA
:10BE20002C8D05002C8D05002C8D05002C8D05001A
:10BE30002C8D05002C8D05002C8D05002C8D05000A
:10BE40005C8F0500508F05002C8D05002C8D0500A2
:10BE50002C8D05002C8D05002C8D05002C8D0500EA
:10BE60002C8D05002C8D05002C8D05002C8D0500DA
:10BE70002C8D05002C8D05002C8D0500448F0500B0
:10BE8000388F05002C8F0500208F05002C8D0500B4
:10BE90002C8D05002C8D0500148F05002C8D0500C0
:10BEA0002C8D05002C8D0500088F05002C8D0500BC
:10BEB0002C8D0500FC8E05002C8D05002C8D0500B9
:10BEC000F08E05002C8D05002C8D05002C8D0500B5
:10BED0002C8D05002C8D05002C8D05002C8D05006A
:10BEE0002C8D05002C8D05002C8D0500E48E0500A1
:10BEF0002C8D0500D88E0500CC8E0500C08E050067
:10BF00002C8D05002C8D0500B48E05002C8D0500B0
:10BF10002C8D05002C8D05002C8D05002C8D050029
:10BF20002C8D05002C8D05002C8D0500A88E05009C
:10BF30009C8E0500908E0500848E0500788E05008D
:10BF40006C8E05002C8D0500608E0500548E05005A
:10BF5000488E05003C8E0500308E0500248E0500BD
:10BF6000188E05000C8E0500008E0500C48D05009E
:10BF7000B88D0500AC8D0500A08D05002C8D050049
:10BF8000948D0500888D05007C8D0500708D050061
:10BF90002C8D05002C8D05002C8D05002C8D0500A9
:10BFA0002C8D0500F48D05002C8D05002C8D0500D1
:10BFB0002C8D0500E88D0500DC8D0500D08D050079
:10BFC000648D0500588D0500A0074800080000009A
:10BFD0000000590D0000064000004C00080C15043C
:10BFE000E00C0000060000000000340008CC110046
:10BFF000A00C5909060000000400480008000000D9
:10C0000000001D11000002100000480008000000A0
:10C0100000000000000000080000480008101404A0
:10C02000240600000A040000000048000810140460
:10C030006406530F0A0400000000480008101404AE
:10C04000A40600000A0400000000480008101404C0
:10C05000E406530F0A0400000080480008000000B6
:10C060000000500F000000000000480008101404F9
:10C070006407321E0A040000008048000800000027
:10C080000000F31B000000000080480008000000D2
:10C090000000B31B00000000008048000800000002
:10C0A0000000AB0B0000000000804800080000000A
:10C0B0000000BA0D00000000804648000808140483
:10C0C0002407700D090100080080380008CC3100F9
:10C0D0003A000000070000000000380008CC5100C2
:10C0E0007A000000070000000000380008CC710052
:10C0F000BA000B0A070000000080380008CC91004D
:10C100003A060000070000000000380008CCB1002B
:10C110007A060000070000000000380008CCD100BB
:10C12000BA068B0B070000000080380008CCF10035
:10C130003A060000070000000000380008CC11019A
:10C140007A060000070000000000380008CC31012A
:10C15000BA060000070000080000380008B4150403
:10C1600028005B10070036180C80380008B415044E
:10C17000280EDB13070034200C80380008B01504AB
:10C18000280E0000070000080000480008101404F2
:10C19000240800000A0400000000480008101404ED
:10C1A0006408530F0A04000000004800081014043B
:10C1B000A408530F0A040000008048000800000093
:10C1C0000000500F00000000000048000810140498
:10C1D0002409321E0A040000008048000800000004
:10C1E0000000F31B00000000008048000800000071
:10C1F0000000B31B000000000080480008000000A1
:10C200000000AB0B000000000080480008000000A8
:10C210000000BA0D0000000028404800080814047F
:10C22000E408700D8901000800804800081014041B
:10C23000240800000A04000000004800081014044C
:10C240006408510F0A0400000000480008000000C4
:10C250000000510F00000000008048000810140486
:10C26000A4085B2E0A0400000C004800080000002F
:10C270000000500F000000000000480008101404E7
:10C2800024095B3E0A0400001C80480008000000EE
:10C290000000921B00000000008048000800000021
:10C2A0000000731B00000000008048000800000030
:10C2B0000000931B00000000008048000800000000
:10C2C0000000BB0A00000000000048000800000059
:10C2D0000000F31900000000008048000800000082
:10C2E0000000DB1B00000000088048000800000080
:10C2F0000000931B000000000080480008000000C0
:10C3000000003B0B00000000000048000800000097
:10C310000000B20D00000000284048000808140486
:10C32000E408700D8901000800804C00080C150419
:10C33000E02A00000700000000003C0008CC1100CB
:10C34000A02A00000700000000003C0008CC3100DB
:10C350003A0000000700000000003C0008CC51003B
:10C360007A0000000700000000003C0008CC7100CB
:10C37000BA000B0A0700000000803C0008CC9100C6
:10C380003A0600000700000000003C0008CCB100A5
:10C390007A0600000700000000003C0008CCD10035
:10C3A000BA068B0B0700000000803C0008CCF100AF
:10C3B0003A0600000700000000003C0008CC110114
:10C3C0007A0600000700000000003C0008CC3101A4
:10C3D000BA060000070000000000380008B4150489
:10C3E00028005B10070086180C00380008B41504FC
:10C3F000280C5B13070084200C00380008B01504DB
:10C40000280C000007000008000048000800000099
:10C410000000590D00008E4000004C00080C15046F
:10C42000A0010000060000000000340008CC11004C
:10C4300060015909060000000400480008000000DF
:10C4400000001D1100008A100000480008000000D4
:10C45000000000000000000800004800081014045C
:10C46000240000000A040000000048000810140422
:10C470006400530F0A0400000080480008101404F0
:10C48000A400530F0A040000000048000810140420
:10C49000E400500F0A0400000000480008000000FB
:10C4A0000000F31B000000000080480008000000AE
:10C4B0000000E30B000000000080480008000000BE
:10C4C0000000BA0D00000000E05048000800000025
:10C4D0000000630D0000000000804800080000001C
:10C4E0000000BA0D000000081CC0480008CC250060
:10C4F0003E001808090000000080C80008CC250094
:10C5000036008008190000000080480108CC250092
:10C5100036008008290000000080C80108CC2500F2
:10C5200036008008390000000080480208CC250051
:10C5300036008008490000000080C80208CC2500B1
:10C5400036008008590000000080480308CC250010
:10C5500036008008690000000080C80308CC250070
:10C5600036000000790000080000480008CC2500D3
:10C570003E001808090000000080C80008CC250013
:10C5800036008008190000000080480108CC250012
:10C5900036008008290000000080C80108CC250072
:10C5A00036008008390000000080480208CC2500D1
:10C5B00036008008490000000080C80208CC250031
:10C5C00036008008590000000080480308CC250090
:10C5D00036000000690000080000480008CC250073
:10C5E0003E001808090000000080C80008CC2500A3
:10C5F00036008008190000000080480108CC2500A2
:10C6000036008008290000000080C80108CC250001
:10C6100036008008390000000080480208CC250060
:10C6200036008008490000000080C80208CC2500C0
:10C6300036000000590000080000480008CC250022
:10C640003E001808090000000080C80008CC250042
:10C6500036008008190000000080480108CC250041
:10C6600036008008290000000080C80108CC2500A1
:10C6700036008008390000000080480208CC250000
:10C6800036000000490000080000480008CC2500E2
:10C690003E001808090000000080C80008CC2500F2
:10C6A00036008008190000000080480108CC2500F1
:10C6B00036008008290000000080C80108CC250051
:10C6C00036000000390000080000480008CC2500B2
:10C6D0003E001808090000000080C80008CC2500B2
:10C6E00036008008190000000080480108CC2500B1
:10C6F00036000000290000080000480008CC250092
:10C700003E001808090000000080C80008CC250081
:10C7100036000000190000080000480008CC250081
:10C720003E000000090000080000380008B41504AD
:10C73000280C5B130700F0180C80380008B41504AF
:10C74000280EDB130700EE200C80380008B015041B
:10C75000280E00008E00000800004C00081833006E
:10C76000260000002900000800000200000400006C
:10C77000F001480008101404241600000A04000008
:10C7800000004800080000000000700D00000008D4
:10C7900000004C00080C1504A40200000900000071
:10C7A00000004C0008CC11006402000009000008E1
:10C7B0000000480008CC130022020000090000001D
:10C7C0000000480008CC33006202000009000000AD
:10C7D0000000480008CC5300A2020000090000003D
:10C7E0000000480008CC7300E202000009000000CD
:10C7F0000000480008CC930022030000090000005C
:10C800000000480008CCB3006203000009000000EB
:10C810000000480008CCD300A2030000090000007B
:10C820000000480008CCF300E20300000900000803
:10C830000000480008B4150428005B1009001C180B
:10C840000C80480008B41504280EDB1309001A20D8
:10C850000C80480008B01504280E0000890000086C
:10C860000000480008101404241200000A0400000C
:10C8700000004800080C15046000700D0900000855
:10C88000000048000800000000005B0D00000000F0
:10C8900000804C0008CC51002C06DB0B0900000086
:10C8A00004804C0008CC51002C06DB0B0900000072
:10C8B00004804C0008CC51002C06DB0B0900000062
:10C8C00004804C0008CC51002C06DB0B0900000052
:10C8D00004804C0008CC51002C06DB0B0900000042
:10C8E00004804C0008CC51002C06DB0B0900000032
:10C8F00004804C0008CC51002C06DB0B0900000022
:10C9000004804C0008CC51002C06DB0B0900000809
:10C910000480480008B4150428005B10090038188A
:10C920000C80480008B41504280EDB1309003620DB
:10C930000C80480008B01504280E00008900000093
:10C9400000004800080C1504600000000900000801
:10C9500000004800080814042400000088000008B3
:10C96000000006000004000001000000B0024800C2
:10C970000808140420000000090500000000480019
:10C98000080815042000000089000000000048008D
:10C9900008081504200000009900000800004C0061
:10C9A00008301200260200000A04000000004800BF
:10C9B00008000000000000000000000000004C0023
:10C9C000080815042400740D8900000000004800C8
:10C9D0000808150424140000990000000000480015
:10C9E0000818300024145C0D09050000FC7F4C0081
:10C9F00008303200260200000A040000000048004F
:10CA000008000000000000000000000000004C00D2
:10CA1000080815046400740D890000000000480037
:10CA200008081504241400009900000000004800C4
:10CA30000818300024145C0D09050000FC7F4C0030
:10CA400008305200260200000A04000000004800DE
:10CA500008000000000000000000000000004C0082
:10CA600008081504A400740D8900000000004800A7
:10CA70000808150424140000990000000000480074
:10CA80000818300024145C0D09050000FC7F4C00E0
:10CA900008307200260200000A040000000048006E
:10CAA00008000000000000000000000000004C0032
:10CAB00008081504E400740D890000000000480017
:10CAC0000808150424140000990000000000480024
:10CAD0000818300024145C0D09050000FC7F4C0090
:10CAE00008309200260200000A04000000004800FE
:10CAF00008000000000000000000000000004C00E2
:10CB0000080815042401740D890000000000480085
:10CB100008081504241400009900000000004800D3
:10CB20000818300024145C0D09050000FC7F4C003F
:10CB30000830B200260200000A040000000048008D
:10CB400008000000000000000000000000004C0091
:10CB5000080815046401740D8900000000004800F5
:10CB60000808150424140000990000000000480083
:10CB70000818300024145C0D09050000FC7F4C00EF
:10CB80000830D200260200000A040000000048001D
:10CB900008000000000000000000000000004C0041
:10CBA00008081504A401740D890000000000480065
:10CBB0000808150424140000990000000000480033
:10CBC0000818300024145C0D09050000FC7F4C009F
:10CBD0000830F200260200000A04000000004800AD
:10CBE00008000000000000000000000000004C00F1
:10CBF00008081504E401740D8900000000004800D5
:10CC000008081504241400009900000000004800E2
:10CC10000818300024145C0D09050008FC7F04008E
:10CC200000000100200048000800000000005C0D2A
:10CC300000000000FC7F4C0008B811002400000038
:10CC400019000008000002000704000000000000B6
:10CC5000000000004CCC00004CCC000054CC000084
:10CC600054CC00005CCC00005CCC000064CC000024
:10CC700064CC00006CCC00006CCC000074CC0000D4
:10CC800074CC00007CCC00007CCC000084CC000084
:10CC900084CC00008CCC00008CCC000094CC000034
:10CCA00094CC00009CCC00009CCC0000A4CC0000E4
:10CCB000A4CC0000ACCC0000ACCC0000B4CC000094
:10CCC000B4CC0000BCCC0000BCCC0000C4CC000044
:10CCD000C4CC0000CCCC0000CCCC0000D4CC0000F4
:10CCE000D4CC0000DCCC0000DCCC0000E4CC0000A4
:10CCF000E4CC0000ECCC0000ECCC0000F4CC000054
:10CD0000F4CC0000FCCC0000FCCC000004CD000002
:10CD100004CD00000CCD00000CCD000014CD0000AF
:10CD200014CD00001CCD00001CCD000024CD00005F
:10CD300024CD00002CCD00002CCD000034CD00000F
:10CD400034CD00003CCD00003CCD000044CD0000BF
:10CD500044CD00004CCD00004CCD000054CD00006F
:10CD600054CD00005CCD00005CCD000064CD00001F
:10CD700064CD00006CCD00006CCD000074CD0000CF
:10CD800074CD00007CCD00007CCD000084CD00007F
:10CD900084CD00008CCD00008CCD000094CD00002F
:10CDA00094CD00009CCD00009CCD0000A4CD0000DF
:10CDB000A4CD0000ACCD0000ACCD0000B4CD00008F
:10CDC000B4CD0000BCCD0000BCCD0000C4CD00003F
:10CDD000C4CD0000CCCD0000CCCD0000D4CD0000EF
:10CDE000D4CD0000DCCD0000DCCD0000E4CD00009F
:10CDF000E4CD0000ECCD0000ECCD0000F4CD00004F
:10CE0000F4CD0000FCCD0000FCCD000004CE0000FD
:10CE100004CE00000CCE00000CCE000014CE0000AA
:10CE200014CE00001CCE00001CCE000024CE00005A
:10CE300024CE00002CCE00002CCE000034CE00000A
:10CE400034CE00003CCE00003CCE000044CE0000BA
:10CE500044CE00004CCE00004CCE000054CE00006A
:10CE600054CE00005CCE00005CCE000064CE00001A
:10CE700064CE00006CCE00006CCE000074CE0000CA
:10CE800074CE00007CCE00007CCE000084CE00007A
:10CE900084CE00008CCE00008CCE000094CE00002A
:10CEA00094CE00009CCE00009CCE0000A4CE0000DA
:10CEB000A4CE0000ACCE0000ACCE0000B4CE00008A
:10CEC000B4CE0000BCCE0000BCCE0000C4CE00003A
:10CED000C4CE0000CCCE0000CCCE0000D4CE0000EA
:10CEE000D4CE0000DCCE0000DCCE0000E4CE00009A
:10CEF000E4CE0000ECCE0000ECCE0000F4CE00004A
:10CF0000F4CE0000FCCE0000FCCE000004CF0000F8
:10CF100004CF00000CCF00000CCF000014CF0000A5
:10CF200014CF00001CCF00001CCF000024CF000055
:10CF300024CF00002CCF00002CCF000034CF000005
:10CF400034CF00003CCF00003CCF000044CF0000B5
:10CF500044CF00004CCF00004CCF000054CF000065
:10CF600054CF00005CCF00005CCF000064CF000015
:10CF700064CF00006CCF00006CCF000074CF0000C5
:10CF800074CF00007CCF00007CCF000084CF000075
:10CF900084CF00008CCF00008CCF000094CF000025
:10CFA00094CF00009CCF00009CCF0000A4CF0000D5
:10CFB000A4CF0000ACCF0000ACCF0000B4CF000085
:10CFC000B4CF0000BCCF0000BCCF0000C4CF000035
:10CFD000C4CF0000CCCF0000CCCF0000D4CF0000E5
:10CFE000D4CF0000DCCF0000DCCF0000E4CF000095
:10CFF000E4CF0000ECCF0000ECCF0000F4CF000045
:10D00000F4CF0000FCCF0000FCCF000004D00000F3
:10D0100004D000000CD000000CD0000014D00000A0
:10D0200014D000001CD000001CD0000024D0000050
:10D0300024D000002CD000002CD0000034D0000000
:10D0400034D000003CD000003CD0000044D00000B0
:10D0500044D00000000000000300000064DF000076
:10D060000000000064DF0000CCDF000034E00000BE
:10D0700000000000000000000000000000000000B0
:10D0800000000000000000000000000000000000A0
:10D090000000000000000000000000000000000090
:10D0A0000000000000000000000000000000000080
:10D0B0000000000000000000000000000000000070
:10D0C0000000000000000000000000000000000060
:10D0D0000000000000000000000000000000000050
:10D0E0000000000000000000000000000000000040
:10D0F000000000000000000001000000000000002F
:10D100000E33CDAB34126DE6ECDE05000B000000F3
:10D11000000000000000000000000000000000000F
:10D1200000000000000000000000000000000000FF
:10D1300000000000000000000000000000000000EF
:10D1400000000000000000000000000000000000DF
:10D1500000000000000000000000000000000000CF
:10D1600000000000000000000000000000000000BF
:10D1700000000000000000000000000000000000AF
:10D18000430000000000000000000000000000005C
:10D19000000000000000000000000000000000008F
:10D1A000430000000000000000000000000000003C
:10D1B000000000000000000000000000000000006F
:10D1C000430000000000000000000000000000001C
:10D1D000000000000000000000000000000000004F
:10D1E00043000000000000000000000000000000FC
:10D1F000000000000000000000000000000000002F
:10D2000043000000000000000000000000000000DB
:10D21000000000000000000000000000000000000E
:10D2200043000000000000000000000000000000BB
:10D2300000000000000000000000000000000000EE
:10D24000430000000000000000000000000000009B
:10D2500000000000000000000000000000000000CE
:10D26000ECAE0400049C040000000000B8A800001C
:10D27000948500006C7800006C7800006C780000E9
:10D280006C7800006C7800006C7800006C7800000E
:10D290006C7800006C780000FFFFFFFFFFFFFFFFCE
:10D2A000FFFFFFFFFFFF000001004153434949001A
:10D2B000000000000000000000000000000000006E
:10D2C00000000000000000000000415343494900F5
:10D2D000000000000000000000000000000000004E
:10D2E000000000000000000000000000000000003E
:10D2F0004041000078BD0400FFFFFFFF0000020076
:10D3000060D000007CC2040038D4000040D400008B
:10D3100098C70400A4BB00007CBB000054D50000EB
:10D32000000000000000E041000000000000F03FAD
:10D330000000000000005043000000000000F83F23
:10D3400061436F63A787D23FB3C8608B288AC63F0B
:10D35000FB799F501344D33F04FA7D9D162D943CD6
:10D36000325A47551344D33F0000000000002440C8
:10D3700000000000000008400000000000001C4009
:10D380000000000000001440000000000000E03F2A
:10D39000002B2B4343554E470000803F000080BFC9
:10D3A000000000419A99193F0000003F0000004032
:10D3B000000020410000A040000080490000C04063
:10D3C0000000807F1772B142B5F1CFC23BAAB83FCF
:10D3D0008071313FD1F717374CBB31330EEADD3561
:10D3E00055B38A38610B363BABAA2A3ECAF2497163
:10D3F0000000800D0000001000000070F4A9000083
:10D40000489B0000F4A90000789C00000000000088
:10D4100000000000D1F71737D1F717B78071313FFF
:10D42000807131BF0000003F000000BFF4A9000080
:10D43000ACAA0000FFFFFFFFF4A9000034B8000011
:10D44000F4A9000064B80000F4A9000084B800004A
:10D4500000000000FCFFFF3FFFFFFFFF7115000011
:10D460006589076C120000000000C6EF0F00000085
:10D4700080562C9D07000000FFFFFFFF0B000000FF
:10D48000DFB008991F0000008D010000700200004D
:0CD4900020000000F4A90000C8BA000051
:10E0C800FFFF01082404000058040000FFFF0112AC
:10E0D8008802AC02B40400C404040000D00404B4F0
:10E0E8000400FFFF012C24400000EC0128E0070099
:10E0F8009804040000C40528F80700A00710E007EA
:10E1080000BC0720F80700DC0704E00700F4071C40
:10E118000000FFFF010B800104E8010088020400F1
:10E1280000FFFF0105A802040000FFFF0169980134
:10E13800040000AC0104FC0600B801040000CC0196
:10E1480004F80600D801040000EC0104DC0600F81D
:10E1580001040000880204C006009402040000A420
:10E168000204BC0600B002040000C00204A00600BD
:10E17800D002040000E00204800600EC0204000063
:10E18800FC0204D805008803040000980304BC05B9
:10E1980000EC038C030000FFFF010CDC019405F088
:10E1A80006009007040000FFFF010B88014094025D
:10E1B800009803040000FFFF010468040000FFFF4B
:10E1C8000105F800040000FFFF0116208C03000081
:10E1D800B80404F806008807040000940704F80649
:10E1E80000FFFF019F0118F80000009C039003E066
:10E1F800FE0000EC0804A8800100900C049C80013B
:10E2080000C80E04F8FF0000CC0F04E0800100A451
:10E218001004BC800100F81004C0FD0000BC18D038
:10E228002EF4FE0000B44804E0FE0000944904E027
:10E23800800100A04904F4FE0000EC49049C800120
:10E2480000C44DD822F4FE0000E070040000A07164
:10E25800840AF4FE0000D8FB00049C800100F8FB4F
:10E2680000A401F4FE0000BCFD00049C8001009C99
:10E27800FE00040000DCFE0018E0FE0000B880018B
:10E28800049C800100FFFF0105E801040000FFFF76
:10E298000124100400001804F008002004E8080015
:10E2A8002804E008003004D80800C401E006A408E7
:06E2B80000D40804000080
:10E2C0001000000000000000037A5200017C0101F0
:10E2D0001B0C02001400000018000000D480000095
:10E2E0002800000000500E105481010014000000AE
:10E2F00030000000E48000002800000000500E10F4
:10E30000548101001000000048000000F48000006B
:10E3100038000000000000001800000000000000AD
:10E32000037A504C5200017C01079BC9EFFFFF1B91
:10E330001B0C02002400000020000000FC800000F4
:10E34000680000000483FDFFFF700E204881015823
:10E350000AC1480E00440B44C1440E0054000000A2
:10E36000480000003C810000540200000467FDFFEB
:10E37000FF440E60488907960C7081058806920854
:10E380009309940A950B970D980E990F9A109B116B
:10E390000384010AC144C844C944D244D344D44488
:10E3A000D544D644D744D844D944DA44DB440E009B
:10E3B000440B000014000000F80000003883000047
:10E3C0003800000000700E104481010010000000B1
:10E3D00010010000588300000C0000000000000045
:10E3E0001000000024010000508300000C00000019
:10E3F00000000000340000003801000048830000E5
:10E40000E801000000440E204C890381016C880261
:10E4100002640AC850C144C9440E00440B5CC85889
:10E420000AC144C9440E00440B488802340000006D
:10E4300070010000F88400004801000000440E2034
:10E440004C88028903810102800AC144C844C9483A
:10E450000E00440B02740AC144C844C9480E00446B
:10E460000B00000020000000A8010000088600004A
:10E47000F800000000440E20488802810102840A4E
:10E48000C144C8480E00440B500000007401000055
:10E49000DC860000100400000451FCFFFF440E4025
:10E4A0004892049406588101548802890393050315
:10E4B000AC01C844C944D348C144D244D4440E003A
:10E4C000440E408101880289039204930594060357
:10E4D000CC01C8C9D34888028903930524000000F1
:10E4E00020020000988A00009400000000440E20E2
:10E4F000448101740AC1480E00440B02400AC14421
:10E500000E00440B1C00000048020000048B0000B9
:10E510008400000000440E20448101780AC1480EA6
:10E5200000440B001800000068020000688B000027
:10E530006800000000700E2044810168C1480E0090
:10E540001000000084020000B48B00003C000000BA
:10E55000000000001000000098020000AC8D0000D8
:10E56000080000000000000030000000540200001D
:10E57000A08D00000C01000004A1FBFFFF02540E5F
:10E58000104888026481018903440E00C1C8C90291
:10E59000640E108101880289030000001000000051
:10E5A000E0020000788E0000300000000000000053
:10E5B00010000000F4020000948E00002000000013
:10E5C000000000002000000008030000A08E0000F2
:10E5D0003C01000000680E30488101880202F00A08
:10E5E000C144C8480E00440B300000002C0300005A
:10E5F000B88F00009000000000440E104C88028983
:10E6000003810102540AC144C844C9480E00440BA6
:10E6100044C144C844C9480E000000001000000076
:10E6200060030000149000001C00000000000000C7
:10E630006C000000740300001C900000AC0100009E
:10E64000004C0E30508802890381019204026093CD
:10E6500005027CD348C144C844C944D2440E004496
:10E660000E308101880289039204930544C144C895
:10E6700044D344C944D2440E00440E308101880280
:10E680008903920402449305500E00C1C8C9D2D335
:10E69000480E30810188028903920493050000002E
:10E6A00010000000E403000058910000100000007A
:10E6B0000000000010000000F8030000549100006A
:10E6C0000400000000000000100000000C04000026
:10E6D0004491000008000000000000002C00000031
:10E6E00020040000389100009000000000440E203B
:10E6F00048880289034C9204810102440AC144C83B
:10E7000044C944D2440E00440B0000001000000035
:10E710005004000098910000380000000000000044
:10E720001000000064040000BC9100002400000000
:10E73000000000001000000078040000FCFA020055
:10E740000800000000000000100000008C04000021
:10E75000F0FA0200080000000000000010000000B5
:10E76000A0040000A4910000C80000000000000008
:10E7700010000000B4040000589200006000000087
:10E780000000000010000000C8040000A492000077
:10E79000100000000000000018000000DC04000071
:10E7A000A09200003000000000440E204881015873
:10E7B000C1480E002C000000F8040000B4920000D4
:10E7C0001001000000440E30548101880289039238
:10E7D00004930502980AC144C844C944D244D348AA
:10E7E0000E00440B24000000280500009493000054
:10E7F0009C03000000440E4048880281010360032E
:10E800000AC144C8440E00440B0000001800000078
:10E8100050050000089700002C00000000440E2066
:10E820004481015CC1440E00100000006C05000032
:10E8300018FA02000800000000000000200000009C
:10E8400080050000049700005800000000440E10EE
:10E8500048880281010240C844C1440E0000000003
:10E860006C000000A405000038970000E8010000DB
:10E8700000440ED001588802980A810170940695D0
:10E8800007960897095C920493058903990B9A0CE3
:10E890009B0D02C4C944D244D344D944DA44DB6852
:10E8A0000AC144C844D444D544D644D744D8480EB9
:10E8B00000440B54D4D5D6D702448903920493055F
:10E8C0009406950796089709990B9A0C9B0D0000E2
:10E8D0002C00000014060000B0980000DC000000CE
:10E8E00000440E205493058101880289039204029A
:10E8F000940AC144C848C944D244D3480E00440BCA
:10E9000058000000440600005C990000B4020000BA
:10E9100000440E30648802810189039305940695B2
:10E92000079608029892049709980A990B9A0C0383
:10E930009C01D244D744D844D944DA440AC144C8DB
:10E9400044C944D344D444D544D6480E00440B545F
:10E9500092049709980A990B9A0C00002000000075
:10E96000A0060000B49B00006400000000440E10EC
:10E9700048880281010248C844C1480E00000000D6
:10E9800018000000C4060000F49B000044000000D2
:10E9900000440E2044810174C1440E0010000000A8
:10E9A000E0060000ACF802001400000000000000C7
:10E9B00010000000F4060000089C00003000000079
:10E9C000000000001000000008070000249C000068
:10E9D0003000000000000000100000001C070000D4
:10E9E000409C000010000000000000001800000023
:10E9F000300700003C9C00003000000000440E2066
:10EA000048810158C1480E00780000004C07000002
:10EA1000509C00003C05000000440E800158880214
:10EA20009406810189039204024493059507789620
:10EA3000089709032001D644D744C144C844D344AD
:10EA4000D544C944D244D4480E00440E800181010B
:10EA50008802890392049406025C93059507960840
:10EA6000970964D6D75096089709032001D644D752
:10EA7000036C01960897094CD6D750960897094C15
:10EA8000D6D700004C000000C807000010A100000D
:10EA90009403000000440E50709A0C810188028992
:10EAA00003920493059406950796089709980A9986
:10EAB0000B0378020AC844C144C944D244D344D4A5
:10EAC00044D544D644D744D844D944DA440E00440B
:10EAD0000B000000180000001808000054A40000FB
:10EAE0003800000000440E2044810168C1440E003B
:10EAF000500000003408000070A40000EC05000085
:10EB000000440E7054810103C402880289039305F6
:10EB100094069507980A990B9B0D920496089709FD
:10EB20009A0C03D001C844C944D244D344D444D538
:10EB300044D644D744D844D944DA44DB440AC148D3
:10EB40000E00440B700000008808000008AA0000B6
:10EB5000D403000000440E60708802920493059470
:10EB6000069507980A8101890396089709990B036E
:10EB70001C019A0C9B0D02B0DA44DB0298C144C818
:10EB800044C944D244D344D444D544D644D844D9C7
:10EB900048D7440E00440E60810188028903920424
:10EBA00093059406950796089709980A990B9A0C6D
:10EBB0009B0D02F4DADB00002C000000FC080000D2
:10EBC00068AD00004401000000440E30548101880B
:10EBD0000289039204930502D40AC144C844C9447B
:10EBE000D244D3440E00440B580000002C0900000E
:10EBF0007CAE0000D007000000540ED0014C9204FF
:10EC000050980A024896089A0C9B0D810188028947
:10EC100003930594069507970903D401990B0344C0
:10EC200004D902C80AC144C844C944D244D344D414
:10EC300044D644D744D844DA44DB48D5440E004493
:10EC40000B000000AC00000088090000F0B50000D7
:10EC5000E408000000440E7070880281018903926C
:10EC60000493059406980A028895079608970999CF
:10EC70000B9A0C0388039B0D0284DB6CD5D6D7D985
:10EC8000DA60950796089709990B9A0C02DCD5D69D
:10EC9000D7D9DA0298C144C844C944D244D344D431
:10ECA00044D8480E00440E70810188028903920402
:10ECB00093059406950796089709980A990B9A0C5C
:10ECC0009B0D68DB03A401D544D644D744D944DA6C
:10ECD00048950796089709990B9A0C9B0D44DB50B1
:10ECE000D5D6D7D9DA64950796089709990B9A0C67
:10ECF000509B0D0010000000380A000024BE0000E8
:10ED00000800000000000000240000004C0A000081
:10ED100018BE0000A000000000440E104C880289BC
:10ED2000038101026C0AC144C844C9480E00440B67
:10ED30004C000000740A000090BE0000700100004A
:10ED400000480E206488028903810102400AC14400
:10ED5000C844C9440E00440B4C92040240D248C13E
:10ED600044C844C9440E00480E208101880289032A
:10ED7000024C0AC144C844C9440E00440B000000C0
:10ED80004C000000C40A0000B0BF00007001000089
:10ED900000480E206488028903810102400AC144B0
:10EDA000C844C9440E00440B4C92040240D248C1EE
:10EDB00044C844C9440E00480E20810188028903DA
:10EDC000024C0AC144C844C9440E00440B00000070
:10EDD0004C000000140B0000D0C0000070010000C7
:10EDE00000480E206488028903810102400AC14460
:10EDF000C844C9440E00440B4C92040240D248C19E
:10EE000044C844C9440E00480E2081018802890389
:10EE1000024C0AC144C844C9440E00440B0000001F
:10EE2000300000000C0B0000F0C100003C010000AD
:10EE300004F8F2FFFF440E10588802890381019202
:10EE40000403F8000AC844C144D248C9440E00442F
:10EE50000B00000018000000980B0000F8C2000032
:10EE60002400000000440E2044810150C1480E00DF
:10EE70001C000000B40B000000C300007400000080
:10EE800000440E204481010264C1440E00000000D1
:10EE9000640000007C0B000054C3000080030000ED
:10EEA0000491F2FFFF440E305881018802890392D9
:10EEB0000402600AC144C844D248C9440E00440B4D
:10EEC000032401930502B8D3640A9305440B600A36
:10EED0009305440B500A93054C0B50930558D3549B
:10EEE0000A93054C0B500A93054C0B540A93054C9E
:10EEF0000B5093054CD300004C0000003C0C00006C
:10EF00006CC600008801000000500E205C88028959
:10EF100003810102480AC144C844C9480E00440B99
:10EF20004C92040240D248C144C844C9480E004C27
:10EF30000E2081018802890302500AC144C844C9D5
:10EF4000440E00440B000000300000008C0C000058
:10EF5000A4C70000D000000000440E104C880289B5
:10EF600003810102800AC144C844C9480E00440B11
:10EF70004C0AC144C844C9480E00440B8C00000030
:10EF8000680C000040C80000940300000412F2FF67
:10EF9000FF440E70548101920494069A0C027495F9
:10EFA000079B0D88028903930596089709980A998B
:10EFB0000B038001C844C944D344D544D644D74444
:10EFC000D844D944DB44C144D244D444DA480E0086
:10EFD000440E70810188028903920493059406957A
:10EFE0000796089709980A990B9A0C9B0D02E4C89A
:10EFF000C9D3D5D6D7D8D9DB5888028903930595CC
:10F000000796089709980A990B9B0D007800000055
:10F01000500D000044CB0000940A000000440E5044
:10F020004C990B8101023C89039406880292049357
:10F0300005950796089709980A9A0C9B0D030003FB
:10F04000C844C944D244D344D444D544D644D74414
:10F05000D844DA44DB44C148D9440E00440E508100
:10F0600001880289039204930594069507960897F0
:10F0700009980A990B9A0C9B0D030007C8C9D2D3B3
:10F08000D4D5D6D7D8DADB007C000000CC0D000048
:10F090005CD500003402000000440E205C8802921F
:10F0A000049305810189036C95074894060298D45E
:10F0B00044D544C144C844C944D244D3480E004452
:10F0C0000E20810188028903920493059406950716
:10F0D00044D444D5780AC144C844C944D244D3482E
:10F0E0000E00440B028094069507440AD444D5448C
:10F0F0000B44D444D5440AC144C844C944D244D37F
:10F10000480E00440B0000002C000000F40D00002D
:10F1100010D700009C0100000496F0FFFF440E1081
:10F120004C88028903810103F4000AC144C844C920
:10F13000440E00440B000000280000007C0E00007C
:10F140007CD80000A400000000440E104888028112
:10F150000102780AC844C1480E00440B44C144C8A7
:10F16000440E000020000000A80E0000F4D80000AB
:10F17000A000000000440E1048880281010284C8EB
:10F1800044C1480E0000000010000000CC0E00003A
:10F1900070D900000800000000000000100000000E
:10F1A000E00E0000C0F002000800000000000000B7
:10F1B00010000000F40E000050D900001000000004
:10F1C0000000000018000000080F00004CD90000EB
:10F1D0003000000000440E2048810158C1480E0054
:10F1E00018000000240F000060D90000600000003B
:10F1F00000440E307481015CC1480E002C000000F8
:10F20000400F0000A4D90000E000000000440E30D0
:10F21000548101880289039204930502840AC1443F
:10F22000C844C944D244D3480E00440B50000000E7
:10F23000700F000054DA00008001000000440E50FE
:10F240004C8101990B7088028903920493059406FE
:10F25000950796089709980A9B0D9A0C03DC00C83D
:10F2600044C944D244D344D444D544D644D744D8E2
:10F2700044DA44DB5C0AC14CD9440E00440B000064
:10F2800018000000C40F000080DB00002000000018
:10F2900000440E1044810150C1440E0018000000CB
:10F2A000E00F000084DB00002C00000000440E2072
:10F2B0004481015CC1440E0010000000FC0F0000FE
:10F2C000ACEF020008000000000000001000000089
:10F2D00010100000A0EF0200080000000000000075
:10F2E00024000000CC0F00006CDB00006C0000006C
:10F2F00004CDEEFFFF440E104C880281010250C87D
:10F3000044C1440E000000008C0000004C100000BE
:10F31000B0DB0000F40E000000440EF0027081012A
:10F320008802890396089709980A9B0D9204930511
:10F33000940602809507990B9A0C03880A0AD54413
:10F34000D944DA440B44D544D944DA032C03C144EC
:10F35000C844C944D244D344D444D644D744D844FE
:10F36000DB480E00440EF0028101880289039204FA
:10F3700093059406950796089709980A990B9A0C95
:10F380009B0D50D544D944DA489507990B9A0C50F7
:10F39000D544D948DA00000024000000DC10000049
:10F3A00014EA00003C01000000680E30488101882A
:10F3B0000203F4000AC144C8440E00440B000000DC
:10F3C00024000000AC10000028EB00007C000000CE
:10F3D00004F5EDFFFF440E104C880281010258C86D
:10F3E00044C14C0E00000000180000002C11000069
:10F3F0007CEB00004000000000440E2044810170BE
:10F40000C1440E00300000004811000070EE020000
:10F41000E400000000440E30588101880289039204
:10F42000049305940602A00AC144C844C944D244C6
:10F43000D344D4440E00440B500000007C11000063
:10F440006CEB0000E004000000440E707C8101922F
:10F45000049305940695079B0D88028903960897E7
:10F4600009980A990B9A0C0340040AC144C844C97C
:10F4700044D244D344D444D544D644D744D844D9C0
:10F4800044DA44DB480E00440B000000100000008A
:10F49000D0110000CCEE02000800000000000000C7
:10F4A00010000000E4110000E4EF00001000000074
:10F4B0000000000018000000F8110000E0EF00005C
:10F4C0003000000000440E2048810158C1480E0061
:10F4D0001800000014120000F4EF00004C000000BF
:10F4E00000440E206081015CC1480E00280000002D
:10F4F0003012000024F00000F800000000440E204C
:10F5000050810188028903920402AC0AC144C844B4
:10F51000C944D2480E00440B540000005C120000A5
:10F52000F0F000005801000000440E2054930581C3
:10F53000018802890392044C94060264D40268C8CC
:10F5400044C144D244D348C9440E00440E20810132
:10F55000880289039204930594064CD4440AC14856
:10F56000C844C944D244D3480E00440B509406000A
:10F5700018000000B4120000F0F100002C000000A0
:10F5800000440E204481015CC1440E0010000000C4
:10F59000D0120000D4ED02000800000000000000BE
:10F5A00010000000E4120000ECF100000800000070
:10F5B0000000000010000000F8120000E0F1000060
:10F5C0000800000000000000100000000C13000004
:10F5D000D4F100001000000000000000180000003E
:10F5E00020130000D0F100003000000000440E2085
:10F5F00048810158C1480E00180000003C1300006B
:10F60000E4F100002C00000000440E204481015C65
:10F61000C1440E001000000058130000F4F1000077
:10F620005000000000000000100000006C130000FB
:10F6300030F200003C00000000000000100000005C
:10F640008013000058F200003C00000000000000A1
:10F65000100000009413000080F200003C00000045
:10F660000000000010000000A8130000A8F2000035
:10F670003C0000000000000024000000BC1300005B
:10F68000D0F200002004000000440E2048880281CF
:10F69000010320010AC144C8480E00440B000000C9
:10F6A0002C000000E4130000C8F600004401000034
:10F6B00000440E20548802890392049305810102BC
:10F6C000F40AC144C844C944D244D3440E00440B94
:10F6D00094000000BC130000DCF700009803000059
:10F6E00004EEEAFFFF440EC0025093054C81017402
:10F6F0009507880289039204940696089709980A48
:10F70000990B9A0C9B0D030001C844C944D244D400
:10F7100044D544D644D744D844D944DA44DB48C11C
:10F7200044D3440E00440EC0028101880289039232
:10F730000493059406950796089709980A990B9AD9
:10F740000C9B0D03E001C8C9D2D4D5D6D7D8D9DADD
:10F75000DB48880289039204940695079608970966
:10F76000980A990B9A0C9B0D10000000AC14000035
:10F77000DCFA000040000000000000001000000063
:10F78000C014000008FB00001C0100000000000085
:10F7900030000000D4140000D8EB0200E4000000A8
:10F7A00000440E3058810188028903920493059425
:10F7B0000602A00AC144C844C944D244D344D44434
:10F7C0000E00440B2800000008150000DCFB0000C0
:10F7D0007800000000440E304488024C8101700A19
:10F7E000C144C8440E00440B58C144C8480E000030
:10F7F000200000003415000028FC00004C00000030
:10F8000000440E20448101640AC1440E00440B50A0
:10F81000C1440E00300000005815000038EC020012
:10F820003001000000440E305881018802890392A3
:10F83000049305940602D80AC144C844C944D2447A
:10F84000D344D4440E00440B440000008C15000047
:10F850001CFC00005803000000440E704481017C31
:10F860008802030001C8440AC1480E00440B02701C
:10F87000C1440E00440E7081018802024CC8640A23
:10F880008802440B024C880270C80298880200006B
:10F8900038000000D41500002CFF000074020000A6
:10F8A00000440E704481010260880202D4C8440AF8
:10F8B000C1480E00440B02448802025CC86C0A88EE
:10F8C00002440B640A8802440B6C88022400000086
:10F8D00010160000640101003C01000000680E30B9
:10F8E000488101880203F4000AC144C8440E004460
:10F8F0000B00000024000000381600007802010010
:10F900003C01000000680E30488101880203F400C9
:10F910000AC144C8440E00440B0000001C00000053
:10F92000601600008C0301006C00000000440E20F3
:10F93000448101025CC1440E000000006000000030
:10F9400080160000D8030100BC01000000440E70C6
:10F95000588806940A960C810589079208025895E2
:10F960000B970D9309980E990F9A109B1102D0D303
:10F9700044D544D744D844D944DA44DB680AC14466
:10F98000C844C944D244D444D6480E00440B4C93D6
:10F9900009950B970D980E990F9A109B1100000076
:10F9A00020000000E4160000DCEB0200680000000C
:10F9B00000500E20448101640AC1480E00440B44EB
:10F9C000C1440E0048000000B016000020EC020008
:10F9D0003403000004435D0000440E406888028147
:10F9E0000189039204930594069507960897099850
:10F9F0000A0340020AC144C844C944D244D344D48F
:10FA000044D544D644D744D8440E00440B000000EB
:10FA1000300000005417000008EF0200E40000006E
:10FA200000440E30588101880289039204930594A2
:10FA30000602A00AC144C844C944D244D344D444B1
:10FA40000E00440BD0000000301700008C040100B1
:10FA50006C4000000494E7FFFF440EE0034C81017A
:10FA6000880274890302C092049305940695079650
:10FA7000089709980A990B9A0C9B0D038405D2D319
:10FA8000D4D5D6D7D8D9DADB48C148C844C9440E42
:10FA900000440EE0038101880289039204930594D7
:10FAA00006950796089709980A990B9A0C9B0D03DF
:10FAB00098040AC148C844D244D344D444D544D657
:10FAC00044D744D844D944DA44DB44C9440E004402
:10FAD0000B03A42CD2D3D4D5D6D7D8D9DADB0244A1
:10FAE000920493059406950796089709980A990B2E
:10FAF0009A0C9B0D03C006D2D3D4D5D6D7D8D9DA69
:10FB0000DB68920493059406950796089709980A6E
:10FB1000990B9A0C9B0D00003C0000005C18000043
:10FB200024440100E000000000440E2048890381C5
:10FB3000014C9204930502448802025CC844C1440B
:10FB4000C944D244D3480E00440E20810188028962
:10FB500003920493050000002C00000044180000EC
:10FB6000C4440100FC0000000424E7FFFF440E1021
:10FB700054880289039204810102BC0AC844C1442A
:10FB8000C948D2440E00440B18000000CC180000F5
:10FB9000904501002400000000440E2044810150E3
:10FBA000C1480E0010000000E81800009845010050
:10FBB0002C0000000000000010000000FC180000F5
:10FBC000B0450100280000000000000024000000F3
:10FBD00010190000C44501009801000000440E10F7
:10FBE000448101640AC1440E00440B02B80AC148B2
:10FBF0000E00440B100000003819000034470100CB
:10FC00003800000000000000100000004C19000047
:10FC100058470100380000000000000010000000FC
:10FC2000601900007C470100400000000000000057
:10FC30001000000074190000A8470100E80000004F
:10FC40000000000040000000881900007C4801000E
:10FC50000801000000440E204C89039305608802CF
:10FC6000920481015C0AC144C844C944D244D344CB
:10FC70000E00440B02500AC144C844C944D244D3C4
:10FC8000440E00440B00000024000000CC190000CA
:10FC9000404901008400000000440E204C8101888E
:10FCA0000289030264C144C844C9440E0000000034
:10FCB00024000000F41900009C49010084000000A9
:10FCC00000440E204C8101880289030264C144C8AB
:10FCD00044C9440E00000000500000001C1A00003F
:10FCE000F8490100B401000000440E305C8802892C
:10FCF0000381019204700AC144C844C944D2440E2D
:10FD000000440B02700AC144C844C944D2440E00E6
:10FD1000440B023C0AC144C844C944D2440E0044C6
:10FD20000B5C930502500AD3480B44D360000000DB
:10FD3000701A0000584B0100E002000000540E5001
:10FD400064810188028903920493059406950796BD
:10FD50000897090348010AC144C844C944D244D39E
:10FD600044D444D544D644D7480E00440B03040180
:10FD70000E00C1C8C9D2D3D4D5D6D7480E50810100
:10FD800088028903920493059406950796089709BB
:10FD900054000000D41A0000D44D010010020000ED
:10FDA00000700E2058880289038101740AC144C87A
:10FDB00044C9480E00440B023CC144C844C9480E23
:10FDC00000600E20810188028903027C0AC144C8B8
:10FDD00044C9480E00440B5492040258C144C8441C
:10FDE000D244C9480E000000400000002C1B000057
:10FDF0008C4F01009401000000440E2058810188BE
:10FE0000026C0AC144C8440E00440B02700AC1448B
:10FE1000C8440E00440B02440AC144C8440E0044C6
:10FE20000B54890302500AC9480B44C9380000002A
:10FE3000701B0000DC500100A801000000440E20EF
:10FE400058810188026C0AC144C8440E00440B0268
:10FE5000800AC144C8440E00440B02588903026062
:10FE60000AC9480B44C9000030000000AC1B000068
:10FE7000485201006001000000440E304C880289A5
:10FE8000039204649305810102740AC144C844C901
:10FE900044D244D3440E00440B0000003400000060
:10FEA000E01B000064CA0100C000000000440E20F6
:10FEB0004494064881015C8802890348930548926E
:10FEC000040248C844D250D344C9500AC144D4445F
:10FED0000E00440B10000000181C0000ECCA0100CA
:10FEE0005800000000000000340000002C1C00003E
:10FEF00030CB0100BC00000000440E2044930548B4
:10FF000081016C88028903920494060254C844C992
:10FF100044D244D44C0AC144D3440E00440B0000E4
:10FF200010000000641C0000B4CB01006C00000055
:10FF30000000000010000000781C00000CCC010044
:10FF40000800000000000000100000008C1C0000F1
:10FF500000CC01000C0000000000000010000000B8
:10FF6000A01C0000F8CB01000C0000000000000005
:10FF700010000000B41C0000F0CB010010000000D5
:10FF80000000000010000000C81C0000ECCB0100C5
:10FF90000C0000000000000010000000DC1C00004D
:10FFA000E4CB01000C000000000000001000000085
:10FFB000F01C0000DCCB01000C0000000000000081
:10FFC00010000000041D000094D301000400000094
:10FFD0000000000028000000C01C000084D30100C5
:10FFE0008C04000004B1E2FFFF440EB0024C81011A
:10FFF000880203E4030AC144C8480E00440B000011
:020000021000EC
:1000000018000000441D0000FCE902001800000078
:1000100000440E1044810148C1440E00100000004D
:10002000601D0000C8D701000C04000000000000A3
:1000300010000000741D0000500002003400000099
:100040000000000010000000881D00007000020089
:100050005000000000000000100000009C1D000087
:10006000AC00020040000000000000001000000092
:10007000B01D0000D80002003400000000000000A5
:1000800018000000C41D0000F80002003C00000041
:1000900000580E10448101440E00C10030000000E1
:1000A000E01D000018010200BC01000000440E30F9
:1000B0005881018802890392049305940602680A14
:1000C000C144C848C944D244D344D4440E00440B6C
:1000D00054000000141E0000A002020024060000CC
:1000E00000440E5074880292049305940695079676
:1000F000089709980A990B9B0D810189039A0C4472
:100100000C0800024C0A0C025044C144C844C944C3
:10011000D244D344D444D544D644D744D844D94413
:10012000DA44DB440E00440B540000006C1E000057
:100130006C0802005C06000000440E5074880292B5
:100140000493059406950796089709980A990B9BBE
:100150000D810189039A0C440C0800024C0A0C0220
:100160005044C144C844C944D244D344D444D5447F
:10017000D644D744D844D944DA44DB440E00440B77
:1001800010000000C41E0000700E020040000000BD
:10019000000000004C000000D81E00009C0E020071
:1001A0004803000000440E404488024C89037481D7
:1001B00001920493059406950796089709980A9961
:1001C0000B9A0C5C0AC144C844C944D244D344D4F9
:1001D00044D544D644D744D844D944DA440E0044E4
:1001E0000B00000014000000281F00009411020002
:1001F00024000000005C0E10448101001800000083
:10020000401F0000A011020084000000005C0E10DE
:10021000448101440E00C100380000005C1F000052
:10022000081202002401000000440E304488024CF1
:1002300093055C8101890392049406950702BC0A28
:10024000C144C844C944D244D344D444D5440E0024
:10025000440B00004C000000981F0000F012020048
:100260005C06000000440ED00244880270890392AC
:10027000049305940695079709990B9A0C810196AA
:1002800008980A7C0AC144C858C944D244D344D40B
:1002900044D544D644D744D844D944DA440E004423
:1002A0000B00000044000000E81F0000FC180200E2
:1002B0002002000000440EF0054888029305748176
:1002C00001890392049406950796089709980A03F2
:1002D00008010AC148C844C944D244D344D444D5CF
:1002E00044D644D744D8440E00440B0030000000EC
:1002F00030200000D41A02003802000000440EE052
:10030000054892049305588802890348810103F047
:1003100001C148C844C944D244D3440E000000007F
:100320002400000064200000D81C020068000000C7
:1003300000440E1048880289034881010240C144EC
:10034000C848C9440E000000400000008C20000096
:10035000181D0200F000000000440EF00564880241
:1003600092049305940695079709810189039608DD
:1003700002840AC144C844C944D244D344D444D5B5
:1003800044D644D7440E00440B000000480000004F
:10039000D0200000C41D02002801000000440EF01F
:1003A000054895076C89039204930594069608976F
:1003B00009980A990B8101880202B40AC148C8440D
:1003C000C944D244D344D444D544D644D744D84471
:1003D000D9440E00440B0000100000001C21000056
:1003E000A01E02000800000000000000180000002D
:1003F00030210000941E02007000000000580E1012
:10040000448101440E00C100100000004C21000096
:10041000E81E0200080000000000000010000000BC
:1004200060210000DC1E020014000000000000003B
:100430001000000074210000DC1E02000800000013
:10044000000000001000000088210000D01E020003
:100450000800000000000000100000009C210000C7
:10046000C41E020008000000000000001800000088
:10047000B0210000B81E02002800000000440E2039
:100480004C810150C1440E0010000000CC2100003E
:10049000C41E020008000000000000001000000060
:1004A000E0210000B81E020008000000000000006B
:1004B00028000000F4210000AC1E0200E40000004F
:1004C00000440E800B488802890358810102A40A67
:1004D000C148C844C9440E00440B0000100000008D
:1004E00020220000641F0200040000000000000041
:1004F0008800000034220000541F0200EC010000BC
:1005000000440EF00F02480E8011810188028A0417
:100510008B058C068D079309940A950B8903920825
:10052000960C970D980E990F9A109B1102500A0E77
:10053000F00F44C144C844C944D244D344D444D540
:1005400044D644D744D844D944DA44DB440E00446A
:100550000B02C40EF00F44C144C844C944CA44CB82
:1005600044CC44CD44D244D344D444D544D644D7D7
:1005700044D844D944DA44DB440E00007C00000037
:10058000C0220000B42002004801000000440ED048
:100590000B4888028903588A048B058C0692087CD4
:1005A00081018D079309940A950B960C970D980E6F
:1005B000990F9A109B11025C0AC848C144C944CAE9
:1005C00044CB44CC44CD44D244D344D444D544D683
:1005D00044D744D844D944DA44DB440E00480B44A1
:1005E000C144C844C944D244D344D444D544D64475
:1005F000D744D844D944DA44DB440E0060000000FC
:10060000402300007C2102001001000000440ED0B5
:100610000B4888028A044C8B058C06024081018DB0
:1006200007890392089309940A950B960C970D98E5
:100630000E990F9A109B110268C848C144C944CA58
:1006400044CB44CC44CD44D244D344D444D544D602
:1006500044D744D844D944DA44DB440E00000000B7
:100660007C000000A42300002822020048010000B2
:1006700000480ED00B02448802810189038A048B52
:10068000058C068D0792089309940A950B960C9792
:100690000D980E990F9A109B11026C0AC848C1441C
:1006A000C944CA44CB44CC44CD44D244D344D444BA
:1006B000D544D644D744D844D944DA44DB440E0068
:1006C000480B48C144C844C944D244D344D444D557
:1006D00044D644D744D844D944DA44DB440E00001D
:1006E0001000000024240000F02202001800000086
:1006F000000000004C00000038240000F42202003A
:10070000DC00000000440EB00B4893059406024044
:100710008903920481018802950796089709980A2F
:10072000990B9A0C9B0D0254C148C844C944D24449
:10073000D344D444D544D644D744D844D944DA44E5
:10074000DB440E001000000088240000802302001B
:100750003400000000000000100000009C24000095
:10076000A02302005000000000000000380000003C
:10077000B0240000DC230200D800000000440E205A
:1007800044880260920493059406950796088101B7
:100790008903600AC144C844C944D244D344D44400
:1007A000D544D6440E00440B18000000EC24000091
:1007B000782402005C00000000680E1044810144AF
:1007C0000E00C1001800000008250000B824020037
:1007D0005000000000700E10448101440E00C10062
:1007E0002C00000024250000EC2402006801000019
:1007F00000440E30548903930581018802920464F9
:100800000AC144C848C944D244D3440E00440B0032
:100810002C00000054250000242602009400000053
:1008200000480E304888024889035481019204022E
:100830004C0AC144C844C944D2440E00440B0000D1
:10084000380000008425000088260200A400000073
:1008500000440E204489034C92046488029305945A
:1008600006950781015C0AC144C844C944D244D3F7
:1008700044D444D5440E00440B0000003400000072
:10088000C0250000F02602001C01000000440E30CC
:100890004489034888025881019204930594060212
:1008A000480AC144C844C944D244D344D4480E0081
:1008B000440B000048000000F8250000D427020087
:1008C0007801000000440E404489035488029507D3
:1008D00070930596089709990B81019204940698E4
:1008E0000A03F0000AC148C844C944D244D344D4DE
:1008F00044D544D644D744D844D9440E00440B00D0
:100900001000000044260000002902001000000032
:10091000000000003000000058260000FC28020003
:10092000B400000000440E3044890358810188025D
:100930009204930502740AC144C844C944D244D302
:10094000440E00440B0000003C0000008C26000018
:100950007C290200AC00000000440E306488029440
:100960000695079608970981018903920493055C0F
:100970000AC144C844C944D244D344D444D544D61B
:1009800044D7440E00440B0020000000CC26000099
:10099000E82902005800000000440E204888025058
:1009A000810170C144C8440E00000000280000000E
:1009B000F02600001C2A02006800000000440E20FF
:1009C000508802890392048101540AC144C844C971
:1009D00044D2440E00440B00700000001C270000AD
:1009E000582A02005802000000440EE00C44960809
:1009F0004893057088028903920494069507970925
:100A0000980A8101990B9A0C9B0D02840AC844C173
:100A100044C944D244D444D744D844D944DA44DB0A
:100A20004CD644D548D3440E00440B031801C144AE
:100A3000C844C944D244D344D444D544D644D7440A
:100A4000D844D944DA44DB440E00000048000000DA
:100A5000902700003C2C02006801000000440E506A
:100A60006488028903930594069507960897099868
:100A70000A990B4C8101920402580AC144C844C926
:100A800044D244D444D544D644D744D844D948D396
:100A9000440E00440B00000044000000DC2700006E
:100AA000582D02006401000000440E4044880254A6
:100AB0009406980A6C89039305950796088101921C
:100AC000049709640AC144C844C944D244D344D4F5
:100AD00044D544D644D744D8440E00440B0000000B
:100AE0005C00000024280000742E02009404000022
:100AF00000480E406888029406810189039204939D
:100B000005950796089709980A700AC844C144C910
:100B100044D344D544D644D744D84CD444D2440ECC
:100B200000440B025C0AC144C844D244D344D444B8
:100B3000D544D644D744D848C9440E00440B0000DD
:100B40001000000084280000A832020038000000D5
:100B5000000000001000000098280000CC320200C5
:100B60000C0000000000000020000000AC28000085
:100B7000C43202003C000000004C0E104488024CBD
:100B8000810150C844C1440E000000001000000064
:100B9000D0280000DC3202002C0000000000000021
:100BA00010000000E4280000F43202000C000000F5
:100BB0000000000020000000F8280000EC320200D5
:100BC0003000000000440E104488024C810150C8DF
:100BD00044C1440E00000000300000001C29000049
:100BE000F8320200C4000000005C0E104C81018845
:100BF000024C0E00C1C8680E1081018802700AC143
:100C000048C8440E00440B5C0E00C1C81000000030
:100C1000502900008833020004000000000000009A
:100C2000180000006429000078330200240000004E
:100C3000004C0E1044810148C1440E0038000000F1
:100C400080290000803302002C01000000440E3097
:100C500044930544880258920495078101890394BE
:100C600006740AC148C844C944D244D344D444D5C4
:100C7000440E00440B00000020000000BC290000CE
:100C80008CA903006800000000440E205088025028
:100C9000810178C144C8440E00000000100000002B
:100CA000E0290000D0A903001000000000000000AF
:100CB00010000000F4290000CCA90300100000007F
:100CC0000000000018000000082A0000C8A9030066
:100CD0002400000000440E2044810150C1480E0051
:100CE00018000000242A0000D0A9030050000000D2
:100CF00000580E1044810158C14C0E00180000002D
:100D0000402A000054AA030048000000004C0E20B6
:100D10004C810168C1440E002C0000005C2A0000D8
:100D200080AA03009000000000440E304492045852
:100D30008802890393058101700AC144C844C944EB
:100D4000D244D3480E00440B300000008C2A00002F
:100D5000E0AA03007800000000440E2048880289C1
:100D600003548101680AC848C14CC9440E00440BB1
:100D700044C144C844C9440E0000000010000000F3
:100D8000C02A000024AB03000400000000000000A3
:100D900010000000D42A000014AB0300340000004F
:100DA0000000000010000000E82A000034AB03003F
:100DB000500000000000000024000000FC2A000099
:100DC00070AB03008000000000480E305C88028990
:100DD000038101024CC144C844C9440E0000000014
:100DE0002C000000242B0000C8AB030068010000A9
:100DF00000440E30548903930581018802920464F3
:100E00000AC144C848C944D244D3440E00440B002C
:100E10001C000000542B000000AD030088000000FF
:100E200000440E20448101025C0AC1480E00440BBC
:100E30002C000000742B000068AD03007C00000053
:100E400000440E3044880254890392048101024414
:100E50000AC144C844C944D2440E00440B000000F7
:100E600018000000A42B0000B4AD03005C000000DB
:100E700000700E10448101440E00C10020000000EB
:100E8000C02B0000F4AD03004400000000440E201D
:100E900044880250810158C84CC1440E0000000033
:100EA00024000000E42B000014AE0300BC0000008E
:100EB00000440E304C880289038101028C0AC1442F
:100EC000C94CC8440E00440B54000000B42B000071
:100ED000A8AE0300FC030000045F480000440E803D
:100EE0000174810188028903920493059406950791
:100EF00096089709980A990B9A0C9B0D036C010AA6
:100F0000C144C844C944D244D344D444D544D6444B
:100F1000D744D844D944DA44DB440E00440B0000E3
:100F2000200000000C2C00004CB20300F000000078
:100F30000423480000440E5048880289035092045C
:100F40009305810118000000302C000018B3030045
:100F500018000000041F480000440E1044810100E6
:100F600014000000A42C000014B3030010000000C3
:100F700000480E104481010014000000BC2C000049
:100F80000CB303001000000000440E104481010067
:100F900014000000D42C000004B303001000000073
:100FA00000480E104481010010000000EC2C0000ED
:100FB000FCB203001C000000000000001000000054
:100FC000002D000004B30300080000000000000032
:100FD00010000000142D0000F8B203001C000000F7
:100FE0000000000010000000282D000000B30300E6
:100FF0000800000000000000240000003C2D00005C
:10100000F4B203005800000000440E2044810102A5
:101010003C0AC1440E00440B44C1440E00000000D1
:101020001C000000642D000024B303005C000000DD
:1010300000440E1048810188026CC15CC8440E0057
:1010400018000000842D000060B303005800000069
:1010500000440E20488101880200000018000000B2
:10106000A02D00009CB303008400000000440E107B
:10107000488101880200000020000000BC2D000013
:1010800004B403006C00000000440E104888028184
:10109000015C0AC144C8440E00440B00100000006B
:1010A000E02D00004CB40300100000000000000020
:1010B00018000000F42D000048B4030024000000D4
:1010C00000440E2044810150C1480E001800000069
:1010D000102E000034A603005000000000580E102F
:1010E00044810158C14C0E00380000002C2E000035
:1010F00034B403002401000000440E304C88024C3C
:1011000089035C92044C810102440AC144C844C969
:1011100044D2480E00440B0264C144C948D24CC8B2
:10112000440E000030000000682E00001CB50300D3
:101130008000000000440E204C88028903810102D7
:101140003C0AC844C14CC9480E00440B44C144C8C1
:1011500044C9480E00000000280000009C2E00003A
:1011600068B503005C00000000440E20488802813E
:1011700001600AC854C1480E00440B44C144C8442D
:101180000E00000010000000C82E000098B50300FB
:10119000040000000000000010000000DC2E000031
:1011A00088B50300080000000000000010000000E7
:1011B000F02E00007CB503000800000000000000D5
:1011C00010000000042F000070B5030008000000AC
:1011D0000000000018000000182F000064B5030094
:1011E0005800000000600E104481015CC1480E00F0
:1011F00020000000DC2E0000A0B503005C01000010
:101200000483450000480E30508802810189039212
:101210000400000014000000582F0000D8B603009E
:101220003000000000440E1048810100140000004E
:10123000702F0000F0B603003000000000440E10D4
:101240004881010014000000882F000008B7030047
:101250003000000000440E1048810100140000001E
:10126000A02F000020B703003000000000440E1043
:101270004881010014000000B82F000038B70300B7
:101280003000000000440E10488101001C000000E6
:10129000782F000050B7030054000000040F4500F1
:1012A00000440E2054880281018903001C000000C4
:1012B000982F000084B703005400000004FB440092
:1012C00000440E2054880281018903001C000000A4
:1012D000B82F0000B8B703005400000004E7440032
:1012E00000440E2054880281018903001C00000084
:1012F000D82F0000ECB703005400000004D34400D2
:1013000000440E2054880281018903001C00000063
:10131000F82F000020B803005400000004BF440070
:1013200000440E205488028101890300240000003B
:101330001830000054B80300A800000004AB4400BB
:1013400000440E404C8109880A890B440C08204453
:10135000920C00001C00000040300000D4B80300D4
:10136000540000000496440000440E20548802817A
:10137000018903001C0000006030000008B9030070
:10138000540000000482440000440E20548802816E
:10139000018903001C000000803000003CB90300FC
:1013A00054000000046E440000440E205488028162
:1013B000018903001C000000A030000070B9030088
:1013C00054000000045A440000440E205488028156
:1013D000018903002400000018310000A4B90300B3
:1013E0008000000000440E90014888028903440CEC
:1013F00008005881019204930500000028000000B5
:1014000040310000FCB903009000000000440E20B1
:101410004888028101440C080002640A0C0220443E
:10142000C144C8480E00440B380000006C31000075
:1014300060BA03001C01000000440E306488028979
:101440000392049305940695079608810102D0C182
:1014500044C844C944D244D344D444D544D6440EA9
:101460000000000010000000A831000040BB030095
:101470000C0000000000000010000000BC31000063
:1014800038BB03001C00000000000000100000003A
:10149000D03100005CBB0300100000000000000021
:1014A00018000000E431000058BB030018000000E1
:1014B00000480E10448101440E00C10010000000DD
:1014C0000032000054BB03000800000000000000D0
:1014D000100000001432000048BB030008000000A8
:1014E0000000000010000000283200003CBB030098
:1014F0000800000000000000100000003C32000066
:1015000030BB0300080000000000000010000000D5
:101510005032000024BB030008000000000000005F
:10152000100000006432000018BB03000800000037
:101530000000000010000000783200000CBB030027
:101540001400000000000000100000008C320000B9
:101550000CBB030014000000000000001800000095
:10156000A03200000CBB03005000000000580E1019
:10157000488101440E00C10010000000BC32000090
:1015800040BB030018000000000000001000000035
:10159000D032000044BB030008000000000000003F
:1015A00010000000E432000038BB0300040000001B
:1015B0000000000010000000F832000028BB03000B
:1015C0000400000000000000100000000C330000C8
:1015D00018BB030004000000000000001000000021
:1015E0002033000008BB03000800000000000000DA
:1015F0001800000034330000FCBA03003000000083
:1016000000600E10488101440E00C1001800000067
:101610005033000010BB03002C000000005C0E10D3
:10162000488101440E00C100100000006C3300002E
:1016300020BB0300140000000000000010000000A8
:101640008033000020BB03002000000000000000E9
:1016500010000000943300002CBB030018000000B1
:101660000000000010000000A833000030BB0300A1
:10167000200000000000000010000000BC3300004B
:101680003CBB030028000000000000002400000014
:10169000D033000050BB03007400000000440E2053
:1016A0004C8802890381010254C144C844C9440ED4
:1016B0000000000010000000F83300009CBB030095
:1016C0000400000000000000100000000C340000C6
:1016D0008CBB0300080000000000000010000000A8
:1016E0002034000080BB0300040000000000000064
:1016F000100000003434000070BB0300080000003C
:1017000000000000100000004834000064BB03002B
:101710000400000000000000100000005C34000025
:1017200054BB030008000000000000002C00000073
:101730007034000048BB0300AC00000000480E30CD
:101740004492045489038101880293050270C144C4
:10175000C844C944D244D3440E00000038000000FD
:10176000A0340000C4BB0300F400000000440E30AD
:101770004493054C94066888028903920496088174
:101780000195070294C144C844C944D244D344D407
:1017900044D544D6440E000024000000DC34000090
:1017A0007CBC03006C00000000480E1050880289C9
:1017B0000381010244C144C844C9440E0000000032
:1017C0001000000004350000C0BC0300140000003D
:1017D000000000001000000018350000C0BC03002D
:1017E0001400000000000000100000002C35000074
:1017F000C0BC03000C00000000000000240000003A
:1018000040350000B8BC03007800000000440E2002
:101810004C880289038101023C0AC14CC848C94472
:101820000E00440B240000006835000008BD0300D2
:1018300088000000005C0E1048880289035881016E
:101840005CC144C844C9440E000000001000000000
:101850009035000068BD0300040000000000000097
:1018600018000000A435000058BD0300200000004F
:1018700000440E204481014CC1480E0024000000A9
:10188000C03500005CBD0300B400000000480E102D
:101890004888028903488101680AC144C844C94490
:1018A0000E00440B10000000E8350000E8BD030006
:1018B000080000000000000010000000FC350000DF
:1018C000DCBD030008000000000000001000000064
:1018D00010360000D0BD0300100000000000000022
:1018E0001000000024360000CCBD030010000000F2
:1018F000000000001000000038360000C8BD0300E2
:101900001400000000000000100000004C36000031
:10191000C8BD03001400000000000000100000001B
:1019200060360000C8BD03000C000000000000008D
:101930001000000074360000C0BD03000C00000061
:10194000000000001000000088360000B8BD030051
:101950000800000000000000100000009C3600009D
:10196000ACBD0300100000000000000010000000EB
:10197000B0360000A8BD0300140000000000000005
:1019800010000000C4360000A8BD03000C000000D9
:101990000000000010000000D8360000A0BD0300C9
:1019A000080000000000000010000000EC360000FD
:1019B00094BD0300080000000000000010000000BB
:1019C0000037000088BD03000C000000000000008C
:1019D000100000001437000080BD03001C00000050
:1019E00000000000240000002837000088BD03002C
:1019F0007800000000480E204C8101880289030213
:101A000054C144C844C9440E000000004000000016
:101A1000F8360000D8BD0300E0000000040F3E00CF
:101A200000480E3054920481018802890393050214
:101A3000380AC144C844C944D244D3440E00440BBC
:101A4000025CC844C144C944D244D3440E000000DF
:101A50001C0000003C37000074BE030018000000AA
:101A600004EF3D0000440E1044810148C1440E00C3
:101A700010000000B43700006CBE0300100000002E
:101A80000000000010000000C837000068BE03001E
:101A90000C0000000000000010000000DC37000017
:101AA00060BE03000C0000000000000010000000F9
:101AB000F037000058BE03000C00000000000000DA
:101AC000180000000438000050BE03002800000089
:101AD00000500E10488101440E00C10018000000A3
:101AE000203800005CBE03002800000000500E10EB
:101AF000488101440E00C100100000003C38000085
:101B000068BE030008000000000000001000000094
:101B1000503800005CBE0300080000000000000018
:101B2000100000006438000050BE030014000000E4
:101B300000000000100000007838000050BE0300D4
:101B40001400000000000000240000008C38000099
:101B500050BE03008400000000480E204C89038121
:101B60000188020260C144C844C9440E000000005C
:101B700018000000B4380000ACBE030020000000D4
:101B800000440E204481014CC1480E0018000000A2
:101B9000D0380000B0BE03002000000000440E203A
:101BA0004481014CC1480E0010000000EC380000D8
:101BB000B4BE030004000000000000002400000088
:101BC00000390000A4BE03007C00000000440E2089
:101BD0004489035888028101680AC148C844C9443D
:101BE0000E00440B1800000028390000F8BE030066
:101BF0003C00000000480E204C810158C1480E00F6
:101C0000240000004439000018BF03005C000000FD
:101C1000004C0E104C880289038101600AC144C83F
:101C200048C9440E00440B001C0000001439000099
:101C30004CBF030024000000041B3C0000480E10B1
:101C40004C810148C1440E00340000008C39000072
:101C500050BF0300F400000000440E3044890350DC
:101C6000930554880294065481019204027C0AC1AF
:101C700044C844C944D244D344D4440E00440B0065
:101C800010000000C43900000CC003001400000064
:101C90000000000010000000D83900000CC0030054
:101CA000280000000000000010000000EC390000D7
:101CB00020C0030008000000000000001000000029
:101CC000003A000014C003001400000000000000EF
:101CD0001C000000143A000014C003003000000093
:101CE00000440E1050880281014CC148C8440E00C7
:101CF00024000000343A000024C00300500000001B
:101D000000440E20448903548802810158C848C108
:101D100048C9480E000000001C0000005C3A0000AA
:101D20004CC003004800000000480E205888028183
:101D30000158C144C8480E00240000007C3A00004D
:101D400074C003006800000000440E20448903545E
:101D500088025081016CC844C144C9440E0000008F
:101D600010000000A43A0000B4C0030010000000FE
:101D70000000000024000000B83A0000B0C00300DA
:101D80004800000000440E10448802588903810175
:101D900054C144C948C8440E000000004C00000073
:101DA000E03A0000D0C003000801000000440E30FB
:101DB000508802890392049305488101025C0AC895
:101DC00044C144D24CD344C9440E00440B580AC801
:101DD00044C144C944D244D3440E00440B68C144B6
:101DE000C844C944D244D3440E0000003800000067
:101DF000303B000088C103003801000000440E3071
:101E000048890395075888029406609204810193DB
:101E10000502A40AC144C844C944D244D344D444AA
:101E2000D5440E00440B00002C0000006C3B000069
:101E300084C203008C00000000440E304888025425
:101E40009204588903930548810164C844C14CC970
:101E500044D348D2480E0000100000009C3B000014
:101E6000E0C2030014000000000000001C0000009D
:101E7000B03B0000E0C203002800000000440E2038
:101E800048880281014CC148C8440E00200000006F
:101E9000D03B0000E8C203004000000000440E20D8
:101EA0004488024C810158C848C1480E0000000017
:101EB00010000000F43B000004C303000400000015
:101EC0000000000024000000083C0000F4C20300F1
:101ED0006800000000440E204489035488025081A9
:101EE000016CC844C144C9440E0000001000000049
:101EF000303C000034C3030010000000000000006C
:101F00002C000000443C000030C303008C000000A3
:101F100000440E304888028903549204930560817E
:101F20000160C844C14CC944D348D24C0E000000E3
:101F300010000000743C00008CC30300100000007F
:101F40000000000014000000883C000088C303006B
:101F50001400000000480E10480E00002000000091
:101F6000A03C000084C303004400000000440E2095
:101F70004488024C810158C84CC1480E0000000042
:101F800010000000C43C0000A4C303000C000000CB
:101F9000000000002C000000D83C00009CC303009F
:101FA0009000000000440E304493055489039204CD
:101FB00058880250810168C844C14CD344D248C9F2
:101FC000440E000020000000083D0000FCC3030098
:101FD0004800000000440E204488024C81015CC887
:101FE00050C1440E00000000100000002C3D000015
:101FF00020C40300100000000000000010000000DA
:10200000403D00001CC403000C0000000000000064
:1020100020000000543D000014C4030048000000EC
:1020200000440E204488024C81015CC850C1440E1B
:102030000000000014000000783D000038C40300D8
:102040000C00000000440E10440E000010000000C0
:10205000903D00002CC403001400000000000000AC
:1020600010000000A43D00002CC403001400000078
:102070000000000024000000B83D00002CC4030054
:102080004800000000440E20448802588903810162
:1020900054C144C948C8440E0000000010000000AC
:1020A000E03D00004CC403001400000000000000EC
:1020B00010000000F43D00004CC4030014000000B8
:1020C0000000000028000000083E00004CC403008F
:1020D0008400000000440E104888025081018903EA
:1020E000023C0AC144C844C9440E00440B0000002D
:1020F00020000000343E0000A4C40300440000009F
:1021000000440E204C88024C810154C84CC1440E3E
:102110000000000014000000583E0000C4C403008A
:102120000C00000000440E10440E000010000000DF
:10213000703E0000B8C403000C0000000000000066
:1021400010000000843E0000B0C403000400000042
:10215000000000002C000000983E0000A0C4030016
:102160007800000000440E3048880292045489032D
:1021700093055C81015CC844C144D248C948D3443A
:102180000E00000014000000C83E0000E8C4030078
:102190000C00000000440E10440E0000300000004F
:1021A000883E0000DCC403009C00000004AB360045
:1021B00000440E3054880289039204930581010281
:1021C00068C148C844C944D244D3440E000000004A
:1021D00024000000143F000044C503005C00000020
:1021E00000440E2044880250810189036CC848C114
:1021F00048C9440E00000000100000003C3F0000F1
:1022000078C5030004000000000000002800000062
:10221000503F000068C503008000000000440E200D
:102220004489035092045088024881010238C14415
:10223000C844C944D2480E00480000007C3F00005A
:10224000BCC503008001000000480E3044950760C3
:10225000880289039204930594068101960802542A
:102260000AC144C844C944D244D344D444D544D612
:10227000440E00440B02D80E00C1C8C9D2D3D4D535
:10228000D600000010000000C83F0000F0C60300A8
:10229000080000000000000010000000DC3F00000B
:1022A000E4C6030008000000000000001000000069
:1022B000F03F0000D8C6030004000000000000004A
:1022C0003800000004400000C8C60300D40000002D
:1022D00000600E206089039204930594069507968A
:1022E000088101880202600AC144C844C944D2443A
:1022F000D344D444D544D6480E00440B100000000B
:102300004040000060C703000C0000000000000017
:10231000200000005440000058C7030040000000A7
:1023200000440E204488024C810158C84CC1440E20
:1023300000000000200000007840000074C7030087
:1023400058000000004C0E1044880258810154C10E
:1023500044C8480E00000000280000009C40000017
:10236000A8C703007000000000440E204488024CFF
:102370008101890302400AC148C844C9440E00448F
:102380000B00000010000000C8400000ECC7030074
:102390000C0000000000000020000000DC400000F5
:1023A000E4C703004000000000440E204488024CB3
:1023B000810158C84CC1440E00000000100000000C
:1023C0000041000000C803003C00000000000000C5
:1023D000300000001441000028C8030088000000FD
:1023E00000440E20588101880289039204930594C9
:1023F00006023C0AC148C844C944D244D344D44428
:102400000E00440B10000000484100007CC803008F
:102410000C00000000000000200000005C410000F3
:1024200074C803004000000000440E204488024CA1
:10243000810158C84CC1440E00000000100000008B
:102440008041000090C8030004000000000000006C
:10245000340000009441000080C803009000000098
:1024600000440E2044880258810189039204930598
:10247000940602480AC148C844C944D244D344D44B
:10248000440E00440B00000010000000CC4100008E
:10249000D8C803000C00000000000000200000006D
:1024A000E0410000D0C803004000000000440E20BE
:1024B0004488024C810158C84CC1440E0000000001
:1024C0001000000004420000ECC8030004000000FB
:1024D000000000002C00000018420000DCC80300CF
:1024E0007C00000000440E304492045488028903AA
:1024F00093058101580AC148C844C944D244D34411
:102500000E00440B100000004842000028C90300E0
:102510000C00000000000000200000005C420000F1
:1025200020C903004000000000440E204488024CF3
:10253000810158C84CC1440E00000000100000008A
:10254000804200003CC903002C0000000000000095
:10255000340000009442000054C903008C000000C5
:1025600000440E2044880258810189039204930597
:10257000940602440AC148C844C944D244D344D44E
:10258000440E00440B00000010000000CC4200008C
:10259000A8C903000C00000000000000200000009B
:1025A000E0420000A0C903004000000000440E20EB
:1025B0004488024C810158C84CC1440E0000000000
:1025C0001000000004430000BCC9030040000000EC
:1025D000000000002400000018430000E8C90300C8
:1025E0004C00000000440E1048880289034C810111
:1025F00064C144C844C9440E000000002C0000001F
:10260000404300000CCA03008C00000000440E3060
:102610004489035093055088029204488101024482
:10262000C144C844C944D244D3440E00340000001D
:102630007043000068CA0300C400000000440E306C
:1026400044890348880258810192049305509406F6
:102650009507026CC144C844C944D244D344D4440D
:10266000D5440E0028000000A8430000F4CA03006F
:102670006400000000440E204489034892045488FA
:102680000281016CC144C844C944D2440E00000018
:1026900030000000D44300002CCB03009800000061
:1026A00000440E20448903509305508802920494FC
:1026B00006488101024CC144C844C944D244D344B1
:1026C000D4440E00300000000844000090CB03000A
:1026D0009400000000440E30449406509305548842
:1026E00002890392044881010244C144C844C94498
:1026F000D244D344D4440E00100000003C440000F7
:10270000F0CB0300080000000000000010000000F3
:1027100050440000E4CB030008000000000000006B
:102720002400000064440000D8CB030054000000E3
:1027300000440E20448903508101880268C144C8C6
:1027400048C9440E00000000180000008C4400003E
:1027500004CC030034000000004C0E205081014CDA
:10276000C1480E0018000000A84400001CCC030063
:102770003000000000540E204481014CC1480E007E
:1027800028000000C444000030CC03008400000096
:1027900000440E205488028903920481010258C12A
:1027A00044C844C944D2440E000000001000000098
:1027B000F044000088CC030014000000000000007A
:1027C000280000000445000088CC030084000000BD
:1027D00000440E205488028903920481010258C1EA
:1027E00044C844C944D2440E000000001000000058
:1027F00030450000E0CC0300200000000000000095
:102800002800000044450000ECCC030084000000D8
:1028100000440E205488028903920481010258C1A9
:1028200044C844C944D2440E000000001000000017
:102830007045000044CD03001400000000000000BB
:10284000280000008445000044CD030084000000FF
:1028500000440E205488028903920481010258C169
:1028600044C844C944D2440E0000000018000000CF
:10287000B04500009CCD03003000000000580E1051
:10288000488101440E00C1001C000000CC4500003E
:10289000B0CD03005400000000440E2048810188A0
:1028A0000270C150C8440E0014000000EC45000046
:1028B000E4CD03001C00000000480E10500E000084
:1028C0001000000004460000E8CD030014000000E2
:1028D000000000002800000018460000E8CD0300BA
:1028E0007800000000440E2054880289039204936B
:1028F00005810178C844C144D24CD344C94C0E0070
:102900002C0000004446000034CE03008800000084
:1029100000440E3058880289039204930581010215
:1029200048C844C144D244D348C94C0E00000000FA
:1029300024000000744600008CCE03005C00000000
:1029400000440E204489035488024C810160C14830
:10295000C844C9440E0000002C0000009C46000042
:10296000C0CE03008800000000440E305888028961
:10297000039204930581010248C844C144D244D360
:1029800048C94C0E0000000024000000CC460000A6
:1029900018CF0300A000000000440E404488024C01
:1029A000810102580AC148C8440E00440B000000CF
:1029B00024000000F446000090CF030074000000E3
:1029C00000440E204C8802890381010254C144C88E
:1029D00044C9440E00000000240000001C47000011
:1029E000DCCF03006800000000440E204C88028900
:1029F0000381010244C144C948C8440E00000000DC
:102A000010000000444700001CD003001400000028
:102A10000000000010000000584700001CD0030018
:102A20001400000000000000100000006C470000CF
:102A30001CD0030014000000000000001000000083
:102A4000804700001CD003000C00000000000000C4
:102A5000100000009447000014D003001000000094
:102A60000000000018000000A847000010D003007C
:102A70002400000000440E2044810150C1480E0093
:102A800010000000C447000018D003000C00000034
:102A90000000000010000000D847000010D0030024
:102AA000100000000000000018000000EC470000CB
:102AB0000CD003002400000000440E20448101508B
:102AC000C1480E00100000000848000014D00300A8
:102AD0000C00000000000000100000001C48000076
:102AE0000CD00300100000000000000018000000DF
:102AF0003048000008D003002400000000440E20ED
:102B000044810150C1480E00100000004C480000F4
:102B100010D003000C0000000000000010000000B6
:102B20006048000008D00300100000000000000012
:102B3000180000007448000004D0030024000000C6
:102B400000440E2044810150C1480E0010000000D6
:102B5000904800000CD003000400000000000000BA
:102B600010000000A4480000FCCF0300AC000000EF
:102B70000000000010000000B848000094D00300DE
:102B8000780000000000000020000000CC48000099
:102B9000F8D003003000000000440E104488024CBE
:102BA000810150C144C8440E000000002000000014
:102BB000F048000004D103005800000000440E104B
:102BC0004488024C81010234C144C8480E00000010
:102BD000100000001449000038D103002400000058
:102BE000000000001C0000002849000048D103003C
:102BF0004800000000440E104881010234C1440E18
:102C000000000000100000004849000070D10300DF
:102C10002800000000000000200000005C490000C7
:102C200084D103008000000000440E204488024844
:102C300081010264C144C8440E0000003400000059
:102C400028490000E0D10300C401000004182C0052
:102C500000440E6048890350880293058101920464
:102C600002B40AC144C844C944D244D3440E004407
:102C70000B00000018000000B84900006CD30300EE
:102C80005800000000440E10488101880200000036
:102C900010000000D4490000A8D303000800000081
:102CA0000000000020000000E84900009CD3030061
:102CB000A400000000440E10488802810102540A5A
:102CC000C144C8480E00440B240000000C4A000018
:102CD0001CD40300A400000000440E104481010233
:102CE000480AC1480E00440B600AC1440E00440B60
:102CF00018000000344A000098D4030020000000AF
:102D000000440E104481014CC1480E001800000020
:102D1000504A00009CD403001C00000000440E1028
:102D200044810148C1480E00100000006C4A0000B8
:102D30009CD403000400000000000000100000000C
:102D4000804A00008CD40300040000000000000052
:102D500010000000944A00007CD403000C00000026
:102D60000000000010000000A84A000074D4030016
:102D70000C0000000000000010000000BC4A000031
:102D80006CD40300080000000000000010000000E8
:102D9000D04A000060D403000800000000000000DA
:102DA00010000000E44A000054D4030004000000B6
:102DB0000000000010000000F84A000044D40300A6
:102DC0000800000000000000100000000C4B000094
:102DD00038D40300040000000000000010000000D0
:102DE000204B000028D40300080000000000000071
:102DF00010000000344B00001CD40300040000004D
:102E00000000000010000000484B00000CD403003C
:102E10000400000000000000100000005C4B0000F7
:102E2000FCD30300080000000000000010000000B8
:102E3000704B0000F0D30300080000000000000009
:102E400018000000844B0000E4D3030038000000A9
:102E500000440E1044810168C1440E0010000000BF
:102E6000A04B000000D40300100000000000000090
:102E700010000000B44B0000FCD303000800000069
:102E80000000000010000000C84B0000F0D3030059
:102E900008000000000000001C000000DC4B0000E7
:102EA000E4D303004000000000440E204C8802815F
:102EB0000164C844C1440E0018000000FC4B00002F
:102EC00004D403002000000000440E20448101507F
:102ED000C1440E0010000000184C000008D403008C
:102EE0001000000000000000180000002C4C000042
:102EF00004D403002000000000440E20448101504F
:102F0000C1440E0010000000484C000008D403002B
:102F10001000000000000000180000005C4C0000E1
:102F200004D403002000000000440E20448101501E
:102F3000C1440E0010000000784C000008D40300CB
:102F40001000000000000000180000008C4C000081
:102F500004D403002000000000440E2044810150EE
:102F6000C1440E001C000000A84C000008D403005F
:102F70004000000000440E204C8802810164C844D7
:102F8000C1440E0018000000C84C000028D4030003
:102F90002000000000440E2044810150C1440E0076
:102FA00010000000E44C00002CD4030010000000CE
:102FB0000000000018000000F84C000028D40300B6
:102FC0002000000000440E2044810150C1440E0046
:102FD00010000000144D00002CD40300100000006D
:102FE0000000000018000000284D000028D4030055
:102FF0002000000000440E2044810150C1440E0016
:1030000010000000444D00002CD40300100000000C
:103010000000000018000000584D000028D40300F4
:103020002000000000440E2044810150C1440E00E5
:1030300010000000744D00002CD4030010000000AC
:103040000000000018000000884D000028D4030094
:103050002000000000440E2044810150C1440E00B5
:10306000280000004C4D00002CD40300700000002C
:1030700004F8270000440E2054880281018903606F
:103080000AC148C844C9440E00440B00180000009F
:10309000D04D000070D403002C00000000440E202E
:1030A00044810150C1500E0018000000EC4D00009A
:1030B00080D403002C00000000440E204481015005
:1030C000C1500E0018000000084E000090D403000C
:1030D0002C00000000440E2044810150C1500E001D
:1030E00018000000244E0000A0D403002C000000B3
:1030F00000440E2044810150C1500E002800000001
:10310000E84D0000B0D40300700000000468270000
:1031100000440E2054880281018903600AC148C816
:1031200044C9440E00440B00180000006C4E00001F
:10313000F4D403002C00000000440E204481015010
:10314000C1500E0018000000884E000004D5030096
:103150002C00000000440E2044810150C1500E009C
:1031600018000000A44E000014D503002C0000003D
:1031700000440E2044810150C1500E001800000090
:10318000C04E000024D503001C00000000440E20A7
:1031900048810148C1440E0020000000DC4E0000C0
:1031A00024D503004400000000480E204888028116
:1031B00001540AC148C8440E00440B001C00000022
:1031C000A84E000044D503002C00000004B42600E3
:1031D00000440E104C810154C1440E002400000034
:1031E000C84E000050D503003000000004982600AF
:1031F00000440E104888024C810148C148C8440E62
:103200000000000010000000484F000058D50300E7
:103210002000000000000000200000005C4F0000C3
:1032200064D503003000000000440E104888024CB2
:10323000810148C148C8440E000000001C00000085
:10324000284F000070D503002C000000043C26002D
:1032500000440E104C810154C1440E0024000000B3
:10326000484F00007CD503003000000004202600F9
:1032700000440E104888024C810148C148C8440EE1
:103280000000000010000000C84F000084D50300BB
:10329000200000000000000020000000DC4F0000C3
:1032A00090D503003000000000440E104888024C06
:1032B000810148C148C8440E0000000028000000F9
:1032C000A84F00009CD503005800000004C425004E
:1032D00000440E20508802810189030234C144C891
:1032E00044C9440E00000000180000002C500000EB
:1032F000C8D503002C00000000440E20448101507A
:10330000C1500E001800000048500000D8D503003E
:103310002C00000000440E2044810150C1500E00DA
:103320001800000064500000E8D503002C000000E5
:1033300000440E2044810150C1500E0018000000CE
:1033400080500000F8D503002C00000000440E203F
:1033500044810150C1500E0028000000445000007C
:1033600008D60300580000000434250000440E2055
:10337000508802810189030234C144C844C9440E03
:103380000000000018000000C850000034D6030000
:103390002C00000000440E2044810150C1500E005A
:1033A00018000000E450000044D603002C00000088
:1033B00000440E2044810150C1500E00180000004E
:1033C0000051000054D603002C00000000440E20E1
:1033D00044810150C1500E00100000001C5100003B
:1033E00064D603000C000000000000001000000084
:1033F000305100005CD603000C000000000000000B
:10340000100000004451000054D6030008000000E2
:1034100000000000180000005851000048D60300CA
:103420001C00000000440E2048810148C1440E00E9
:103430001C0000001C51000048D603001C000000C6
:103440000468240000480E1044810148C1440E0065
:10345000200000003C51000044D60300280000007A
:10346000044C240000440E1048880281014CC148DD
:10347000C8440E0018000000B851000048D60300F0
:103480002400000000480E204C810148C1440E0079
:1034900010000000D451000050D6030014000000BA
:1034A0000000000018000000E851000050D60300A2
:1034B0002000000000440E204481014CC1480E0051
:1034C00030000000AC51000054D60300B0000000F2
:1034D00004E3230000440E305488028903920493CD
:1034E00005810102640AC144C848D244C944D34496
:1034F0000E00440B1000000038520000D0D603002C
:103500000800000000000000100000004C52000005
:10351000C4D60300080000000000000018000000EE
:1035200060520000B8D603003400000000440E10C2
:103530004481014CC1580E00100000007C52000074
:10354000D0D60300080000000000000010000000BA
:1035500090520000C4D603000800000000000000E4
:103560002C0000004C520000B8D603007C00000084
:103570000467230000440E204489035088024C81D4
:103580000102340AC144C844C9440E00440B00007F
:10359000300000007C52000004D7030090000000BF
:1035A0000448230000440E204492045088025081B5
:1035B00001890302400AC144C844C944D2440E00F0
:1035C000440B0000100000000853000060D7030007
:1035D0000800000000000000200000001C53000054
:1035E00054D703003000000000440E104488024C01
:1035F00081014CC844C1440E0000000010000000CE
:103600004053000060D703000C00000000000000E1
:103610002C000000FC52000058D703008800000076
:1036200004DA220000440E204489035088024C81B1
:103630000102400AC144C844C9440E00440B0000C2
:10364000300000002C530000B0D703009C000000A5
:1036500004BC220000440E20449204508802508191
:10366000018903024C0AC144C844C944D2440E0033
:10367000440B000010000000B853000018D80300ED
:10368000080000000000000010000000CC53000003
:103690000CD8030004000000000000002C00000013
:1036A00088530000FCD70300880000000472220049
:1036B00000440E204489035088024C810102400AD4
:1036C000C144C844C9440E00440B0000300000004F
:1036D000B853000054D803009C000000045422009A
:1036E00000440E2044920450880250810189030254
:1036F0004C0AC144C844C944D2440E00440B0000E3
:103700001000000044540000BCD803000800000072
:10371000000000001000000058540000B0D8030062
:1037200004000000000000002C0000001454000001
:10373000A0D8030088000000040A220000440E20E4
:103740004489035088024C810102400AC144C844A4
:10375000C9440E00440B0000300000004454000037
:10376000F8D803009C00000004EC210000440E2067
:103770004492045088025081018903024C0AC144DA
:10378000C844C944D2440E00440B0000100000009D
:10379000D054000060D903000800000000000000C1
:1037A00010000000E454000054D90300040000009D
:1037B000000000002C000000A054000044D90300C9
:1037C0008800000004A2210000440E204489035018
:1037D00088024C810102400AC144C844C9440E0019
:1037E000440B000030000000D05400009CD90300BE
:1037F0009C0000000484210000440E2044920450E8
:1038000088025081018903024C0AC144C844C9445A
:10381000D2440E00440B0000100000005C55000074
:1038200004DA03000800000000000000100000009F
:1038300070550000F8D903000400000000000000EB
:103840002C0000002C550000E8D903007C0000008B
:10385000043A210000440E204489035088024C8120
:103860000102340AC144C844C9440E00440B00009C
:10387000300000005C55000034DA030090000000C6
:10388000041B210000440E20449204508802508101
:1038900001890302400AC144C844C944D2440E000D
:1038A000440B000010000000E855000090DA03000F
:1038B000080000000000000010000000FC5500009F
:1038C00084DA030004000000000000001000000083
:1038D0001056000074DA03000C0000000000000025
:1038E0002C000000CC5500006CDA030088000000BA
:1038F00004BD200000440E204489035088024C81FE
:103900000102400AC144C844C9440E00440B0000EF
:1039100030000000FC550000C4DA03009C000000E9
:10392000049F200000440E204492045088025081DD
:10393000018903024C0AC144C844C944D2440E0060
:10394000440B000010000000885600002CDB030030
:103950000800000000000000100000009C5600005D
:1039600020DB030004000000000000002C00000029
:103970005856000010DB03008800000004552000AA
:1039800000440E204489035088024C810102400A01
:10399000C144C844C9440E00440B0000300000007C
:1039A0008856000068DB03009C00000004372000FC
:1039B00000440E2044920450880250810189030281
:1039C0004C0AC144C844C944D2440E00440B000010
:1039D0001000000014570000D0DB030008000000B6
:1039E000000000001000000028570000C4DB0300A6
:1039F00004000000000000002C000000E45600005D
:103A0000B4DB03008800000004ED1F0000440E201A
:103A10004489035088024C810102400AC144C844D1
:103A2000C9440E00440B0000300000001457000091
:103A30000CDC03009C00000004CF1F0000440E209B
:103A40004492045088025081018903024C0AC14407
:103A5000C844C944D2440E00440B000010000000CA
:103A6000A057000074DC0300080000000000000004
:103A700010000000B457000068DC030004000000E0
:103A80000000000010000000C85700004895030027
:103A90001C0000000000000010000000DC570000C7
:103AA00044DC0300080000000000000010000000DB
:103AB000F057000038DC03000C000000000000009C
:103AC000100000000458000030DC03000C0000006F
:103AD00000000000100000001858000028DC03005F
:103AE0000800000000000000100000002C5800003A
:103AF0001CDC0300100000000000000018000000A3
:103B00004058000018DC03003400000000640E1070
:103B1000488101440E00C100180000005C580000FC
:103B200030DC03003000000000600E1048810144CA
:103B30000E00C100100000007858000044DC0300B3
:103B40001800000000000000100000008C58000069
:103B500048DC03002000000000000000100000000E
:103B6000A058000054DC030020000000000000000A
:103B700010000000B458000060DC030020000000CA
:103B80000000000010000000C85800006CDC0300BA
:103B9000280000000000000010000000DC580000B9
:103BA00080DC03000800000000000000100000009E
:103BB000F058000074DC0300040000000000000066
:103BC000100000000459000064DC0300080000003D
:103BD00000000000100000001859000058DC03002D
:103BE0000400000000000000100000002C5900003C
:103BF00048DC030008000000000000001000000086
:103C0000405900003CDC03000800000000000000F8
:103C1000100000005459000030DC03000C000000CC
:103C200000000000100000006859000028DC0300BC
:103C30001400000000000000100000007C5900008B
:103C400028DC030014000000000000001000000049
:103C50009059000028DC030008000000000000006C
:103C600010000000A45900001CDC0300100000003C
:103C70000000000020000000B859000018DC03001C
:103C80003000000000440E104488024C81014CC1F9
:103C900048C8440E0000000010000000DC5900007D
:103CA00024DC03000C0000000000000010000000F5
:103CB000F05900001CDC03000800000000000000B8
:103CC00010000000045A000010DC03001000000087
:103CD0000000000020000000185A00000CDC030067
:103CE0003000000000440E104488024C81014CC199
:103CF00048C8440E00000000100000003C5A0000BC
:103D000018DC03000C0000000000000010000000A0
:103D1000505A000010DC03000C00000000000000FE
:103D200010000000645A000008DC03000C000000D2
:103D30000000000010000000785A000000DC0300C2
:103D40000C00000000000000100000008C5A000071
:103D5000F8DB03000C000000000000001000000071
:103D6000A05A0000F0DB030010000000000000007B
:103D700010000000B45A0000ECDB03000C0000004F
:103D80000000000018000000C85A0000E4DB030037
:103D90002800000000540E10488101440E00C100AC
:103DA00010000000E45A0000F0DB030008000000EF
:103DB0000000000010000000F85A0000E4DB0300DF
:103DC0001400000000000000280000000C5B000050
:103DD000E4DB03008000000000440E204488025011
:103DE00092045089034881010238C144C844C9443F
:103DF000D2480E0010000000385B000038DC0300E1
:103E00002C00000000000000180000004C5B0000C7
:103E100050DC03002000000000440E204481014CCF
:103E2000C1480E0018000000685B000054DC03006D
:103E30002000000000440E204481014CC1480E00C7
:103E400010000000845B000058DC03000800000044
:103E50000000000010000000985B00004CDC030034
:103E6000080000000000000010000000AC5B000033
:103E700040DC030004000000000000003C000000E3
:103E8000C05B000030DC0300C800000000440E20CE
:103E90004492046081018802890393059406950782
:103EA0009608026C0AC144C844C944D244D344D4DD
:103EB00044D544D6480E00440B000000100000001A
:103EC000005C0000B8DC03000C00000000000000F3
:103ED00020000000145C0000B0DC03004000000083
:103EE00000440E204488024C810158C84CC1440E45
:103EF0000000000020000000385C0000CCDC030063
:103F00005400000000440E104488024881016C0AED
:103F1000C144C8480E00440B2C0000005C5C00004B
:103F2000FCDC03007400000000440E204492044CAA
:103F300088028101488903780AC148C844C944D22B
:103F4000440E00440B000000100000008C5C0000D8
:103F500040DD03000C000000000000002000000015
:103F6000A05C000038DD03004000000000440E208B
:103F70004488024C810158C84CC1440E0000000026
:103F800010000000C45C000054DD03003800000095
:103F90000000000030000000D85C000078DD030065
:103FA0008400000000440E20588101880289039299
:103FB0000493059406780AC148C844C944D244D33E
:103FC00044D4440E00440B00100000000C5D0000BF
:103FD000C8DD03000C00000000000000200000000D
:103FE000205D0000C0DD03004000000000440E2002
:103FF0004488024C810158C84CC1440E00000000A6
:1040000010000000445D0000DCDD0300040000003F
:104010000000000034000000585D0000CCDD03000B
:104020009000000000440E204489034C8802810166
:104030005092049305940602440AC148C844C944F6
:10404000D244D344D4440E00440B000010000000BE
:10405000905D000024DE03000C0000000000000062
:1040600020000000A45D00001CDE030040000000F2
:1040700000440E204488024C810158C84CC1440EB3
:104080000000000010000000C85D000038DE0300E2
:10409000040000000000000030000000DC5D0000B3
:1040A00028DE03007800000000440E304489034CF1
:1040B000920488024C93058101540AC148C844C93E
:1040C00044D244D3440E00440B0000001000000012
:1040D000105E00006CDE03000C0000000000000019
:1040E00020000000245E000064DE030040000000A9
:1040F00000440E204488024C810158C84CC1440E33
:104100000000000010000000485E000080DE030098
:104110002C00000000000000340000005C5E000085
:1041200098DE03008C00000000440E204489034CFC
:10413000880281015092049305940602400AC14806
:10414000C844C944D244D344D4440E00440B0000B4
:1041500010000000945E0000ECDE03000C00000084
:104160000000000020000000A85E0000E4DE030064
:104170004000000000440E204488024C810158C8D1
:104180004CC1440E0000000010000000CC5E000096
:1041900000DF03003C0000000000000024000000DD
:1041A000E05E000028DF03004C000000004C0E1011
:1041B00048880289034C81015CC144C844C9440E4B
:1041C0000000000028000000085F00004CDF030032
:1041D0008400000000440E204489035488029204A5
:1041E0005081010244C144C844C944D2440E000075
:1041F00034000000345F0000A4DF0300C4000000AE
:1042000000440E3044890348940658810188029284
:10421000045093059507026CC144C844C944D24474
:10422000D344D444D5440E00280000006C5F000045
:1042300030E003006400000000440E204492044C6F
:10424000890350880281016CC144C844C944D244E6
:104250000E00000030000000985F000068E00300DE
:104260009800000000440E204489035088025092B8
:104270000493059406488101024CC144C844C944D2
:10428000D244D344D4440E002C000000CC5F000084
:10429000CCE003008C00000000440E304493055431
:1042A000880289034C92044881010244C144C844F5
:1042B000C944D244D3440E0010000000FC5F00004B
:1042C00028E10300080000000000000010000000CA
:1042D000106000001CE103000C0000000000000062
:1042E000100000002460000014E103000C00000036
:1042F0000000000010000000386000000CE1030026
:104300000C00000000000000100000004C600000E5
:1043100004E103000800000000000000100000009D
:1043200060600000F8E003001C00000000000000D6
:10433000100000007460000000E1030008000000AD
:10434000000000002000000088600000F4E003008E
:104350009400000000440E104C8101880202640A9F
:10436000C148C8480E00440B2C000000AC6000009F
:1043700064E103007800000000440E2054810188AD
:1043800002890392049305023C0AC148C844C94407
:10439000D244D3440E00440B20000000DC60000037
:1043A000ACE103003400000000440E1048880250C5
:1043B000810148C148C8440E0000000020000000F0
:1043C00000610000BCE103003400000000440E1056
:1043D00044880254810148C148C8440E00000000CE
:1043E0001000000024610000CCE103000400000084
:1043F000000000001000000038610000BCE1030074
:104400000400000000000000100000004C610000EB
:10441000ACE10300200000000000000018000000D4
:1044200060610000B8E103002400000000480E2095
:104430004C810148C1440E00180000007C6100005E
:10444000C0E103004800000000580E3048810150D0
:10445000C14C0E004000000098610000ECE1030038
:104460001001000000440E40449204508903880269
:104470004C9305589406950781014C9608970902BC
:10448000780AC844C144C944D244D344D444D6442D
:10449000D748D5480E00440B18000000DC6100002E
:1044A000B8E203006000000000580E205081015067
:1044B000C1500E0010000000F8610000FCE2030093
:1044C0001400000000000000180000000C62000052
:1044D000FCE203002400000000440E20448101504F
:1044E000C1480E00200000002862000004E3030021
:1044F0003000000000440E104488024C81014CC181
:1045000048C8440E00000000180000004C62000083
:1045100010E303002C00000000440E2044810150F1
:10452000C14C0E00200000006862000020E3030080
:104530003000000000440E104488024C81014CC140
:1045400048C8440E00000000180000008C62000003
:104550002CE303003000000000440E204481015889
:10456000C1480E0018000000A862000040E30300EC
:104570002400000000440E2044810150C1480E0078
:104580001C000000C462000048E303003C0000007F
:1045900000480E20488802810158C14CC8440E00D2
:1045A0001C000000E462000064E303004C00000013
:1045B00000480E204C8101880268C144C8480E00A2
:1045C000240000000463000090E303006800000082
:1045D00000440E2044890354880248810170C14878
:1045E000C844C9440E000000100000002C63000005
:1045F000D0E30300140000000000000018000000D9
:1046000040630000D0E303004800000000480E2093
:1046100050810158C1540E001C0000005C63000072
:10462000FCE303005C00000000540E20508802816F
:104630000158C144C8500E002C0000007C630000EB
:1046400038E403008C00000000440E3048890393D6
:10465000055492045488028101023CC148C844C9EF
:1046600044D244D3440E000010000000AC630000AC
:1046700094E4030018000000000000001C0000008B
:10468000C063000098E403003000000000440E10F6
:1046900050880281014CC148C8440E00240000002B
:1046A000E0630000A8E403005000000000440E2076
:1046B000448903548802810158C848C148C9480E3A
:1046C000000000001C00000008640000D0E40300AB
:1046D0005000000000480E20588802810158C14453
:1046E000C8500E00240000002864000000E503000C
:1046F0006C00000000440E2044890354880250815D
:104700000170C844C144C9440E00000010000000FC
:104710005064000044E503001000000000000000A9
:10472000100000006464000040E503001000000079
:104730000000000028000000786400003CE5030051
:104740006400000000440E2044920458880289034B
:1047500081016CC148C844C944D2440E0000000025
:1047600038000000A464000074E50300D4000000D9
:1047700000480E104489035C8101880292040254AF
:104780000AC148C844C944D2440E00440B4C0AC86C
:1047900044C14CD244C9480E00440B001C00000028
:1047A000E06400000CE603002800000000440E2036
:1047B00048880281014CC148C8440E002C0000000A
:1047C0000065000014E603007C00000000440E3089
:1047D000488802920454890393055C810160C844AF
:1047E000C144D248C948D3440E0000002000000054
:1047F0003065000060E603003800000000440E2031
:104800004488024C810154C848C1440E0000000095
:10481000100000005465000074E60300040000006E
:1048200000000000140000006865000064E603005A
:104830000C00000000440E10440E00004800000070
:104840008065000058E603002401000000440E309B
:104850004492044894065881018802890393050212
:10486000480AC844C144D24CD444D348C9480E0075
:10487000440B02400AC144C844D244D344D448C97A
:10488000440E00440B00000014000000CC65000042
:1048900030E703001400000000480E10480E00002E
:1048A0002C000000E46500002CE7030088000000F5
:1048B00000440E30488802890354920493056081B5
:1048C0000164C844C14CC944D348D2440E0000001E
:1048D000100000001466000084E7030010000000D0
:1048E00000000000200000002866000080E70300B0
:1048F0004000000000440E204488024C810158C84A
:104900004CC1440E00000000100000004C66000086
:104910009CE703001C0000000000000028000000CD
:1049200060660000A4E703006C00000000480E1061
:104930004488025C9204810189036CC144C844C963
:1049400048D2440E00000000240000008C660000E5
:10495000E4E703007000000000600E204888025465
:10496000810189035CC148C844C9440E00000000AD
:1049700028000000B46600002CE803009800000046
:1049800000480E205488028101890392040264C108
:1049900048C844C944D2440E000000001000000082
:1049A000E066000098E8030004000000000000003A
:1049B0002C000000F466000088E80300D00000002E
:1049C00000440E30489204930554880258810189AE
:1049D00003027CC148C844C944D244D3440E0000F9
:1049E000300000002467000028E90300DC0000001C
:1049F00000440E2058880281018903920493059493
:104A00000602840AC148C844C944D244D344D444A9
:104A10000E00440B1400000058670000D0E90300AA
:104A20000C00000000440E10440E000020000000A6
:104A300070670000C4E903003800000000440E2045
:104A40004488024C810154C848C1440E0000000053
:104A50001000000094670000D8E903000400000083
:104A60000000000014000000A8670000C8E903006F
:104A70000C00000000440E10440E00002C0000004A
:104A8000C0670000BCE90300AC00000000440E2039
:104A900054880281018903920493050278C148C8B1
:104AA00044C944D244D3440E000000003C0000003E
:104AB000F067000038EA03009400000000480E2070
:104AC000448802548903548101580AC844C148C922
:104AD000440E00440B4C0AC844C144C9480E00446B
:104AE0000B44C144C844C9440E000000100000003B
:104AF000306800008CEA030008000000000000009D
:104B0000200000004468000080EA03006800000004
:104B100000480E20448802508101023CC844C1482C
:104B20000E0000001800000068680000C4EA0300DE
:104B30002000000000440E204481014CC1480E00BA
:104B4000300000002C680000C8EA03009C00000050
:104B500004C90E0000440E404492045488028903A4
:104B600093055081010254C148C844C944D244D37A
:104B7000440E0000340000006068000030EB0300C9
:104B8000A400000004A70E00005C0E304888025408
:104B9000810189035C0AC148C844C9440E00440B22
:104BA00068C844C144C9440E000000001C00000055
:104BB000986800009CEB030018000000048F0E00B2
:104BC00000440E1044810148C1440E001000000052
:104BD0001069000094EB03001400000000000000C6
:104BE000200000002469000094EB0300380000005E
:104BF00000440E2044880258810148C148C8440E30
:104C0000000000002000000048690000A8EB03003D
:104C10003800000000440E2044880258810148C139
:104C200048C8440E00000000240000006C69000029
:104C3000BCEB03006000000000440E2044880254D6
:104C40008101890370C148C844C9440E00000000B6
:104C50001000000094690000F4EB03000400000061
:104C60000000000010000000A8690000E4EB030051
:104C7000080000000000000020000000BC690000E7
:104C8000D8EB03005000000000440E204488024C82
:104C900081016CC148C8440E0000000018000000EB
:104CA000E069000004EC03003400000000480E201E
:104CB0005481014CC1480E0018000000FC6900003E
:104CC0001CEC030030000000004C0E204C81014C15
:104CD000C1480E0030000000186A000030EC0300EC
:104CE0008400000000440E2058810188028903924C
:104CF000049305940602400AC148C844C944D244FA
:104D0000D344D4440E00440B200000004C6A000041
:104D100080EC03003800000000440E104488025864
:104D2000810148C148C8440E000000003000000066
:104D3000706A000094EC03009400000000440E2010
:104D40005881018802890392049305940602440A5B
:104D5000C144C844D244D344D448C9440E00440B8F
:104D60002C000000A46A0000F4EC030078000000AE
:104D700000440E2044880254920454810189039314
:104D8000056CC144C848C944D244D3440E00000055
:104D900020000000D46A00003CED03003800000051
:104DA00000440E1044880258810148C148C8440E8E
:104DB0000000000028000000F86A000050ED030029
:104DC0009400000000440E20448802549204588944
:104DD000034881010240C144C848C944D2440E007E
:104DE00028000000246B0000B8ED03008C000000D8
:104DF00000440E30448802549204548903488101CF
:104E0000023CC144C848C944D2440E0024000000FA
:104E1000506B000018EE03005C00000000440E2000
:104E20004489035488024C810160C148C844C94484
:104E30000E00000030000000786B00004CEE030014
:104E40009400000000440E205881018802890392DA
:104E5000049305940602440AC144C844D244D3448E
:104E6000D448C9440E00440B20000000AC6B000085
:104E7000ACEE03003800000000440E1044880258D5
:104E8000810148C148C8440E0000000058000000DD
:104E9000786B0000C0EE03009401000004B30B0027
:104EA00000440E304495074896085C8802890392B6
:104EB00004930594064C810102580AC844C144D5A4
:104EC00044D64CD344C94CD244D4440E00440B02C3
:104ED000540AC148C844C944D244D344D444D544F4
:104EE000D6440E00440B0000100000002C6C0000A3
:104EF000F8EF03000C000000000000002C00000090
:104F0000406C0000F0EF03009400000000440E30FD
:104F100044930554890392045888025081016CC857
:104F200044C14CD344D248C9440E000020000000C4
:104F3000706C000054F003004800000000440E2094
:104F40004488024C81015CC850C1440E000000003E
:104F500010000000946C000078F0030010000000C6
:104F60000000000010000000A86C000074F00300B6
:104F70000C0000000000000020000000BC6C0000DD
:104F80006CF003004800000000440E204488024CEE
:104F900081015CC850C1440E0000000010000000F8
:104FA000E06C000090F0030014000000000000001E
:104FB00010000000F46C000090F0030014000000EA
:104FC0000000000014000000086D000090F00300D5
:104FD0001000000000440E10480E000010000000F9
:104FE000206D000088F003001400000000000000A5
:104FF00010000000346D000088F003001400000071
:105000000000000020000000486D000088F0030050
:105010003800000000440E1044880258810148C145
:1050200048C8440E00000000200000006C6D000025
:105030009CF003003800000000440E204488025811
:10504000810148C148C8440E00000000240000004F
:10505000906D0000B0F003005800000000440E20E6
:10506000488802890348810170C144C848C9440E78
:105070000000000010000000B86D0000E0F0030028
:10508000140000000000000010000000CC6D0000C3
:10509000E0F0030014000000000000001000000019
:1050A000E06D0000E0F003000C00000000000000D4
:1050B00010000000F46D0000D8F0030004000000B0
:1050C0000000000028000000B06D0000C8F00300E0
:1050D00000010000048F0900004C0E7058880289FE
:1050E000038101028C0AC144C950C8440E00440B1C
:1050F00010000000346E00009CF10300040000006A
:105100000000000010000000486E00008CF1030059
:105110000C00000000000000100000005C6E0000A9
:1051200084F10300480000000000000010000000AF
:10513000706E0000B8F103000400000000000000E1
:1051400010000000846E0000A8F103000C000000B5
:105150000000000010000000986E0000A0F10300A5
:10516000080000000000000010000000AC6E00000D
:1051700094F103000800000000000000100000008F
:10518000C06E000088F10300F40000000000000081
:1051900028000000D46E000068F2030080000000C8
:1051A00000440E20448802508903920481015C0A65
:1051B000C148C84CC944D2440E00440B240000002E
:1051C000006F0000BCF203009000000000440E10CD
:1051D000448903548802810178C144C86CC9480ECF
:1051E0000000000010000000286F000024F30300FE
:1051F0000400000000000000100000003C6F0000F0
:1052000014F3030004000000000000002000000070
:10521000506F000004F303006000000000480E20FF
:10522000448802548101680AC144C8480E00440BF6
:10523000280000001C6F000040F30300FC00000089
:105240000440080000440E204488025089034C8129
:105250000102C4C844C148C9440E00001000000047
:10526000A06F000010F40300040000000000000024
:10527000300000005C6F000000F40300C400000078
:10528000040F080000440E3044920454880289033D
:10529000810102800AC144C844C944D2440E00447A
:1052A0000B00000010000000E86F000090F4030005
:1052B000140000000000000010000000FC6F00005F
:1052C00090F403000400000000000000280000002B
:1052D0001070000080F403009C00000000440E20C9
:1052E0004C8802890392044881010270C144C84479
:1052F000C944D2440E0000001C000000E46F00000E
:10530000F0F4030018000000049A070000440E1097
:1053100044810148C1440E001C00000004700000DC
:10532000E8F4030020000000047E070000440E2083
:105330004481014CC1480E00100000007C70000048
:10534000E8F403000400000000000000100000006A
:1053500090700000D8F4030004000000000000007A
:1053600024000000A4700000C8F40300B400000092
:1053700000440E104488025089038101680AC14428
:10538000C844C9440E00440B10000000CC7000005B
:1053900054F503000C0000000000000010000000A5
:1053A000E07000004CF50300200000000000000049
:1053B00010000000F470000058F503000400000025
:1053C00000000000100000000871000048F5030014
:1053D0000C00000000000000140000001C71000020
:1053E00040F50300B400000000480E1002A80E00B3
:1053F0001000000034710000DCF503000400000020
:10540000000000001400000048710000CCF503000B
:105410001800000000440E104C0E00001C0000009C
:1054200060710000CCF503004C00000000480E3015
:105430004C8101680AC1440E00440B0010000000BA
:1054400080710000F8F5030020000000000000005B
:10545000100000009471000004F603000400000036
:105460000000000010000000A8710000F4F5030027
:10547000040000000000000010000000BC710000EB
:10548000E4F503000400000000000000100000002C
:10549000D0710000D4F503000400000000000000FB
:1054A00010000000E4710000C4F5030010000000CB
:1054B0000000000018000000F8710000C0F50300B3
:1054C0002000000000440E2044810150C1440E0021
:1054D00024000000BC710000C4F50300640000005B
:1054E00004CA050000480E30488802488101023C89
:1054F000C148C8440E0000001C0000003C720000BF
:1055000000F603004400000000440E3048810168AA
:105510000AC1440E00440B00340000000472000075
:1055200024F60300100100000492050000440E3030
:1055300058880292049305940681018903027C0A2B
:10554000C148C844C944D244D344D4440E00440B97
:10555000200000003C720000FCF60300A4000000E4
:10556000046D050000440E30449204508802890303
:105570004481010010000000B87200007CF70300B5
:10558000040000000000000010000000CC720000C9
:105590006CF7030004000000000000001000000091
:1055A000E07200005CF7030008000000000000004B
:1055B00010000000F472000050F703000800000023
:1055C00000000000140000000873000044F703000E
:1055D00020000000004C0E10500E000010000000D3
:1055E000207300004CF703000400000000000000DE
:1055F00010000000347300003CF703000C000000B2
:105600000000000024000000F072000034F70300E6
:105610005400000004CC040000440E1050880281A5
:1056200001890370C144C844C9440E001800000039
:105630007073000060F703002C00000000440E208F
:1056400044810150C1500E00180000008C7300000E
:1056500070F703002C00000000440E20448101502C
:10566000C1500E0018000000A873000080F703006E
:105670002C00000000440E2044810150C1500E0057
:1056800018000000C473000090F703002C00000015
:1056900000440E2044810150C1500E00240000003F
:1056A00088730000A0F703005400000004400400C9
:1056B00000440E105088028101890370C144C8441F
:1056C000C9440E001800000008740000CCF7030065
:1056D0002C00000000440E2044810150C1500E00F7
:1056E0001800000024740000DCF703002C00000008
:1056F00000440E2044810150C1500E0018000000EB
:1057000040740000ECF703002C00000000440E2061
:0857100044810150C1500E005C
:10571800FFFF011C8801040000C801048C0600A0DA
:105728000204E40500EC0204A00600880618000044
:10573800FF9B190111AC01D4040000E00604E40643
:0C57480001840750000001000000000078
:10575400FF9B1D011544044801F40020940100A49A
:1057640001040000BC012C940100010000000000B1
:10577400FF9B0D0104080810010100000000000057
:10578400FF9B2501162C90010000CC0104D00103DD
:10579400FC013CCC0200C4021800000200017D00A0
:0857A40000000000607BFFFF24
:0C57AC00FFFF0108240440003C1800002E
:0C57B800FFFF0108240440003C18000022
:0C57C400FFFF0108240440003C18000016
:0C57D000FFFF0108240440003C1800000A
:0C57DC00FFFF0108240440003C180000FE
:1057E800FFFF010F64040000F80004940100900119
:0357F80018000096
:0C57FB00FFFF0108240440003C180000DF
:0C580700FFFF0108240440003C180000D2
:0C581300FFFF0108240440003C180000C6
:0C581F00FFFF0108240440003C180000BA
:10582C00FF9B210111F80004A00103AC0104B0019D
:10583C0000BC012400000200017D000000000000FB
:04584C00C07AFFFF20
:04585000FFFF010055
:04585400FFFF010051
:0D585800FFFF010940246800F80004000073
:04586500FFFF010040
:0C586900FFFF010854045C006C04000008
:0C587500FFFF010854045C006C040000FC
:04588100FFFF010024
:04588500FFFF010020
:04588900FFFF01001C
:04588D00FFFF010018
:0C589100FFFF0108280430004004000064
:0C589D00FFFF0108280430004004000058
:0458A900FFFF0100FC
:0458AD00FFFF0100F8
:1058B400FF9B2101182C0800003C08980101700886
:1058C40000009C0104A00100AC01040000010000E0
:0458D40000000000D0
:1058D800FFFF010D2404000034186800F8000400DC
:0158E80000BF
:1058E900FFFF010E280400003824FC00008C01048D
:0258F9000000AD
:1058FB00FFFF010E240400004018F4000084010493
:02590B0000009A
:10590D00FFFF010E280400004424880100980104C3
:02591D00000088
:10591F00FFFF010E240400004018F400008401046E
:02592F00000076
:10593100FFFF010E2804000044248801009801049F
:02594100000064
:10594300FFFF010E240400004018F400008401044A
:02595300000052
:10595500FFFF010E2804000044248801009801047B
:02596500000040
:10596700FFFF010E240400004018F4000084010426
:0259770000002E
:10597900FFFF010E28040000442488010098010457
:0259890000001C
:10598B00FFFF010D2404000034186800F800040028
:01599B00000B
:10599C00FFFF010E280400003824FC00008C0104D9
:0259AC000000F9
:1059AE00FFFF010E240400004018F40000840104DF
:0259BE000000E7
:1059C000FFFF010E28040000442488010098010410
:0259D0000000D5
:1059D200FFFF010E240400004018F40000840104BB
:0259E2000000C3
:1059E400FFFF010E280400004424880100980104EC
:0259F4000000B1
:1059F600FFFF010E240400004018F4000084010497
:025A060000009E
:105A0800FFFF010E280400004424880100980104C7
:025A180000008C
:105A1A00FFFF010D3004000040246800F800040074
:015A2A00007B
:105A2C00FF9B1D010F38046803F40004F800008488
:105A3C00011C00000200017D00000000C478FFFF83
:045A4C00FFFF010057
:105A5000FFFF011040B0010000840204800300D465
:045A60000240000000
:105A6400FFFF0119380400004C04F801006804F039
:0D5A74000100800104CC0100EC01040000E1
:0F5A8100FFFF010BAC0104C80100C40138000095
:105A9000FFFF010F382000008C0104B00100C0019D
:035AA000040000FF
:045AA300FFFF010000
:045AA700FFFF0100FC
:105AAB00FFFF010C1C0400002C0434004404000014
:105ABB00FFFF010F44048C02005C04EC0100880220
:035ACB00040000D4
:105ACE00FFFF010F38049C01004404800100FC001C
:035ADE00200000A5
:0C5AE100FFFF010824042C003C0400001E
:0C5AED00FFFF010824042C003C04000012
:105AFC00130101FF23261100EFD0427D93076001B3
:105B0C002320F5008320C1001305F0FF13010101D0
:105B1C006780000013051000678000001305F5FF77
:105B2C0013352500678000006F00000037D7000098
:105B3C008326072FB75700009387070E3305D50030
:105B4C002328A72E6376F5001385060067800000D6
:105B5C006F000000B7D7000003A5072FB747000060
:105B6C00938707143305F54067800000B7D7000012
:105B7C0003A5072FB75700009387070E3385A7405F
:105B8C0067800000130101FF2324810023261100EC
:105B9C0023229100138481A6834704006382070AA1
:105BAC0083470401638A070E83470402638E070E42
:105BBC0083470403638E070E83470404638E070E2A
:105BCC0083470405638E070E83470406638E070E16
:105BDC0083470407638E070E83470408638E070E02
:105BEC0083470409638E070E8347040A638E070EEE
:105BFC008347040B638E070E8347040C6382070AEA
:105C0C008347040D638A070E8347040E638A070ECD
:105C1C008347040F9304F00063860702EFD0026BF6
:105C2C00930720002320F5008320C100032481006A
:105C3C00832441001305F0FF13010101678000006C
:105C4C0093040000B775000093850502EFE08163B3
:105C5C00E31605FC93964400B79700003717000035
:105C6C003304D400130707BA93061000938787FAFE
:105C7C00232404002300D4002322E4002326F40070
:105C8C008320C10003248100138534008324410048
:105C9C001301010167800000930410006FF09FFA5C
:105CAC009304C0006FF01FFA930420006FF09FF96B
:105CBC00930430006FF01FF9930440006FF09FF8CD
:105CCC00930450006FF01FF8930460006FF09FF77F
:105CDC00930470006FF01FF7930480006FF09FF631
:105CEC00930490006FF01FF69304A0006FF09FF5E3
:105CFC009304B0006FF01FF59304D0006FF09FF485
:105D0C009304E0006FF01FF41305D5FF9307F00028
:105D1C0063E2A70213154500938781A6B387A700FA
:105D2C0003C7070063080700238007001305000062
:105D3C0067800000130101FF23261100EFD00259E8
:105D4C00930790002320F5008320C1001305F0FF7A
:105D5C001301010167800000130101FF23261100CC
:105D6C009307D5FF1307F000636CF7069397470072
:105D7C00138781A6B306F70003C806006302080662
:105D8C0023248100232291002320210103A98600D2
:105D9C0003A446001385050033042441636E860278
:105DAC00B304F70083A5C40013060400B3852501D2
:105DBC0033098900EFD0826423A424011305040065
:105DCC008324410003248100032901008320C100A6
:105DDC001301010167800000130406006FF05FFCE3
:105DEC00EFD0C24E930790002320F5001305F0FF6F
:105DFC006FF0DFFD130101FF232611001305D5FF02
:105E0C001307F0006368A7042324810013154500D1
:105E1C00138481A63304A40003470400630A070219
:105E2C00138505001306800593050000EFE0C137CC
:105E3C0003274400930705001305000023A8E7007F
:105E4C00032481008320C10013010101678000003D
:105E5C0003248100EFD08247930790002320F500A4
:105E6C001305F0FF6FF01FFE130101FF2326110035
:105E7C009307F5FF13071000636AF7042320210131
:105E8C0013090600630A06022324810023229100D1
:105E9C0013840500B384C500EF60D14EE30E05FEFC
:105EAC000345040013041400EF60514CE39684FE88
:105EBC0003248100832441001305090003290100F8
:105ECC008320C1001301010167800000EFD0024064
:105EDC00930780052320F5001305F0FF6FF05FFE9C
:105EEC001305D5FF9307F00063ECA70413154500C9
:105EFC00938781A63387A700834607006382060435
:105F0C0063000602930610006308D60003254700C1
:105F1C002324A7006780000003278700B385E500D2
:105F2C00B387A70003A5470023A4B7006356B500A9
:105F3C0023A4A7006780000013850500678000007C
:105F4C00130101FF23261100EFD042389307900074
:105F5C002320F5008320C1001305F0FF130101017C
:105F6C0067800000130101FF23248100232291008C
:105F7C002320210123261100B7070080138405007C
:105F8C0023A207029304060013890600EF60514018
:105F9C00630804009305090013850400E70004005E
:105FAC00370400802388019A130444022320040040
:105FBC00EF60113E6FF09FFF37650100130505F789
:105FCC009306000013060000930500002388019A35
:105FDC006F601144130101FE232C81002328210141
:105FEC00370400801309050037650100138605008E
:105FFC009306100093050900130505F7232A910059
:10600C0013044402232E11002326C1002388D19AA5
:10601C00EF60114023200400EF6091370325C1008D
:10602C0093050000E700090083C7019B638A070002
:10603C0023200400EF60D13583C7019BE39A07FE50
:10604C008320C1010324810183244101032901011F
:10605C0013010102678000001306F6FF370780006A
:10606C0013074700935745001316A6013306E600A5
:10607C00939777009385F5FF939525013306F600EA
:10608C00137715003306B6001317870193572500B5
:10609C003306E6009397E701137525003306F600E7
:1060AC00131585013305A60067800000130101FF5D
:1060BC002324810013040501130504002326110079
:1060CC00EF80122C9307750093F787FF23A0A7008E
:1060DC0023A287008320C10003248100138587003D
:1060EC001301010167800000032585FF6F80122AD0
:1060FC00130101F7232481061314950013042401C2
:10610C00232CA1001303410713050400232481054C
:10611C002322F10823261106232AB106232CC106BB
:10612C00232ED1062320E10823240109232611095B
:10613C0023266102EF80D22483278101130C750082
:10614C00137C8CFF2314FC0093078C00232EF1008E
:10615C008327810123228C002320AC00635EF01C7A
:10616C0023267105832BC102232C41059307AC0018
:10617C00371A2184232A5105232291062320210733
:10618C00232E310523286105232291052320A10507
:10619C00232EB1032328F100130A3A84232601008D
:1061AC00930A00081305002183A90B0003A44B00DC
:1061BC0083A48B0003A9CB00EF80921C130B7500FA
:1061CC00137B8BFF930700212322FB0093078B008B
:1061DC0093050400232AF1002320AB009306090049
:1061EC001386040013050000E7800900130C05005A
:1061FC009306090013860400930500001305F001B3
:10620C00E7800900B30785419397570093970701DF
:10621C0093D707413397470393D6F741930DCB00A0
:10622C00130D00021304100023158B01B307F700A4
:10623C0093D74740B387D7402314FB006F008006E9
:10624C0013650D80E780090093EC0C80130C05009E
:10625C0013950C0193060900135505411386040090
:10626C0093050000E7800900B30785419397570019
:10627C009397070193D707413397470393D6F74179
:10628C0023918D0113041400130D0D02938D4D00F9
:10629C00B307F70093D74740B387D740239EFDFE43
:1062AC00630A540313150D0113174D0113550541C2
:1062BC00930609001386040093050000930CFD015E
:1062CC00E34007F893050000E7800900130C050074
:1062DC006FF01FF8032401018325410113060020F0
:1062EC0013050400EFD0821103250B00938B0B01D7
:1062FC00EF80D2090327C100930704202328F10063
:10630C0083278101130717002326E100E39CE7E8AC
:10631C0083244106032901068329C105032A81052B
:10632C00832A4105032B0105832BC104832C4104D3
:10633C00032D0104832DC1038320C1060324810690
:10634C000325C101032C810413010109678000009E
:10635C00B70700809387070383A7070063880702AA
:10636C00370700801307C70203270700B707008011
:10637C0003A74706B7070080938787022320E50011
:10638C0083A7070013051000678000002320050079
:10639C001305000067800000130101FF2326110084
:1063AC00EFF08FF8B77600003776000037750000F5
:1063BC00130101FF938686031306C6031305C50656
:1063CC009305E00923261100EF800266B7760000E2
:1063DC003776000037750000130101FF9386C6075E
:1063EC001306C6091305C5069305500B2326110089
:1063FC00EF808263930710001307500023200500E1
:10640C00232205002324050023260500232805004C
:10641C0023220502232405022320E502232AF5006A
:10642C00232CF500232EF500678000009307050050
:10643C000325C5006306050003C70701630E0700AB
:10644C0003A507006308050083A58700B385A54055
:10645C006F50C34467800000130101FE2326F10036
:10646C00232E1100EFF05FC88327C10003A507009E
:10647C00630C050083A587008320C101B385A5406B
:10648C00130101026F5083418320C10113010102EA
:10649C0067800000130101FA232291042328610371
:1064AC0093040500232611042324810423202105B1
:1064BC00232E3103232C4103232A5103232671035A
:1064CC0023248103232291032320A103232EB10132
:1064DC0023A0040023A2040023A4040023A6040088
:1064EC002388040023A2040223A4040223AAB400D8
:1064FC00232AF104232C0105232E1105130510006A
:10650C001303500023A0640223ACA40023AEA40008
:10651C0093073000130B070063E8B7186368B516D0
:10652C001309410523AEC40023A0D4022326210164
:10653C0003A44400635E600BB70B002083AA8400A5
:10654C00138CFBFF930900006F00C0012320440152
:10655C001304440023A284009389190013094900F1
:10656C0063083B09032A0900E31254FF83AD0400BE
:10657C003304B44193572440638287171385070073
:10658C0063940700130510003305F500636475016F
:10659C001385FBFF931C250013850C00EF50D36D66
:1065AC00B307850023A04701130D05006308040001
:1065BC001306040093850D00EFC0526413064400CB
:1065CC003304CD0063880D00B385BA4113850D00EB
:1065DC00EF50C32CB30A9D0123A4540123A0A401A2
:1065EC0023A284009389190013094900E31C3BF78B
:1065FC0083A704003307F4406300F40C13562740C0
:10660C00130510001307000083A6070013071700DB
:10661C00938747003305D502E348C7FE03A78401DF
:10662C00B70780003305E50223A4A402635CF508D8
:10663C0083A7C4006386070003C70401630E070425
:10664C0023880400EFF09FA623A6A40023A2A40293
:10665C008320C104032481048324410403290104FD
:10666C008329C103032A8103832A4103032B0103DA
:10667C00832BC102032C8102832C4102032D0102C6
:10668C00832DC101130101066780000093072000D0
:10669C0023ACF4006FF0DFE813850700EFF0DFA404
:1066AC0003A584026FF0DFF993074000639AF500AD
:1066BC0023ACB4006FF0DFE6130510006FF01FF68B
:1066CC00EFF05FCEEFF09FD01304050013850400AC
:1066DC00EFF0DFD513050400EFC0C10937750000DA
:1066EC001305850CEF60033F232AB5009307300098
:1066FC0063EEB70093071000B3B5B700B385F50090
:10670C00232CB500130500006780000093074000A0
:10671C00E388F5FE130101FF23261100EFF09FC85B
:10672C002320B5021305000067800000232EB5005E
:10673C001305000067800000130101FE232A91005D
:10674C00232E1100032705009304050003254500A3
:10675C00938705006300A70E23A2E400638A950AC1
:10676C00232C810003A8470083A5070083A684007F
:10677C00130507003304B840B386E64063EC860C7F
:10678C003306E54093060600636E861093074000BF
:10679C0063D287061305070013060400EFC092337B
:1067AC0083A70400B386870023A2D4001356244089
:1067BC0013850700130710009307000083260500BC
:1067CC0093871700130545003307D702E3C8C7FEAC
:1067DC0083A784010324810113050000B387E7021A
:1067EC0023A4F4028320C10183244101130101027B
:1067FC00678000006308F410B307870023A2F4003D
:10680C001306000093070700E31404FA0324810124
:10681C0083A784011307100013050000B387E70258
:10682C0023A4F4028320C10183244101130101023A
:10683C0067800000E38E95FC232C810003A84700A1
:10684C0083A5070083A684003304B840B386E640D2
:10685C00E3F886F2130504002324E1002322B1009F
:10686C002326D100EF505341832541001306040029
:10687C002322A100EFC09238032781008327410017
:10688C00630A07008325C10013050700EF500301BD
:10689C0083274100B386870023A0F40023A4D400EF
:1068AC006FF09FF09308400063D6C80413050700EF
:1068BC002322F100EFC012228327410003A54400DC
:1068CC0003A7040083A5070003A84700B306E5400F
:1068DC00B385D5003306B840B3068700930707008D
:1068EC00E354C0ECEFC0923183A70400B386870059
:1068FC006FF09FEBE31E16FD83A605002320D70047
:10690C006FF0DFFB83A70500130610002320F700B0
:10691C0083A704001387470023A2E4006FF05FE90C
:10692C00130101FE232C8100232A9100232E110038
:10693C00130405000325C5009384070063060500B6
:10694C0083470401638007082326040023080400FE
:10695C00232AB4009307300063E2B70A93071000B0
:10696C0033B8B7003308F800232C0401232EC400DD
:10697C002320D4029305070013050400EFF0DFDB9E
:10698C0003258402B707800063820408635CF50C5E
:10699C000325C40063060500834704016388070AC6
:1069AC002308040023269400232294028320C1018F
:1069BC00032481018324410113050000130101020A
:1069CC00678000002326E1002324D1002322C1008C
:1069DC002320B100EFF04FF18325010023260400A2
:1069EC0023080400232AB400930730000327C100B6
:1069FC008326810003264100E3F2B7F6930740009B
:106A0C0013880500E382F5F6EFF0DF99635CF5047B
:106A1C008327C4006386070003470401630C070245
:106A2C0023080400EFF08FE893040500232694005C
:106A3C00232294028320C101032481018324410178
:106A4C00130500001301010267800000EFF0CFE98D
:106A5C006FF01FF513850700EFF00FE90325840293
:106A6C006FF01FFCEFF09F96130101FE232C8100A9
:106A7C00232E1100130405000325C50083A745012F
:106A8C0003A6C50183A6050263060500034704019E
:106A9C00630C07062326040023080400232AF400B1
:106AAC0013073000636EF70813071000B337F700B5
:106ABC00B387E700232CF400232EC4002320D40238
:106ACC0013050400EFF05FC703258402B7078000AD
:106ADC006356F5088327C400638607000347040147
:106AEC006306070623080400EFF04FDC2326A400FE
:106AFC002322A4028320C101032481011305000079
:106B0C0013010102678000002326B1002324C10079
:106B1C002322D1002320F100EFF00FDD83270100A9
:106B2C002326040023080400232AF4001307300052
:106B3C008325C1000326810083264100E376F7F606
:106B4C0013074000E388E7F6EFF0DF8513850700B5
:106B5C00EFF08FD9032584026FF0DFF8EFF01F8779
:106B6C00130101FC232821032324410313090500ED
:106B7C00130A060013850500130601009305410056
:106B8C00232E1102EF0000646304053A232C8102CA
:106B9C00232A9102232631039307100083264100F8
:106BAC000327010013040500630EFA1A931717004C
:106BBC00B387E700130580002324D1002326F100BE
:106BCC00EF50930B034E8100034391008348A100C7
:106BDC000348B1008345C1000346D1008346E10060
:106BEC000347F100930905000325C9009387890029
:106BFC00232A31012380C901A38069002381190153
:106C0C00A38109012382B900A382C9002383D9007F
:106C1C00A383E900232EF100232CF1006306050069
:106C2C0083470901638E072C930710002326090064
:106C3C002308090023200902232AF900232CF90038
:106C4C00232EF9009305410113050900EFF0DFAE87
:106C5C0003258902B70780006352F52E8327C900EC
:106C6C0063860700034709016300072A230809000C
:106C7C00EFF0CFC3930405002326A9002322A90219
:106C8C009305800013850900EF4053418327410091
:106C9C00938807006352F00A03290100635E200900
:106CAC0093061900139716003307D7009355F74135
:106CBC0093F53500B385E5001307100093D52540F7
:106CCC006304EA1A131729003309E940338324417A
:106CDC0033059040130800003307A0406F0080007C
:106CEC00832741009387F7FFB3870741B387B70228
:106CFC00B306E5001307370093972700B387D70037
:106D0C00B307F40003C6070083C6170083C7270028
:106D1C00A30FC7FE230FD7FEA30EF7FEE312E3FC6F
:106D2C00130818003305250133032341638608013A
:106D3C00832741006FF05FFA13050400EF701265B2
:106D4C0003248103832441038329C102130500001A
:106D5C008320C10303290103032A810213010104C7
:106D6C0067800000930730001305C000232CD1006E
:106D7C00232EE100232AF100EF50037083464101DA
:106D8C0003475101930905000345610183477101D4
:106D9C00034E8101034391018348A1010348B101D2
:106DAC008345C1010346D1012380D900A380E900AA
:106DBC008346E1010347F1012381A9000325C900A2
:106DCC00A381F9009387C900232431012382C901CF
:106DDC00A382690023831901A38309012384B900C9
:106DEC00A384C9002385D900A385E9002328F100D9
:106DFC002326F10063060500834709016386071209
:106E0C0093071000232609002308090023200902F8
:106E1C00232AF900232CF900232EF9009305810075
:106E2C0013050900EFF05F9103258902B707800075
:106E3C006354F5108327C9006386070003470901D3
:106E4C00630C070C23080900EFF04FA69304050010
:106E5C002326A9002322A9029305C000138509004B
:106E6C00EF40D3236FF09FE2338F2703B3832401CA
:106E7C0093020000930E0000130E0000931F1F00DE
:106E8C003387D401130800006F0080008327410072
:106E9C009387F7FFB387C741B387B7023306D74150
:106EAC00B306F7013306E601B38656001307170045
:106EBC0093972700B3870701B307F40003C3270098
:106ECC0003C5170083C70700A30F67FE2300A600A6
:106EDC002380F60013083800E39AE3FA130E1E0021
:106EEC00B38E2E01330F2F01B38F2F01B3822241AA
:106EFC00B3832301E382C8E5832741006FF05FF879
:106F0C00EFF08F9E6FF05FD213850700EFF0CF9DEF
:106F1C00032589026FF09FD513850700EFF0CF9CF6
:106F2C00032589026FF01FF2EFF00F9C6FF05FEDFD
:106F3C001305F0FF6FF0DFE1EFF04FC9EFF00FC971
:106F4C00130405009305800013850900EF40131509
:106F5C0013050400EFB01102130405009305C000E3
:106F6C0013850900EF40931313050400EFB0910053
:106F7C00130101FE232E11008326850237078000A2
:106F8C0063D0E608930705000325C50063060500DA
:106F9C0003C707016302070223880700638C0502FD
:106FAC0023A6B70023A2B7028320C101130500005A
:106FBC0013010102678000002326F1002324B10095
:106FCC00EFF08F928327C10083258100238807006F
:106FDC00E39805FC03A587022324F100EFF00F8D45
:106FEC0083278100930505001305000023A6B70035
:106FFC0023A2B7028320C1011301010267800000A4
:10700C00EFF0CFBC130101FE232E110093070500F6
:10701C000325C5006306050003C70701630A0702C1
:10702C0003A7C500930610002388D70023A6E7000A
:10703C0023A2E70203A7850283A787026316F70240
:10704C008320C101130500001301010267800000B9
:10705C002326B1002324F100EFF00F898325C10012
:10706C00832781006FF0DFFBB776000037760000D6
:10707C00377500009386460E1306C60F1305C5061A
:10708C009305A00CEF70521A930705000325C50059
:10709C006306050003C70701630E07001307100002
:1070AC0023A6B70023A2B7022388E700130500002C
:1070BC0067800000130101FE232E11002326B1006E
:1070CC002324F100EFF04F82832781008325C10038
:1070DC00130710002388E70023A6B70023A2B702EA
:1070EC008320C10113050000130101026780000019
:1070FC0083270500032745003306F7406304F70296
:10710C0013562640130700001305100083A6070032
:10711C0013071700938747003305D502E348C7FED2
:10712C00678000001305100067800000630A0504E7
:10713C009357750193F7F70F938717F81307A00070
:10714C00634CF702B70680003307F7409387F6FFCE
:10715C00B3F7A700B3E7D700B3D7E74013F707108F
:10716C0093D7974063180702634E050013970701E6
:10717C0013554741678000001355F5411345F57FC2
:10718C00678000003305F0409317050113D5474184
:10719C0067800000378700001307F7FFE38EE7FCDA
:1071AC009397070193D70701634605009387170050
:1071BC006FF0DFFB93C7F7FF139707011355474198
:1071CC0067800000130101FBB777000023229104B4
:1071DC00938405009385071223202105232611048F
:1071EC0013090600EFA00228630E050C232481046A
:1071FC009306050013040500130610009305E00028
:10720C0013058100EFA0824F03578100B757000090
:10721C00938727D46312F70A930604001306100011
:10722C009305800213058101EFA0424D0327C10194
:10723C0083274101130600002320E9008355210117
:10724C000327010293970701B3E5B70023A0E400DD
:10725C0013050400EFA0824C8327C1010327010210
:10726C009387370093F7C7FFB387E7029394170010
:10727C00B384F40013850400EF709210930604009D
:10728C00138604009305100013090500EFA00247B4
:10729C006398A40413050400EF9012078320C10423
:1072AC0003248104832441041305090003290104E8
:1072BC00130101056780000013050400EF90D20450
:1072CC0003248104130900008320C1048324410496
:1072DC00130509000329010413010105678000004F
:1072EC0013050900EF70920A13050400EF90D20108
:1072FC0013090000032481046FF01FFD1305000027
:10730C0067800000938781B603A707002320050040
:10731C0023220500232405006308070603A7470062
:10732C00630A070803A78700630A070803A7C700B7
:10733C00630A070803A70701630A070803A74701A5
:10734C00630A070803A78701630A070803A7C70195
:10735C00630A0708130101FF23248100B77600009C
:10736C00130405003776000037750000938646122B
:10737C001306061413050515930590022326110018
:10738C0023229100EF70426A9306000013972600A7
:10739C00B387E7001307F0FF23280500232AD50045
:1073AC0023A0A700232C05002326E500232EE500AF
:1073BC0067800000930610006FF05FFD93062000BD
:1073CC006FF0DFFC930630006FF05FFC930640001B
:1073DC006FF0DFFB930650006FF05FFB93066000CD
:1073EC006FF0DFFA930670006FF05FFA83270400EA
:1073FC0093040500638A0700832584001385070026
:10740C00B385F540EF40834913850400EFB0813616
:10741C0003274501938781B61317270083260500A0
:10742C00B387E70023A00700638A06008325850045
:10743C0013850600B385D5406F4043466780000036
:10744C0083270500032745009306F0FF2326D5006C
:10745C006384E7002322F500130500006780000019
:10746C000326450003278500630EE6002320B600A3
:10747C0083274500938747002322F500130500005E
:10748C0067800000130101FD2326110223248102D1
:10749C000328050093070500370500203306064135
:1074AC001305F5FF935626406384A60E138506003C
:1074BC0063940600130510003305D500B7060020B1
:1074CC006364D5001385F6FF13142500130504001F
:1074DC00232EB100232CF100232AC1002328010103
:1074EC002326E100EF405379032641018325C10196
:1074FC000327C100B308C50023A0B800032801016D
:10750C008327810193060500630A06029305080090
:10751C00232EF100232AE1002328C1002326010198
:10752C00232CA100EFB0926D8327C101832681012A
:10753C0003274101032601010328C100130646005D
:10754C003386C60063040802B3050741130508001F
:10755C00232AF1002328D1002326C100EF40033455
:10756C0083274101832601010326C1003385860050
:10757C0023A4A70023A0D70023A2C7008320C10205
:10758C00032481021305000013010103678000002E
:10759C00377500001305850CEF50C353130101FF21
:1075AC0023248100232291002326110003270500A8
:1075BC00832745009304050013040000B387E740BC
:1075CC0093D727406F00C0020325070083270500CF
:1075DC0083A78700E7800700631E050203A704004A
:1075EC0083A7440013041400B387E74093D72740C4
:1075FC00931624003307D700E348F4FC8320C10022
:10760C0003248100832441001305000013010101B0
:10761C00678000008320C100032481008324410083
:10762C001305F0FF13010101678000008327C500DB
:10763C0063D80700232605001305000067800000AF
:10764C001305F0FF678000008327C50063C007188F
:10765C00130101FD2324810223229102232611020E
:10766C0023202103938405001304050063D6051021
:10767C00130920006F00800393972700B386F60050
:10768C0003A5060083254401138604008327050007
:10769C0083A7C700E7800700630425036314050A6A
:1076AC008327C400938717002326F4008326040045
:1076BC00032744003307D74013572740E3CEE7FA9C
:1076CC00232E3101B70400019384F4FF138981B692
:1076DC00930970006F0080028327C10033F7970075
:1076EC002326E10093D7870163E6F90E93972700D1
:1076FC00B307F90083A7070023AEE7001305C10009
:10770C00EFE01FC5E31A05FC0327C401832784019E
:10771C00130520006314F704832744008326040018
:10772C000327C400B387D74093D727406348F70299
:10773C009307F0FF232804002326F4008329C101BA
:10774C00130500008320C10203248102832441021B
:10775C000329010213010103678000008320C10289
:10776C00032481028329C1018324410203290102DC
:10777C0013010103678000008326050003274500E1
:10778C003307D74013572740E3DCE7F293972700E2
:10779C00B386F60003A50600832544011386040076
:1077AC008327050083A7C700E78007009307200005
:1077BC00E308F5F0E31805F8232E31018327C40004
:1077CC00938717002326F4006FF0DFEF13050000FA
:1077DC0067800000B7760000377600003775000030
:1077EC009386461213060616130505159305100904
:1077FC00EF708223B7A700009387C7B52320F5004D
:10780C006780000067800000930540006F4003090B
:10781C00130101FE232C8100232A9100370400015F
:10782C0023282101232E11001304F4FF938481B625
:10783C00130970006F0080028327C10033F78700A3
:10784C002326E10093D78701636CF90293972700F5
:10785C00B387F40083A7070023AEE7001305C1002C
:10786C00EFE01FAFE31A05FC8320C1010324810163
:10787C0083244101032901011301010267800000E7
:10788C00B7760000377600003775000093864612F5
:10789C00130606161305051593051009EF70C2188B
:1078AC0013972500938781B6B387E70083A607005B
:1078BC00370700019395850183A7860193871700ED
:1078CC0033B7E7003307E040B3F7E70023ACF6002B
:1078DC003385F5006780000093952500938781B66A
:1078EC00B387B70083A7070003A5870183A7C70148
:1078FC003305F54013351500678000006380050CD7
:10790C009385850023AEB19A931716003386C70072
:10791C00131626003386C5000327860583A7450565
:10792C00032806061375F50F3305E5003315F5002E
:10793C00B3070503370700400326C60533150503B7
:10794C003387E700B337F7001357F701B387A70066
:10795C0093971700B387E700635CC0001305F6FF2D
:10796C00130710003317A700B307F700B3D7C740AE
:10797C0003A64507370700403385C702B397C702F4
:10798C003307E5003335A7001357F7013305F5002E
:10799C00131515003305E500635CD0001387F6FF63
:1079AC0093071000B397E7003385A7003355D540F4
:1079BC0013150501135505416780000083A5C19B74
:1079CC006FF09FF4638C05049385850023ACB19A0A
:1079DC00635AD0001387F6FF93071000B397E700A4
:1079EC003305F50003A7050783A7C507B356D54094
:1079FC00B386E60063C6F60083A7050863C8F600E5
:107A0C001395070113550541678000009387060005
:107A1C0013950701135505416780000083A5819BD1
:107A2C006FF01FFBB7A70000938787B92320F500E1
:107A3C006F401078130101FEB7A70000232E110030
:107A4C00938787B92320F5002326A100EF405076B9
:107A5C000325C1008320C1019305000F130101020E
:107A6C006F30D363130101FD2326110223248102FD
:107A7C002322910223202103232E31018327050188
:107A8C0013040500138905000325450083A5070091
:107A9C00EF60D063930509009304050013050400FF
:107AAC00EF50400583270401032784059309050043
:107ABC0083A507000325440013090700638A040605
:107ACC00EF60D060832704011306050003254400F2
:107ADC0083A547002326C100EF60505F8327C401B4
:107AEC00930605000325440083A507002324D10039
:107AFC00EF60D05D832681000326C10013070500CB
:107B0C008327840E1385090093050900EF209179D2
:107B1C008320C10203248102832441020329010230
:107B2C008329C101130500001301010367800000C4
:107B3C00EF6050528327040113060500032544000F
:107B4C0083A547002326C100EF60D0508327C401D2
:107B5C00930605000325440083A507002324D100C8
:107B6C00EF60504F0326C1008326810013070500E8
:107B7C006FF01FF9130101FC232C8102232E11023B
:107B8C00832605068328C505032F850613040500E7
:107B9C0033951601B307E50383250408832E4406A9
:107BAC0003280407370700403306B040330ED0419A
:107BBC0033030041930284003315E5033387E70058
:107BCC00B337F7002320C4081357F7012322C40747
:107BDC002328640623AE519AB387A7009397170006
:107BEC00B387E70063DC0E0013C5FEFF130710001C
:107BFC003317A700B307F700B3D7C7410325C40752
:107C0C00B70F00403387A702B397A702B30FF70152
:107C1C0033B7EF0093DFFF013307F700131717009B
:107C2C003307F70163DC050093CFF5FF93071000D2
:107C3C00B397F7013387E7003357C7409386F60FA6
:107C4C00B3961601B387E603B70F0040131707016D
:107C5C0013570741339FE603B38FF701B3B6FF0009
:107C6C0093DFFF01B386E60193961600B386F60107
:107C7C0063DC0E0093CEFEFF93071000B397D70181
:107C8C00B386D700B3D6C641B387A602370E0040E1
:107C9C00B396A602338EC701B337FE00135EFE0106
:107CAC00B387D70093971700B387C70163DC050030
:107CBC0013CEF5FF93061000B396C601B387F600FA
:107CCC00B3D7C740939E0701135EF74093D6FE418E
:107CDC003347C701B3C7F6003307C741B387D74053
:107CEC0013170701939707011357070193D7070140
:107CFC006354F700138707006308072093070000FD
:107D0C001357174093871700E31C07FE9306900048
:107D1C0063C6F6001307A0003307F740032EC40612
:107D2C00032F4407B7060040B31E1E01B387EE03B2
:107D3C00B39EEE03B386D700B3B7F60093D6F60125
:107D4C00B387D70193971700B387D700635C0800FC
:107D5C00934EF8FF93061000B396D601B387F60046
:107D6C00B3D76740B306F502B70E0040B317F50260
:107D7C00B38ED601B3B6DE0093DEFE01B387F600F8
:107D8C0093971700B387D70163DC050093CEF5FFFB
:107D9C0093061000B396D601B387F600B3D7C7404D
:107DAC00130EFE0FB3181E01B386E803B70E004086
:107DBC009397070193D70741339EE803B38ED601FF
:107DCC00B3B8DE0093DEFE01B388C80193981800A7
:107DDC00B388D801635C08001348F8FF93061000C1
:107DEC00B3960601B3881601B3D86840B3061503E1
:107DFC00370800403315150333880601B336D80015
:107E0C001358F801B386A60093961600B3860601A4
:107E1C0063DC050093C5F5FF13051000B315B50021
:107E2C00B386D500B3D6C6401398060113D5F740D8
:107E3C009355F841B3C7A700B3C6D500B387A74085
:107E4C00B386B640939707019396060193D7070123
:107E5C0093D6060163D4D700938706006382070A82
:107E6C009306000093D7174093861600E39C07FEF9
:107E7C009307900063DCD706B78701003306E64012
:107E8C009387879093061000B78501002326D100B5
:107E9C002328C1002320C100232481002322F100C8
:107EAC0013080400130604009385059D9308000035
:107EBC0093060000130530002326E102EFE04FA3E8
:107ECC0093050500032544002324B40EEF70805461
:107EDC000327C102130500002320E4088320C103FB
:107EEC000324810313010104678000009307A000A1
:107EFC00B387D740E3D2E7F8138707006FF0DFF7BB
:107F0C009307A0006FF01FFF1307A0006FF01FE195
:107F1C00130101FE232E11002326A100EF40900F28
:107F2C000325C100B7A70000938787B92320F5006C
:107F3C008320C1011301010267800000130101FFBE
:107F4C00232481002326110013040500B7A7000089
:107F5C000325850F9387C7BD2320F4006308050014
:107F6C0083250410B385A540EF3053130325C40EAD
:107F7C00630805008325440FB385A540EF30131229
:107F8C0013050400032481008320C10013010101A7
:107F9C006F401022130101F32324810C2324810B45
:107FAC002326110C03274501832705018326850E03
:107FBC00130405003307F740135C27403305DC023C
:107FCC00130680002326B1002324A1006344A616C7
:107FDC00232C410B232A510B2328610B2326710BD5
:107FEC006350D0142320210D232E310B2322910C0E
:107FFC002322910B2320A10B232EB10993090000FE
:10800C0013090000130C0000130A0101930A010369
:10801C00130B0105930B010713562740930C00001B
:10802C0063D8CC080327C40E939D2C00B387B701EB
:10803C0083A5070003254400B307B70103AD070070
:10804C00EF60D0088327840FB3083D0393142900F5
:10805C0033869A0033089A002320A601B387B70110
:10806C000326C401B3059B00B3849B00938C1C00B6
:10807C00330715012320E80083A7070003254400DC
:10808C001309190023A0F50083250600EF601004E6
:10809C0003274401832704013305850123A0A40091
:1080AC003307F74013562740330CAC01E3CCCCF626
:1080BC000326840E93891900E3C0C9F68324410C6E
:1080CC000329010C8329C10B832C410A032D010ABE
:1080DC00832DC1098325C10013050400EF409021B5
:1080EC008325810093870B0013070B0093860A00EE
:1080FC0013060A00EF30110C8320C10C0324810CF1
:10810C00032A810B832A410B032B010B832BC10AFE
:10811C00032C810A130500001301010D6780000078
:10812C00130A0101930A0103130B0105930B0107B9
:10813C006FF05FFAB77600003776000037750000F5
:10814C009386C6181306461A1305C51D930510050C
:10815C002322910C2320210D232E310B232C410B98
:10816C00232A510B2328610B2326710B2322910BFD
:10817C002320A10B232EB109EF60120B130101FE7A
:10818C0023263101232E1100232C8100232A910058
:10819C0023282101930905006388050A93840500AF
:1081AC0003A5818A83A5450E131636003384C400BB
:1081BC00EF60116083254406EF70012B0327040642
:1081CC00130405003305E04023A4819CEF70D126F5
:1081DC0093050400EF70412903A9040E93040500D4
:1081EC0023A0219D23A2A19C13850900EF70D1240B
:1081FC0093050400EF70412793850400EF609118FC
:10820C00EF20136BEF70511C330525019347F5FFDD
:10821C0093D7F7413375F5009307F00F63D4A7009C
:10822C00138507008320C101032481011315050167
:10823C0083244101032901018329C1001355054100
:10824C00130101026780000003A4819C83A4419C5C
:10825C0003A9019C6FF05FF9130101FD2324810236
:10826C002326110223229102232E3101232C4101BA
:10827C00232A510123286101032745038327850500
:10828C0013040500032707000328070003264700F3
:10829C00B305064193D82540638A0724139527001C
:1082AC003305050113070800930610000326070089
:1082BC0013074700B386C602E31AE5FE938717003F
:1082CC0063FC172393972700B387070133860501B7
:1082DC009309100003A7070093874700B389E902AD
:1082EC00E39AC7FE8327C405378A0100B70A00202A
:1082FC002324D40E130A8A18138BFAFF930400005C
:10830C006382071C2320210323267101232481016E
:10831C00232291012320A1016F0040062320760126
:10832C008327C40F93874700232EF40E83278402E0
:10833C009396240003278405B387D70083A70700EF
:10834C00131727000326040F83A707008326440F67
:10835C00B387E70083A70700B38BF9026308D60C39
:10836C00232076018327040F9384140093874700FE
:10837C002328F40E8327C40563FCF41213060400AF
:10838C00130700009386040093050A0013051000E0
:10839C00EFD01FD693050500930B05000325440071
:1083AC00EF7040070326C40F83270410E318F6F67A
:1083BC00032D840F3309A641935729406382671517
:1083CC001385070063940700130510003305F500AF
:1083DC00636455011385FAFF131C250013050C006B
:1083EC00EF408309B307250123A07701930C050007
:1083FC00630809001306090093050D00EFB0020095
:10840C00930B4900B38B7C0163080D0093050900A5
:10841C0013050D00EF30834833858C012320A41005
:10842C00232C940F232E740F6FF05FF0032DC40ECA
:10843C003309A641935729406384670D13850700C0
:10844C0063940700130510003305F50063645501B0
:10845C001385FAFF131C250013050C00EF40C30114
:10846C00B307250123A07701930C050063080900CD
:10847C001306090093050D00EFA05278930B4900E9
:10848C00B38B7C0163080D009305090013050D00E7
:10849C00EF30C3408327C40533858C01232AA40EF7
:1084AC002326940F2328740F93841400E3E8F4EC30
:1084BC0003290102832BC100032C8100832C410072
:1084CC00032D01008320C102032481028324410275
:1084DC008329C101032A8101832A4101032B010154
:1084EC0013050000130101036780000093071000BF
:1084FC0093860700E3E817DD930910006FF09FDE09
:10850C00377500001305850CEF40C35C130101FFA8
:10851C00232481002326110013040500B7A70000B3
:10852C000325850F9387C7BD2320F400630805003E
:10853C0083250410B385A540EF3043360325C40EC4
:10854C00630805008325440FB385A540EF30033540
:10855C0013050400EF40C0451305040003248100FB
:10856C008320C10093058010130101016F30033388
:10857C00130101FE232E11002326A100EF408029B8
:10858C000325C100B7A700009387C7BD2326050E9E
:10859C002328050E232A050E232C050E232E050E4B
:1085AC00232005102320F5008320C10113010102B3
:1085BC0067800000638E050083A705073385A7003D
:1085CC001315050123AAF19C135505416780000082
:1085DC0083A7419D3385A70013150501135505414C
:1085EC0067800000638E050083A745073385A700CD
:1085FC001315050123A8F19C135505416780000054
:10860C0083A7019D3385A70013150501135505415B
:10861C0067800000B7A70000938707C22320F500EE
:10862C006F400039130101FEB7A70000232E110083
:10863C00938707C22320F5002326A100EF40403783
:10864C000325C1008320C1019305C0111301010250
:10865C006F30C324130101F8232C81062324410716
:10866C00232E1106232A9106232821078327C501CF
:10867C0013040500138A05000325450083A5070094
:10868C0083248400EF6080246308051A8327C401C7
:10869C00032544001309200083A50700EF60801B0D
:1086AC00630C0518232631072322510783278400E6
:1086BC0013079000638EE7321387F4FF933917008A
:1086CC00639C071E032784029307100003270700EF
:1086DC0003270700032747006308F73A93050A00AE
:1086EC001305040023206107232E7105EF40804001
:1086FC008327C40E03270401930B0500138A07007C
:10870C008327040F8325070003254400938A070061
:10871C008327440F138B070093071000638CF444DA
:10872C00EF604013930405008327C4010325440024
:10873C0083A50700EF6000120327C4012326A104C0
:10874C000325440083250700EF60401803264403EB
:10875C0083268409032784028325060003A60600CA
:10876C0003270700832644108328460003270700AD
:10877C001308050003A50500232C210383250410F1
:10878C00232A31030326C40F2328D102832604068F
:10879C002326B1020323840F2324C1028325C4089A
:1087AC002320D10293061000232ED10003260407A8
:1087BC0083268405232C6100232AB1002322D102B5
:1087CC002328C10003264700939616008327C10473
:1087DC00B386C6002326D1000326C70093060B00E0
:1087EC00138704002324C1000323450013860A00C9
:1087FC0093050A00232261000323C50013850B0097
:10880C0023206100EF200133032B0106832BC105CC
:10881C008320C107032481078329C106832A4106CB
:10882C008324410703290107032A8106130500004D
:10883C0013010108678000008327C401032544004D
:10884C001309100083A50700EF604008E31C05E442
:10885C008327C401032544001309000083A50700E6
:10886C00EF50507FE31005E42326310723225107F4
:10887C0023206107232E7105032604028327C401DC
:10888C008325C400377500003306F6401356264086
:10889C001305451FEF90C246B776000037760000EF
:1088AC00377500009386860313068621130505256C
:1088BC0093053007EF60421793050A001305040077
:1088CC0023206107232E7105EF40C02203270401EA
:1088DC008326C40E93071000832507000327040F7B
:1088EC00930B0500138A0600930A07000327440F15
:1088FC0003254400130B07006380F426EF5090759A
:10890C00930405008327C4010325440083A50700B5
:10891C00EF5050740327C4012326A10403254400FF
:10892C0083250700EF50907A03264403832684099D
:10893C00032784028325060003A6060003270700ED
:10894C0083264410832846000327070013080500DC
:10895C0003A50500232C210383250410232A3103AE
:10896C000326C40F2328D102832604062326B10232
:10897C000323840F2324C1028325C4082320D1029E
:10898C0093061000232ED1000326040783268405AA
:10899C00232C6100232AB1002322D1022328C100F9
:1089AC0003264700939616008327C104B386C6009E
:1089BC002326D1000326C70093060B00138704005F
:1089CC002324C1000323450013860A0093050A00E3
:1089DC00232261000323C50013850B0023206100B3
:1089EC00EF20C129032B0106832BC1056FF05FE239
:1089FC008327C4010325440083A50700EF50106DA5
:108A0C0093050A009309050013050400EF40800E3E
:108A1C0083270401930A05000325440083A507005E
:108A2C008327440F0329C40E8324040F138A0700E1
:108A3C00EF5050628327C401130705002326E1047D
:108A4C000325440083A50700638E0910EF501068BE
:108A5C000327C104930705000326840283264403DD
:108A6C008322C40F0326060083A60600832F04105E
:108A7C000326060083A60600032FC408832846009D
:108A8C0003A846006F0080098327C4010325440016
:108A9C0083A50700EF50906393050A009309050026
:108AAC0013050400EF40000583270401930A050019
:108ABC000325440083A507008327440F0329C40E14
:108ACC008324040F138A0700EF50D0588327C40166
:108ADC00130705002326E1040325440083A50700A2
:108AEC006380090AEF50905E0327C10493070500C9
:108AFC0003268402832644038322C40F0326060024
:108B0C0083A60600832F04100326060083A6060006
:108B1C00032FC4088328C60003A8C600832E840F25
:108B2C00032E84100323441093060A0013860400BA
:108B3C009305090013850A00232A51002328F1010B
:108B4C002326E1012324D1012322C101232061002A
:108B5C00EF3001616FF0DFCBEF50505793040500FD
:108B6C006FF05FDAEF50104F0327C1049307050035
:108B7C006FF09FEEEF509055930405006FF0DFBA45
:108B8C00EF50504D0327C104930705006FF05FF6BB
:108B9C00130101FB2320A1032326110423248104A8
:108BAC002322910423202105232E3103232C41035E
:108BBC00232A5103232861032326710323248103D1
:108BCC0023229103130D0500638C052A83A9C50785
:108BDC0083A6050803A985071307F0013307D740BF
:108BEC0093DAF94123A251A123A031A1130807FE66
:108BFC0023AC219D938B0500634C082613041000B5
:108C0C0033140401130A000083A44B0883A88B08B7
:108C1C0013DBF44123A6619F23A4919E13D3F84147
:108C2C00935EF9413385244123A2619E23A0119FB9
:108C3C00B305DB41B3B6A40023AC419F23AE819EA8
:108C4C00B385D540634C0828B31505011305000006
:108C5C001386090093860A00232E0101232CD101CF
:108C6C00232A6100232811012326E100EF4051370C
:108C7C008328010103234101832E81010328C101B3
:108C8C00B38628413303D341B3B8D80023A8A19E9F
:108C9C0023AAB19E0327C10093070500138E05007C
:108CAC0033031341130C0500938C05006348082013
:108CBC00B39506011305000093860A00138609007C
:108CCC002328C1012326F100EF4091318327C100F5
:108CDC00032E0101B306F5403335D500B385C541EC
:108CEC00B385A540138705009387060063CC052048
:108CFC0033E6B60093060000630206201316F70154
:108D0C0093D71700B307F6001357174033E6E70065
:108D1C0093861600E31406FE9307B00063D4F600A6
:108D2C0093860700938656FF130510003315D50064
:108D3C002326D100EF6051708326C10093050500F6
:108D4C0023A6DB0823A4D1A013050D002326B10014
:108D5C00EF60916E8325C100EF600171930B0500EC
:108D6C0093850C0013050C00EF70C10B93850B0061
:108D7C00EF505161930B050093850A001385090090
:108D8C00EF70410A9305050013850B00EF60C16D70
:108D9C009355F4019309050033854501B335B500AE
:108DAC00B38585009397F501135515003385A700FE
:108DBC0093D51540EF700107930505001385090045
:108DCC00EF50515C930504009309050013050A004C
:108DDC00EF7041059305050013850900EF60411DF7
:108DEC001304050013050900EF60116593050400D9
:108DFC00EF5051591309050093050B00138504001E
:108E0C00EF7041029305090013040500EF60C15295
:108E1C006342A00283A5419E03A5019EEF708100D1
:108E2C009305090013040500EF60815A63440500A3
:108E3C001304090013050400032481048320C104D6
:108E4C0083244104032901048329C103032A8103D8
:108E5C00832A4103032B0103832BC102032C8102C0
:108E6C00832C4102032D0102130101056FE00FACAD
:108E7C00130A1000331AEA00130400006FF0DFD855
:108E8C0083A781A0130510003315F500EF60D15AAC
:108E9C0003AC019F83AC419F83A901A083AA41A08D
:108EAC0003AA819F03A4C19F03A9819D83A4819ED2
:108EBC0003ABC19E930505006FF01FE91306F0018B
:108ECC003306E6403395E60093D61600B315E3005F
:108EDC00B3D6C600B385B6006FF01FDE9306F00163
:108EEC0093571500B386E640B395E500B3D7D7008A
:108EFC00B385B7003315E5006FF09FD583A5818A44
:108F0C006FF01FE4B776000037760000377500006D
:108F1C009386862613064627130505259305B00E62
:108F2C00EF509230130101FE232E11002326D100A5
:108F3C002324A100EF30100E032581008326C100ED
:108F4C00B7A70000938707C22324D50E2320F50072
:108F5C008320C1011301010267800000130101F994
:108F6C008326C107131518002326110603230107B6
:108F7C003305F50063C6F65A130710002320E300EF
:108F8C00330E05411307060063C0C603130E16000B
:108F9C001357FE013307C701135717406340065A96
:108FAC00634EC75813070600B30EA80063C2A6028F
:108FBC0037555555130E2600130565553315AE025E
:108FCC00135EFE413305C541634407546342E554C7
:108FDC00338E0E0163C0D603930E360013D5FE41BB
:108FEC00137535003305D50113552540634AE550FB
:108FFC0063480750B30EC80163C4C6033765666681
:10900C00130E4600130575663315AE02135EFE4152
:10901C00135515403305C541634CE54C634A074C69
:10902C00330FD80163C2D60337B5AA2A130E5600E4
:10903C001305B5AA3315AE02135EFE413305C541C7
:10904C006340E54A634E0748B30EE80163C6E60386
:10905C0037254992130E6600130535493315AE02B8
:10906C00135FFE413305C501135525403305E5411A
:10907C006340E546634E0744330ED80163C0D60304
:10908C00930E760013D5FE41137575003305D5018B
:10909C00135535406346E54263440742B30EC8019D
:1090AC0063C4C6033795E338130E8600130595E3A6
:1090BC003315AE02135EFE41135515403305C54101
:1090CC006348E53E6346073E330FD80163C4D603BD
:1090DC0037656666130E9600130575663315AE027A
:1090EC00135EFE41135525403305C541634AE53AED
:1090FC006348073AB30EE80163C4E60337A58B2E29
:10910C00130EA6001305952E3315AE02135EFE4109
:10911C00135515403305C541634CE536634A073694
:10912C00330FD80163C4D60337B5AA2A130EB60081
:10913C001305B5AA3315AE02135EFE411355154047
:10914C003305C541634EE532634C0732B30EE8017B
:10915C0063C4E60337F5C44E130EC6001305F5C4FD
:10916C003315AE02135EFE41135525403305C54140
:10917C006340E530634E072E330ED80163C6D60329
:10918C0037254992930ED600130535493395AE0217
:10919C0013DFFE413305D501135535403305E54149
:1091AC006340E52C634E072AB30EC80163C6C603A1
:1091BC0037958888130EE600130595883315AE0293
:1091CC00135FFE413305C501135535403305E541A9
:1091DC006340E528634E072663C0D603130EF600E2
:1091EC001355FE411375F5003305C5011355454064
:1091FC00634AE5246348072413071000635C1723B4
:10920C0003250108B385E50023248106232291065A
:10921C00232E3105232C4105232A510523248105B6
:10922C0023229105232EB103232021072328610536
:10923C00232671052320A105338AA60213040600F8
:10924C0093D6F50103260300B386B60093D61640D9
:10925C002326D102930D0700B30A87400327410848
:10926C00B306C802930CF4FF3387EC00232CE10007
:10927C0083A4C18A2320110323220103B3090041D3
:10928C00B386F600B38606419386760013D6F64174
:10929C0013767600B306D60093F686FF334ADA02CD
:1092AC00832641083307D802330C0741B307FC006F
:1092BC002324E102232EF1006F0080038327410257
:1092CC0003278102938D1D00B389F9408327C101C7
:1092DC00B387E700232EF100032741088327810180
:1092EC00B387E700232CF10083270102638CB711AD
:1092FC0083270102B3E7B703E39207FC83274108F6
:10930C00E35EF0FA83270102832BC10233CBB70350
:10931C0013850B00EF60511213090500131D3B0060
:10932C0033057D011305F5FF3345A50333056503AF
:10933C0013153500EF605110930505001305090056
:10934C00EF501147032C8101832BC101032D4108E0
:10935C009307F0FF232AA1002328F100B3878A0189
:10936C001305040063467A09B34CFC021388FCFF16
:10937C003309F802B3072441B387B7019387F7FF8A
:10938C00B3E5B703338BB740EF60110B8325410175
:10939C00EF60810D2326A10033052B01EF60D1096D
:1093AC00930505000325C100EF50914093850400FF
:1093BC0013090500EF5051789307050093850400BD
:1093CC0013050900634AF000EF5051706312050257
:1093DC0083270101639EFC00832741072328910109
:1093EC009304090023A0A7018327810723A0B701B9
:1093FC00130DFDFFB38B3B01330CBC41E3100DF699
:10940C006FF0DFEB03248106832441060329010658
:10941C008329C105032A8105832A4105032B0105F4
:10942C00832BC104032C8104832C4104032D0104E0
:10943C00832DC1038320C10613050000130101070E
:10944C0067800000130700012320E3006FF0DFDAD0
:10945C00130EF000130705002320C3016FF0DFD7B4
:10946C00930EE000130705002320D3016FF0DFD328
:10947C00130ED000130705002320C3016FF0DFCFBC
:10948C00130EC000130705002320C3016FF01FCC7F
:10949C00130EB000130705002320C3016FF05FC843
:1094AC00130EA000130705002320C3016FF09FC407
:1094BC00130E9000130705002320C3016FF0DFC0CB
:1094CC00930E8000130705002320D3016FF01FBDFE
:1094DC00130E7000130705002320C3016FF0DFB9D2
:1094EC00130E6000130705002320C3016FF0DFB5D6
:1094FC00130E5000130705002320C3016FF05FB259
:10950C00930E4000130705002320D3016FF09FAE8C
:10951C00130E3000130705002320C3016FF05FAB5F
:10952C00330E05411307F0FFE3C0C6A9130E160056
:10953C001357FE013307C70113571740130E2000B2
:10954C002320C3016FF05FA6130101FA232C8104C1
:10955C0023282105232631052324410523225105E7
:10956C00232C8103232E1104232A9104232061052B
:10957C00232E7103232A9103032606003384F7025A
:10958C0013090500032B06008324C60093890500EC
:10959C0013067B009357F64193F77700B387C70008
:1095AC0093D73740B387870293051000138C0600BE
:1095BC00130A0700B387970213953700EF50024D3B
:1095CC00930A05006352600763000406635E90040F
:1095DC00B30E94023383990013080500130E000098
:1095EC00939814001306030093050000330596406E
:1095FC00930705003387050183C60700938717007F
:10960C002300D70033078700E318F6FE9385150077
:10961C003386A800E31CB4FC130E1E003303D301E5
:10962C003308D801E310CBFD93777C0063860700E9
:10963C00B307FC40138C87009357FC4193F77700DA
:10964C00B387870193DC3740B3848C0293051000F9
:10965C00B30B9A0213953B00EF5042439305100055
:10966C00130B050013153400EF504242930905000B
:10967C000325490093953B00EF505052930770001F
:10968C00930B050063D4872963504015B3078A02F6
:10969C002328A1032326B10323269100938F0A00CC
:1096AC0013153A0093030400930500001306000001
:1096BC00931D140013931700330DF3009398270098
:1096CC0093963700338EF800131F1D00B38EF640AF
:1096DC0033836A00338FEA01B38EDA01338ECA0109
:1096EC00B3881A01B382FA0013880C0013870A009E
:1096FC0093840B00139C3500330C8B01B38C83408B
:10970C0013090000631A041013091900E31E2AFF41
:10971C0013061600B3839D01B385F500B38FDF00EC
:10972C00B382D2003303D300B388D800330EDE00EB
:10973C00330FDF00B38EDE00E34E06FB938B040089
:10974C008324C100032D0103832DC102930A07005A
:10975C00638C040693943400330FAB009302000027
:10976C00930F00003387FB01B3075B0083CE070028
:10977C0003CE170003C3270083C8370003C8470074
:10978C0083C5570003C6670083C677002300D70143
:10979C00A300C70123016700A301170123020701DE
:1097AC00A302B7002303C700A303D7009387870046
:1097BC0033079700E39CE7FB938F8F00330FAF00C9
:1097CC00B382A200E390F4FB13050B00EF50023CB4
:1097DC0013850900EF50823B13850A00EF50023BC2
:1097EC008320C10503248105832441050329010538
:1097FC008329C104032A8104832A4104032B010415
:10980C00032C8103832C410313850B00832BC10391
:10981C00130101066780000023280101B30BFD0131
:10982C00930A0400232AC100232CD100232EF1001B
:10983C0013880500B3878A401386090093860900B4
:10984C0023242101B385FF0083C505003389F20071
:10985C00034909002380B600B305F30083C5050056
:10986C00A38026013389FB00034909002381B6003C
:10987C00B385F80083C50500A38126013309FE00DA
:10988C00034909002382B600B305FF00A382260119
:10989C0003C90500B385FE0083C50500238326019B
:1098AC0093871700A383B60093868600E3CC57F901
:1098BC000329810093070C0093860C002324E100FC
:1098CC0083250600032746009386160023A0B700C5
:1098DC0023A2E70013068600B387A700E3C276FE37
:1098EC001309190003278100130C8C00B38A8A001A
:1098FC00E3122AF593050800032641018326810112
:10990C008327C101032801016FF09FE0E35E90EA19
:10991C00E35C40EB13153A006FF0DFE3130101FD3C
:10992C0023261102232481022322910223202103C6
:10993C00232E3101130905000325450013141600CD
:10994C0093890500930504002324C1002322E10020
:10995C002320F1002326D100EF505024930405005E
:10996C000325490093050400EF5050230326810082
:10997C0083270100032741006352C0088326C100DE
:10998C0093850900B38F8400938E0400130F050098
:10999C009302F03F03A805003308D840135EF8414A
:1099AC001376FE3F330606019318660013D6084162
:1099BC009358F640135E6E01334316013303134183
:1099CC00B308C80193F8F83F131303012390CE009A
:1099DC00B388C8411353030123101F0163E26204CF
:1099EC001316A60033061601631C0605938E2E0073
:1099FC0093854500130F2F00E39EDFF9232097007A
:109A0C0023A0A7008320C1020324810283244102E6
:109A1C00032901028329C10113010103678000009E
:109A2C00B776000037760000377500009386062D58
:109A3C001306862E130505259305A019EF40D27E3B
:109A4C00B7760000377600003775000093864633F2
:109A5C001306862E130505259305C019EF40D27CFD
:109A6C00B798E3381303F611938898E3B3181303EC
:109A7C00130101F3135EF341930EF60F2320210D16
:109A8C001389060013D3FE412324810B1373F30FA8
:109A9C00138C050093D66840B386C6419395360067
:109AAC00B385D5003303D3012328610B2320A10BED
:109ABC00232EB109137303F02326110C2324810CDC
:109ACC002322910C232E310B232C410B232A510BD7
:109ADC002326710B93955500130B0700138D07006C
:109AEC00930D0800B306C34063C0657213D8F6012A
:109AFC009309800063CA0670B76766661307F6138E
:109B0C0093877766B317F7021357F74193D77740CC
:109B1C00B387E740139727003307F7001317670045
:109B2C003307C740631E086C634CD76C1387060061
:109B3C00B7A78B2E9306F6159387972EB397F6023D
:109B4C0093D6F6419305001693D76740B387D74059
:109B5C00B387B702B387C7406340076A63CEE76831
:109B6C0093070700B7B6AA2A1307F6179386B6AA67
:109B7C00B316D7021357F74193D66640B386E64027
:109B8C00139716003307D700131777003307C74016
:109B9C0063C00766634EF76413870700B7F7C44EBC
:109BAC009306F6199387F7C4B397F60293D6F6414A
:109BBC009305001A93D77740B387D740B387B70282
:109BCC00B387C74063CEE764634C07649307070011
:109BDC00372749929306F61B130737493397E6024A
:109BEC0093D5F6413307D700135787403307B74057
:109BFC00931637003387E640131767003307C740C7
:109C0C0063CC0760634AF76013870700B7978888AF
:109C1C009306F61D93879788B397F60293D5F64172
:109C2C00B387D70093D78740B387B7409396470045
:109C3C00B387F64093975700B387C74063C6E75E78
:109C4C006344075E939B5900338ACB00130AFAFFD7
:109C5C0033677A039307790093D4F74193F4740034
:109C6C00B384F40013F484FF032545002320C100C2
:109C7C0093D43440330AEA40B3058A02EF500072A1
:109C8C0003260100930A05006354C0466352204723
:109C9C001375C9FF93022500B3075C00B30624417A
:109CAC00B3032C0133878A412322910B2324F10027
:109CBC002322D100B38C5A00930F15009388030014
:109CCC001307F7FF93050C0093870A009306F9FF1F
:109CDC0013080000130F0000130360006378D33ED9
:109CEC0033E3F500137333006312033E3303F500C3
:109CFC0023206100133E3700938E05001383070069
:109D0C0063160E3C03AE0E0013034300938E4E00FD
:109D1C00232EC3FF032E0100E316C3FF63002507A8
:109D2C00B38E78403303DC013303A30003430300F9
:109D3C002320610033830A01330EA3002326610024
:109D4C000323010023006E0063DA2F033303DC01CD
:109D5C00330EF301034E0E0033830A013303F30178
:109D6C002300C30163DC2201032381003303D301ED
:109D7C00034E030033830C012300C3010323410072
:109D8C00130F1F00B3852501B387870033088800A4
:109D9C00B388280133076700E310E6F59395690053
:109DAC003387B40293F686FF138E86009318340023
:109DBC00130300001305000093060105130F100098
:109DCC0013173700B3876402B302730193973700FC
:109DDC00B387FA001308000023209100B303F800A6
:109DEC0093040300930E0101938F030083CC0F00A7
:109DFC0003CC1F00938E8E00238C9EFFA38C8EFFB2
:109E0C0083CC2F0003CC3F00238D9EFFA38D8EFFB0
:109E1C0083CC4F0003CC5F00238E9EFFA38E8EFF5E
:109E2C0083CC6F0003CC7F00B38F8F00238F9EFFFA
:109E3C00A38F8EFFE39CD6FB034C0101834F1101D2
:109E4C00834E210123088105034C3101230CF105BC
:109E5C002300D107834F4101834E51012304810715
:109E6C00034C61012308F107230CD107834F7101C7
:109E7C00834E810123008109034C91012304F109D4
:109E8C00A308D105834FA101834EB101A30C810519
:109E9C00034CC101A300F107A304D107834FD101E7
:109EAC00834EE101A3088107034CF101A30CF107D8
:109EBC00A300D109A3048109034C0102938E06006F
:109ECC00938F030023098105034C1102230D810597
:109EDC00034C210223018107034C31022305810726
:109EEC00034C410223098107034C5102230D8107C6
:109EFC00034C610223018109034C71022305810982
:109F0C00034C8102A3098105034C9102A30D810529
:109F1C00034CA102A3018107034CB102A3058107E5
:109F2C00034CC102A3098107034CD102A30D810785
:109F3C00034CE102A3018109034CF102A305810941
:109F4C00034C0103230A8105034C1103230E8105E5
:109F5C00034C210323028107034C310323068107A1
:109F6C00034C4103230A8107034C5103230E810741
:109F7C00034C610323028109034C710323068109FD
:109F8C00034C8103A30A8105034C9103A30E8105A5
:109F9C00034CA103A3028107034CB103A306810761
:109FAC00034CC103A30A8107034CD103A30E810701
:109FBC00034CE103A3028109034CF103A3068109BD
:109FCC00034C0104230B8105034C1104230F810561
:109FDC00034C210423038107034C3104230781071D
:109FEC00034C4104230B8107034C5104230F8107BD
:109FFC00034C610423038109034C71042307810979
:10A00C00034C8104A30B8105034C9104A30F810520
:10A01C00034CA104A3038107034CB104A3078107DC
:10A02C00034CC104A30B8107034CD104A30F81077C
:10A03C00034CE104A3038109034CF104A307810938
:10A04C0083CC0E0003CC1E00938E8E0023809F01C8
:10A05C00A3808F0183CCAEFF03CCBEFF23819F0175
:10A06C00A3818F0183CCCEFF03CCDEFF23829F0123
:10A07C00A3828F0183CCEEFF03CCFEFF23839F01D1
:10A08C00A3838F01130C0109B38F8F00E31ADCFB40
:10A09C0093848400B3831301E3C654D4130888005B
:10A0AC00E31EC8D33303B30083240100B382B20090
:10A0BC00B387E700E340C3D2630AE503130510003E
:10A0CC0063D6CB0213830B006FF0DFCF138E070028
:10A0DC0013830500834E030013031300130E1E009D
:10A0EC00A30FDEFFE31813FF6FF05FC9832C410A47
:10A0FC00B38B4403939B3B0013850B00EF4052281A
:10A10C00130C0500635E4007635C200713153A00CF
:10A11C0013060000930600003307DC00B387CA0067
:10A12C009305000083C2070083CF170003CF2700DD
:10A13C0083CE370003CE470003C3570083C86700A4
:10A14C0003C8770023005700A300F7012301E701A0
:10A15C00A301D7012302C701A30267002303170140
:10A16C00A303070193851500938787003307A70086
:10A17C00E3CA95FA9386860033068600E31ED5F86B
:10A18C0013860B0093050C0013850A00EF90022731
:10A19C0013050C00EF40921F930780002324FB0053
:10A1AC0023204B0123229B0023203D0193074000D9
:10A1BC0023A0FD008320C10C0324810C8324410CBB
:10A1CC000329010C8329C10B032A810B032B010BDF
:10A1DC00832BC10A032C810A032D010A832DC1098B
:10A1EC0013850A00832A410B1301010D67800000BF
:10A1FC009309C0006FF09F9A9309B0006FF09F967F
:10A20C009309A0006FF0DF92B386C54013D8F60116
:10A21C00930990006FF05F8E9309E0006FF01F9F21
:10A22C009309D0006FF0DF9A9309F0006FF09FA1B3
:10A23C00130101F9232481062326110623229106FA
:10A24C0023202107232E3105232C410523248105AE
:10A25C0083264503032785028327050803A60600EA
:10A26C0003270700130405008326840783290700AE
:10A27C0003254508032A06001307F001B307F7402E
:10A28C00938507FE83244A0003A949003305D54072
:10A29C0063CA0548B315B500130500000326C407AF
:10A2AC009356F641EF30C153032784009307900077
:10A2BC0083254409130C05006304F756130510009D
:10A2CC00032ACA0083A6C900E306A900232A510564
:10A2DC002328610523267105232291052320A1053E
:10A2EC00032684098327060083A747006304A7007D
:10A2FC001387060093060A0013050400EFF0CFA4A1
:10A30C000327840993071A002326A40E13D9F701F7
:10A31C003309F900832707000327040693058002FD
:10A32C0003A647009316170013591940B386C600AD
:10A33C0063C6C53C93071000232EF40EB38AE64087
:10A34C009387040063C055039385140093D7F501DC
:10A35C00B387B70093D7174063C0973C63CE043ADA
:10A36C009387040093058002B309D70063C2D5021A
:10A37C00B75655559385240093866655B396D502EA
:10A38C0093D5F541B386B64063CEF63A63CC073A23
:10A39C0093068002B305370163C03603138534007E
:10A3AC009356F54193F63600B386A60093D6264015
:10A3BC0063C2F63A63C0073A930680023305B700CE
:10A3CC0063C4B602B7666666938544009386766668
:10A3DC00B396D50293D5F54193D61640B386B640C5
:10A3EC0063C0F63C63CE073A930680023308A7009D
:10A3FC0063C2A602B7B6AA2A938554009386B6AA5E
:10A40C00B396D50293D5F541B386B64063C2F63AFE
:10A41C0063C0073A930680023305070163C606033F
:10A42C00B72649929385640093863649B396D50234
:10A43C0013D8F541B386B60093D62640B3860641B1
:10A44C0063C0F63863CE073693068002B305A700C7
:10A45C0063C0A602138574009356F54193F67600FB
:10A46C00B386A60093D6364063C4F63663C207366D
:10A47C00930680023305B70063C4B602B796E3387F
:10A48C0093858400938696E3B396D50293D5F541D4
:10A49C0093D61640B386B64063C4F63463C2073411
:10A4AC00930680023308A70063C4A602B7666666EB
:10A4BC009385940093867666B396D50293D5F54131
:10A4CC0093D62640B386B64063C4F63263C20732D5
:10A4DC00930680023305070163C40603B7A68B2ECF
:10A4EC009385A4009386962EB396D50293D5F54109
:10A4FC0093D61640B386B64063C4F63063C20730B9
:10A50C00930680023308A70063C4A602B7B6AA2A32
:10A51C009385B4009386B6AAB396D50293D5F5412C
:10A52C0093D61640B386B64063C4F62E63C2072E8C
:10A53C00930680023305070163C40603B7F6C44EC5
:10A54C009385C4009386F6C4B396D50293D5F54192
:10A55C0093D62640B386B64063C6F62063C4072064
:10A56C0093068002B305A70063C6A602B7264992DC
:10A57C001385D40093863649B316D5021358F5418A
:10A58C00B386A60093D63640B386064163C4F61E46
:10A59C0063C2071E930680023305B70063C6B6027A
:10A5AC00B79688889385E40093869688B396D502EF
:10A5BC0013D8F541B386B60093D63640B386064120
:10A5CC0063C2F61C63C0071C9306800263C0A6021C
:10A5DC009385F40093D6F54193F6F600B386B60056
:10A5EC0093D6464063C8F61A63C6071A8327C40F6E
:10A5FC00130B003C13050900B307F7022324C10217
:10A60C00B387C700B387E7409387770013D7F74129
:10A61C0013777700B307F70093F787FF334BFB02F1
:10A62C00EF5081619307F901930B0500930C050022
:10A63C0013D5F7411375F5013305F500137505FEB8
:10A64C00EF50815F9305050013850B00EF40511609
:10A65C0003268102130D050063465B2B1387140040
:10A66C009357F701B387E700138504002324C10235
:10A67C00232EB10393DD1740EF50015C93050D00C1
:10A68C00930B0500EF40515E93850B00EF40511288
:10A69C0083A5C18A2326F102930B0500EF40D14913
:10A6AC0003268102635CA022930720002320F41070
:10A6BC00930710002322F4106344CB40138504004D
:10A6CC00EF508157930505002324A10213050D00BB
:10A6DC00EF40915983258102EF40910D130D050038
:10A6EC0093850B0013050D00EF40513E631A053C9A
:10A6FC006398B43D832DC1036F008024B38AE64078
:10A70C009307F0FFE3C055C79385140093D7F50169
:10A71C00B387B70093D7174093052000232EB40EB0
:10A72C006FF05FC41356F541935615003307F7408D
:10A73C00B315F60033D7E6003315F500B305B700B3
:10A74C006FF0DFB59305300093870600232EB40E0F
:10A75C006FF01FC41305400093870600232EA40E30
:10A76C006FF09FC59305D00093870600232EB40E7F
:10A77C006FF01FDF1305E00093870600232EA40E55
:10A78C006FF05FE19305F00093870600232EB40E63
:10A79C006FF09FE393070001232EF40E6FF01FE57B
:10A7AC009305500093870600232EB40E6FF0DFC381
:10A7BC009305600093870600232EB40E6FF09FC59F
:10A7CC009305700093870600232EB40E6FF0DFC73D
:10A7DC001305800093870600232EA40E6FF05FC92B
:10A7EC009305900093870600232EB40E6FF05FCB79
:10A7FC009305A00093870600232EB40E6FF05FCD57
:10A80C009305B00093870600232EB40E6FF05FCF34
:10A81C009305C00093870600232EB40E6FF05FD112
:10A82C0093060900130804109307C40F1307441070
:10A83C001386040013050400EFF08FA22326A40E48
:10A84C008325040993060C00138604009307440F18
:10A85C001307040F13050400EFF04F8CB7870100AA
:10A86C009387075F2322F100B7950100B78701009A
:10A87C00232481001308040013060400232801007C
:10A88C0023260100232001009387075C9385C5B91B
:10A89C009308000013070000930600001305300016
:10A8AC00EFB01F859305050003254400232CB40E3F
:10A8BC00EF4050368320C1060324810683244106D1
:10A8CC00032901068329C105032A8105032C810470
:10A8DC0013050000130101076780000013871D009A
:10A8EC008327C102631E070083A5C18A13850B0051
:10A8FC00EF40D11D032681028327C102E30605DA4E
:10A90C00832DC103634ACB1E138504002326F10259
:10A91C00EF508132930505002324A10213050D008D
:10A92C00EF40913483258102EF4081688327C10277
:10A93C00130D050083A5C18AEF4011206354A01CA0
:10A94C00930710002320F4102322F4101309F900AC
:10A95C001355F9411375F50033052501137505FFE2
:10A96C00EF50812D9305050013850C00EF404164D9
:10A97C00930C0500634C3B159387340013D9F741B6
:10A98C00137939003309F900135929409307F9FF5A
:10A99C00939727003387F440130717009359F70157
:10A9AC0013850400B389E9002324F102EF50C12878
:10A9BC0093850C00EF40512B8327810293F9E9FF1B
:10A9CC00930B050033853701EF50012793050500E4
:10A9DC0013850B00EF40C15D93090500930505003D
:10A9EC0013050D00EF40D11E634E05009385090041
:10A9FC0013050D00EF40910D631A050C9307190018
:10AA0C006396070C93072000138D09002320F41084
:10AA1C002322F41063485B099387140093D9F70140
:10AA2C00B389F90093D91940938AF9FF939A1A00C4
:10AA3C0033875441130717009357F701138504000C
:10AA4C00B384E700EF50411F93850C00EF40D121F8
:10AA5C0093F4E4FF130B050033859A00EF50C11DEE
:10AA6C009305050013050B00EF408154930405007A
:10AA7C009305050013050D00EF409115634C05007F
:10AA8C009385040013050D00EF405104631C050071
:10AA9C00631A390113071000930720002320E410D8
:10AAAC002322F410832A4105032B0105832BC104B7
:10AABC00832C4104032D010493040A006FF05FD82A
:10AACC00832DC103138D0B006FF05FE81309F0FFAA
:10AADC006FF05FF4130804109307C40F13074410AE
:10AAEC0013060A0013050400EFE09FF72326A40EBB
:10AAFC0093040A006FF0DFD483ABC18A138D0B0073
:10AB0C006FF0DFE4232EB10383ABC18A930DF0FF0A
:10AB1C006FF01FBD1305000067800000130101FFDB
:10AB2C002324810023229100232611009304050085
:10AB3C00EF40402303A6840083A6440013040000C6
:10AB4C00B307D64093D72740131724003387E6006A
:10AB5C00635EF402832707001385070063880704EC
:10AB6C0083A707001304140083A74700E78007009E
:10AB7C0083A6440003A68400131724003387E60041
:10AB8C00B307D64093D72740E346F4FC6304D600C2
:10AB9C0023A4D4008320C10003248100832441001A
:10ABAC00130500001301010167800000B307D640B4
:10ABBC001304140093D727406FF01FF96380A50E80
:10ABCC00130101FE232C8100232A9100232E110056
:10ABDC0003A84500032705008326850093870500FD
:10ABEC0083A50500B386E64013040500B304B84002
:10ABFC0063E49604032545003306E54093060600FE
:10AC0C006360960A9307400063D69710138604007E
:10AC1C0013050700EF80026C83270400B3849700B0
:10AC2C00232294008320C101032481018324410148
:10AC3C001301010267800000138504002324E10046
:10AC4C00232821012322B1002326D100EF10D302A7
:10AC5C00832541001386040013090500EF80027A56
:10AC6C0003278100630807008325C1001305070033
:10AC7C00EF00D342B3049900232494002320240131
:10AC8C0003290101232294008320C10103248101A3
:10AC9C0083244101130101026780000067800000DA
:10ACAC009308400063D0C806130507002322F10067
:10ACBC00EF804262832741000325440003270400F0
:10ACCC0083A5070003A84700B306E540B385D5006C
:10ACDC003306B8406354C002EF80427283270400ED
:10ACEC00B3849700232294008320C10103248101A3
:10ACFC00832441011301010267800000B304970013
:10AD0C006FF01FF2E31416FD83A605002320D70075
:10AD1C006FF09FFAE394F4FE83A705002320F7005D
:10AD2C0083240400938444006FF09FEF6380A50E8E
:10AD3C00130101FE232C8100232A9100232E1100E4
:10AD4C0003A845000327050083268500938705008B
:10AD5C0083A50500B386E64013040500B304B84090
:10AD6C0063E49604032545003306E540930606008C
:10AD7C006360960A9307400063D69710138604000D
:10AD8C0013050700EF80025583270400B384970056
:10AD9C00232294008320C1010324810183244101D7
:10ADAC001301010267800000138504002324E100D5
:10ADBC00232821012322B1002326D100EF10C36BDD
:10ADCC00832541001386040013090500EF800263FC
:10ADDC0003278100630807008325C10013050700C2
:10ADEC00EF00D32BB30499002324940023202401D7
:10ADFC0003290101232294008320C1010324810132
:10AE0C008324410113010102678000006780000068
:10AE1C009308400063D0C806130507002322F100F5
:10AE2C00EF80424B83274100032544000327040095
:10AE3C0083A5070003A84700B306E540B385D500FA
:10AE4C003306B8406354C002EF80425B8327040092
:10AE5C00B3849700232294008320C1010324810131
:10AE6C00832441011301010267800000B3049700A1
:10AE7C006FF01FF2E31416FD83A605002320D70004
:10AE8C006FF09FFAE394F4FE83A705002320F700EC
:10AE9C0083240400938444006FF09FEF6380A50E1D
:10AEAC00130101FE232C8100232A9100232E110073
:10AEBC0003A845000327050083268500938705001A
:10AECC0083A50500B386E64013040500B304B8401F
:10AEDC0063E49604032545003306E540930606001B
:10AEEC006360960A9307400063D69710138604009C
:10AEFC0013050700EF80023E83270400B3849700FC
:10AF0C00232294008320C101032481018324410165
:10AF1C001301010267800000138504002324E10063
:10AF2C00232821012322B1002326D100EF10C35482
:10AF3C00832541001386040013090500EF80024CA1
:10AF4C0003278100630807008325C1001305070050
:10AF5C00EF00D314B304990023249400232024017C
:10AF6C0003290101232294008320C10103248101C0
:10AF7C0083244101130101026780000067800000F7
:10AF8C009308400063D0C806130507002322F10084
:10AF9C00EF8042348327410003254400032704003B
:10AFAC0083A5070003A84700B306E540B385D50089
:10AFBC003306B8406354C002EF8042448327040038
:10AFCC00B3849700232294008320C10103248101C0
:10AFDC00832441011301010267800000B304970030
:10AFEC006FF01FF2E31416FD83A605002320D70093
:10AFFC006FF09FFAE394F4FE83A705002320F7007B
:10B00C0083240400938444006FF09FEF130101FF2D
:10B01C00B7A7000023248100232291009387C7CA7D
:10B02C0023261100232021012320F5009304050081
:10B03C00EF30505383A6840003A744001304000090
:10B04C00B387E64093D72740635CF4029317240040
:10B05C00B307F70003A507006300050E832705005F
:10B06C001304140083A74700E780070083A684001D
:10B07C0003A74400B387E64093D72740E348F4FC8A
:10B08C006304D70023A4E40003A4C40303A90404A9
:10B09C006304240303250400930784006308F5006C
:10B0AC008325840093851500EF00437F13048401EE
:10B0BC00E31289FE03A9C403630A090083A54404AF
:10B0CC0013050900B3852541EF00437D03A5C40298
:10B0DC006308050083A54403B385A540EF00037CFA
:10B0EC0003A504026308050083A58402B385A5406B
:10B0FC00EF00C37A03A544016308050083A5C401CE
:10B10C00B385A540EF00837903A5440063080500CF
:10B11C0083A5C400B385A540EF00437803248100C8
:10B12C008320C100032901001385040083244100FE
:10B13C00130101016FC00FEDB387E6401304140037
:10B14C0093D727406FF05FF0130101FE232E1100FF
:10B15C002326A100EFF09FEB0325C1008320C10142
:10B16C0093058004130101026F004373130101FE68
:10B17C00232E11002326A100EFC0CFE70325C10029
:10B18C00B7A700009387C7CA1307F0FF2322050057
:10B19C002324050023260500232A0500232C050063
:10B1AC00232E050023200502232205022324050259
:10B1BC002326050223280502232A0502232E050235
:10B1CC002320050423220504232805002320F50051
:10B1DC00232CE5028320C1011301010267800000CA
:10B1EC00130101FD23261102232481022322910243
:10B1FC00232021038327060013079000636CF72498
:10B20C0037A7000093972700130787C3B387E7007E
:10B21C0083A7070093040600130405001389050097
:10B22C006780070093040000032684000327C400F2
:10B23C006308E61423209600032684008327440029
:10B24C00130646002324C4003306F640135626404A
:10B25C001306F6FF631226238320C1020324810206
:10B26C000329010213850400832441021301010305
:10B27C00678000001305C011EF1003201386040033
:10B28C00930504009306000093040500EFD09FC9BA
:10B29C006FF09FF91305C011EF10031E1386040005
:10B2AC00930504009306000093040500EFD09FC79C
:10B2BC006FF09FF71305C011EF10031C13860400E9
:10B2CC00930504009306100093040500EFD09FC56E
:10B2DC006FF09FF513058010EF10031A138604000E
:10B2EC009305040093040500EFD08FA86FF0DFF3F3
:10B2FC001305000FEF104318138604009305040088
:10B30C0093040500EF1090316FF01FF21305800EBF
:10B31C00EF108316138604009305040093040500B4
:10B32C00EF30804B6FF05FF0371500001305455080
:10B33C00EF10831413860400930504009304050096
:10B34C00EF2010426FF05FEE1305000FEF10C312E9
:10B35C00138604009305040093040500EFC05FBB43
:10B36C006FF09FEC1305400FEF10031113860400D0
:10B37C009305040093040500EF30403E6FF0DFEAC4
:10B38C00232E310183264400B70500209385F5FF59
:10B39C003306D64093572640638EB71213850700A9
:10B3AC0063940700130510003305F500B707002060
:10B3BC006364F5001385F7FF9319250013850900C5
:10B3CC002324C1002322D1002320E100EF10C30A63
:10B3DC00032681000327010083264100B305C50025
:10B3EC0023A09500930705006306060293850600CB
:10B3FC002324E1002322C1002320D1002326A10015
:10B40C00EF70D27F8327C100032781000326410000
:10B41C0083260100130646003386C70063800602AC
:10B42C00B305D740138506002322F1002320C10069
:10B43C00EF00C34683274100032601003385370103
:10B44C002326A4002322F4002324C4008329C10151
:10B45C006FF09FDFB776000037760000377500007D
:10B46C0093868603130686341305C5389305300579
:10B47C00232E3101EF30425BB776000037760000A7
:10B48C00377500009386C639130686341305C53804
:10B49C0093056005232E3101EF300259130405008A
:10B4AC009305400F13850400232E3101EF00033F59
:10B4BC0013050400EF70012C130405009305000F15
:10B4CC0013850400232E3101EF00433D13050400C6
:10B4DC00EF70412A377500001305850CEF10835F60
:10B4EC00B71500001304050093854550138504001F
:10B4FC00232E3101EF00833A13050400EF708127EE
:10B50C00130405009305800E13850400232E3101CE
:10B51C00EF00C33813050400EF70C1256FF0DFF99D
:10B52C00130405009305801013850400232E3101AC
:10B53C00EF00C33613050400EF70C123130405009C
:10B54C009305C01113850400232E3101EF00033540
:10B55C0013050400EF7001226FF05FFE6FF01FFE09
:10B56C002328B500930745016304F60E130101FE71
:10B57C00232C8100232A9100232E1100032846003E
:10B58C0083250600032745018326C501B304B84073
:10B59C0093070600B386E6401304050063E69604A1
:10B5AC00032585013306E540930606006366960A7B
:10B5BC009307400063DE9710138604001305070001
:10B5CC00EF70525183274401B3849700232C9400CD
:10B5DC008320C10103248101832441011305000050
:10B5EC001301010267800000138504002324E1008D
:10B5FC00232821012322B1002326D100EF00D36799
:10B60C00832541001386040013090500EF70125FB7
:10B61C0003278100630807008325C1001305070079
:10B62C00EF00C327B3049900232E9400232A24018E
:10B63C0003290101232C94008320C10103248101DF
:10B64C0083244101130500001301010267800000EF
:10B65C0013050000678000009308400063D2C80601
:10B66C00130507002322F100EF70D2468327410017
:10B67C00032584010327440183A5070003A8470081
:10B68C00B306E540B385D5003306B8406356C00217
:10B69C00EF70D2568327440113050000B384970042
:10B6AC00232C94008320C1010324810183244101B4
:10B6BC001301010267800000B30497006FF01FF1C3
:10B6CC00E31216FD83A605002320D7006FF05FFA66
:10B6DC00E394F4FE83A705002320F70083244401A0
:10B6EC00938444006FF09FEE130101FF232481002B
:10B6FC002322910023261100832745001304050003
:10B70C0083A7070083A7870203A50700EFB05F9EFE
:10B71C009304050003250401EFB09F9D639CA406D0
:10B72C0003260401930710008326C6016394F606D2
:10B73C00832744009305300003A7070083270704E1
:10B74C0083A707006384B704930690006380D70631
:10B75C00930670006390D70483264601930720005C
:10B76C00639AF602832707011305040083A50700DB
:10B77C00EF30104F8320C10003248100832441004B
:10B78C0013050000130101016780000083274601A7
:10B79C00E38AD7FC8320C100032481008324410069
:10B7AC001305F0FF13010101678000008327460198
:10B7BC00E39207FE6FF01FFB130101F9232611061C
:10B7CC0023202107232C41052320A1058327450095
:10B7DC00032A85002326010223220102330AFA40A0
:10B7EC001307CAFFB387E7002324010283A70700CE
:10B7FC002324E1001307400083A687006384E62E10
:10B80C0003AD070283A7C701330DFD4093572D40AD
:10B81C00232CF100130900006386071CB7070020D6
:10B82C00232A5105232EB1032324810623229106BA
:10B83C00232E310523286105232671052324810538
:10B84C0023229105232EB100930D0500938AF7FF57
:10B85C0083A78D0103A74D01B387E74093D72740FA
:10B86C006356F9140327810083A74D00930640000B
:10B87C0093142900B387E70083A7070003A7870069
:10B88C006302D72083A7C70113850D00B3879700E8
:10B89C0083A50700EF20D07F0327810083A74D00ED
:10B8AC002328A100B387E70003A707008326C7015D
:10B8BC008327C70403274703B386960083A6060095
:10B8CC00B3879700330797002326D10083A707007F
:10B8DC00832C0700130770006382E71E634CF71E6E
:10B8EC006384071E13073000639AE7209307100048
:10B8FC00232AF10083274102032781026384E70096
:10B90C002324F10203A70C0083A74C00130D100095
:10B91C00B387E74093D727406352FD040326810287
:10B92C00832BC10293152D00330AB700630A760DE1
:10B93C0083270A002320F600832781029387470080
:10B94C002324F10203A70C0083A74C00130D1D0048
:10B95C00B387E74093D72740E342FDFC8327C1011F
:10B96C006384070283A74D0103260101832541014E
:10B97C00B387970003A50700130741029307000044
:10B98C0093065000EFA0DFF983A74D018325C1007A
:10B99C0013850D00B387970003A60700EF30502CDA
:10B9AC008327810113091900E39427EB0325410236
:10B9BC00630805008325C102B385A540EFF0126E24
:10B9CC0003248106832441068329C105832A41056A
:10B9DC00032B0105832BC104032C8104832C41040C
:10B9EC00832DC1038320C10603290106032A810587
:10B9FC00032D0104130500001301010767800000EB
:10BA0C00032B4102B309664193D529406388551134
:10BA1C001384050063940500130410003304B40070
:10BA2C00B70700206364F40013840A001314240085
:10BA3C0013050400EF00532483250A003307350156
:10BA4C00130C05002320B700638809001386090036
:10BA5C0093050B00EF70921A13864900B309CC00C2
:10BA6C0063080B00B3856B4113050B00EFF01263F9
:10BA7C0033048C00232681022322810323243103E7
:10BA8C006FF05FEC83A7070113850D00B387970058
:10BA9C0083A50700EF20D05F0327810083A74D000B
:10BAAC002328A100B387E70003A70700832607011B
:10BABC0083270704032787026FF01FE093072000FA
:10BACC00232AF1006FF01FE393074000232AF100B3
:10BADC006FF05FE2130790006392E702232A0100E4
:10BAEC006FF05FE103AD470183A70701330DFD4004
:10BAFC0093572D40232CF1006FF0DFD1B776000067
:10BB0C003776000037750000938686031306463C93
:10BB1C001305C53893051016EF2012713775000008
:10BB2C001305850CEF00137B8327410213040500DA
:10BB3C00638A07008325C10213850700B385F5408E
:10BB4C00EFF0D25513050400EF60D142130101FB55
:10BB5C00930510002322910323261104930C050056
:10BB6C00EFF09FB82326A100E316052623229104AB
:10BB7C00232C41032324810423202105232E31036C
:10BB8C00232A5103232861032326710323248103D1
:10BB9C002320A103232EB10103A78C0083A74C0003
:10BBAC009304F0FF3307F740135A2740330A9A00E7
:10BBBC0063069A10130450006F00C000130AFAFFBA
:10BBCC00630C9A4413192A00B387270103A50700B5
:10BBDC008327050083A70701E780070083A74C0094
:10BBEC00E31E85FC338927010326090083A68C00FC
:10BBFC00930900008325C601032606013387F6400E
:10BC0C0083AA05000329060013572740E3D8E9FA55
:10BC1C0063043A03139B2900B387670103A507004C
:10BC2C008327050083A70701E780070083A74C0043
:10BC3C00631C850083A68C003387F640938919001A
:10BC4C00135727406FF09FFCB385670103A70500CE
:10BC5C001306000083260701032747013307D7404B
:10BC6C0013572740E358E6FC13172600B386E6006B
:10BC7C0003A706006300570303A70500130616006D
:10BC8C0083260701032747013307D7401357274063
:10BC9C006FF05FFD23A0260183A74C00130616004E
:10BCAC00B385670103A70500832607010327470116
:10BCBC003307D740135727406FF0DFFA135727404D
:10BCCC009304000063DCE40613942400338787009C
:10BCDC0003270700130900008326C7010327070267
:10BCEC003307D740135727406350E90493192900B1
:10BCFC00B386360183A5060013850C00EF2050395E
:10BD0C00630A051C83A74C001309190033878700AD
:10BD1C00032707008326C701032707023307D740F1
:10BD2C0013572740E344E9FC03A78C0093841400C9
:10BD3C003307F74013572740E3C8E4F89305100086
:10BD4C0013850C00EFF05FA783A74C0203A70C022E
:10BD5C00B75BECC4938B5BECB387E74093D727407E
:10BD6C00B3877703130D0000130B00006350FD1213
:10BD7C0003A64C0083A78C001309F0FF13040000EA
:10BD8C00B387C74093D7274093090900930A09004A
:10BD9C00130A09006354F40A93142400B3069600A2
:10BDAC0083A50600930D000003A7C50183A7050218
:10BDBC00B387E74093D7274063D6FD02139C2D0031
:10BDCC0033078701032707006302A71903A7C501DF
:10BDDC0083A70502938D1D00B387E74093D72740B7
:10BDEC00E3CEFDFC03A7050183A74501930D0000DD
:10BDFC00B387E74093D7274063D8FD02139C2D00EF
:10BE0C0033078701032707006306A71B83A70600D8
:10BE1C00938D1D0003A7070183A74701B387E74054
:10BE2C0093D72740E3CCFDFC83A78C0013041400AC
:10BE3C00B387C74093D72740E340F4F683A70C029F
:10BE4C00130D1D00B387670123A6470183A70C02BE
:10BE5C00B387670123A4570383A70C02B387670139
:10BE6C0023A8370183A70C02B387670123A22703FA
:10BE7C0083A74C0203A70C02130B4B03B387E740B9
:10BE8C0093D72740B3877703E344FDEE13850C006B
:10BE9C00EF20502B03248104832441040329010443
:10BEAC008329C103032A8103832A4103032B010342
:10BEBC00832BC102032C8102032D0102832DC101AE
:10BECC008320C1040325C100832C41021301010509
:10BEDC006780000083A74C0013850C00B387870094
:10BEEC0083A7070083A7C701B387370183A5070082
:10BEFC00EF209021E31805E083A74C00B38787005F
:10BF0C0083A7070083A6470303A7C70183A7C7041A
:10BF1C00B386360133073701B387370103A5060013
:10BF2C008329070003AA0700EFB08F9C9306050036
:10BF3C0013060A009385090013850C009307000073
:10BF4C0013071000EF3050076FF0DFDB93050D0087
:10BF5C0013850C00EF20501B630605006348090491
:10BF6C00930A040003A74C0013850C0033079700B9
:10BF7C00032707000327C701B307870183A5070021
:10BF8C00EF20101103A64C00B306960083A5060003
:10BF9C00E30E05E263C60900130A04006FF01FE309
:10BFAC0093090400130A04006FF05FE21309040004
:10BFBC006FF01FFB93050D0013850C00EF20D014C0
:10BFCC006306050063460904930A040003A74C00AA
:10BFDC0013850C003307970003270700032707017D
:10BFEC00B307870183A50700EF20900A03A64C0036
:10BFFC00B3069600E30C05E063C60900130A0400BF
:10C00C006FF0DFE093090400130A04006FF01FE0E7
:10C01C00130904006FF05FFB03A78C0037A9000025
:10C02C00130909C63307F7409356274093040000C1
:10C03C0093095000E3D4D4C813942400B387870029
:10C04C0003A507008327050083A70701E7800700E6
:10C05C0063E2A95613152500330525018327050036
:10C06C006780070083A74C00130A00003387870002
:10C07C000326070083260601032746013307D74012
:10C08C00135727406350EA04931A2A00B3865601CB
:10C09C0083A5060013850C00EF20807F83A74C003E
:10C0AC00338787000326070083260601630C052AC5
:10C0BC0003274601130A1A003307D74013572740AA
:10C0CC00E344EAFC8326C60103270602130A000098
:10C0DC003307D740135727406352EA06931A2A00B6
:10C0EC00B386560183A5060013850C00EF20407A19
:10C0FC0083A74C0033878700032707008326C701DB
:10C10C00630E052E03270702130A1A003307D740C4
:10C11C00135727406FF05FFC83A74C0013850C006E
:10C12C00B387870083A7070083A7070183A50700B0
:10C13C00EF20007683A74C006306053803A78C001C
:10C14C00938414003307F740935627406FF09FEE0B
:10C15C0083A74C0013850C00B387870083A70700C7
:10C16C0083A7070183A50700EF20007A83A74C0063
:10C17C00E31605FCB387870083A7070083A6870215
:10C18C0003A7070183A7070403A5060003240700E0
:10C19C0003AA0700EFA0DFF5930605009307100034
:10C1AC0013060A009305040013850C001307000006
:10C1BC00EF30806083A74C006FF05FF883A74C00D2
:10C1CC00130A000033878700032607008326060125
:10C1DC00032746013307D740135727406350EA041F
:10C1EC00931A2A00B386560183A5060013850C000A
:10C1FC00EF20807183A74C0033878700032607004C
:10C20C00832606016306051A03274601130A1A0042
:10C21C003307D74013572740E344EAFC8326C60173
:10C22C0003270602130A00003307D7401357274091
:10C23C00E356EAF0931A2A00B386560183A506004A
:10C24C0013850C00EF20406C83A74C0033878700CC
:10C25C00032707008326C701630405200327070271
:10C26C00130A1A003307D740135727406FF05FFCAF
:10C27C0083A74C0013850C00B387870083A70700A6
:10C28C0083A7070183A50700EF20C057631005287B
:10C29C0083A74C0013850C00B387870083A7070086
:10C2AC0083A7C70183A50700EF20C05583A74C00C7
:10C2BC00E30605E8B387870083A7070013850C0006
:10C2CC0083A7070183A50700EF20C05383A74C0069
:10C2DC00E31605E6B387870083A7070013850C00D8
:10C2EC0083A7C70183A50700EF20006203A74C00BA
:10C2FC00130A050013850C003307870083270700FA
:10C30C0083A7C70183A50700EF20805883A64C00A4
:10C31C00130B0500B386860083A6060003A68602CF
:10C32C0003A7060183A706040325060003240700C0
:10C33C0083AA0700EFA0DFDB9306050093070A0032
:10C34C0013070B0013860A009305040013850C00D9
:10C35C00EF30804683A74C006FF05FDE83A74C0064
:10C36C006FF0DFDD0327860283270604B3865601B0
:10C37C0033075701B38757010325070083AA06002B
:10C38C0003AB0700EFA0DFD6930605009307000070
:10C39C0013060B0093850A0013850C00130710007D
:10C3AC00EF30804183A74C00130A1A006FF01FCCAA
:10C3BC000327860283270604B386560133075701E9
:10C3CC00B38757010325070083AA060003AB0700B8
:10C3DC00EFA01FD2930605009307100013060B0065
:10C3EC0093850A0013850C0013070000EF30C03C46
:10C3FC0083A74C00130A1A006FF0DFDC03264703F7
:10C40C008327C704B386560133075601B3875701F8
:10C41C000325070083AA060003AB0700EFA05FCD3E
:10C42C0093060500930700001307100013060B007A
:10C43C0093850A0013850C00EF30003883A74C005D
:10C44C00130A1A0033878700032707008326C701C6
:10C45C00032707023307D740135727406FF0DFC776
:10C46C00032647038327C704B386560133075601B7
:10C47C00B38757010325070083AA060003AB070007
:10C48C00EFA01FC7930605009307100013070000C9
:10C49C0013060B0093850A0013850C00EF30C03196
:10C4AC0083A74C00130A1A00338787000327070061
:10C4BC008326C701032707023307D74013572740AA
:10C4CC006FF01FD7B387870083A7070083A6870267
:10C4DC0003A7070183A7070403A50600032407008D
:10C4EC0003AA0700EFA0DFC0930605009307000026
:10C4FC0013060A009305040013850C0013071000A3
:10C50C00EF30802B83A74C006FF05FC383A74C00E8
:10C51C0013850C00B387870083A7070083A7C70187
:10C52C0083A50700EF20002EE31405D683A74C004B
:10C53C0013850C00B387870083A7070083A7070127
:10C54C0083A50700EF20403C03A74C00930A05008D
:10C55C0013850C00330787008327070083A7070187
:10C56C0083A50700EF20C03283A64C00930B050077
:10C57C00B386860083A6060003A6460303A7C6015E
:10C58C0083A7C60403250600032A070003AB070094
:10C59C00EFA01FB69306050093870A0013870B00C4
:10C5AC0013060B0093050A0013850C00EF30C02016
:10C5BC006FF01FCEB776000037760000377500009D
:10C5CC00938686031306463F1305C5389305700CF6
:10C5DC00EF2082459307F0FF2326F1006FF05F8E6A
:10C5EC00130101FE232C8100232821012326310174
:10C5FC00232E1100232A9100370700C083278503BF
:10C60C008324C7041304050093890500130906004D
:10C61C0063CE07128326840003274400B386E640CA
:10C62C0013D626406304091423225101B70A00C013
:10C63C0023244101938ACA04130A20006F00C00509
:10C64C0003278403832744009385090013172700CD
:10C65C00B387E70003A507008327050083A7C7005E
:10C66C00E7800700630245076318051683278403D8
:10C67C0093871700232CF4026358200103A70A00A8
:10C68C00330797406356270783268400032744000B
:10C69C00B386E64013D62640939527003307B700A0
:10C6AC0063D6C712032507008327050083A747011C
:10C6BC00E7800700E30605F89385090013050400DD
:10C6CC00EFB08FA1E31E05F6032A8100832A4100F7
:10C6DC008320C10103248101832441010329010129
:10C6EC008329C1001305200013010102678000009B
:10C6FC00032A8100832A41008326840003274400F7
:10C70C00B386E64093D62640E3C4D7FC1307F0FF6C
:10C71C00232CE402B70700C083A5C70437750000BB
:10C72C0013054541B3859540EF50825D8320C101CF
:10C73C000324810183244101032901018329C100C0
:10C74C00130500001301010267800000930500002F
:10C75C00232C0502EFE05FF913050400930500009C
:10C76C00EFF08F85832784036FF0DFEAE3D0C7FAFD
:10C77C00939727003307F70003250700832705004D
:10C78C0083A74701E7800700631C05060327840382
:10C79C00832744009385090013172700B387E7000C
:10C7AC0003A507008327050083A7C700E7800700C0
:10C7BC0093072000E30EF5F063140502832784032E
:10C7CC0093871700232CF4026FF01FF3032A8100C8
:10C7DC00832A41006FF01FF3032A8100832A410052
:10C7EC008320C10103248101832441010329010118
:10C7FC008329C1001305F0FF1301010267800000BB
:10C80C009385090013050400EFB00F8DE31005F8B4
:10C81C006FF01FEC130101FF2324810023229100F0
:10C82C002326110023280500232A0500232C0500AC
:10C83C00232E0500232005022322050223240502B2
:10C84C002326050223280502232A0502232C050290
:10C85C00232E05022320050423220504232405048A
:10C86C002326050423280504232A05048326060011
:10C87C0003274600B7A700009387C7CC2322B50037
:10C88C00130405002320F5002324D5002326E500FE
:10C89C00930586001305050193040600EFE00FE0F5
:10C8AC00938544011305C401EFE04FDF9385040227
:10C8BC0013058402EFE08FC79385C402130544036C
:10C8CC00EFE0CFC69385840313050404EFE00FAFAC
:10C8DC00938544041305C404EFE04FAE938704051D
:10C8EC00130484059384040E03A7870003A6070092
:10C8FC0083A647002324E4002320C4002322D40071
:10C90C0003A7C7009387070113040401232EE4FE39
:10C91C00E39C97FC8320C100032481008324410005
:10C92C0013010101678000008327C40493040500F0
:10C93C00638A07008325440513850700B385F540FA
:10C94C00EFE0D275032504046308050083258404F5
:10C95C00B385A540EFE092740325440363080500FA
:10C96C008325C403B385A540EFE0527303258402ED
:10C97C006308050083250403B385A540EFE012721C
:10C98C000325C4016308050083254402B385A54033
:10C99C00EFE0D270032504016308050083258401B0
:10C9AC00B385A540EFE0926F13850400EF50915CC6
:10C9BC00130101FF23248100232611001304050019
:10C9CC000325C5046308050083254405B385A540EC
:10C9DC00EFE0D26C0325040463080500832584046E
:10C9EC00B385A540EFE0926B032544036308050073
:10C9FC008325C403B385A540EFE0526A0325840266
:10CA0C006308050083250403B385A540EFE0126994
:10CA1C000325C4016308050083254402B385A540A2
:10CA2C00EFE0D26703250401630E05008325840122
:10CA3C00032481008320C100B385A54013010101AB
:10CA4C006FE0D2658320C100032481001301010132
:10CA5C0067800000130101FF2324810023261100AD
:10CA6C00130405000325C50463080500832544054C
:10CA7C00B385A540EFE0926203250404630805002A
:10CA8C0083258404B385A540EFE05261032544035C
:10CA9C00630805008325C403B385A540EFE012604D
:10CAAC00032584026308050083250403B385A54090
:10CABC00EFE0D25E0325C401630805008325440220
:10CACC00B385A540EFE0925D0325040163080500E2
:10CADC0083258401B385A540EFE0525C1305040067
:10CAEC00032481008320C1009305800E13010101F2
:10CAFC006FE0D25A032545006FA09FDAB7A700005C
:10CB0C00938747D12320F5006FF09FEA130101FEB4
:10CB1C00B7A70000232E1100938747D12320F500DF
:10CB2C002326A100EFF0DFE80325C1008320C1011B
:10CB3C009305000F130101026FE05256130101FD22
:10CB4C00B7D70100B7D5010013060500130805007F
:10CB5C00232EA10023200100938787E0938585C8AD
:10CB6C009308000013070000930600001305200033
:10CB7C0023261102EF90CFD70326C10193050500A0
:10CB8C00032546002324B60EEF20D0088320C102D3
:10CB9C00130500001301010367800000130101FD60
:10CBAC002326110223248102232291022320210314
:10CBBC00232E31018327C5011304050013890500B9
:10CBCC000325450083A50700EF105050930509007D
:10CBDC009304050013050400EFF0DFF183278402B2
:10CBEC001309050003A50700EFA08FD083270401CC
:10CBFC00930905000325440083A50700638C0404F6
:10CC0C00EF10D04C8327C401130605000325440004
:10CC1C0083A507002326C100EF10504B0326C1004B
:10CC2C00930605000327840E13050900938509005C
:10CC3C00EFF080298320C102032481028324410266
:10CC4C00032901028329C10113050000130101030B
:10CC5C0067800000EF1010408327C4011306050005
:10CC6C000325440083A507002326C100EF10903E46
:10CC7C000326C100930605006FF0DFFA130101FBD8
:10CC8C0023261104232291032326A1006382051677
:10CC9C00232481042322910423202105232E3103F4
:10CCAC00232C4103232A51032328610323267103D8
:10CCBC0023248103232EB1012320A1039384050097
:10CCCC0003A5818A83A50506B7DC0000938C8C67CD
:10CCDC00EF20012E930A050003A5C405130970006B
:10CCEC009389FC7FEF20517503AC840503A4818AE2
:10CCFC00130A050093891900938D0C00330999418F
:10CD0C00B70B0080130BF00F6F0040011305F00FF1
:10CD1C002380AD00938D1D00638EB9073305B901D7
:10CD2C0013553540EF20517193050A00EF209125E2
:10CD3C0093050C00EF20417333C5AB00EFE0421DAF
:10CD4C0093050400EF10116493050500130504000E
:10CD5C00EF20012693850A00EF200171EFE04235A8
:10CD6C00130D050003A54406EF20116D93050D006E
:10CD7C00EF105161EF2051659347F5FF93D7F741C1
:10CD8C00E346ABF83375F5002380AD00938D1D00A1
:10CD9C00E396B9F903248104832441040329010493
:10CDAC008329C103032A8103832A4103032B010333
:10CDBC00832BC102032C8102032D0102832DC1019F
:10CDCC000327C1009307F07F63C8E7009347F7FF81
:10CDDC0093D7F741B377F7008320C104B387FC00E6
:10CDEC0003C50700832C4102130101056780000075
:10CDFC00B7DC0000938C8C676FF09FFC130101FF74
:10CE0C0023261100EF20516383A5018BEF20C16510
:10CE1C008320C100130101016FA04FB1130101FE6A
:10CE2C00232E11002326A100EFF0DF9E0325C10065
:10CE3C00B7A70000938747D12320F5008320C101B9
:10CE4C001301010267800000130101FFB7A7000066
:10CE5C0023248100232611001387C7D5B7170000A0
:10CE6C002320E500B307F5001304050003A5474F85
:10CE7C0063040500EF109251B7170000B307F400DC
:10CE8C0003A5874F63040500EF900FA6B7170000AA
:10CE9C00B307F40003A5C74F63040500EF90CFA4BC
:10CEAC0013050400032481008320C1001301010138
:10CEBC006FF01FB0130101E92326111623248116EC
:10CECC0023229116232861152326711523248115FD
:10CEDC00232EB11323202117232E3115232C41157A
:10CEEC000327050183278502930B050037140000E7
:10CEFC0033848B008325070083A9070003A947000F
:10CF0C0003254500832704502324F100EF10101C47
:10CF1C0083A70B019304050003A54B0083A54700D1
:10CF2C00EF10D01A03A7090083270900832D844F23
:10CF3C00032B4700032CC44F83A7870093050500E0
:10CF4C0013070B0013860D0093060C00130500004D
:10CF5C00EFF0D0110F500000E3526063232A5115FB
:10CF6C00232291152320A115832C444F338B6D0163
:10CF7C00130401041309000083C70D00032781006B
:10CF8C0063C0E710232AF40083C7040003470C0096
:10CF9C0083AA8C009387872393972700B387FB0082
:10CFAC0083A5C7002328E40013850A00EF20C14B9A
:10CFBC0083A50C0003ADCC00EF10D13C83C714004B
:10CFCC00130A050013050D0093972700B387FB0088
:10CFDC0083A5C74EEF20414983A54C00EF10913A31
:10CFEC0083C724009309050013850A0093878733B0
:10CFFC0093972700B387FB0083A5C700EF20C1469A
:10D00C0083C73400930A050013050D0093878743EB
:10D01C0093972700B387FB0083A5C700EF20C1447B
:10D02C00130D050093850A0013050A00EF20817586
:10D03C002322A40093050D0013850900EF208174B1
:10D04C009307050093850A002320F40013050A00BA
:10D05C00EF105133930705002326F40093050D00C0
:10D06C0013850900EF1011322324A4009307190033
:10D07C0013079000E348F74E13048401138907004B
:10D08C00938D1D0093844400938C0C01130C1C0095
:10D09C00E3946DEF9307F9FF232CF100E354F04E6A
:10D0AC00930701049306000013870600938616006D
:10D0BC0063D0264B03A6470183A5C702635AB60665
:10D0CC0003AE070003A3470083A8870003A8C7008B
:10D0DC0003A5070183A3870183A2C70183AF0702BE
:10D0EC0003AF470283AE8702232EC10223AAB700E7
:10D0FC0023A6C7022324C10323ACC70123A07700B6
:10D10C002326610223AE670023A2570023281103B4
:10D11C0023A0170323A4F701232A010323A2070347
:10D12C0023A6E701232CA10223A4A70223A8D7013D
:10D13C0013062700635E264103A6470183A5470417
:10D14C00635AB60603AE070003A3470083A8870003
:10D15C0003A8C70003A5070183A3070383A2470302
:10D16C0083AF870303AFC70383AE0704232EC1022B
:10D17C0023AAB70023A2C7042324C10323A8C703EF
:10D18C0023A077002326610223AA670223A257005B
:10D19C002328110323AC170323A4F701232A01032B
:10D1AC0023AE070323A6E701232CA10223A0A70487
:10D1BC0023A8D70113063700635C263903A6470161
:10D1CC0083A5C705635AB60603AE070003A3470041
:10D1DC0083A8870003A8C70003A5070183A38704BE
:10D1EC0083A2C70483AF070503AF470583AE87054A
:10D1FC00232EC10223AAB70023AEC7042324C103E4
:10D20C0023A4C70523A077002326610223A6670465
:10D21C0023A257002328110323A8170523A4F701E1
:10D22C00232A010323AA070523A6E701232CA10225
:10D23C0023ACA70423A8D70113064700635A263151
:10D24C0003A6470183A54707635AB60603AE07003A
:10D25C0003A3470083A8870003A8C70003A5070101
:10D26C0083A3070683A2470683AF870603AFC706CF
:10D27C0083AE0707232EC10223AAB70023AAC70631
:10D28C002324C10323A0C70723A077002326610210
:10D29C0023A2670623A257002328110323A41707F0
:10D2AC0023A4F701232A010323A6070723A6E701DA
:10D2BC00232CA10223A8A70623A8D70113065700E5
:10D2CC006358262903A6470183A5C708635AB606E7
:10D2DC0003AE070003A3470083A8870003A8C70079
:10D2EC0003A5070183A3870783A2C70783AF07089A
:10D2FC0003AF470883AE8708232EC10223AAB700C9
:10D30C0023A6C7082324C10323ACC70723A0770097
:10D31C002326610223AE670623A25700232811039C
:10D32C0023A0170923A4F701232A010323A2070929
:10D33C0023A6E701232CA10223A4A70823A8D70125
:10D34C00130667006356262103A6470183A5470AE7
:10D35C00635AB60603AE070003A3470083A88700F1
:10D36C0003A8C70003A5070183A3070983A24709E4
:10D37C0083AF870903AFC70983AE070A232EC10207
:10D38C0023AAB70023A2C70A2324C10323A8C709D1
:10D39C0023A077002326610223AA670823A2570043
:10D3AC002328110323AC170923A4F701232A010313
:10D3BC0023AE070923A6E701232CA10223A0A70A69
:10D3CC0023A8D701130677006354261903A6470137
:10D3DC0083A5C70B635AB60603AE070003A3470029
:10D3EC0083A8870003A8C70003A5070183A3870AA6
:10D3FC0083A2C70A83AF070B03AF470B83AE870B20
:10D40C00232EC10223AAB70023AEC70A2324C103CB
:10D41C0023A4C70B23A077002326610223A6670A47
:10D42C0023A257002328110323A8170B23A4F701C9
:10D43C00232A010323AA070B23A6E701232CA1020D
:10D44C0023ACA70A23A8D701130687006352261121
:10D45C0003A6470183A5470D635AB60603AE070022
:10D46C0003A3470083A8870003A8C70003A50701EF
:10D47C0083A3070C83A2470C83AF870C03AFC70CA5
:10D48C0083AE070D232EC10223AAB70023AAC70C13
:10D49C002324C10323A0C70D23A0770023266102F8
:10D4AC0023A2670C23A257002328110323A4170DD2
:10D4BC0023A4F701232A010323A6070D23A6E701C2
:10D4CC00232CA10223A8A70C23A8D701130797008C
:10D4DC006350270903A7470103A6C70E635AC70663
:10D4EC0003A3070083A8470003A8870003A5C70070
:10D4FC0083A5070183A2870D83AFC70D03AF070E6A
:10D50C0083AE470E03AE870E232EE10223AAC7007B
:10D51C0023A6E70E2324610223AC670C23A057003B
:10D52C002326110323AE170D23A2F7012328010391
:10D53C0023A0070F23A4E701232AA10223A2A70EED
:10D54C0023A6D701232CB10223A4B70E23A8C7010D
:10D55C000327810193878701E398E6B483A7418B66
:10D56C0013048105130D0000232EF100832784FF83
:10D57C00130D1D0063CC0718635A2D19930D04006D
:10D58C0093040D0003A70D01634C0716832944FF78
:10D59C00832AC4FE032A04FF032B84FE93850A000E
:10D5AC0013850900EF20011E130C050093050B00D9
:10D5BC0013050A00EF20011D9305050013050C004F
:10D5CC00EF10916A930500002328A100EF10516021
:10D5DC006358A01283A74D0003ACCD0083AC8D0023
:10D5EC00938507002324F10083A70D0013050C007D
:10D5FC002326F100EF2001198325C100232AA10065
:10D60C0013850C00EF20011893050500032541013B
:10D61C00EF10916593050000232AA100EF10515BD8
:10D62C006350A00E93850C0013050A00EF10515A9D
:10D63C0063440500138A0C00832CC10013050B00F6
:10D64C0093850C00EF10514F93050B006344A00021
:10D65C0093850C0013050A00EF20C112130A050074
:10D66C0093050C0013850900EF10915663440500D7
:10D67C0093090C00032B810013850A0093050B0002
:10D68C00EF10914B93850A006344A00093050B00A7
:10D69C0013850900EF20010F930500009309050085
:10D6AC00EF1091496344A00093090000930500001A
:10D6BC0013050A00EF10514893050A006344A000BB
:10D6CC009305000013850900EF10115A930905000A
:10D6DC008325410103250101EF10C14A93850900FF
:10D6EC00EF20410A8325C101EF10115893850900E1
:10D6FC00EF10114E635605009307F0FF23A8FD00B1
:10D70C0093841400938D8D01E39E24E7832781017C
:10D71C0013048401E31CFDE4832401050327810623
:10D72C0093C4F4FF93D4F401634207049397140059
:10D73C00032581058325C1050326010683264106A1
:10D74C00B387970093973700B387270023A0A704CC
:10D75C0023A2B70423A4C70423A6D70423A8E70451
:10D76C000327C1069384140023AAE704930720001F
:10D77C006306F928032701086342070493971400F2
:10D78C000325010783254107032681078326C1074B
:10D79C00B387970093973700B387270023A0A7047C
:10D7AC0023A2B70423A4C70423A6D70423A8E70401
:10D7BC00032741089384140023AAE704930730003D
:10D7CC00630EF9220327810963420704939714001F
:10D7DC00032581088325C1080326010983264109F5
:10D7EC00B387970093973700B387270023A0A7042C
:10D7FC0023A2B70423A4C70423A6D70423A8E704B1
:10D80C000327C1099384140023AAE704930740005B
:10D81C006306F91E0327010B634207049397140058
:10D82C000325010A8325410A0326810A8326C10A9E
:10D83C00B387970093973700B387270023A0A704DB
:10D84C0023A2B70423A4C70423A6D70423A8E70460
:10D85C000327410B9384140023AAE7049307500079
:10D86C00630EF9180327810C634207049397140085
:10D87C000325810B8325C10B0326010C8326410C48
:10D88C00B387970093973700B387270023A0A7048B
:10D89C0023A2B70423A4C70423A6D70423A8E70410
:10D8AC000327C10C9384140023AAE7049307600098
:10D8BC006306F9140327010E6342070493971400BF
:10D8CC000325010D8325410D0326810D8326C10DF2
:10D8DC00B387970093973700B387270023A0A7043B
:10D8EC0023A2B70423A4C70423A6D70423A8E704C0
:10D8FC000327410E9384140023AAE70493077000B6
:10D90C00630EF90E0327810F6342070493971400EB
:10D91C000325810E8325C10E0326010F8326410F9B
:10D92C00B387970093973700B387270023A0A704EA
:10D93C0023A2B70423A4C70423A6D70423A8E7046F
:10D94C000327C10F9384140023AAE70493078000D4
:10D95C006306F90A03270111634207049397140025
:10D96C000325011083254110032681108326C11045
:10D97C00B387970093973700B387270023A0A7049A
:10D98C0023A2B70423A4C70423A6D70423A8E7041F
:10D99C00032741119384140023AAE70493079000F2
:10D9AC00630EF90403278112634A0704939714004A
:10D9BC00032581118325C1110326011283264112EF
:10D9CC00B387970093973700B387270023A0A7044A
:10D9DC0023A2B70423A4C70423A6D70423A8E704CF
:10D9EC000327C1129384140023AAE704832A411548
:10D9FC00832C4114032D01146F000001832A41155F
:10DA0C00832C4114032D011483A7CB0103A54B00D8
:10DA1C0083A50700EF00906B83A7CB0113040500CF
:10DA2C0003A54B0083A54700EF00506A83A7CB01E9
:10DA3C009309050003A54B0083A58700EF0010692F
:10DA4C0083A7CB011309050003A54B0083A5C700D1
:10DA5C00EF00D067130A05006386042C03278104AA
:10DA6C008327C104032601048326410403250105F1
:10DA7C002326E4002324F4002322C4002320D40012
:10DA8C00EF20811B8327410523A0A9001307100059
:10DA9C0093972700B387FB0083A7C70E2320F900B9
:10DAAC006382E428032701068327410603268105A8
:10DABC008326C10503258106232EE400232CF400C4
:10DACC00232AC4002328D400EF2001178327C10682
:10DADC0023A2A9001307200093972700B387FB000C
:10DAEC0083A7C70E2322F900638EE4220327810744
:10DAFC008327C10703260107832641070325010855
:10DB0C002326E4022324F4022322C4022320D40279
:10DB1C00EF2081128327410823A4A90013073000AA
:10DB2C0093972700B387FB0083A7C70E2324F90024
:10DB3C00638AE41E03270109832741090326810810
:10DB4C008326C10803258109232EE402232CF40229
:10DB5C00232AC4022328D402EF20010E8327C109F3
:10DB6C0023A6A9001307400093972700B387FB0057
:10DB7C0083A7C70E2326F9006386E41A0327810ABC
:10DB8C008327C10A0326010A8326410A0325010BB8
:10DB9C002326E4042324F4042322C4042320D404E1
:10DBAC00EF2081098327410B23A8A90013075000FC
:10DBBC0093972700B387FB0083A7C70E2328F90090
:10DBCC006382E4160327010C8327410C0326810B87
:10DBDC008326C10B0325810C232EE404232CF4048F
:10DBEC00232AC4042328D404EF2001058327C10C65
:10DBFC0023AAA9001307600093972700B387FB00A3
:10DC0C0083A7C70E232AF900638EE4100327810D26
:10DC1C008327C10D0326010D8326410D0325010E1B
:10DC2C002326E4062324F4062322C4062320D40648
:10DC3C00EF2081008327410E23ACA900130770004D
:10DC4C0093972700B387FB0083A7C70E232CF900FB
:10DC5C00638AE40C0327010F8327410F0326810EEF
:10DC6C008326C10E0325810F232EE406232CF406F4
:10DC7C00232AC4062328D406EF10117C8327C10F56
:10DC8C0023AEA9001307800093972700B387FB00EE
:10DC9C0083A7C70E232EF9006386E408032781109F
:10DCAC008327C1100326011083264110032501117F
:10DCBC002326E4082324F4082322C4082320D408B0
:10DCCC00EF1091778327411123A0A9021307A0001D
:10DCDC0093972700B387FB0083A7C70E2320F90275
:10DCEC006392E40483274112032681118326C11118
:10DCFC000327011203258112232CF408232AC408BC
:10DD0C002328D408232EE408EF1011738327C112A3
:10DD1C0023A2A90293972700B38BFB0083A7CB0EFA
:10DD2C002322F90213850400EF1011712320AA009D
:10DD3C008320C1160324811683244116032901165E
:10DD4C008329C115032A8115032B0115832BC114BB
:10DD5C00032C8114832DC11313050000130101172B
:10DD6C0067800000232C2101138907006FF04FB34B
:10DD7C00832A4115832C4114032D011493040000B4
:10DD8C006FF09FC893071000E314F9FE832401057C
:10DD9C00832A4115832C411493C4F4FF032D0114E1
:10DDAC0093D4F4016FF05FC603264500032785006A
:10DDBC00630EE60083A705002320F60083274500A9
:10DDCC00938747002322F50067800000130101FDB3
:10DDDC002326110223248102032805009307050042
:10DDEC0037050020330606411305F5FF93562640F0
:10DDFC006384A60E138506006394060013051000B9
:10DE0C003305D500B70600206364D5001385F6FFF3
:10DE1C001314250013050400232EB100232CF1004C
:10DE2C00232AC100232801012326E100EFE0C2646C
:10DE3C008325C101032641010327C10083A80500E6
:10DE4C00B305C5000328010123A015018327810117
:10DE5C0093060500630A060293050800232EF100C1
:10DE6C00232AE1002328C10023260101232CA10031
:10DE7C00EF50C2588327C10183268101032741013A
:10DE8C00032601010328C100130646003386C60091
:10DE9C0063040802B305074113050800232AF100A7
:10DEAC002328D1002326C100EFD0521F8327410124
:10DEBC00832601010326C1003385860023A4A70015
:10DECC0023A0D70023A2C7008320C1020324810210
:10DEDC001301010367800000377500001305850CE2
:10DEEC00EFE0523F130101FFB7A70000232481008C
:10DEFC00232611001387C7D5B71700002320E50090
:10DF0C00B307F5001304050003A5474F6304050090
:10DF1C00EF00D247B7170000B307F40003A5874FF3
:10DF2C0063040500EF804F9CB7170000B307F400A3
:10DF3C0003A5C74F63040500EF800F9B1305040076
:10DF4C00EFE01FA713050400032481008320C10008
:10DF5C00B715000093854550130101016FD01214C1
:10DF6C00130101FE232E11002326A100EFE09F8A4E
:10DF7C000325C100B7A700009387C7D5371700004A
:10DF8C002320F5003305E500232A054E232C054EEE
:10DF9C00232E054E8320C10113010102678000006E
:10DFAC00130101F9232AA10003274101232611069D
:10DFBC0023202107232E3105232C4105232A51052B
:10DFCC00232EB103232481062322910623286105E5
:10DFDC002326710523248105232291052320A105E5
:10DFEC00032DC7050327070783270506B71D000068
:10DFFC00232EE100032741012322F100B30DB501CB
:10E00C000327C706032541009307F0FF232CE100EB
:10E01C0003274101371900001309C90E0324870691
:10E02C00832C4706032C4707832B87070327C70737
:10E03C00930A0000130A00102322E1000327410178
:10E04C000327070823A0FD502324E100EF10D13E45
:10E05C002326A10013050400EF10113E83A9818B28
:10E06C00832741012328A1001384F77F1304D40EC6
:10E07C003389270113F5FA0FEF10D14C83250101D9
:10E08C0093040500EF10017093850C00EF10C13D57
:10E09C008325C100130B05002320A48013850400E5
:10E0AC00EF10416E93050D00EF10013C93050C0031
:10E0BC0093040500EF00D16F2320A4C093850B00BF
:10E0CC0013850400EF00D16E832581002320A4006A
:10E0DC0013850400EF00D16DEFC0926393850900A6
:10E0EC00EF108138832541002320A44013850400C0
:10E0FC00EF00116CEFC0D26193850900EF10C136AF
:10E10C002320A9009385090013050B00EF10C122F1
:10E11C006348050003A70D506354070023A05D510D
:10E12C00938A1A001304440013094900E3944AF536
:10E13C00832741018326410103A7870283A7470355
:10E14C0003270700032707000327470023A4E60E35
:10E15C0003A5070083270500032745006308F70084
:10E16C002322F50083A7460303A50700930710009D
:10E17C009305C1022326F102EFF01FC3832741014F
:10E18C000327410183A747031304870E03A5070048
:10E19C0083274500032785006382E72C0327410171
:10E1AC000327870E23A0E7008327450093874700AA
:10E1BC002322F50083274101130740009305C10278
:10E1CC0083A747032326E10203A50700EFF0DFBD79
:10E1DC008327410183A7470303A547008327050035
:10E1EC0003274500638AE7002322F50083274101BA
:10E1FC0083A7470303A54700930710009305C102AB
:10E20C002326F102EFF05FBA8327410183A747036E
:10E21C0003A5470083274500032785006386E72471
:10E22C00032741010327870E23A0E700832745001E
:10E23C00938747002322F5008327410183A74703D7
:10E24C0003A587008327050003274500638AE700A1
:10E25C002322F5008327410183A7470303A58700E9
:10E26C00930710009305C1022326F102EFF0DFB3F0
:10E27C008327410183A7470303A587008327450014
:10E28C00032785006388E71E032741010327870EB8
:10E29C0023A0E70083274500938747002322F5003E
:10E2AC008327410183A7470303A5C70083270500E4
:10E2BC0003274500638AE7002322F50083274101E9
:10E2CC0083A7470303A5C7009305C102930710005A
:10E2DC002326F102EFF05FAD8327410137190000CF
:10E2EC0083A7870203A50700EF809FE083274101E6
:10E2FC00338927012326A94E83A7870203A547004C
:10E30C00EF801FDF832741012328A94E03274101FA
:10E31C0083A787020324870583A7070083A7070029
:10E32C0083AA470013954A00EF009205232AA94EB1
:10E33C00930905006350500D0325C101139B2A005E
:10E34C00330B6401EF10510F130A0500832B81016D
:10E35C00930400006F00C0008329494F938404018B
:10E36C0003450400B389990013044400EF10911D78
:10E37C0093050A00EF10014193850B00EF10C10EBD
:10E38C0023A0A9000345D4FF8329494FEF10911B0B
:10E39C0093050A00EF10013F93850B00EF10C10CA1
:10E3AC00B389990023A2A9000345E4FF8329494FAF
:10E3BC00EF10511993050A00EF10C13C93850B0027
:10E3CC00EF10810AB389990023A4A9000345F4FF37
:10E3DC008329494FEF10111793050A00EF10813A6A
:10E3EC0093850B00B3899900EF10010823A6A900AF
:10E3FC00E3148BF613858A00EF705FCB8326410103
:10E40C0037170000930705003384E60013858A0054
:10E41C00232CF44EEF709FC9232EA44E8320C106EB
:10E42C000324810683244106032901068329C1059F
:10E43C00032A8105832A4105032B0105832BC10483
:10E44C00032C8104832C4104032D0104832DC1036F
:10E45C0013050000130101076780000093050400F9
:10E46C00EFF011616FF01FD593050400EFF05160D0
:10E47C006FF09FDC93050400EFF0915F6FF05FE2AB
:10E48C00B7A70000938707DA2320F5006FE04FD27F
:10E49C00130101FEB7A70000232E1100938707DAA2
:10E4AC002320F5002326A100EFE08FD00325C10027
:10E4BC008320C1019305400F130101026FD0023E6E
:10E4CC00130101FEB7E50100130605002326A10088
:10E4DC0093850561130700009306000013051000D7
:10E4EC00232E1100EF70DFC00326C1009305050039
:10E4FC00032546002324B60EEF00D0718320C10102
:10E50C00130500001301010267800000130101FED6
:10E51C00232E1100232C8100232A91002328210172
:10E52C008327C50113040500138905000325450045
:10E53C0083A50700EF0080399305090093040500BB
:10E54C0013050400EFE00FDB83270401130905001A
:10E55C000325440083A5070063860408EF000037F9
:10E56C008327C401930405000325440083A50700F9
:10E57C00EF00C035130605008327440303278402EC
:10E58C000325C40E83A70700032707008325840EE9
:10E59C0083A70700832607000327840503A88700A9
:10E5AC0083A8C60083A7C7002324A1002322B1009F
:10E5BC0003A3860083260406130509009385040033
:10E5CC0023206100EFD010488320C1010324810176
:10E5DC0083244101032901011305000013010102E9
:10E5EC0067800000EF0000278327C4019304050017
:10E5FC000325440083A50700EF00C0251306050082
:10E60C006FF09FF7130101FE23263101232E110019
:10E61C00232C8100232A9100232821019309050032
:10E62C00638005122324410103A4050683A7450634
:10E63C00938405003304F402635C80101307040018
:10E64C009307000013571740938607009387170012
:10E65C00E31A07FE13072000635CF70A9387F6FFA3
:10E66C00130510003315F500138A0700EF10C15C79
:10E67C001309050013050400EF10015C03A7040740
:10E68C0003A4440723A6440F032A81009304050026
:10E69C0023ACA1A023AA21A123A881A023A6E1A099
:10E6AC0013850900EF10415993050900EF00D15B68
:10E6BC0093850400EF00D10F83A5818BEF00814C73
:10E6CC009304050013050400EF1001579385040013
:10E6DC00EF0011506344050403A4C1A0130504000A
:10E6EC00EF10815593850400EF0011456348A0029B
:10E6FC00032481018320C101032901018329C10065
:10E70C001385040083244101130101026F801FA2B1
:10E71C0003A9C18B130A10006FF0DFF58320C10130
:10E72C0013150401032481018324410103290101F0
:10E73C008329C100135505411301010267800000B4
:10E74C0003A941A183A481A103A401A16FF05FF5EA
:10E75C0003A9818A130A00006FF0DFF1130101FE97
:10E76C00232E11002326A100EFE0CF8A0325C10040
:10E77C00B7A70000938707DA2320F5008320C10197
:10E78C001301010267800000130500006780000080
:10E79C001305000067800000B7A70000938747DED1
:10E7AC002320F5006FE0CFA0130101FEB7A70000F6
:10E7BC00232E1100938747DE2320F5002326A1008A
:10E7CC00EFE00F9F0325C1008320C1019305800E4C
:10E7DC00130101026FD0820C130101FE232E1100D4
:10E7EC002326A100EFE00F830325C100B7A700008B
:10E7FC00938747DE2320F5008320C101130101021A
:10E80C00678000000327050283274502B756ECC436
:10E81C00938656ECB387E74093D72740B387D7024C
:10E82C0063D0F50293074003B385F502130510007E
:10E83C003307B70083270700638807006780000051
:10E84C001305000067800000032587013335A00005
:10E85C00678000000327050283274502B756ECC4E6
:10E86C00938656ECB387E74093D72740B387D702FC
:10E87C0063DCF50093074003B385F5023307B7005B
:10E88C000325070067800000130500006780000067
:10E89C0083260502832745023757ECC4130757EC30
:10E8AC00B387D74093D72740B387E70263DCF500E3
:10E8BC0093074003B385F502B386B60003C5460142
:10E8CC006780000013050000678000000327050225
:10E8DC0083274502B756ECC4938656ECB387E740C2
:10E8EC0093D72740B387D70263DCF5009307400327
:10E8FC00B385F5023307B700032587016780000055
:10E90C00130500006780000083260502832745025B
:10E91C003757ECC4130757ECB387D74093D727402E
:10E92C00B387E70263DCF50093074003B385F50278
:10E93C00B386B60003C5C60267800000130500004D
:10E94C0067800000130101FE232C8100232E11008F
:10E95C000326450283270502375EECC4130E5EECDA
:10E96C003307F64093562740B386C6039308F0FF4F
:10E97C00930500001304050013830800130800001E
:10E98C0063D4D5023385070183260500638A060EFE
:10E99C0093562740B386C603938515001308480386
:10E9AC0093881800E3C0D5FE375EECC4130E5EEC02
:10E9BC0093552740B385C503930600001308000048
:10E9CC0063D2B602B385070103A585006306D52083
:10E9DC0093552740B385C503938616001308480347
:10E9EC00E3C2B6FE375EECC4130E5EEC93562740C2
:10E9FC00B386C6039308F0FF930500001383080049
:10EA0C001308000063D4D5023385070183268501E2
:10EA1C00638E061093562740B386C6039385150064
:10EA2C001308480393881800E3C0D5FE375EECC486
:10EA3C0013572740130E5EEC3307C70393060000F1
:10EA4C009305000063D4E6023387B7000325070261
:10EA5C006308D5243307F640135727403307C70301
:10EA6C009386160093854503E3C0E6FE8320C1011F
:10EA7C0003248101130500001301010267800000CB
:10EA8C0083464500E39606F083464501E38206F093
:10EA9C009386080063826808130705FD6F00000168
:10EAAC009386F6FF1307C7FC6388660603460701C7
:10EABC00E30806FE03264700E314D6FE03460700D0
:10EACC00E31006FE832E050103268700E35AD6FDCC
:10EADC000325C5003306F7402324A700832704022F
:10EAEC001307C6FF3387E700B387070103A60703A5
:10EAFC00032507036378C5002328C7028327040274
:10EB0C00B387070123A4D7000326440283270402FA
:10EB1C003307F6406FF0DFE72324B50003264402E9
:10EB2C00832704023307F6406FF09FE68346C50146
:10EB3C00E39206EE8346C502E38E06EC938608004C
:10EB4C0063826808130785FE6F0000019386F6FF49
:10EB5C001307C7FC6388660603460701E30806FE35
:10EB6C0003264700E314D6FE03460700E31006FE17
:10EB7C00832E45020326C700E35AD6FD03258502E2
:10EB8C003306F7402326A70083270402130746FE0B
:10EB9C003387E700B387070103A6070303250703A1
:10EBAC006378C5002328C70283270402B3870701B3
:10EBBC0023A0D70203264402832704023307F6401E
:10EBCC006FF05FE52320B50203264402832704027D
:10EBDC003307F6406FF01FE403A50503232601015C
:10EBEC002324D100EF708FCC832704020328C100AB
:10EBFC00B75EECC4938E5EECB387070123A0A7002D
:10EC0C008327040203264402832681009308000014
:10EC1C003307F640135727403307D703130500007B
:10EC2C00138E0E00B305F64093D5254033831701A0
:10EC3C006354E50203278300630ED7023387D503A1
:10EC4C0093884803B305F6401305150093D525406A
:10EC5C0033831701E340E5FEB38707011307F0FF89
:10EC6C0023A4E70003264402832704023307F6405B
:10EC7C006FF01FD6B387070183A707001305150094
:10EC8C00938848032320F3008327040203264402BD
:10EC9C003307F640135727403307D7036FF09FF81D
:10ECAC00032507032326B1002324D100EF700FC0E6
:10ECBC00832704028325C100B75EECC4938E5EECFF
:10ECCC00B387B70023ACA7008327040203264402B2
:10ECDC0083268100930800003307F6401357274022
:10ECEC003307D70313080000138E0E003305F640CC
:10ECFC0013552540338317016354E802032703029D
:10ED0C00630CD7023307D503938848033305F640C9
:10ED1C00130818001355254033831701E340E8FE10
:10ED2C00B387B7001307F0FF23A0E70203264402C2
:10ED3C00832704026FF01FD2B387B70083A7870124
:10ED4C001308180093884803232CF300832704022C
:10ED5C00032644023307F640135727403307D703E3
:10ED6C006FF0DFF8130101FE232C8100232A9100A0
:10ED7C002328210123263101232E1100032705020C
:10ED8C0083274502B759ECC4938959ECB387E74004
:10ED9C0093D72740B387370393040500130400006F
:10EDAC00130900006F00000503A50600630A0500A7
:10EDBC0083C746006396070083A7860063C0070ECF
:10EDCC00B307870003A58701630A050083C6C70143
:10EDDC006396060083A7070263CC070A83A7440245
:10EDEC001309190013044403B387E74093D7274052
:10EDFC00B3873703B3068700E348F9FA03A6040385
:10EE0C0083A6C402130400003307D64013572740CF
:10EE1C0093172400B387F600B305D640635CE40275
:10EE2C0003A5070013D7254063000506EF70CFAB91
:10EE3C0083A6C40203A6040313041400931724002E
:10EE4C003307D64013572740B387F600B305D64097
:10EE5C00E348E4FC83A7040203A744026384E700AD
:10EE6C0023A2F4026304D60023A8D4028320C10198
:10EE7C000324810183244101032901018329C10059
:10EE8C001301010267800000130414006FF05FF897
:10EE9C00EF708FA503A704026FF05FF4EF70CFA49F
:10EEAC0003A704026FF0DFF1130101EC9387050057
:10EEBC00B7850000232631139385C562930905009D
:10EECC0013850700232E1112EF20C2596306053457
:10EEDC0023225113232C8112232A9112232821132C
:10EEEC002324411323206113232E7111232C811110
:10EEFC00232A91112328A1112326B11103A9C90397
:10EF0C0083A40904930A05006386240313040900EF
:10EF1C0003250400930784006308F500832584000F
:10EF2C0093851500EFC0921713048401E39284FEBD
:10EF3C0023A02905377B00009307CB422326F10041
:10EF4C00130A8102930BF00013860A009305700CD0
:10EF5C0013058103EF204205630C05088325C100CE
:10EF6C0013058103EF30521A13058103232041034B
:10EF7C00EF40425B232EA1001304050063E4AB0CAD
:10EF8C0093071000631AF50A834781032304F102E7
:10EF9C0093070A0023228102B3878700238007008E
:10EFAC0003A9090403AC49046302890F1305890002
:10EFBC002320A900832701020324410263864721F1
:10EFCC00032781022320F9002324E900232289004E
:10EFDC0083A7090413860A009305700C9387870195
:10EFEC0023A0F90413058103EF10127CE31805F636
:10EFFC0013850A00EF10523103248113832441132B
:10F00C0003290113032A8112832A4112032B0112B3
:10F01C00832BC111032C8111832C4111032D011160
:10F02C00832DC110130500008320C1138329C11245
:10F03C001301011467800000E30C05F413050A00AA
:10F04C006F000002130600009305C10113050102B5
:10F05C00EFE042018327C1012320A1022324F10206
:10F06C001306040093058103EF4042398327010204
:10F07C000324C10123228102B38787002380070068
:10F08C0003A9090403AC4904E31289F303ABC903D4
:10F09C00B7B7AAAA9387B7AA330469411357344068
:10F0AC003307F702B7575505938757556304F7187D
:10F0BC00930707006314070093071000B387E7005A
:10F0CC0037575505130757556374F7009307070017
:10F0DC00939C1700B38CFC00939C3C0013850C0094
:10F0EC00EFD082393304850083270102130D05000C
:10F0FC00130584002320A40083244102638E470D52
:10F10C00032781022320F400232294002324E4000B
:10F11C00232041032322010223040102630E690D03
:10F12C00930D8B0093040B0013040D006F008002F1
:10F13C0003A784002320F40083A744002324E400C5
:10F14C00938484012322F400938D8D011304840194
:10F15C00630E9902130584002320A40083A70400E6
:10F16C00E398B7FD03A6440093850D0093848401B6
:10F17C0013061600EF40822883A7C4FE938D8D01E1
:10F18C00130484012326F4FEE31699FC1304840172
:10F19C00630A0B0613050B00B3056C41EFC002703C
:10F1AC0003250102B30C9D0123A2990523AEA903EB
:10F1BC0023A08904E30A45D9832581029385150090
:10F1CC00EFC0C26D6FF05FD81306140093050A00F0
:10F1DC00EF40C2226FF09FDF1386140093050A00E4
:10F1EC00EF40C22123229400232041032322010259
:10F1FC0023040102E31669F313040D0013048401C4
:10F20C00E31A0BF8B30C9D0123A2990523AEA903B5
:10F21C0023A089046FF05FD31305F0FF6FF0DFE0DC
:10F22C001304050013050102EFD0D2681305040086
:10F23C00EF304154377500001305850CEFD092095F
:10F24C000327C50383270504B7B6AAAA9386B6AAD3
:10F25C00B387E74093D73740B387D70263DEF50017
:10F26C0093971500B387B700939737003307F700D0
:10F27C00032507006780000013050000678000006D
:10F28C006356B00E1307000093060000130800002D
:10F29C009308000013030000130E0000B307E500F1
:10F2AC0083C7070093970701B387E70063F6F6025D
:10F2BC00938607006372F80263F6F806637EF30622
:10F2CC006378FE089306080013880800930803006F
:10F2DC0013030E00138E070013071700E390E5FCD1
:10F2EC00131E0E0113130301939808011318080140
:10F2FC0093960601135E0E011353030193D8080174
:10F30C001358080193D606012320C6012322660058
:10F31C0023241601232606012328D60013050000FA
:10F32C006780000013071700930608001388070076
:10F33C00E396E5F66FF0DFFA130717009306080063
:10F34C001388080093880700E39AE5F46FF05FF9DF
:10F35C00130717009306080013880800930803008E
:10F36C0013830700E39CE5F26FF09FF79306000010
:10F37C00130800009308000013030000130E000094
:10F38C002320C6012322660023241601232606010E
:10F39C002328D6001305000067800000130101FD2F
:10F3AC002324810213040500138505002326110272
:10F3BC00EF60DFCF0327040383264403232EA10031
:10F3CC00930705006304D7022320A7000327040337
:10F3DC0013850700130747002328E4028320C1028A
:10F3EC000324810213010103678000002326A1007E
:10F3FC009305C1011305C402EFE0D1768327C10048
:10F40C008320C10203248102138507001301010329
:10F41C0067800000130101FE232E110083270503D2
:10F42C00032745032326B1006380E70223A0B7001E
:10F43C0083270503938747002328F5028320C10106
:10F44C0013010102678000009305C1001305C5027A
:10F45C00EFE051718320C1011301010267800000AC
:10F46C00130101F92326110663C6053283274502D1
:10F47C00832605023757ECC4130757ECB388D740E3
:10F48C0093D82840B388E802930E4003138E0500EE
:10F49C0013080500B38ED50363CE15112324810602
:10F4AC009306F0FF13040502130FC105032788020E
:10F4BC002326010223080102232AD102232CD10284
:10F4CC00232ED1022300010423220104230401046E
:10F4DC002326D104232AD1042328D104230C01048C
:10F4EC00232E01046304F7141307C102832587003C
:10F4FC00032307000325470023A4B70023A06700BC
:10F50C0023A2A7008325C7001307070193870701D0
:10F51C0023AEB7FEE31CE7FD03270F00938818000A
:10F52C0023A0E70083274802938747032322F8028E
:10F53C00E35E1EF70327C60193071000032586021E
:10F54C006306F71A6310071C0326C600130300009A
:10F55C00130E0000B338C000930500008327080287
:10F56C00933617001307F0FFB387D70123A0B7001A
:10F57C002382C701238A670023ACC700238E17019F
:10F58C0023A8A7022386D70223A4E70023A6E7001B
:10F59C0023A8E70023A0E70223A2E70223A4E702A3
:10F5AC00032481068320C106130500001301010703
:10F5BC0067800000B386D60183A706030327860263
:10F5CC00639C070A23A8E6028327C60113071000D1
:10F5DC006388E70CE39807FC83270802B387D701FD
:10F5EC0003A58701630A050003C7C701631607005B
:10F5FC0003A70702634807148326C60013071000ED
:10F60C001305000023ACD70083270802B387D7016A
:10F61C00238EE70083270802B387D7012386E702EE
:10F62C008320C10613010107678000009305C10206
:10F63C0013050400232EC100232CC101232A010130
:10F64C002328D10123261101EFE011608328C1008A
:10F65C00032E8101832E0101938818000328410198
:10F66C000326C101E3481EED83274802130FC10591
:10F67C009306F0FF6FF09FE3E388E7F4B7760000A2
:10F68C003776000037750000938646481306C6434C
:10F69C00130505479305C00E23248106EFF0C138EE
:10F6AC00032708023307D701032507006308050663
:10F6BC0083474700639607008327870063C8070AC0
:10F6CC008327C600930610002320F7008327080227
:10F6DC00B387D7012382D70083270802B387D701CA
:10F6EC00238AD7008327C6016FF0DFEE8325C6007F
:10F6FC009308000013030700333EB000130600000C
:10F70C006FF0DFE59308000013030000130E0000F8
:10F71C0093050000130600006FF05FE48326C6001B
:10F72C002320D700032708023307D7012302F70051
:10F73C00032708023307D701230AF7008327C601E2
:10F74C006FF05FE9232AC100232801012326D10190
:10F75C00EF609F9903280101832EC100032641010C
:10F76C0083270802B387D7016FF01FE9232AC10052
:10F77C00232801012326D101EF601F9703280101E3
:10F78C00832EC10003264101032708023307D7014A
:10F79C006FF01FF3B7760000377600003775000066
:10F7AC00938606431306C643130505479305700E4F
:10F7BC0023248106EFF04127130101F923261106BA
:10F7CC0063C40524138F05009305900063E2C51EE6
:10F7DC00930510003396C500937586261303050018
:10F7EC006398050093755611638E051A939626003F
:10F7FC000326430203250302B755ECC4938555EC4D
:10F80C00B308A64093D82840B388B80293024003AB
:10F81C00B3025F0263481F0F232481061308F0FF15
:10F82C0013040302930FC1058325830223260102CF
:10F83C0023080102232A0103232E0103232C010395
:10F84C0023000104232201042304010423260105BF
:10F85C0023280105232A0105230C0104232E01046E
:10F86C006384C50E9305C10203A5850083AE050014
:10F87C0003AE45002324A6002320D6012322C60173
:10F88C0003A5C5009385050113060601232EA6FECC
:10F89C00E39CF5FD83A50F00938818002320B60088
:10F8AC0003264302130646032322C302E35E1FF71B
:10F8BC00032603029305F0FF3306560023200600AF
:10F8CC0023020600230AE600232C0600230E060062
:10F8DC002306F6022328D6022324B6002326B600DC
:10F8EC002328B6002320B6022322B6022324B60214
:10F8FC00032481068320C1061305000013010107B0
:10F90C006780000033055500032605036314060CBD
:10F91C002328D502630A0700032703023307570085
:10F92C0083260700638C060CE38607FC83270302FF
:10F93C00B387570003A78701E31E07FA13071000CC
:10F94C002386E7026FF01FFB9305C1021305040029
:10F95C00232EF100232CE100232AE101232861004E
:10F96C002326D1002324510023221101EFE0D12DB5
:10F97C0083284100032F41018322810093881800C2
:10F98C008326C10003230101032781018327C101C1
:10F99C00E3401FF303264302930FC1051308F0FF46
:10F9AC006FF09FE81376260893961600E31206E490
:10F9BC00B776000037760000377500009386860313
:10F9CC001306864B130505479305F0052324810682
:10F9DC00EFF08105E300D6F4B7760000377600002F
:10F9EC0037750000938646511306864B1305054761
:10F9FC009305500623248106EFF0010393061000B3
:10FA0C00230AD7006FF05FF2B7760000377600005C
:10FA1C0037750000938606431306864B130505477E
:10FA2C009305200523248106EFF0010003264500F1
:10FA3C0003278500630EE60083A705002320F6004C
:10FA4C0083274500938747002322F5006780000039
:10FA5C00130101FD23261102232481020328050032
:10FA6C009307050037050020330606411305F5FF03
:10FA7C00935626406384A60E1385060063940600F5
:10FA8C00130510003305D500B70600206364D500BC
:10FA9C001385F6FF1314250013050400232EB10063
:10FAAC00232CF100232AC100232801012326E10085
:10FABC00EFC0921C8325C101032641010327C1001D
:10FACC0083A80500B305C5000328010123A0150177
:10FADC008327810193060500630A0602930508003B
:10FAEC00232EF100232AE1002328C1002326010143
:10FAFC00232CA100EF3092108327C10183268101B2
:10FB0C0003274101032601010328C1001306460007
:10FB1C003386C60063040802B305074113050800C9
:10FB2C00232AF1002328D1002326C100EFB012575D
:10FB3C0083274101832601010326C10033858600FA
:10FB4C0023A4A70023A0D70023A2C7008320C102AF
:10FB5C000324810213010103678000003775000044
:10FB6C001305850CEFC0127703264500032785008B
:10FB7C00630EE60083A705002320F60083274500CB
:10FB8C00938747002322F50067800000130101FDD5
:10FB9C002326110223248102032805009307050064
:10FBAC0037050020330606411305F5FF9356264012
:10FBBC006384A60E138506006394060013051000DB
:10FBCC003305D500B70600206364D5001385F6FF16
:10FBDC001314250013050400232EB100232CF1006F
:10FBEC00232AC100232801012326E100EFC0D208FB
:10FBFC008325C101032641010327C10083A8050009
:10FC0C00B305C5000328010123A015018327810139
:10FC1C0093060500630A060293050800232EF100E3
:10FC2C00232AE1002328C10023260101232CA10053
:10FC3C00EF30C27C8327C101832681010327410158
:10FC4C00032601010328C100130646003386C600B3
:10FC5C0063040802B305074113050800232AF100C9
:10FC6C002328D1002326C100EFB052438327410142
:10FC7C00832601010326C1003385860023A4A70037
:10FC8C0023A0D70023A2C7008320C1020324810232
:10FC9C001301010367800000377500001305850C04
:10FCAC00EFC05263130101FE232E11002326A10085
:10FCBC00EFB0CFCB0325C100B7A70000938747E473
:10FCCC001307C506232C0504232E05042320050643
:10FCDC002324050623060506232E050623200508E6
:10FCEC0023220508232405082326050823280508B4
:10FCFC002324050423260504232805042320F500CA
:10FD0C002322E5068320C101130101026780000054
:10FD1C00130101F9232C81042324410523206105BF
:10FD2C00232E1104232A91042328210513040500F2
:10FD3C000323C40503258505232AC4042320E106D7
:10FD4C002322F1062324010723261107138B050018
:10FD5C00138A060063046500232EA4049304010691
:10FD6C00232E91006358401523225105232E710335
:10FD7C0023263105232C8103232A91032328A10355
:10FD8C002326B103B70A00208327C405938BFAFFFF
:10FD9C00130900006F00000223A037018327C4055C
:10FDAC00130919009384440093874700232EF4040D
:10FDBC00630E2A090327040683A90400E31EF7FC3B
:10FDCC00832D8405B38CB74193D72C40638A770F6E
:10FDDC001385070063940700130510003305F50025
:10FDEC00636455011385FAFF131C250013050C00E1
:10FDFC00EFC08268B307950123A03701130D0500EE
:10FE0C0063880C0013860C0093850D00EF30025FA5
:10FE1C0093874C00B307FD00638C0D0093850C0099
:10FE2C0013850D002326F100EFB052278327C10064
:10FE3C0033058D012320A406232CA405232EF404C2
:10FE4C001309190093844400E3162AF783248406CB
:10FE5C008329C104832A4104832BC103032C81030E
:10FE6C00832C4103032D0103832DC1021309440686
:10FE7C0013050B00EF30026B1307050093060B0004
:10FE8C00138604001305090093050000EFE0420EF1
:10FE9C008320C10503248105832441050329010521
:10FEAC00032A8104032B010413050000130101072D
:10FEBC006780000083248406130944066FF05FFBFF
:10FECC00377500001305850CEFC0D240130101E219
:10FEDC00232E111C232C811C8327050013040500E1
:10FEEC0083A74701E7800700832544051306840593
:10FEFC0013050400EFB0CFE603254406B7750000E8
:10FF0C0093850512EF1002562324A404232A911C76
:10FF1C00631405006F30407D13062000930500002C
:10FF2C00EF10C27F03258404EF1012019304050027
:10FF3C00EFE011452326A4040325840413060000D6
:10FF4C0093050000EF10827D832684040325C404EE
:10FF5C001386040093051000EF10427A639CA45E94
:10FF6C000327C404631407006F305068832607000E
:10FF7C00930740003307D7002328E40483260700A7
:10FF8C00B306D74083D5060063F6B75C03D64600AC
:10FF9C006302065C3306C700032506001306300017
:10FFAC00631AC55A2328211D2326311D2324411DE4
:10FFBC002322511D2320611D232E711B232C811BF9
:10FFCC00232A911B2328A11B2326B11B1306600097
:10FFDC006372B66803D66600631406006F209074D3
:10FFEC00330AC70083270A00330AFA0093044A0035
:04FFFC0093078000E7
:020000022000DC
:1000000063E4B7006F30807383D786002322010634
:10001000638A0700B307F70003A60700B387C7008A
:100020002322F10683270A00130640009387170056
:10003000939727006394C7006F308027B70A00208A
:10004000330AFA00138BFAFF232E01021309000072
:10005000232A01026F0040012320A9009384440059
:100060001309490063029A0A83A5040013050400DA
:10007000B385B400EF4040128327C1039309050004
:10008000E31CF9FC03274103338CE74013572C4052
:10009000631467016F3090599307070063140700DA
:1000A00093071000B387E70063E4570193070B0041
:1000B000939B270013850B00EFC0C23CB30785015B
:1000C00023A03701930C050063080C00832541032E
:1000D00013060C00EF3042338327410313094C0011
:1000E00033892C016388070093050C0013850700F2
:1000F000EFB0827BB3877C01232EF102232A910388
:1001000093844400E3129AF603270405832607002C
:10011000B306D74003D606009307C00063F2C75466
:1001200083D7C6003307F700638C07528327070085
:10013000330BF70083270B00638207128324040824
:10014000930B4B00930C0000130D40006F00C00494
:1001500003574700630E0704B387E70003A70700B0
:10016000B387E70003AA0700938A47008327440860
:100170006388970423A0540123A244018324040824
:10018000938C1C00938B4B00938484002320940851
:1001900083270B0063F4FC0C83A70B00B387FB00E1
:1001A00003A707003387E74083560700E362DDFAC1
:1001B00083274408930A0000130A0000E39C97FA7F
:1001C0008329C407370700101307F7FF3389344129
:1001D000935739406394E7006F309046138C0700C3
:1001E00063940700130C1000330CFC00B7070010D9
:1001F0006364FC00138CF7FF131C3C0013050C0018
:10020000EFC04228B306250123A0560123A24601D0
:10021000930D050063080900130609009385090082
:10022000EF30821E93048900B3849D006388090027
:100230009305090013850900EFB00267338C8D0127
:1002400023228409232EB4072320940883270B003C
:10025000938C1C00938B4B00E3E0FCF483A7418C50
:100260002328F1048327410683A6818C03A7018CF0
:10027000938747002320D1062326E104232EF1048F
:1002800023240106832741060327810683A707004D
:100290006364F7006F3080038327C1050327C1051E
:1002A0001306A00083A70700B307F70003A7070002
:1002B0003387E74083560700637CD6728356A700D6
:1002C0006388067203574700630407723387E700A9
:1002D000B387D700232CF1048327070083268105E9
:1002E00023240102B307F700232CF1020327810323
:1002F00083A6060083A70700130C470037070020DA
:100300001307F7FF2326D106232AE104638C074C49
:1003100003270C009306600093050000B30CEC006B
:1003200083A70C00B387FC4003D6070063FAC6001E
:1003300083D7670063860700B387FC0083850700C7
:1003400013050400EF30106083A70C001307C000F2
:10035000130E0500B387FC4003D607006372C73055
:1003600083D5C700B386BC00638C052E83A5060029
:100370001307A000B386B60083A50600B386B64077
:1003800083D50600637CB71E83D5A6006388051E4F
:1003900083D68600930A00006386061E930600003B
:1003A00013090000130A00009308000093040000E2
:1003B000930B0000130B80006F00000923A0F600D0
:1003C0009386460083A70C001307C000B387FC4048
:1003D00003D607006376C72803D6C700B387CC00CF
:1003E0006300062803A60700B387C70003A607001B
:1003F0003386C740835506006374BB2603568600C8
:10040000B387C700630E062403A60700B387C7009F
:1004100003A6070063E4CB006F30D007938B1B006B
:1004200013962B00B387C70083A7070063141A0134
:100430006F10107523A0F8009388480083A70C0064
:10044000B387FC4003D607001307C000637AC720B8
:1004500083D5C7003386BC0063840520832506004E
:100460001307A0003306B60083250600B305B64087
:1004700003D505006376A71E83D5A5003306B60015
:100480006380051E832506003306B600832506001B
:1004900063F2BB1093973B003306F60083274600B8
:1004A000E39E56F103274105B38D2A4193D62D4093
:1004B0006394E6006F30900D938906006394060004
:1004C00093091000B389D9003707002063E4E900DD
:1004D0009309F7FF93992900138509002324110537
:1004E0002322C1052320F104EFB0D2798327010430
:1004F000B306B501032E410423A0F600832881042E
:10050000130D050063800D0213860D00930509008D
:10051000232211052320C105EF20126F83284104F7
:10052000032E010493864D00B306DD006304090227
:1005300093850D0013050900232411052322C1050D
:100540002320D104EFB0423683288104032E4104D6
:1005500083260104B30A3D0113090D006FF09FE6E5
:100560001304F0FF8320C11D130504000324811D23
:100570008324411D1301011E67800000930A0000BF
:100580009306000013090000130A000093080000FE
:100590009304000003D687001303000063060600DF
:1005A0003386CC0003230600130B000093090000E0
:1005B000930D0000130D0000930B400083D74700FC
:1005C0006380070AB387FC0003A70700B387E7002F
:1005D00003A70700637AED08130D1D0013172D0004
:1005E000B387E70083A707009305010C1305410BB0
:1005F000232AC109232C9108232E11092320410B02
:100600002322210B2324D10A2326510B2328610AFC
:10061000232A310B232CB10B232E610B2320F10C49
:10062000EFF04FD583A70C00032E410983248109E5
:10063000B387FC4003D707008328C109032A010AB6
:100640000329410A8326810A832AC10A0323010B55
:100650008329410B832D810B032BC10BE3E0EBF6C8
:100660008327000073001000832BC408832704092C
:100670006394FB006F10504C23A0CB0123A20B000E
:1006800023A40B0023A60B003386984063949800A4
:100690006F10104A13050600232461042322D1049D
:1006A0002320C104EFB0125E0326010423A2AB0095
:1006B00023A4AB00B307C50023A6FB009385040069
:1006C0002320F104EF2052548327010483264104A0
:1006D0000323810423A4FB0023A80B0023AA0B00FF
:1006E00023AC0B0033862641639426016F10D04360
:1006F00013050600232261042320C104EFB09258A1
:100700000326010423A8AB0023AAAB00B307C5004E
:1007100023ACFB00930509002320F104EF20D24E07
:10072000832701040323410423AAFB0023AE6B00AB
:1007300023A00B0223A20B0223A40B0233863D410C
:1007400063943D016F10D03D130506002320C104C2
:10075000EFB052530326010423A0AB0223A2AB0245
:10076000B30DC50023A4BB0393850900EF20D24934
:1007700023A2BB038327C4089387C7022326F40858
:1007800083278102938717002324F10263880900DD
:10079000B3053B4113850900EFB00211630809005E
:1007A000B3852A4113050900EFB0021063840402E7
:1007B000B3059A4013850400EFB0020F832781032D
:1007C0000327810283A70700637EF700130C4C0008
:1007D0006FF01FB4832781030327810283A70700DB
:1007E000E366F7FE832781050327C1069304000013
:1007F000B38AE70083A70A0013894A0063940700BD
:100800006F10D02F032309002324010C2326010C91
:10081000330B69002328010C232A010C232C010C23
:10082000232E010C2320010E2322010E2324010E6E
:100830002326010E2328010E232A010E232C010E4C
:10084000232E010E23200110232201102324011046
:100850002326011083270B00832541031306400044
:10086000B307FB4083D6070013870500637ED600DD
:1008700083D74700638A0700B307FB0003A707007D
:10088000131727003387E500832907002322910CE3
:10089000130790002320310D938C090063743701F6
:1008A0006F208063B7A600009386C6DF13972900E8
:1008B0003307D700832707006780070003270B0053
:1008C000130810009307A0003307EB4003560700FE
:1008D000639409016F20000963FEC70C8357A700CA
:1008E000638A070CB307FB0083C707009387F7FFF2
:1008F0006392070C9337D600639E070A8357C7009D
:10090000638A070AB307FB0083A60700130560008C
:10091000B387D70083A60700B386D74083D50600E8
:100920006364B5006F20D00303D56600130D00008B
:10093000630605003385A700032D0500130580001D
:1009400003D846006364B5006F20D05403D58600F9
:10095000630405006F2080781305C0002320010484
:100960006374B5006F200079930D000063060800E2
:1009700033850701830D0500930C10001305A000BB
:1009800093890C006374B5006F20C07B930910003D
:10099000938C0900232C01026F20000883260B0092
:1009A0001307A000B306DB4083D706006374F7008B
:1009B0006F10D02A0325010E630805008325810EE0
:1009C000B385A540EFA0526E0325410D63080500D5
:1009D0008325C10DB385A540EFA0126D0325810CC1
:1009E000630805008325010DB385A540EFA0D26BF8
:1009F0001304F0FF83274103638C0700138707006C
:100A00008327C10313050700B385E740EFA0D26930
:100A10008320C11D130504000324811D0329011D2A
:100A20008329C11C032A811C832A411C032B011C1E
:100A3000832BC11B032C811B832C411B032D011B0A
:100A4000832DC11A8324411D1301011E67800000FC
:100A500003270B009307A0003306EB4083550600E5
:100A600063E4B7006F10501E8357A600930C00007C
:100A700063820702B307FB0083C707009387B7FFB2
:100A80006398070093B7D500639407006F208048F0
:100A9000930C0000835766003307FB00E38207BC1A
:100AA000832707003307F7008326070063940600B7
:100AB0006F20502A93078000E3F4B7BA835786006B
:100AC000E38007BAB307FB0003A60700B387C7009C
:100AD00003A60700631406006F20D02593051000BD
:100AE0006384B6006F2010236304D6006F2090202B
:100AF00063940C006F20101E83294700930B41085C
:100B000093850B001305810C03AA4700032C84086E
:100B100023223109EFF00F8683270B001307800093
:100B2000B307FB4083D60700E37CD7B203D7870027
:100B3000B307EB00E30607B203A70700B387E7009C
:100B400003A70700631407006F20D0161307C00225
:100B5000B389E90283A7470093850B001305410D74
:100B60002322F108B3093C01EFF0CF8093870902FB
:100B700093850B001305010E2322F108EFE0DFEB54
:100B80008327C10F032701106394E7006F20C02F54
:100B900003A7090023A0E7008327C10F938747001D
:100BA000232EF10E9307C002330AFA0293850B003D
:100BB0001305C10E330A4C0193070A022322F108E0
:100BC000EFE09FE7832781100327C1106394E700BC
:100BD0006F20402D03270A0023A0E7008327811000
:100BE000938747002324F11083A70C0013076000AC
:100BF00093060000B387FC4003D60700637AC70062
:100C000083D7670063860700B387FC0083A60700CD
:100C10002328D11083A70C001307800013060000BF
:100C2000B387FC4083D50700637AB70083D787007A
:100C300063860700B387FC0003A60700232AC110C0
:100C400083A70C001307A00093050000B387FC40A6
:100C500003D50700637AA70083D7A7006386070040
:100C6000B387FC0083A50700232CB11083A70C00D9
:100C70001307C000130E0000B387FC4003D5070024
:100C8000637AA70083D7C70063860700B387FC0099
:100C900003AE0700232EC11183A70C0003A709028E
:100CA00013050000B387FC4003D307000328470067
:100CB0008328870013074000637A670083D74700C3
:100CC00063860700B387FC000385070093070108CC
:100CD0002328F1009307C1072326F1009307100092
:100CE0002324A1002322B1002320C10113850B007E
:100CF0001387070093050400EF30806E8326C10838
:100D0000832741081307E0002320D1122322F11288
:100D100083A70C0093050000B387FC4083D607002F
:100D2000637AD70083D7E70063860700B387FC00A8
:100D30008385070013050400EF3080439305050009
:100D400013060A001307C11293068112130504004B
:100D5000EF40C0026F00D04A03270B009307A000AA
:100D60003307EB400355070063E4A7006F10806C66
:100D70008357A700130A000063820702B307FB0032
:100D800083C70700938757FF639807009337D50001
:100D9000639407006F204016130A00008357670012
:100DA000E380078CB307FB0083A60700B387D70057
:100DB00003A60700631406006F2050469305100039
:100DC0006314B6006F20904393068000E3FAA68870
:100DD000835687003307DB00E384068883260700F9
:100DE0003307D70083260700639406006F20103F67
:100DF00063140A006F20903C130520006304A600D2
:100E00006F20D0396384B6006F20503783A9470024
:100E100003274700930541081305810C83AC870025
:100E2000032D8408930D070023223109EFE09FD49E
:100E300083270B0013076000B307FB4083D607002E
:100E4000E370D78203D76700B307EB00E30A07809C
:100E500083A6070013071000B387D70083A60700F7
:100E60006364D7006F20902F83A787001305810C40
:100E7000930541082322F108EFE0DFCF83270B0021
:100E800013078000B307FB4083D60700637AD7FCC3
:100E900083D787003307FB00638407FC83270700A1
:100EA0003307F70083270700639407006F20806CE7
:100EB0009307C002338CF9020327470093054108CA
:100EC0001305410D2322E108B38CFC02330C8D0184
:100ED000B30C9D01EFE01FCA93070C021305010E2E
:100EE000930541082322F108EFE01FB593870C0218
:100EF0001305010E930541082322F108EFE0DFB34B
:100F00008327C10F032701106394E7006F1010714E
:100F100003270C0023A0E7008327C10F032701103C
:100F200093874700232EF10E6314F7006F10D070E3
:100F300003A70C0023A0E7008327C10F9387470076
:100F4000232EF10E9307C002B387FD0293054108DB
:100F50001305C10E330DFD00930B0D022322710901
:100F6000EFE09FAD832781100327C1106394E70052
:100F70006F10906D03270D0023A0E70083278110D9
:100F8000938747002324F11013850B00EF600F9720
:100F90002328A11083270C011307400183A7070012
:100FA000B307F040232CF11083A70C0183A707009F
:100FB000B307F0402322F11283270D0183A7070016
:100FC000232AE1102328F11203274C0083A74C00A9
:100FD0008329070083AB07001385090093850B0065
:100FE000EFE0C03F93850B00634405009385090043
:100FF00013850500EFD0D039EFE0907B130C05008E
:1010000013850B00938C0500EFE0907A13060C001B
:1010100093860C00EFC0503E83274D002324A1028D
:101020002326B10203A5070083250106EFE08044D3
:10103000EFE01078130605009386050013050C00F9
:1010400093850C00EFC0503B130B0500138509007E
:10105000938B0500EFE0D07513060C0093860C000F
:10106000EFC09039138605001307C11193050500E1
:101070009306011213050400EF400004832581024A
:101080000326C102130781129306C112130504003F
:10109000EF40800293050B0013860B0013078113AA
:1010A0009306411313050400EF40000183270A0053
:1010B0009306400093050000B307FA4003D70700EA
:1010C00063FAE60083D7470063860700330AFA0015
:1010D00083050A0003270D00930730001305040061
:1010E0006314F7006F10504DEF3080089305050032
:1010F00013060D00130701149306C1131305040012
:10110000EF3010616F00D00F83270B0013076000D2
:10111000B307FB4083D607006374D7D483D7670037
:10112000638007D4B307FB0083A60700B387D7000B
:1011300083A60700639406006F20C02B13061000DF
:101140006394C6006F200033130620006394C6002A
:101150006F20403083ACC7001306C002032A840806
:10116000B38CCC0283A9470003AD87008326C40754
:10117000B30C9A0183A7CC0193973700B387F6008D
:1011800083A707002328F11083270B00B307FB4038
:1011900083D607006376D7CC03D76700B307EB008D
:1011A000630007CC03A70700B387E70003A7070086
:1011B000631407006F200028B389C90283A7470082
:1011C000930B4108130C810C93850B0013050C0045
:1011D0002322F108B3093A01EFE0DF9983A7490020
:1011E0001307600083A70700232AF11083A70901D2
:1011F00083A70700232CF11083270B00B307FB40C4
:1012000083D60700637ED7C403D76700B307EB001C
:10121000630807C403A70700B387E70003A7070015
:10122000631407006F20004503A747009306C00220
:10123000832784083307D7029309010E1385090019
:1012400093850B00B387E700938707022322F108F9
:10125000EFE08FFE83270B0013076000B307FB400E
:1012600083D60700637ED7BE03D76700B307EB00C2
:10127000630807BE03A70700B387E70003A70700BB
:10128000631407006F20003D83A747001307C002C7
:1012900083258408B387E702832601100327C10F43
:1012A000B385F5006314D7006F10103F83A70500C6
:1012B0002320F7008327C10F93874700232EF10EC9
:1012C00083270B0013076000B307FB4083D607009A
:1012D0006378D7B803D76700B307EB00630207B89A
:1012E00083A6070013071000B387D70083A6070063
:1012F0006364D7006F2000341307C002330DED0282
:1013000083A7870093850B0013050C002322F108A7
:10131000330AAA01EFE01F8683274A001307600003
:1013200083A70700232EF11083270A0183A7070054
:101330002320F11283270B00B307FB4083D607005D
:101340006370D7B203D76700B307EB00630A07B037
:1013500083A6070013071000B387D70083A60700F2
:101360006364D7006F20002B03A787009306C00299
:10137000832784083307D70293850B001385090060
:10138000B387E700938707022322F108EFE0CFEA53
:1013900083270B0013076000B307FB4083D60700C9
:1013A0006370D7AC03D76700B307EB00630A07AAE3
:1013B00083A6070013071000B387D70083A6070092
:1013C0006364D7006F20002383A787001307C00240
:1013D00083258408B387E702832601100327C10F02
:1013E000B385F5006314D7006F10502983A705005B
:1013F0002320F7008327C10F93874700232EF10E88
:1014000083270B0013076000B307FB4083D6070058
:101410006378D7A403D76700B307EB00630207A480
:1014200083A6070013072000B387D70083A6070011
:101430006364D7006F20001A83A7C70013050C0050
:1014400093850B002322F108EFE0CFF283A74C0035
:101450001307600083A707002322F11283A70C0162
:1014600083A707002324F11283270B00B307FB4057
:1014700083D607006376D79E03D76700B307EB00D8
:101480006300079E83A6070013072000B387D700D9
:1014900083A607006364D7006F20C01103A7C700AD
:1014A0009307C002138509003307F70283278408D6
:1014B00093850B00B387E700938707022322F10887
:1014C000EFE08FD783270B0013076000B307FB40C3
:1014D00083D607006376D79803D76700B307EB007E
:1014E0006300079883A6070013072000B387D7007F
:1014F00083A607006364D7006F20C00983A7C700D5
:101500001307C00283258408B387E70283260110EE
:101510000327C10FB385F5006314D7006F10501572
:1015200083A705002320F7008327C10F9387470077
:10153000232EF10E83270B0013078000B307FB4017
:1015400083D60700637ED79003D78700B307EB00ED
:101550006308079003A70700B387E70003A7070006
:10156000631407006F20806D83A747001305410DAA
:1015700093850B002322F108EFE0CFDF83270B00D8
:1015800013078000B307FB4083D60700637AD78C2C
:1015900003D78700B307EB006304078C03A707009A
:1015A000B387E70003A70700631407006F200067F5
:1015B00003A747009306C002832784083307D70296
:1015C0001305C10E93850B00B387E70093870702CD
:1015D0002322F108EFE04FC683270B00130780009A
:1015E000B307FB4083D607006364D7006FF04F87D3
:1015F00003D78700B307EB00631407006FF04F8633
:1016000003A70700B387E70003A7070063140700D9
:101610006F20C05E83A747001307C002832584089C
:10162000B387E7028326C11003278110B385F50035
:101630006314D7006F10100383A705002320F70061
:1016400083278110938747002324F11083270B0001
:1016500013078000B307FB4083D607006364D700FD
:101660006FF00F8003D78700B307EB006314070008
:101670006FE01FFF83A6070013071000B387D70092
:1016800083A607006364D7006F20405583A78700B7
:1016900093850B001305410D2322F108EFE08FCD58
:1016A00083270B0013078000B307FB4083D6070096
:1016B0006364D7006FE0DFFA03D78700B307EB005E
:1016C000631407006FE0DFF983A60700130710001B
:1016D000B387D70083A607006364D7006F20004E4E
:1016E00003A787009306C002832784083307D70225
:1016F00093850B001305C10EB387E700938707029C
:101700002322F108EFE04FB383270B00130780007B
:10171000B307FB4083D607006364D7006FE05FF434
:1017200003D78700B307EB00631407006FE05FF394
:1017300083A6070013071000B387D70083A607000E
:101740006364D7006F20804583A787001307C0021A
:1017500083258408B387E7028326C11003278110FD
:10176000B385F5006314D7006F10006F83A70500E1
:101770002320F70083278110938747002324F1104B
:1017800083270B0013078000B307FB4083D60700B5
:101790006364D7006FE0DFEC03D78700B307EB008B
:1017A000631407006FE0DFEB83A607001307200038
:1017B000B387D70083A607006364D7006F20003C7F
:1017C00083A7C70093850B001305410D2322F10861
:1017D000EFE04FBA83270B0013078000B307FB40ED
:1017E00083D607006364D7006FE09FE703D78700C5
:1017F000B307EB00631407006FE09FE683A60700C2
:1018000013072000B387D70083A607006364D700BF
:101810006F20C03403A7C7009306C0028327840843
:101820003307D70293850B001305C10EB387E7007A
:10183000938707022322F108EFE00FA083270B0014
:1018400013078000B307FB4083D607006364D7000B
:101850006FE01FE103D78700B307EB0063140700B5
:101860006FE01FE083A6070013072000B387D700AF
:1018700083A607006364D7006F20402C83A7C700AE
:101880001307C00283258408B387E7028326C110AB
:1018900003278110B385F5006314D7006F104062F1
:1018A00083A705002320F700832781109387470033
:1018B0002324F11083270B0013078000B307FB409C
:1018C00083D607006364D7006FE09FD903D78700F2
:1018D000B307EB00631407006FE09FD883A60700EF
:1018E00013073000B387D70083A607006364D700CF
:1018F0006F20C02283A707011305410D93850B00BC
:101900002322F108EFE00FA783270B0013078000C5
:10191000B307FB4083D607006364D7006FE05FD452
:1019200003D78700B307EB00631407006FE05FD3B2
:1019300083A6070013073000B387D70083A60700EC
:101940006364D7006F20801B03A707019307C002C1
:1019500093850B003307F702832784081305C10E14
:10196000B387E700938707022322F108EFE0CF8CCB
:1019700083270B0013078000B307FB4083D60700C3
:101980006364D7006FE0DFCD03D78700B307EB00B8
:10199000631407006FE0DFCC83A607001307300055
:1019A000B387D70083A607006364D7006F200013B6
:1019B00083A707011307C00283258408B387E702C2
:1019C0008326C11003278110B385F5006314D70067
:1019D0006F10C04F83A705002320F70083278110D5
:1019E000938747002324F1108327C1042326F11293
:1019F0002328F11283270105232AF112232CF11247
:101A00001306010C9385040013050400EF900FFEEC
:101A1000631405006F10403C8327050083A78700EF
:101A2000E7800700630405006F10003B03254110A9
:101A3000630805008325C110B385A540EF90D266E9
:101A40000325810F6308050083250110B385A54098
:101A5000EF9092650325C10E630805008325410FB1
:101A6000B385A540EF9052640325010E630805007D
:101A70008325810EB385A540EF9012630325410DA8
:101A8000630805008325C10DB385A540EF90D261A1
:101A90000325810CE30E05048325010D93841400B6
:101AA000B385A540EF90526083A70A00E3F8F404E1
:101AB000130949006FE01FD583270B00130760004F
:101AC000B307FB4083D607006364D7006FE05FB9BC
:101AD00003D76700B307EB00631407006FE05FB83C
:101AE00003A70700B387E70003A7070063140700F5
:101AF0006F10D07C83A74700930541081305810C24
:101B00002322F108EFE00F8783270B009306600084
:101B1000B307FB4003D7070063E4E6006FE05FB460
:101B200003D76700B307EB00631407006FE05FB3F0
:101B300003A70700B387E70003A7070063140700A4
:101B40006F10D07503A747001306C00283278408CF
:101B50003307C7023387E70003274700032707003F
:101B60002328E11003270B003307EB4083550700C0
:101B700063E4B6006FE0DFAE835567003307BB0058
:101B8000639405006FE0DFAD832507003307B700DE
:101B900083250700639405006F10506E03274700EC
:101BA0003307C7023387E70003270701032707002E
:101BB000232AE11003270B003307EB40835507006E
:101BC00063E4B6006FE0DFA9835667003307DB00EC
:101BD000639406006FE0DFA8832607003307D70071
:101BE00083260700639406006F10506703274700A1
:101BF000930541081305010E3307C702B387E700B9
:101C0000938707022322F108EFD01FE383270B00FD
:101C100013076000B307FB4083D607006364D70057
:101C20006FE01FA403D76700B307EB00631407003E
:101C30006FE01FA303A70700B387E70003A7070010
:101C4000631407006F10904F83A747001307C0026B
:101C500083258408B387E702832601100327C10F79
:101C6000B385F5006314D7006F10C02483A7050067
:101C70002320F7008327C10F93874700232EF10EFF
:101C800083270B0013078000B307FB4083D60700B0
:101C90006364D7006FE0DF9C03D78700B307EB00D6
:101CA000631407006FE0DF9B03A70700B387E7001B
:101CB00003A70700631407006F10504683A747006F
:101CC000930541081305410D2322F108EFD09FEA47
:101CD00083270B0013068000B307FB4003D70700E0
:101CE0006364E6006FE0DF9703D78700B307EB007C
:101CF000631407006FE0DF9603A70700B387E700D0
:101D000003A70700631407006F10503F03A74700A5
:101D10009306C002832784083307D7023387E7007E
:101D20000327470003270700232CE11003270B009C
:101D30003307EB40835507006364B6006FE05F92A2
:101D4000835587003307BB00639405006FE05F9104
:101D5000832507003307B700832507006394050038
:101D60006F10D037032747003307D7023387E700C8
:101D70000327070103270700232EE11003270B0089
:101D80003307EB40835507006364B6006FE05F8D57
:101D9000035687003307CB00631406006FE05F8CA7
:101DA000032607003307C700032607006314060055
:101DB0006F10D03003274700930541081305C10E6B
:101DC0003307D702B387E700938707022322F1087E
:101DD000EFD09FC683270B0013078000B307FB409B
:101DE00083D607006364D7006FE09F8703D787001F
:101DF000B307EB00631407006FE09F8603A707009B
:101E0000B387E70003A70700631407006F101029CA
:101E100083A747001307C00283258408B387E7021E
:101E20008326C11003278110B385F500E306D7325E
:101E300083A705002320F70083278110938747009D
:101E40002324F1106FF0DFBB83270B009306A00063
:101E5000B307FB4003D7070063E4E6006FE05F8051
:101E600083D6A700639406006FE08FFFB306DB0004
:101E700083C60600938666FF638406006FE04FFE0C
:101E80001337D700630407006FE08FFD83D7C700C7
:101E9000B306FB00639407006FE08FFC03A7060006
:101EA0001306400093070000B386E60003A7060070
:101EB0003387E64083550700637AB600035747002F
:101EC00063060700B387E60083A707002328F11005
:101ED00083270B00930C6000B307FB4003D7070078
:101EE00063E4EC006FE0CFF783D7670063940700EB
:101EF0006FE00FF7B307FB0083A607001307F0009E
:101F0000B387D70083A707006374F7006F1080586A
:101F1000232AF110930B8111130C40009309000048
:101F2000130AC0026F00801C835767006394070088
:101F30006FE00FF3B307FB0003A60700B387C700EA
:101F400003A6070063C4C9006F10000063E4C90062
:101F50006F10403EB387870183A7070093054108B0
:101F60001305810C2322F108EFD0DFC083270B007B
:101F7000B307FB4003D7070063E4EC006FE04FEECC
:101F800003D76700B307EB00631407006FE04FED62
:101F900003A70700B387E70003A7070063E4E9008E
:101FA0006F104037B387870103A707008327840892
:101FB000330747033387E70003274700032707005A
:101FC00023A2EB0003270B003307EB4083560700E7
:101FD00063E4DC006FE0CFE8835667003307DB0083
:101FE000639406006FE0CFE7832607003307D7002E
:101FF0008326070063E4D9006F10C03D33078701D3
:1020000003270700330747033387E7000327070148
:102010000327070023A0EB0003270B003307EB4047
:102020008356070063E4DC006FE08FE383566700AC
:102030003307DB00639406006FE08FE2832607001E
:102040003307D7008326070063E4D9006F1080367A
:102050003307870103270700930541081305010E85
:1020600033074703B387E700938707022322F1086A
:10207000EFD09F9C83270B00B307FB4003D70700DB
:1020800063E4EC006FE0CFDD03D76700B307EB003C
:10209000631407006FE0CFDC03A70700B387E700F6
:1020A00003A7070063E4E9006F10C024B38787012A
:1020B00083A70700832584080327C10FB38747033D
:1020C00083260110B385F500E30AD76683A70500D0
:1020D0002320F7008327C10F93874700232EF10E9B
:1020E00093891900130C4C00938B8B0003270B0072
:1020F0003307EB4083560700E3E8DCE28327000068
:102100007300100083270B0013076000B307FB4028
:1021100083D607006364D7006FE08FD483D767004E
:10212000639407006FE0CFD3B307FB0003A707005A
:10213000B387E70003A70700631407006F1000745C
:1021400003AC4700930B410893850B001305810CEA
:10215000032A840823228109EFD0DFA103270B0083
:10216000930680003307EB400356070063E4C60084
:102170006FE00FCF835687003307DB0063940600C0
:102180006FE00FCE832707003307F7008327070090
:10219000639407006F10900A9306C002B307DC0235
:1021A0000327470093850B001305410D2322E10807
:1021B000330AFA00EFD01F9C130610002328C11029
:1021C00083270A0203274A02930600003307F740D9
:1021D0001357274063D8E60213972600B387E7001A
:1021E00083A70700938616003306F6022328C11042
:1021F00083270A0203274A023307F7401357274071
:10220000E3CCE6FC930C0000130A6000130CC00240
:102210006F00800C03D76700631407006FE04FC4A2
:102220003307EB00032607003307C7000326070028
:1022300063DCCC6263E4CC006F10C011B3073701DC
:1022400003A707008327840893850B0033078703C0
:102250001305010EB387E700938707022322F108D5
:10226000EFD08FFD83270B00B307FB4003D7070098
:102270006364EA006FE0CFBE03D76700B307EB00EB
:10228000631407006FE0CFBD03A70700B387E70023
:1022900003A7070063E4EC006F10C003B3873701A6
:1022A00083A70700832584080327C10FB38787030B
:1022B00083260110B385F500630ED70A83A70500B6
:1022C0002320F7008327C10F93874700232EF10EA9
:1022D000938C1C009389490083270B00B307FB40B4
:1022E00083D60700E368DAF283270000730010004A
:1022F00083A70A009384140063ECF4FA8327810611
:1023000013050400938717002324F106EF90DF8460
:102310008327C10593874700232EF1046FD09FF6D2
:10232000930D00006FE0CFC4930700006FE0CFBFB4
:10233000930700006FE00FBA930541091305840865
:10234000232AC109232C9108232E11092320410B94
:102350002322210B2324D10A2326510B2328610A8F
:10236000232A310B232CB10B232E610BEFC0012844
:102370006FE00FC11305810FEFC0815A6FF05FF559
:1023800003274105B30D9A4093D52D406394E50092
:102390006F1090379389050063940500930910002E
:1023A000B389B9003707002063E4E9009309F7FF18
:1023B00093992900138509002324F1042322C105E0
:1023C0002320D104EFA0020C83278104B305B501BB
:1023D0008326010423A0F500032E4104130D0500FC
:1023E000638C0D0013860D0093850400EF10C2016D
:1023F000032E41048326010493884D00B3081D0178
:102400006384040293850D001385040023241105C1
:102410002322C1052320D104EF900249832881049F
:10242000032E410483260104330A3D0193040D0069
:102430006FE0CF809307600063F4A7006FE0DF9543
:1024400083270000730010009307600063F4B70057
:102450006FE00FE4832700007300100003D7A6008D
:10246000631407006FE00FD53307EB000347070045
:10247000130787FF630407006FE0CFD393B7D7003C
:10248000638407006FE00FD383D7C600639407000F
:102490006FE04FD2B307FB0003A70700930540008E
:1024A000930D0000B387E70003A707003387E740D9
:1024B0000356070063FCC50003574700930D000057
:1024C00063060700B387E700838D070083D76600A4
:1024D000639407006FE0CF98B307FB0003A70700E2
:1024E000B387E70003A70700631407006F1090028B
:1024F00093081000631417016F10C07F13062000AB
:102500006314C7006F10007D83D686003307DB009D
:10251000639406006FE0CF94832607003307D7004B
:1025200083260700639406006F10C078032C4700D1
:1025300083AC470083AB870003AEC7001305C0021E
:10254000330CAC02032A8408930781072328F10087
:102550009307C1072326F100232401002322110140
:102560002320110113880800B38CAC029387080064
:10257000138708009386080013860800930504005B
:10258000330C8A01B38BAB02B30C9A01330EAE024B
:1025900013054108B30B7A01330ACA01EF105064E6
:1025A000032D41088329C1083775000013060D006B
:1025B0009385090013054574EFF0417593071000EA
:1025C00093850D001305040023283111232AA1113E
:1025D000232CF110232EF1102320F1122322F112CB
:1025E000EF101039130701142322E1001307C11360
:1025F000930705002320E100232601002324010086
:10260000930881131308411313070C0093060A0063
:1026100013860B0093850C0013050400EF200027A0
:102620000326811383254113377500003306C0400C
:10263000232CC11283A70C011305857583A70700FE
:10264000B307F0402324F11283A70B0183A70700EF
:10265000B307F0402326F11283270C0183A707005C
:102660002328F112EFF0816A832601130326C11299
:10267000832581123775000013058577EFF0016916
:1026800083270B0013066000B307FB4003D7070046
:102690006364E6006FD0DFFC83D7670063940700B4
:1026A0006FD01FFCB307FB0083A6070013073000A1
:1026B000B387D70083A607006384E6006F108069A4
:1026C00083A787009305C00283268408B387B702D7
:1026D0000327C407B387F60083A7C7019397370082
:1026E000B307F70083A707002326F11483270B0005
:1026F000B307FB4003D507006364A6006FD05FF605
:1027000003D66700B307CB00631406006FD05FF5F4
:1027100003A5070013062000B387A70003A5070041
:102720006364A6006F10006103A6C7009309010847
:1027300093870C023306B6021305010E9385090038
:10274000B386C60083A6C601939636003307D7002A
:10275000032707002320F1082324E114EFD0CFAD95
:102760008327C10F03270110E38EE72203A70C0084
:1027700023A0E7008327C10F93874700232EF10E84
:1027800093070C02938509001305C10E2320F1085D
:10279000EFD08FAA832781100327C110E38CE71E97
:1027A00003270C0023A0E7008327811093874700AD
:1027B0002324F110938B0B02130A0A0223287115AC
:1027C000232A411583270B0013076000B307FB4042
:1027D00083D607006364D7006FD09FE803D76700F4
:1027E000B307EB00631407006FD09FE703A7070050
:1027F000B387E70003A70700E30E074083A747005E
:10280000938509001305810C2320F108EFD08FB6C2
:1028100083270B0013078000B307FB4083D6070014
:102820006364D7006FD0DFE303D78700B307EB0003
:10283000631407006FD0DFE203A70700B387E70048
:1028400003A70700631E0754B77600003776000021
:10285000377500009386C656130606641305456156
:102860009305000BEFC0011D130C000093098000BD
:10287000130AC00263E4D9006FD09FDE83D78700BC
:10288000639407006FD0DFDDB307FB0003A70700E9
:10289000B387E70003A707006354EC96E37CEC2CB6
:1028A000930C1C00139D2C00B387A70103A70700FE
:1028B0008327840893850B00330747031305C10E54
:1028C000B387E700938707022322F108EFD0CF9662
:1028D00083270B00B307FB4003D7070063E4E9003D
:1028E0006FD01FD803D78700B307EB00631407002E
:1028F0006FD01FD703A70700B387E70003A7070020
:10290000E37AEC28B387A70183A70700832584080F
:1029100003278110B38747038326C110B385F500D1
:102920006306D70283A705002320F70083278110C1
:10293000938747002324F11083270B00138C0C008E
:10294000B307FB4083D607006FF0DFF21305411099
:10295000EFB0117D6FF05FFE13054110EFB0517CB9
:102960006FF00F8A63E4C7006FE0CF848357A7003E
:10297000639407006FE00F84B307FB0083C7070071
:102980009387E7FF638407006FE0CF829337D60019
:10299000638407006FE00F828357C70063940700CA
:1029A0006FE04F81B307FB0083A50700930660002B
:1029B000B387B70083A50700B385B74003D50500EB
:1029C000E3F2A60083D66500130D000063860600BF
:1029D000B386D70003AD06001308800083D64500F8
:1029E0006364A8006F10802903D88500E3100800F5
:1029F0001308E00023200104E364A800930D000005
:102A000063860600B386D700838D06009306C00058
:102A1000232C0102E3E6A6008357670063940700B6
:102A20006FD01FC4B307FB0083A60700B387D7008E
:102A300083A60700E384065293051000E380B65A8C
:102A400093052000E38CB6569306800063E4C6002D
:102A50006FD01FC1835687003307DB0063940600E5
:102A60006FD01FC0832607003307D70083260700D7
:102A7000E386065283AB4700930EC00203AA870089
:102A8000B38BDB0383A7C700032E8408032C470006
:102A9000377500001305456E330ADA03B30B7E0168
:102AA00003A70B02832887000328470093850800AB
:102AB00013060800B387D703330A4E0103270A021F
:102AC000232C1105232A01058326870003274700AD
:102AD0002324D1042322E104330CDC03B307FE00DA
:102AE0002324F102330C8E01EFF04122832681046E
:102AF000032741042324B101832D01049307810797
:102B000083288105032841052328F1009307C10785
:102B10002322D1002320E1002326F100138709009E
:102B200093870C0093060D0013860D009305040097
:102B300013054108EF10D00A0327C1088327410875
:102B40008325810313050400232CA111232EB11129
:102B500023209113232231132328E110232AF1107B
:102B6000EF10006113070114832681022322E10084
:102B70001307C113930705002320E100232601005A
:102B800023240100930881131308411313070C0039
:102B900013060A0093850B0013050400EF10104F75
:102BA0008327811313066000B307F040232CF11232
:102BB00083A70B0183A70700B307F0402324F1127A
:102BC00083270A0183A70700B307F0402326F112E9
:102BD00083270C0183A707002328F11283270B000A
:102BE000B307FB4003D707006364E6006FD05FA71D
:102BF00083D76700639407006FD09FA6B307FB00DD
:102C000083A6070013073000B387D70083A6070009
:102C1000E396E63683A787009305C00283268408DF
:102C2000B387B7020327C407B387F60083A7C7019A
:102C300093973700B307F70083A707002326F11403
:102C400083270B00B307FB4003D507006364A6008E
:102C50006FD01FA103D66700B307CB006314060033
:102C60006FD01FA003A5070013062000B387A7009D
:102C700003A507006364A6006F00507E03A6C7008B
:102C80009309010893870B023306B6021305010E60
:102C900093850900B386C60083A6C60193963600C5
:102CA0003307D700032707002320F1082324E1146A
:102CB000EFC09FD88327C10F03270110638CE74E15
:102CC00003A70B0023A0E7008327C10F93874700CA
:102CD000232EF10E93070C02938509001305C10EF4
:102CE0002320F108EFC05FD5832781100327C1108F
:102CF000638AE74803270C0023A0E700832781109D
:102D0000938747002324F11083278102130A0A02C4
:102D10002328411593870702232AF11483270B00E8
:102D200013076000B307FB4083D607006364D70036
:102D30006FD01F9303D76700B307EB00631407003E
:102D40006FD01F9203A70700B387E70003A7070010
:102D5000E302071683A74700938509001305810C3A
:102D60002320F108EFC01FE183270B001307800029
:102D7000B307FB4083D607006364D7006FD05F8E34
:102D800003D78700B307EB00631407006FD05F8D94
:102D900003A70700B387E70003A70700E30C0712A8
:102DA00083A74700938509001305410D2320F108EF
:102DB000EFC05FDC6FE0DFC4EF10803B93050500E0
:102DC00013060D00130701149306C1131305040025
:102DD000EF10D07A6FE0DFC20325411063080500D1
:102DE0008325C110B385A540EF80122C0325810FE8
:102DF00083250110B385A54063040500EF80D22A26
:102E00000325C10E631405006FD0DFBA8325410F7F
:102E1000B385A540EF8052296FD0DFB993050C0030
:102E20001305810FEFB0D12F8327C10F03270110A6
:102E30006304F7006FE0CF8F93850C001305810FBB
:102E4000EFB0112E6FE00F9093050D0013054110A8
:102E5000EFB0112D6FE04F9313054110EFB0512CDF
:102E60006FE01F9213054110EFB0912B6FE00FFE42
:102E70001305810FEFB0D12A6FE0CFEB1305810F5F
:102E8000EFB0112A6FE0CFD7938509001305810FAA
:102E9000EFB011296FD01FD11305810FEFB051286A
:102EA0006FE00FC293050A0013054110EFB05127E0
:102EB0006FD09FD31305810FEFB091266FE05FDCD9
:102EC00013054110EFB0D1256FE0DF9E13054110CF
:102ED000EFB011256FE05FB1B776000037760000E4
:102EE0003775000093868603130646531305C555B0
:102EF0009305601DEFB011348357C700639407003A
:102F00006FD0DFE9B307FB0003AA0700338A47014C
:102F10006FD0DFE80357C600631407006FD09FB778
:102F20003307EB0083270700B30CF7006FD09FB681
:102F300093840700130A00006FD04F8C1305810F94
:102F4000EFB0111E6FF0CF999307800063E4D700B4
:102F50006FD00FF103578700B307EB00631407002E
:102F60006FD00FF003A70700B387E70003A70700A0
:102F7000E306070E83A74700930541081305410D9B
:102F80002322F108EFC01FBF83270B001306800028
:102F9000B307FB4003D707006364E6006FD04FEC34
:102FA00003D78700B307EB00631407006FD04FEB24
:102FB00003A70700B387E70003A70700E30007089C
:102FC00003A747009306C002832784083307D7026C
:102FD0003387E7000327470003270700232EE11864
:102FE00003270B003307EB40835507006364B600EB
:102FF0006FD00FE7835587003307BB00639405004C
:103000006FD00FE6832507003307B700832507003D
:10301000E3860500032747003307D7023387E7001D
:103020000327070103270700232CE11803270B00C0
:103030003307EB40835507006364B6006FD04FE25F
:10304000035687003307CB00631406006FD04FE1AF
:10305000032607003307C700032607006300067A2C
:1030600003274700930541081305C10E3307D70214
:10307000B387E700938707022322F108EFC0DF9BA5
:1030800083270B0013078000B307FB4083D607009C
:103090006364D7006FD0CFDC03D78700B307EB00A2
:1030A000631407006FD0CFDB03A70700B387E700E7
:1030B00003A70700630407006FE09FD5B776000001
:1030C00037760000377500009386C65613060664EF
:1030D000130545619305000BEFB0D1153385A700AB
:1030E000032505009308C0002320A10463E4B80071
:1030F0006FD09F8703D5C600630205163385A700EE
:103100009308E000832C050063EEB80063080816FE
:1031100033850701830D0500930910006F008002BD
:10312000930C100083D5E600E38205FEB385B7005B
:1031300083A90500930D000063060800338507018D
:10314000830D050083D6A600232C0102E386068C9E
:10315000B387D70083870700232CF1026FF0DF8B42
:10316000130540006362B512930C08009309080030
:1031700023200104130D0000232C0102930D0000F5
:103180006FF09F8993050C0013054110EFB0417952
:103190006FF09FB793050C0013054110EFB0417815
:1031A0006FF04FE193850C001305810FEFB041776D
:1031B0006FF00FDD93850B001305810FEFB04176A3
:1031C0006FF05FB193064000E3F4A6FA83D64500A2
:1031D000E38006FAB386D700838D0600232001041E
:1031E000130D0000232C01026FF01F8333880701A9
:1031F000032808009308E00023200105E3F0A880DD
:1032000003D8E5006306080233880701930800012C
:10321000832C080063E4A802639C0602930D00005F
:1032200083D6C500232C0102638806FE6FF05FF28F
:1032300013080001E372A8FE938C090003D5050171
:10324000E30C05FC3385A70083290500E38806FC11
:10325000B386D700838D06006FF09FFC1305E00056
:10326000E360B5EC630C080433850701930C100090
:10327000830D050093890C006FF0DFEC93091000BB
:10328000930D00006FF01FEC83D64600E38E06EC32
:10329000B386D700838D0600930C080093090800BD
:1032A00023200104130D0000232C01026FF0CFF640
:1032B000232E0102232A01026FC0DFE5930C1000C8
:1032C00093890C00930D00006FF0DFE713040000FA
:1032D0006FD04FF2B77600003776000037750000E8
:1032E0009386C65613060664130545619305000BC5
:1032F000EFB04174B77600003776000037750000F4
:103300009386C65613060664130545619305000BA4
:10331000EFB04172B77600003776000037750000D5
:103320009386C65613060664130545619305000B84
:10333000EFB04170B77600003776000037750000B7
:103340009386C65613060664130545619305000B64
:10335000EFB0416EB7760000377600003775000099
:103360009386C65613060664130545619305000B44
:10337000EFB0416CB776000037760000377500007B
:103380009386C65613060664130545619305000B24
:10339000EFB0416AB776000037760000377500005D
:1033A0009386C65613060664130545619305000B04
:1033B000EFB04168B776000037760000377500003F
:1033C0009386C65613060664130545619305000BE4
:1033D000EFB04166B7760000377600003775000021
:1033E0009386C65613060664130545619305000BC4
:1033F000EFB04164B7760000377600003775000003
:103400009386C65613060664130545619305000BA3
:10341000EFB04162B77600003776000037750000E4
:103420009386C65613060664130545619305000B83
:10343000EFB04160B77600003776000037750000C6
:103440009386C65613060664130545619305000B63
:10345000EFB0415EB77600003776000037750000A8
:103460009386C65613060664130545619305000B43
:10347000EFB0415CB776000037760000377500008A
:103480009386C65613060664130545619305000B23
:10349000EFB0415AB776000037760000377500006C
:1034A0009386867A130646531305C5559305F01285
:1034B000EFB04158B776000037760000377500004E
:1034C0009386C65613060664130545619305000BE3
:1034D000EFB04156B7860000377600003775000020
:1034E0009386C682130646531305C5559305F01BF4
:1034F000EFB04154B7760000377600003775000012
:103500009386867F130646531305C5559305E01B26
:10351000EFB04152B78600003776000037750000E3
:1035200093864681130646531305C5559305D01B54
:10353000EFB04150B77600003776000037750000D5
:103540009386C65613060664130545619305000B62
:10355000EFB0414EB77600003776000037750000B7
:103560009386C65613060664130545619305000B42
:10357000EFB0414CB7760000377600003775000099
:103580009386C65613060664130545619305000B22
:10359000EFB0414AB776000037760000377500007B
:1035A0009386C65613060664130545619305000B02
:1035B000EFB04148B776000037760000377500005D
:1035C0009386C65613060664130545619305000BE2
:1035D000EFB04146B776000037760000377500003F
:1035E0009386C65613060664130545619305000BC2
:1035F000EFB04144B7760000377600003775000021
:103600009386C65613060664130545619305000BA1
:10361000EFB04142B7760000377600003775000002
:103620009386C65613060664130545619305000B81
:10363000EFB04140B77600003776000037750000E4
:103640009386C65613060664130545619305000B61
:10365000EFB0413EB77600003776000037750000C6
:103660009386C65613060664130545619305000B41
:10367000EFB0413CB77600003776000037750000A8
:103680009386C65613060664130545619305000B21
:10369000EFB0413A6300086E3385070193091000CB
:1036A000830D0500938C090023200104232C0102C3
:1036B0006FF08FB6B77600003776000037750000E0
:1036C0009386C65613060664130545619305000BE1
:1036D000EFB04136B776000037760000377500004E
:1036E0009386C65613060664130545619305000BC1
:1036F000EFB04134B7760000377600003775000030
:103700009386C652130646531305C5559305700597
:103710002328211D2326311D2324411D2322511D31
:103720002320611D232E711B232C811B232A911B17
:103730002328A11B2326B11BEFB0C12F83270A002A
:103740001307400023220106938717009397270051
:103750006384E7006FC09F8E6FC09FF0B776000054
:1037600037760000377500009386C6561306066448
:10377000130545619305000BEFB0C12BB776000030
:1037800037760000377500009386C67213064653DD
:103790001305C5559305C00DEFB0C129B7760000DC
:1037A00037760000377500009386C6561306066408
:1037B000130545619305000BEFB0C127B7760000F4
:1037C00037760000377500009386C65613060664E8
:1037D000130545619305000BEFB0C125B7760000D6
:1037E00037760000377500009386C65613060664C8
:1037F000130545619305000BEFB0C123B7760000B8
:1038000037760000377500009386C65613060664A7
:10381000130545619305000BEFB0C121B776000099
:1038200037760000377500009386C6561306066487
:10383000130545619305000BEFB0C11FB77600007B
:1038400037760000377500009386C6561306066467
:10385000130545619305000BEFB0C11DB77600005D
:1038600037760000377500009386C6561306066447
:10387000130545619305000BEFB0C11BB77600003F
:1038800037760000377500009386C6561306066427
:10389000130545619305000BEFB0C119B776000021
:1038A00037760000377500009386C6561306066407
:1038B000130545619305000BEFB0C117B776000003
:1038C00037760000377500009386C65613060664E7
:1038D000130545619305000BEFB0C115B7760000E5
:1038E00037760000377500009386C65613060664C7
:1038F000130545619305000BEFB0C113B7760000C7
:1039000037760000377500009386C65613060664A6
:10391000130545619305000BEFB0C111B7760000A8
:1039200037760000377500009386C6561306066486
:10393000130545619305000BEFB0C10FB77600008A
:1039400037760000377500009386C6561306066466
:10395000130545619305000BEFB0C10DB77600006C
:1039600037760000377500009386C6561306066446
:10397000130545619305000BEFB0C10BB77600004E
:1039800037760000377500009386867F130646530E
:103990001305C5559305C018EFB0C109B7760000EF
:1039A00037760000377500009386067E130646536F
:1039B0001305C5559305B018EFB0C107B7760000E1
:1039C00037760000377500009386467D1306465310
:1039D0001305C5559305A018EFB0C105B7760000D3
:1039E00037760000377500009386C65613060664C6
:1039F000130545619305000BEFB0C103B7760000D6
:103A000037760000377500009386C65613060664A5
:103A1000130545619305000BEFB0C101B7760000B7
:103A200037760000377500009386C6561306066485
:103A3000130545619305000BEFA0D17FB776000019
:103A400037760000377500009386C6561306066465
:103A5000130545619305000BEFA0D17DB7760000FB
:103A600037760000377500009386C6561306066445
:103A7000130545619305000BEFA0D17BB7760000DD
:103A800037760000377500009386C6561306066425
:103A9000130545619305000BEFA0D179B7760000BF
:103AA00037760000377500009386C6561306066405
:103AB000130545619305000BEFA0D177B7760000A1
:103AC00037760000377500009386C65613060664E5
:103AD000130545619305000BEFA0D175B776000083
:103AE00037760000377500009386C65613060664C5
:103AF000130545619305000BEFA0D173B776000065
:103B000037760000377500009386C65613060664A4
:103B1000130545619305000BEFA0D171B776000046
:103B200037760000377500009386C6561306066484
:103B3000130545619305000BEFA0D16FB776000028
:103B400037760000377500009386C6561306066464
:103B5000130545619305000BEFA0D16DB77600000A
:103B600037760000377500009386C6561306066444
:103B7000130545619305000BEFA0D16BB7760000EC
:103B800037760000377500009386C6561306066424
:103B9000130545619305000BEFA0D169B7760000CE
:103BA00037760000377500009386C6561306066404
:103BB000130545619305000BEFA0D167B7760000B0
:103BC00037760000377500009386C65613060664E4
:103BD000130545619305000BEFA0D165B776000092
:103BE00037760000377500009386C65613060664C4
:103BF000130545619305000BEFA0D163B776000074
:103C000037760000377500009386C65613060664A3
:103C1000130545619305000BEFA0D161B776000055
:103C200037760000377500009386C6561306066483
:103C3000130545619305000BEFA0D15FB776000037
:103C400037760000377500009386C6561306066463
:103C5000130545619305000BEFA0D15DB776000019
:103C600037760000377500009386C6561306066443
:103C7000130545619305000BEFA0D15B638006102F
:103C8000B386D700838D060023200104232C010274
:103C90006FE09FD8B77600003776000037750000D8
:103CA0009386C65613068657130545619305000B88
:103CB000EFA05158B7760000377600003775000046
:103CC0009386C65613060664130545619305000BDB
:103CD000EFA05156B7760000377600003775000028
:103CE0009386C65613060664130545619305000BBB
:103CF000EFA05154B776000037760000377500000A
:103D00009386C65613060664130545619305000B9A
:103D1000EFA05152B77600003776000037750000EB
:103D20009386C65613060664130545619305000B7A
:103D3000EFA05150B77600003776000037750000CD
:103D40009386C65613060664130545619305000B5A
:103D5000EFA0514EB77600003776000037750000AF
:103D60009386C672130646531305C5559305F01185
:103D7000EFA0514C93091000938C090023200104FB
:103D8000232C0102930D00006FE01FC9377500005E
:103D90001305850CEF80D2541304050013854B00E6
:103DA000EFA0417E63880900B3053B4113850900FC
:103DB000EF70922F63080900B3852A4113050900AB
:103DC000EF70922E63880400B3059A4013850400B7
:103DD000EF70922D83274103638C07000327410373
:103DE0008327C10313050700B385E740EF70D22B8B
:103DF00013050400EFE0D0182328211D2326311DD0
:103E00002324411D2322511D2320611D232E711BBC
:103E1000232C811B232A911B2328A11B2326B11BA2
:103E20002328040483270000730010003775000066
:103E30001305850CEF80D24A130405006FF09FF93B
:103E4000377500001305850CEF80924983274110D8
:103E500013040500638A07008325C110138507003A
:103E6000B385F540EF7052240325810F63080500E8
:103E700083250110B385A540EF7012230325C10EE1
:103E8000630805008325410FB385A540EF70D2215B
:103E90000325010E630805008325810EB385A54027
:103EA000EF7092200325410D630805008325C10DA5
:103EB000B385A540EF70521F0325810CE30C05F07C
:103EC0008325010DB385A540EF70121E6FF09FF0A2
:103ED0008329410B83248109032A010A0329410A0A
:103EE000832AC10A032BC10B13040500E39E09EAD0
:103EF0006FF05FEC13040500E31009EC6FF09FEC2A
:103F0000130405006FF01FED377500001305850CD5
:103F1000EF80123D83A74B0013040500E38407E8FC
:103F200083A5CB0013850700B385F540EF70D2174A
:103F3000E39C09E66FF01FE813040500E39609E629
:103F40006FF05FE7130101FE232A9100232E110079
:103F5000930405002328210123263101EF60DFBCF3
:103F600003A5C40463060500EFA0114323A60404BF
:103F700003A5840463060500EFC0D13923A404041B
:103F800083A7C40703A704086384E70023A0F408F9
:103F900083A9840803A9C40863822907232C81000C
:103FA0001384090083270402138507006388070030
:103FB00083258402B385F540EF70120F8327040137
:103FC000138507006388070083258401B385F540C6
:103FD000EF70920D8327440013850700638E07025C
:103FE0008325C4001304C402B385F540EF70D20BDF
:103FF000E31A89FA23A63409032481018320C1012D
:1040000083244101032901018329C1001305000014
:1040100013010102678000001304C402E31489F84D
:104020006FF05FFD130101FFB7A70000232481009B
:10403000232291002320210123261100938747E4A6
:10404000130905002320F500EFF0DFEF03248908B2
:104050008324C90863069404032504026308050049
:1040600083258402B385A540EF7012040325040163
:104070006308050083258401B385A540EF70D20253
:1040800003254400630605088325C4001304C40205
:10409000B385A540EF705201E39084FC8324890826
:1040A000638A04008325090913850400B3859540BC
:1040B000EF70827F0325C90763080500832549083F
:1040C000B385A540EF70427E032549069307C906D4
:1040D0006308F5008325C90693851500EF70C27C3F
:1040E000032589056308050083250906B385A540D6
:1040F000EF70827B032481008320C1008324410070
:104100001305090003290100130101016F60DFF0AD
:104110001304C402E39284F4832489086FF05FF8E7
:10412000130101FE232E11002326A100EFF09FEFC3
:104130000325C1008320C101930540091301010239
:104140006F70827693F5F50F9307900063EEB700DA
:10415000B7A7000093952500938787FEB387B70024
:1041600003A50700678000001305F0FF67800000CB
:1041700093F5F50F930730001305400063ECB7008B
:10418000B7A7000093952500938787FEB387B700F4
:1041900003A5870267800000130101FF2326110099
:1041A00083A705009306A000B387F54003D7070057
:1041B00063EEE600930640001305600063E4E60842
:1041C0008320C100130101016780000083D6A7008E
:1041D00003D74700638E0602B386D50003A6060008
:1041E000631C07029346F6FF93D6F641B376D600DA
:1041F000130700026364D70A37A600001306C6E55A
:10420000139726003307C70003270700670007003E
:1042100063080706130600003387E50083060700DE
:1042200063C8C60613070002636AD70637A60000F4
:10423000130606EE139726003307C700032707006F
:104240006700070083D64700E38C06F6B386D500E7
:10425000838606001305000213C6F6FF1356F641C7
:10426000B3F6C600636CD50237A50000130545F60A
:10427000139626003306A6000326060067000600F4
:104280008320C10013056000130101016780000055
:104290009306060013070002E37AD7F8378500007B
:1042A0009385060013058585EFD051261305800000
:1042B0006FF01FF1930660001305400063F0E60203
:1042C00083D7670013054000638A0700B387F500B2
:1042D00003A50700130545003385A700B785000037
:1042E00093858583EFF0D07A93070500130550007E
:1042F000E38807EC6FF09FFB130540006FF05FEC65
:10430000130530006FF0DFEB130590006FF05FEBEB
:10431000130510006FF0DFEA130500006FF05FEA8D
:10432000130520006FF0DFE9130570006FF05FE9FF
:104330001307F7FF3307C7029387F7FFB387B70267
:10434000130717003307F700B306D74093D7F601DA
:10435000B387D70093D7174013C5F7FF1355F5411F
:1043600033F5A700678000001307F7FF3307C70284
:104370009387F7FFB387B702130717003305F700DA
:104380003305D5409347F5FF93D7F7413375F500D3
:10439000937715002320F80013551540678000001F
:1043A00063880502130510006386A500130500004D
:1043B000678000009386F6FFB386F6023306E600B8
:1043C000938616003306D6403345E6026780000028
:1043D0003306E6001306F6FF3345E6026780000069
:1043E0000323410083250100832EC1001303F3FF43
:1043F0009385F5FFB307F30203038100032E010148
:10440000B385E5029387170013871500630E030831
:10441000930510006312B308B305C800B385E540E7
:104420003383D800B3C5C5023303F3403343D3020B
:10443000138FF5FF23206E0023A0BE0083250E00FE
:104440009385F5FFB385D5023306E603B385F50002
:10445000B388154193C7F8FF93D7F741B3F8F80035
:1044600093D718402324F50093F81800232615014C
:104470003306E600330806419347F8FF93D7F74128
:104480003378F80093571840137818002320F5006C
:10449000232205016780000013030000130FF0FFC3
:1044A000930500006FF01FF9B305C8009385F5FF71
:1044B000B3C5C5023383D8001303F3FF3343D302DC
:1044C000138FF5FF6FF01FF7130101FE232A9100F0
:1044D0002326310113850500930906009305060084
:1044E000938406001306000093060000232C81002D
:1044F00023282101232E11001309050013040700AE
:10450000EF90105B6314050223A004002320040035
:104510008320C10103248101832441010329010176
:104520008329C10013010102678000001306040003
:104530001305090093850900EFF0410803A60183E4
:1045400083A64183EF90107AEF601227EFA0005806
:104550006340B006638A05043707008083270400A0
:10456000630AE502130710FE63D6E7002320040068
:104570001305000023A0A4008320C10103248101AE
:1045800083244101032901018329C1001301010290
:1045900067800000E39805FC938717002320F40050
:1045A000370500406FF01FFCB7070080E3F6A7FA5D
:1045B000B78600003786000037850000938606879F
:1045C000130686881305458C9305800AEFA0814663
:1045D000130101FE232E1100232C8100232A9100B8
:1045E0008326460083A545002324F1002326E1000D
:1045F00003A5050083A50600EFA0D067EFB0501B10
:104600000327C10013040500938405000327470016
:1046100003250700EFB0D0191306050093860500A7
:104620001305040093850400EF90005D832781004B
:10463000130605001305000023A0C70023A2B7003E
:104640008320C1010324810183244101130101025C
:1046500067800000130101FE232E1100232C81002E
:10466000232A91008327460083A545002324E100E7
:104670002326D10003A5050083A50700EFA0905FC6
:10468000EFB010138326C1001304050093840500C6
:1046900083A7460003A50700EFB09011130605009D
:1046A000938605001305040093850400EF90C05421
:1046B0000327810013060500130500002320C7000F
:1046C0002322B7008320C1010324810183244101F7
:1046D0001301010267800000130101FD2324810200
:1046E000232291022326110223202103832847003D
:1046F0000325070113071000938406000329050012
:1047000083A6080013040600638CE50A1307200043
:104710006386E502130730006380E51023A087005D
:10472000232098008320C1020324810283244102B4
:10473000032901021301010367800000938506002D
:1047400013050000232601012324F1002322D100B8
:10475000EFA0D006EF609216EFB0C04733052501F9
:1047600083264100832781000328C1006342A40AF5
:1047700003A5C18C93850600232401012322F100A7
:10478000EFA0D003EF609213EFB0C04433052501D2
:104790008327410003288100E35295F823A0870076
:1047A00093040500232098008320C1020324810282
:1047B00083244102032901021301010367800000E1
:1047C0009385060013050000232401012322F10034
:1047D000EFA0C07EEF60920EEFB0C03F3305250121
:1047E0008327410003288100E35AA4F21304050043
:1047F00023A08700232098008320C1020324810284
:104800008324410203290102130101036780000090
:10481000130405006FF0DFF503A5C18A9385060038
:10482000232401012322F100232E3101EFA000797E
:1048300093090500EF609208EFB0C03933052501F8
:1048400083274100032881006354A400130405005A
:104850003705008033453501232401012322F1006F
:10486000EF60D205EFB00037330525018327410003
:1048700003288100635895008329C1019304050032
:104880006FF0DFE98329C1016FF05FE983268600BD
:10489000032646009386C6FF6392C62A130101FBD6
:1048A000232611042324810423229104232021059B
:1048B000232E3103232C4103232A51032328610390
:1048C000232671031389070083A7450093840500FD
:1048D000930B05008325060003A5070013040700BA
:1048E00093890800130A0800EFA0D038EFB0406C9D
:1048F00083274400930A0500138B050003A50700D6
:10490000EFB0006B130605009386050013850A00BF
:1049100093050B00EF90402E130600009306000055
:10492000930A0500138B0500EF909018631005069D
:1049300093070000130700002320FA0023A0E900DA
:1049400003A70400930730006300F70A032644001E
:1049500083260401130710008325060003A4060024
:104960006302E90E130720006308E9186304F912D3
:1049700003270105930700F82320F70003274105CB
:104980009307F0072320F7006F0000081306C1010A
:1049900013850A0093050B00EFE0514203A6018343
:1049A00083A64183EF901034EF600261EFA0001204
:1049B00093070500634CB01863860518B70600809E
:1049C0000327C1016382D712930610FE6346D70600
:1049D0002320FA003307E04023A0E90003A70400E6
:1049E00093073000E314F7F60328410583270105F8
:1049F000130704009305090013850B009306F00FBD
:104A000013060000EFF05FCD8320C104032481046E
:104A100083244104032901048329C103032A810358
:104A2000832A4103032B0103832BC10213050000DA
:104A300013010105678000001307000093070000C1
:104A40006FF09FEF13050000EFA04057EF60026783
:104A5000EFB0401833058500930700F8634EF5006A
:104A6000832701050327410523A0A7009307F0072B
:104A70002320F7006FF05FF91385070083270105F6
:104A80000327410523A0A7009307F0072320F70081
:104A90006FF09FF703A5C18AEFA040529304050071
:104AA000EF60C261EFB00013B3078500130700F891
:104AB00063C2E708032701053705008033459500E9
:104AC0002320F700EF60825FEFB0C0103305850050
:104AD0009307F00763D4A7001385070083274105D8
:104AE00023A0A7006FF05FF2E39005EE1307170015
:104AF000B70700406FF05FED130500002326B100FB
:104B0000EFA0C04BEF60825BEFB0C00CB307850035
:104B1000130700F88325C10063D4E700930707005B
:104B200003A5C18C032701052320F700EFA000494E
:104B30006FF05FF9930707006FF0DFF71305F0FFE1
:104B40006780000037070080E37AA7E6B786000099
:104B5000378600003785000093860687130686880F
:104B60001305458C9305800AEF90D16C83270600CE
:104B700013057000638CA70C13059000638AA700CF
:104B8000130830001305F0FF638A070D67800000EB
:104B90001308F007930800F8130101FE232C81008D
:104BA000232A9100232E11009387050083254600B8
:104BB00003260601930407001307100003260600CE
:104BC00083A5050013040600638AE702130720008B
:104BD0006384E70A130730006380E71223A01601FD
:104BE00023A004018320C101032481018324410106
:104BF0001305000013010102678000001305000087
:104C00002324D1002322010123201101EFA0003B26
:104C1000EF60C24AEFA0107C8328010033058500B5
:104C200003284100832681006340150523A0A600C8
:104C300023A004018320C1010324810183244101B5
:104C4000130500001301010267800000378800008F
:104C50001308F8FFB788FFFF6FF01FF41308F00F79
:104C6000930800006FF05FF31385080023A0A600EF
:104C700023A004016FF01FFC130500002326D100C0
:104C800023240101232211012320B100EFA00033CE
:104C9000EF60C242EFA0107483284100B307850083
:104CA00083250100032881008326C10063D41701F6
:104CB0009387080003A5C18C23A0F60023200101DF
:104CC000EFA0C02FEF60823FEFA0D070032801005B
:104CD000330585006354A8001305080023A0A40031
:104CE0008320C101032481018324410113050000B5
:104CF000130101026780000003A5C18A2324D100AB
:104D0000232201012320110123282101EFA0002BE0
:104D100013090500EF60823AEFA0D06B83280100F1
:104D2000B3078500032841008326810063D417015F
:104D3000938708003705008023A0F600334525013E
:104D400023200101EF608237EFA0D0680328010023
:104D5000330585006354A8001305080023A0A400B0
:104D60008320C1010324810103290101832441011E
:104D7000130500001301010267800000130101FE0A
:104D8000232E1100232C8100032546000326060153
:104D90009307100003280500032406006388F50A22
:104DA000930720006386F502130630009307000086
:104DB0001305F00F6384C50E23A0F6002320A7007F
:104DC0008320C101032481011301010267800000D7
:104DD00093050800130500002326E1002324D100D9
:104DE00023220101EFA0801DEF60422DEFA0905E15
:104DF000B30785008325410003A5C18C13C6F7FFC7
:104E00001356F641B3F7C7002322F100EFA0001BB1
:104E1000EF60C22AEFA0105C330585001306F00F87
:104E200083274100832681000327C100E356A6F8AB
:104E300023A0F600130506002320A7008320C1014C
:104E4000032481011301010267800000930508001B
:104E5000130500002324E1002322D100EFA0001657
:104E6000EF60C225EFA01057B307850083264100ED
:104E700013C6F7FF032781001356F641B3F7C700A7
:104E800023A0F6001305F00F2320A7008320C10103
:104E900003248101130101026780000003A5C18A78
:104EA000930508002326E1002324D100232A910042
:104EB000EFA0C01093040500EF604220EFA09051D6
:104EC000B307850013C6F7FF1356F6413705008078
:104ED000B3F7C700334595002322F100EF60021EAF
:104EE000EFA0504F330585001306F00F83274100D4
:104EF000832681000327C1006358A6008324410153
:104F0000130506006FF05FEB832441016FF0DFEAC9
:104F1000130101FE232E1100232C810003254600DE
:104F2000032606019307100003280500032406004A
:104F30006380F50C930720006386F50213063000AA
:104F4000930700F81305F0076386C50E23A0F6004B
:104F50002320A7008320C101032481011301010242
:104F60006780000093050800130500002326E10078
:104F70002324D10023220101EFA04004EF6002149A
:104F8000EFA05045B3078500130600F80328410041
:104F9000832681000327C10063CAC70803A5C18C0B
:104FA000930508002326E1002324D1002322F100E9
:104FB000EFA0C000EF608210EFA0D0413305850064
:104FC0001306F00783274100832681000327C100D1
:104FD000E35EA6F61305F00723A0F6002320A70042
:104FE0008320C101032481011301010267800000B5
:104FF00093050800130500002324E1002322D100BB
:10500000EF90D07BEF60820BEFA0D03CB307850020
:10501000130600F88326410003278100E3DCC7FA6A
:10502000930706001305F0076FF01FFB93070600B8
:105030006FF0DFF603A5C18A930508002324E10081
:105040002322D100232A9100EF905077930405008A
:10505000EF60C206EFA01038B3078500130600F812
:10506000832641000327810063D4C700930706000D
:1050700037050080334595002326E1002324D10025
:105080002322F100EF608203EFA0D03433058500C6
:105090001306F00783274100832681000327C10000
:1050A0006358A60083244101130506006FF01FEA30
:1050B000832441016FF09FE9130101FD2324810244
:1050C0002322910223202103138405009304060068
:1050D000138906001385050083A6C1839305060086
:1050E00003A68183232E3101232611029309070091
:1050F000EF90C0316352050E1306000093060000C6
:105100001305040093850400EF90C0226356A00E9F
:105110001306C1001305040093850400EFE0014A63
:1051200003A6018383A64183EF90C03BEF50D26872
:10513000EF90D0196342B008638C050637070080F2
:105140008327C100630EE504130710FE63D6E70250
:10515000232009009307000023A0F9008320C10247
:105160000324810283244102032901028329C1010E
:1051700013010103678000002320A900E35EF0FC17
:10518000B786000037860000378500009386869535
:105190001306068F1305458C9305D015EF909109E2
:1051A000E39405FA93871700370500406FF0DFF9A5
:1051B000B7070080E3F4A7F8B78600003786000041
:1051C0003785000093860687130686881305458C6D
:1051D0009305800AEF901106B7860000378600001D
:1051E000378500009386868D1306068F1305458C40
:1051F00093059015EF901104B786000037860000E4
:1052000037850000938606941306068F1305458C98
:105210009305A015EF901102130101FA232E11043A
:10522000832605001388050093D7F601B387D700BE
:1052300093D717409387F71F13D7F7411377F71FBB
:10524000B307F70093F707E0232EF100638605000C
:1052500013880700232ED1008327C101635AF83039
:10526000B7460000B7070100B70500803706008089
:10527000371700809385056A1306067A9386F6FF32
:10528000130707929387F7FF232C8104232A9104A5
:1052900023282105232631052324410523225105F6
:1052A00023206105232E7103232C8103232A9103DC
:1052B0002328A1032326B1032324B1002326C10000
:1052C0002328D100232AE100232CF1001304080035
:1052D00093040500832781003713000037070080FF
:1052E00023A0670093083000232017738326C10092
:1052F00003260101B71700801308001023A0C60081
:1053000023A007BA23A007839386078A2320D1000E
:105310001305F00023A0A600032641018325810187
:10532000938607C2930C70002320B6002322D1007D
:1053300023A006002320972B130D10002320A74342
:105340002320976323A007CA23200722130E0020DF
:1053500037CF0F0023A0C7D3130FFF0923A0E79B6C
:105360002320A743930EF01F2320D72B83A50400EF
:10537000930B0700938D07009385F5FFB385854058
:105380002320B76223A087CA83AF0400B7D50F00DC
:105390009385D509B38F8F4023A0F7FB83AF4400DB
:1053A000B7020500B382A201B30FF4012320F72353
:1053B000B70F030023A0B79AB38FAF01232AF701D9
:1053C000832F810023A06F002320177383280101FE
:1053D0000327C100930F80002320170123A007BAE1
:1053E00023A007838327010023A0A70003278101AF
:1053F0008327410123A0E7008327410023A0070062
:1054000023A09B2B23A0AB4323A09B6323A00DCA07
:1054100023A0FB2323A0CDD323A0ED9B23A0AB434C
:1054200023A0DB2B03AF0400B78F8C3C938F4F90EE
:10543000130FFFFF330F8F4023A0EB6323A08DCA10
:1054400003AF0400330F8F4023A0EDFB83A3840040
:10545000B303740023A07B2223A0BD9A23AA5B0080
:1054600023AAFB0123A20B02EF704073930EF01FDF
:1054700023A0AB4323A0DB2B83A50400130E002045
:10548000B7DE0F009385F5FFB385854023A0BB628F
:1054900023A08DCA83AF0400938EFE09371300004A
:1054A000B38F8F4023A0FDFB83AFC400930830006F
:1054B00013080010B30FF40123A0FB2323A0CDD3C6
:1054C00023A0DD9B832781001305F000130F00014B
:1054D00023A0670023A01B738327C10003270101BA
:1054E000B7C50F009385D50923A0E70023A00DBA07
:1054F00023A00D8383270100370601003306A60190
:1055000023A0A70083274101032781013304C4019D
:1055100023A0E7008327410023A0070023A09B2BA3
:1055200023A0AB4323A09B6323A00DCA23A0EB239E
:1055300023A0BD9A23AACB008327C101E34CF4D852
:105540000324810583244105032901058329C1041E
:10555000032A8104832A4104032B0104832BC10302
:10556000032C8103832C4103032D0103832DC102EE
:105570008320C1051301010667800000130101E7C4
:10558000232671172322911723261118232481180B
:105590002322911823202119232E3117232C411760
:1055A000232A511723286117232481172320A117A9
:1055B000232EB1158329C504930740000327450313
:1055C000B3C73703832A4504232EE1001307800065
:1055D000332757011317370013078700232EE108DD
:1055E00003270502232EB10A832D8504232EE10211
:1055F0000327050313068002930C05002320E10412
:10560000032785022322E1040327C5022326E102A2
:10561000032785032328F1028327C5012324E104FE
:1056200003270501B38BB9038326C101232AE112A5
:1056300003270500232CE11203270103131737006A
:105640002322E10E3387F7022322E1100327C10151
:10565000330757032324E1060327C10133077703E8
:10566000232AE102032781063387E7003307D74067
:10567000130777009356F74193F676003387E600D9
:10568000B386F702137787FF232CE10C032701036E
:105690003307D70283264103B387D7008326C1018E
:1056A000B387D7402324F110931737002322F11238
:1056B00083270103B387F9022320F1028327810D99
:1056C0006354F6006F10901F032781109307800129
:1056D00063D4E7006F10102003A70C03930720008A
:1056E00063D4E7006F109020370F0080130F0F6A0C
:1056F000B71F00002320FF0183270102B70E00809F
:1057000023A00E729397C700370E00809387F7FF90
:105710002324F102371300802320FE7AB71800807B
:10572000232003BA371800809388088213040010DE
:1057300023A08800B71500801308088A9303F0009F
:1057400037050100232078003716008093850592E5
:105750001305F5FF23A0A500B7060080232006C28D
:10576000B707008023A0062A938707422322F1006F
:105770000327410093021000B70700802320570041
:10578000938707622324F10083248100371A008065
:10579000130A0ACA23A00400B707008023200A00C6
:1057A000938707222326F1008324C10093078001F9
:1057B000130C000123A0F400B7170080938707D2D1
:1057C0002328F10003290101B7040800B71700805E
:1057D000232089019384F4079387079A232C91004F
:1057E00023A0970003A94C03371D0080B7D40F00F6
:1057F00023202DE39384D487232A9100032B410196
:1058000037090080B70406001309490123A0670186
:10581000338B5400232069012320FF0123A00E7243
:1058200083248102938E0E72130E0E7A23209E0023
:10583000232003BA23A088002320780023A0A500FA
:10584000232006C223A0062A03274100130303BA1C
:10585000130606C223205700832481009386062A5C
:10586000130D0DE223A0040023200A000327C1002A
:105870009304B00123209700032701019304C00182
:10588000232087010327810123A0E70003A74C05FC
:105890002320ED000327410123A0E7002320690115
:1058A0002320FF0123A00E00032781022320EE0006
:1058B0002320030023A088002320780023A0A50034
:1058C0002320060023A006000327410023205700C1
:1058D000032781002320070023200A000327C1009B
:1058E00023209700032701019304900123208701BF
:1058F0000327810123A0E70003A7CC032320ED00A9
:105900000327410123A0E700232069012320FF0191
:1059100023A00E00032781022320EE002320030092
:1059200023A088002320780023A0A50023200600C0
:1059300023A00600032741002320570003278100EE
:105940002320070023200A000327C10023209700FB
:10595000032701019304D00123208701032781013C
:1059600023A0E700130740002320ED000327410197
:1059700023A0E700232069012320FF0123A00E00BC
:10598000032781022320EE002320030023A08800A8
:105990002320780023A0A5002320060023A00600D2
:1059A00003274100232057000327810023200700FD
:1059B00023200A000327C1002320970003270101A9
:1059C000232087010327810123A0E7000327810DFE
:1059D0002320ED000327410123A0E70037C70F0074
:1059E000232069011307F7072322E102032701029D
:1059F000232C01006350E00A232C5103930A00007A
:105A00002320FF0123A00E0003278102B304574186
:105A100023209E002320530123A088002320780008
:105A200023A0A5002320060023A006000327410091
:105A30009384AA01B38AFA01232057000327810027
:105A40002320070023200A000327C10023209700FA
:105A500003278101B3643703032701012320870152
:105A60000327410223A0E700032781011307170042
:105A7000232CE10023209D000327410123A0E70000
:105A8000232069010327010283248101E31A97F689
:105A9000832A8103832701021387F7FF1317270146
:105AA000232CE10283268103B707803C938747506C
:105AB000B387F60037070080232AF700B707008076
:105AC00023A20702EF70800D03A70C028326410E6C
:105AD0009357F701B387E70093D71740B387D700F1
:105AE0009387F7FFB3E6D702338DD7408327C10BE7
:105AF00063860700232EA10B130D07001397C9001F
:105B00002328E108B707008023A0E7320327010319
:105B1000B7070080B71600001307F7FF2320E10244
:105B200023A0E73A03278102B707008037150080DA
:105B300023A0E75AB717008023A007B2B707008059
:105B40009387076A232CF10003278101B7070080A0
:105B50001305058A2320D7003707000123A0077209
:105B60001307F7FF2320E108B707008023A0E77A97
:105B7000B717008023A007BA83274110371700808A
:105B8000130807929387F7FF2320F50093078000FF
:105B90002320F782930770182320F8003703008032
:105BA000232007C21303032A130670002320C30017
:105BB00037060080930E0642130E100023A0CE017C
:105BC0002320F6629385F9FF2322B102B70708006C
:105BD000232007CA938787002320F622032441123B
:105BE00093F7F5019397E700232087D2130F0662FE
:105BF0009302062213E617082320C79A0326810D75
:105C000003248110930807C2930F07CA3306860244
:105C1000930307D2930507002322C1062320D782CE
:105C200023200500032781021306F03B37050800F7
:105C30002320E80023A00800832641061305051A47
:105C4000370708009386F6FF2320D30023A0CE0158
:105C50002320CF0023A00F0023A0A200832641060B
:105C60001307370823A0D30023A0E59A0327C10B0D
:105C7000E354A73583260104032741040326C10208
:105C800093E7F7073347D7022324F11283278103D1
:105C9000138C0A002324E1000327C1039306770035
:105CA00013D7F641137777003307D7008326810493
:105CB00093961600B306D6402326D102935637405A
:105CC0003717800313074700B387E7002328F10045
:105CD00093976B009387F7FF232AF10A93973B0072
:105CE0009387F7FF2326F10A939739009387F7FFED
:105CF0002322F10A93977B009387F7FF232AF10E63
:105D000093974B009387F7FF03270104232EF10E8F
:105D10008327C10313966B002328C10AB3C7E70288
:105D200013963B00232CC10A139639002320C10A85
:105D300013967B002324C10E13964B002328C10E1B
:105D4000139649000327C102232CC10E2328F11208
:105D50009307F6FF2320F110832741103307E70252
:105D6000B387F6022322E100939737002326F10040
:105D70009387F7FF232EF1128327810D3387F902D2
:105D8000832701038326C100032681002320A11558
:105D9000B387FB02B386C60213966700939777001A
:105DA0002328F1109307F6FF2324F10A832701111A
:105DB000232EC10C9387F7FF2326F10E93070700CC
:105DC0000327C101338AE7029387F6FF03274100C7
:105DD0002326F112832741048326C102B387E702F9
:105DE00003274103130D0A003307D7029387F7FFF8
:105DF000232AF10693870D00938D090093890700EC
:105E00002320E1120327810183260109B7070080BF
:105E1000938707722320D700232AF100032701026A
:105E20008326410137040080B717008023A0E600D5
:105E300003278102938407BA138E07822320E47A12
:105E400023A004003719000023202E0123A0078A75
:105E500003270108370500809306700023A0E7920E
:105E600023A007C22320D52A93081000232015431E
:105E70002320D5621386070023A007CA938E078AC2
:105E8000138F0792938F07C2B707080093870719EC
:105E90002320F5220323410E37DB0F00130BDB0712
:105EA000232066D28327C10B032A410E1303069ACF
:105EB000232EF100B3874701232EF10A8327811295
:105EC000930A45011304047A2320F3008327C10BAE
:105ED00023201543032AC1019387F7FF1308050008
:105EE000B38747412328F1062320F52A03AA0C0291
:105EF000930206D29307FAFF032AC101B3874741F1
:105F00002320F5628327C1012320F6CA03AA8C004F
:105F100093571A00032AC101B38747012320F522B2
:105F2000B707060023206301338A170123A04A0123
:105F3000832781018323010923A07700832701029E
:105F40008323410123A0F300832781022320F4004F
:105F500023A0040023202E0123A00E008327010884
:105F60002320FF0023A00F002320D52A2320154340
:105F70002320D562B7070800232006CA9387871914
:105F80002320F5228327410E23A0F20083278112CC
:105F90002320F30023201543832701072320F52A1C
:105FA0008327C10183A30C028326411093D7374076
:105FB000B386D7029387F3FF8323C101B38777406A
:105FC0002320F5628327C101B7D30F0093835308C1
:105FD0002320F6CA03A4CC009396360093571400EE
:105FE0000324C101B38787002320F5222320630106
:105FF00023A04A018327C1002320FE0023A00E0016
:106000008327C1122320FF008327411223A00F0002
:1060100023201543B387D7009387F7FFB387D74073
:106020002320F52A0325C113B38717013305D54073
:106030002320A8622320D6CA03268113B386C60074
:106040002320D82223A0F2002320730083A74C0230
:10605000635EF074832601130327C10103288100C6
:1060600003A58C033347D70283260107138B0D004A
:10607000938A0900B38516018326C102938D0B0014
:1060800013890C003306D500B306A040330707037D
:106090000328C102338A7503B3860603232ED10277
:1060A00093163A00232AD10C8326410033060603B7
:1060B0003307D7021306F6FF2320C10493860B0093
:1060C000930B0C002326E10613070A00130A0D00A8
:1060D000130D07006358F06A3306A040232AC1005D
:1060E00003268103B707803D93874700B307F60077
:1060F000232CF1069387FDFF232CF10893174D0005
:106100002326F110832781100327C103B70C0080D9
:106110009387F7FF232EF1068327810D938CCC05FF
:10612000B389B6419387F7FF2324F1088327C1027F
:10613000130400002322D1149387F7FF2326F108CC
:10614000832741132324B1152326A115B387E70024
:106150002322F1080327810183264100B70700802D
:10616000130610002320D70023A00772032741073E
:10617000B7070080370C008023A0E77AB7170080AC
:1061800023A007BA0327C102B7170080130C0C061F
:1061900023A0E7820327C107B7170080130D000073
:1061A00023A0E78A03270104B717008023A0E79202
:1061B0000327C103B717008023A0E7C2B7070080F9
:1061C00023A0C74203278108B707008023A0E72A3E
:1061D0000327C10883264101B70700803306D74053
:1061E00023A0C76203274101B717008023A0E7CA95
:1061F0000327410883264101B70700803306D700F3
:1062000023A0C72203274106B717008023A0E7D2A7
:1062100003260905B71700803306C04023A0C7E254
:1062200037D60F00B71700801306760823A0C79A49
:1062300023A05C0103278107B707008023AAE7009A
:10624000832781006358F010832DC106930709004E
:106250009304000013090A00138A0700B70700809F
:1062600023A20702EF609013B707008023AA070A52
:106270001305E001B717008023A0A79A3707008015
:10628000232A071AB706008023A0B62303260A058F
:106290009305C0013306C04023A0C7E237060300C0
:1062A00023A0B79A1306160023AAC60023AA060243
:1062B00023A0A79A23AA061223A0A62323A0B79A55
:1062C000B70705009387170023AAF600635050070D
:1062D00003264A02B305864063D4BB0093850B00B6
:1062E000832701019385F5FF9395A501370500806C
:1062F00013870900B385F5001305450193060000D7
:10630000930700006354C70223A0FC002320DC0095
:106310002320B50093871700638AFA0003264A02F8
:1063200033076701B3862601E340C7FE8327410098
:1063300093841400B38DFD008327C100330DFD004D
:1063400083278100E39C97F093070A00130A090052
:1063500013890700832781033726803D1306469063
:10636000B70500803386C700938545019307000079
:10637000635A500123A0FC0023A0C5009387170097
:10638000E39AFAFEB707008023A20702EF6010012C
:106390008327C905130610009385F7FF637CB64475
:1063A00093F7D7FF639607380327C10993070001C6
:1063B0009385FAFFE300F708832781010327010B88
:1063C000B70F0080B71E008023A0E70083270102DB
:1063D000130C80009303100023A0FF728327810A0F
:1063E00037D60F001306F68923A0FF7A23A00EBA32
:1063F00093870F122322F104032741048326810B84
:1064000093870F1A2320D7002324F1040327810444
:10641000930770002320F7008326410B13870F5248
:106420002326E1042320D70013870EAA2328E104A2
:10643000232007008326010A13870F32232AE10451
:106440002320D70013870F3A232CE1042320B70021
:106450008326C10A13870F5A232EE1042320D70075
:1064600013870EB22320E1062320070023A08E838A
:106470000327410223A0EE8A0327410A23A0EE92BC
:1064800023A00EC223A07F4223A0FF2A13870F62FE
:106490002328E1022320F70013870ECA232AE102F2
:1064A0002320070023A00F228324C10D13870ED2BF
:1064B000232AE1082320970023A0CE9A03268101F6
:1064C00083220109232056000326010223A0CF7254
:1064D0000326810223A0CF7A23A00EBA371600002C
:1064E00023A0CE820326410223A0CE8A03260108E0
:1064F00023A0CE9223A00EC21306001023A0CF42E9
:1065000023A0FF2A83220103370601001306F6FFAA
:1065100023A0C20003264103232006000326810591
:106520002320B60003264105232086018322C105CE
:106530001306F00023A0C2008322010623A002005C
:106540008322810423A0F2008322410423A072004D
:106550008322C10423A0C20003260105B7D20F0085
:106560009382F2092320060037C60F0023A00F22D2
:106570001306D64923A0CE9A37060100130616014A
:1065800023AACF00032649022320510CB7D20F00C3
:106590003306C6029382D2892322510CB702060029
:1065A000938212012324510C8322810123A0C20073
:1065B0000326010723A0CF7283224902032DC101C4
:1065C00003260902B38252023306A641330656025D
:1065D0001306F6FF23A0CF7A032649028322C101C6
:1065E0003306C6023306560223A0CEBA032649025A
:1065F00023A0CE820326810923A0CE8A83224902CA
:1066000033863241330656021306F6FF23A0CE929C
:10661000032649023386C90223A0CEC223A07F42AB
:1066200023A0FF2A03264902832201031306F6FF53
:106630003306864023A0C2000326410323208600A0
:1066400083224902032DC10133865202B3823203F1
:106650003306A6033306560083224901330686001B
:106660003306560023A0CF22032641098322410D81
:10667000232056000326010C23A0CE9A03264104B2
:106680008322010B2320560003268104832201026A
:10669000232056000326C1048322810A23205600AA
:1066A0000326010523200600032641058322810BD2
:1066B00023205600032681052320F6000326C1056A
:1066C0008322410B232056000326010623200600C7
:1066D000032681018322010A2320560023A0BF72D2
:1066E0000326C10A23A0CF7A23A00EBA23A08E834B
:1066F0000326410223A0CE8A0326410A23A0CE927C
:1067000023A00EC223A07F4223A0FF2A0326010359
:106710002320F6008327410323A0070023A00F2294
:106720008327410C23A0FE9A8327810C23AAFF0014
:10673000032741018326810683274902330474011C
:106740003307D700232AE100E346F4A0832641144F
:10675000832D8114032DC114E3DCF61203270104F9
:106760000326011203258903B386B6013307C74008
:106770002320E1040327C1033307C700232EE102CE
:10678000E34CF094138C0B0093890A00938B0D005B
:10679000130D0A00930D0B00930C0900138B0600D8
:1067A00063D6F600330B7B01E34EFBFE8327C10B60
:1067B0000327011463C8E7E48320C1180324811868
:1067C00083244118032901188329C117032A81173B
:1067D000832A4117032B0117832BC116032C811623
:1067E000832C4116032D0116832DC11513010119A8
:1067F0006780000083274902032809020327C10993
:1068000013050001B38707039385FAFF6308A71EEA
:106810000327810137080080930F70002320F700C1
:1068200083278109130C08002320F872832749026B
:1068300003230902B3883741B38767023713008007
:10684000130703D2B3871703B71800009387F7FF26
:106850002320F87A032F4902832709022328E10223
:10686000B307FF0237DF0F00130FFF09232AE103ED
:10687000130F08322322E105B38737032320F3BA2D
:10688000832709022320F3822320F38B83274902E5
:10689000032F0902B3878740B387E703130F083A32
:1068A0002324E105130F085A2326E105130F03B231
:1068B0009387F7FF2320F392832709022328E1051A
:1068C000B307F4022320F3C22320C8428327010721
:1068D0002320F82A83270902032FC1019387F7FF9A
:1068E000B387E7412320F862032FC1012320E3CBC4
:1068F000032F0902832749028324C101B307FF0242
:10690000330F8F02B3873703B387E701032F890162
:10691000B3879700B387E7012320F8228327010379
:10692000032F410D23A0E701832741032320F39A7E
:10693000832701092320F382832701022320F38A7E
:10694000832781022320F392232003C2832741045B
:1069500023A01701832781048328410223A0170164
:106960008327C1048328010823A017018327010579
:1069700023A00700832881019307001023A0F800BB
:10698000B70701002320F8739387F7FF2320F87AD5
:10699000232003BAB707008023A0B71A130880008A
:1069A000B707008023A00713138507001308F00022
:1069B00023200553B717008023A007AA2320FC2B10
:1069C0002320CC4223200C63232003CA37C50F00A9
:1069D00023200C221305D50937060100B7070080D4
:1069E0002320A39A1306160023AAC7008327C905EC
:1069F00093F7D7FFE382079C6FF09FD303278101B2
:106A0000370F0080130F0F722320F70083278109AF
:106A1000B70F0080938F0F7A2320FF00832749024E
:106A2000832809023713008033883741B38717035F
:106A3000B7120080938202BA371E00801305F0005F
:106A4000B70300809383032AB7060080938606224B
:106A500093088000B38E0703371800009387FEFF6A
:106A600023A0FF0083270902832E4902B38EFE0272
:106A7000930703D22328F102B7D70F009387F709B2
:106A8000232AF102B3873E03B70E0080938E0E32A5
:106A90002322D10523A0F200832709022320FE82AE
:106AA0002320A38A83274902832E0902B3878740C4
:106AB000B38ED703B70700809387073A2324F104E6
:106AC000B70700809387075A2326F1049387FEFFB8
:106AD0002320F39283270902930E03B22328D105C2
:106AE000B307F4022320F3C2B707008023A0C742F4
:106AF000938707428327010723A0F3008327090216
:106B0000832EC1019387F7FFB387D741B70E00806B
:106B100023A0FE62938E0E62832EC1012320D3CB6D
:106B2000832E0902832749028324C101B387FE0211
:106B3000B38E8E02B3873703B387D701832E8901C3
:106B4000B3879700B387D70123A0F60083270103FB
:106B5000832EC11023A0D701832741032320F39A5A
:106B6000832701092320FE82832701022320F38A41
:106B7000832781022320F392232003C28327410429
:106B800023A00701832781040328410223A00701D2
:106B90008327C1040328010823A0070183270105D7
:106BA00023A0070003288101930700102320F80089
:106BB000B70701002320AF009387F7FF23A0FF0052
:106BC00037080080B707008023A0020023A0B71A6F
:106BD000232018139307080023A0A752371800801A
:106BE000232008AA9307700023A0F300B7070080B2
:106BF0009387074223A0C700B707008023A0A7629E
:106C0000232003CA37C50F0023A00600938707621D
:106C10001305D50937060100B70700802320A39A82
:106C20001306160023AAC7008327C90593F7D7FFC9
:106C3000E39007B0832781010327810EB70E008000
:106C40003713008023A0E70083270102130670009A
:106C5000930D000123A0FE728327C10E130D800047
:106C60001305100023A0FE7A232003BA93870E0297
:106C70002326F1040327C1048326010F93870E0AFC
:106C8000130FF0002320D7002328F1040327010568
:106C900093870E4A2320C700232AF10403274105C6
:106CA0008326410F930703A22320D700232CF1044E
:106CB0000327810593870E1223200700232EF1045A
:106CC0000327C1058326810F93870E1A2320D7003F
:106CD0002320F1060327010693870E522320B700D5
:106CE000232AF108032741098326C10F930703AA2A
:106CF0002320D7002320F10C23A007002320B383F7
:106D00000327410293870E322320E38A03270110D1
:106D10002320E392232003C22322F10C0327410CFA
:106D200093870E3A2320A7012324F10C0327810C1B
:106D300093870E5A2320A7002326F10C0327C10CAA
:106D4000930703B22320E7012328F10C0327010D49
:106D500093870E42232007002328F1020327010313
:106D600093870E2A2320A700232AF1020327410339
:106D700093870E622320C7002322F10403274104D6
:106D8000930703CA2320C7002324F10403278104A7
:106D9000930703D22320070023A00E222320F10E05
:106DA000832401118326010EB7D70F009387F7893B
:106DB00023A096002320F39A83278101832F0109C2
:106DC00023A0F7018327010223A0FE7283278102FB
:106DD00023A0FE7A232003BAB71700002320F382F2
:106DE000832F4102938707802320F38B832F010891
:106DF0002320F393232003C2832F410C23A0FF0001
:106E0000832F810CB70740009387F7FF23A0AF00C3
:106E1000832FC10C23A0FF008327010D23A00700AF
:106E2000832F01039307001023A0FF00832F41034A
:106E3000B70701009387F7FF23A0CF00832F4104FA
:106E400023A0FF0083278104B7DF0F00938FFF0982
:106E500023A007008327010623A0B7008327C105CD
:106E600023A0A7018327410923A0E7018327010C61
:106E700023A007008327010523A0C7008327C1049F
:106E800023A0A7008327410523A0E70183278105CD
:106E900023A00700B7C70F0023A00E229387D7496E
:106EA0002320F39AB70701009387170123AAFE0056
:106EB00083274902232AF111B7DF0F00B387F702B6
:106EC000938FDF89232CF111B70F0600938F1F01D9
:106ED000232EF111832F810123A0FF0083270107B7
:106EE00023A0FE72832F49028324C1018327090254
:106EF000B38FFF03B3879740B387F7039387F7FFF9
:106F000023A0FE7A83274902832FC101B387F702AA
:106F1000B387F7032320F3BA832749022320F382A0
:106F2000832781092320F38A832F4902B3873F41B6
:106F3000B387F7039387F7FF2320F3928327490250
:106F4000B387F9022320F3C28327010323A0A700FC
:106F50008327410323A0E70183274902832F4104AC
:106F60009387F7FFB387874023A0FF00832781041F
:106F700023A08700832F49028324C101B387FF0325
:106F8000B38F3F03B3879702B387F701832F49017C
:106F9000B3878700B387F70123A0FE228327010E62
:106FA000832FC11023A0F701832741112320F39AD7
:106FB000832F810E8327C10423A0F70183270105B6
:106FC000832F010223A0F70183274105832FC10EE0
:106FD00023A0F7018327810523A007008327C1058C
:106FE000832F010F23A0F7018327010623A0C700E9
:106FF00083274109832F410F23A0F7018327010C29
:1070000023A007008327410C832F810F23A0F701C2
:107010008327810C23A0B7008327C10C8325C10FD0
:1070200023A0B7008327010D23A007008327810138
:1070300023A0B7018327410223A0FE7283270110FA
:1070400023A0FE7A232003BA2320A3832320A38A2C
:107050002320E393232003C28327010323A0A70057
:107060008327410323A0C7008327410423A0C7002F
:107070008327810423A0070023A00E2283278111E8
:107080002320F39A8327C11123AAFE006FF04FEA51
:107090008327C10B03270114138C0B0093890A006B
:1070A000938B0D00130D0A00930D0B00930C090038
:1070B00063D4E7006FE01FD56FF00FF013050000F9
:1070C000EFF04EAE032781109307800163C4E70001
:1070D0006FE08FE013050000EFF0CEAC03A70C03C8
:1070E0009307200063C4E7006FE00FE01305000082
:1070F000EFF04EAB6FE04FDF130101E9232481165F
:107100002322911623248115232EB1132326111631
:1071100023202117232E3115232C4115232A511505
:107120002328611523267115232291152320A115EB
:10713000832645020327C5028327C501B386D602ED
:10714000374600001306F6FF2326A1002320B112C4
:10715000930D10002326C10893040000130C0000B7
:10716000130430003307E702232CD10093061000EC
:10717000232AD104B70601009386F6FF232ED110EF
:10718000B387F7022320E10E13074000232CE10808
:10719000232AF10E8327C100330C9C0003A90702A8
:1071A000330789416352E00683268109930717005C
:1071B00093D71740939636002326D10C8326810956
:1071C0009387770093F787FF638EB6078326C10CFA
:1071D000B3C7D702B387D7029394170063549700BD
:1071E0009304070063960406832781091304F4FFC0
:1071F00093D71740232CF108832741059397170055
:10720000232AF104E31804F88320C116032481160D
:1072100083244116032901168329C115032A8115E8
:10722000832A4115032B0115832BC114032C8114D0
:10723000832C4114032D0114832DC1131301011755
:10724000678000009394170063549700930407002D
:10725000832741056394B7016F10D01F93974700B0
:107260002324F102032781028327810183268109D8
:10727000B387E7009387F7FFB3C7E7020327410F00
:107280003307D702232EF10493078000131737002A
:10729000232EE10E0327C10563D4E7006F101017FA
:1072A0008327C1050327810213068034B38BE702CD
:1072B00013877B009357F74193F77700B387E70075
:1072C00093F787FF6344F6006F10D0238327810272
:1072D0008325C1053387FB4013850700930677009C
:1072E00093D7F64193F77700B387D70093F787FFDB
:1072F000930607009385F5FF3307A740E340F6FEAA
:10730000130A0001232EB104938B060023284105A4
:107310008327C10083A787022320F1108327C100A0
:1073200003A7070383A70701232AF1088327C100C6
:1073300083A707002326F11083270110B3C7E702B4
:107340002320F1068327810163C2FB028327010604
:107350009396F70193D7F601639A07008327C10537
:1073600093A75700638407006F10900B032DC10C87
:10737000930710002328010E232EF100930720000D
:1073800063D4E7006F101009B70500809385056A84
:10739000371600003705008023A0C50023200572A2
:1073A0000327C10837080080B71800802320E87A37
:1073B000371E008023A008BA371F0080130E0E82EC
:1073C0001303001023206E00130F0F8A930EF0009A
:1073D0002320DF010327C111B71F0080B7120080EF
:1073E00023A0EF92B703008023A002C2B70A008057
:1073F00023A0032A370B008023A0BA43B7190080CB
:1074000023200B62B707008023A009CA93870722B5
:107410002320F10003270100B7170080938707D2CC
:107420002320B7012322F100832C410093060001A1
:10743000B717008023A0DC00B70C0800938CFC0772
:107440002320910323A0979B832CC10037070600BC
:107450001307170083A64C05938C07E223249101A0
:1074600023A0DC00B7DC0F00938CDC87232891017C
:1074700023A0979BB7060080232AE10023AAE600F9
:1074800023A0C500232005720327C108938C460161
:10749000130505722320E87A23A008BA23206E0082
:1074A0002320DF010327C1111308087A938808BA43
:1074B00023A0EF9223A002C223A0032A23A0BA4351
:1074C00023200B6223A009CA832601001307200092
:1074D000938F0F9223A0E60083264100130700013B
:1074E000938202C223A0E600832601029383032A2B
:1074F000938A0A4223A0D79A832681000327810218
:10750000130B0B62938909CA23A0E60083260101AD
:1075100023A0D79A0327410123A0EC0023A0C50094
:10752000232005008326C108130730002320D8003C
:1075300023A0080023206E002320DF018326C11131
:1075400023A0DF0023A0020023A0030023A0BA0190
:1075500023200B0023A009008326010023A0E600BE
:10756000832641001307000123A0E60083260102C1
:1075700023A0D79A8326810023A04601032A010174
:1075800023A0479B0327410123A0EC0023A0C500B3
:10759000232005000326C10837C70F001307F7078C
:1075A0002320C80023A0080023206E002320DF0131
:1075B0000326C11123A0CF0023A0020023A00300B3
:1075C00023A0BA0123200B0023A0090003260100F9
:1075D00023200600832541001306000123A0C500D7
:1075E00023A0E79A03278100130600002320070049
:1075F0000327010123A0E79A8327410123A0FC0070
:107600008327C10003A7C7019307B0006306F700F3
:107610008327410533E6FD02B7160000B707008057
:1076200023A0D76A37370000B707008023A007726E
:107630001307F7FFB707008023A0E77AB71700808A
:1076400023A0D7BA13070010B717008023A0E78242
:10765000B71700801307F00023A0E78A8325C11124
:1076600037170080930707002320B79223A007C293
:10767000370700802320072A2320B74323200762EF
:10768000B717008023A007CA370700802320D7221E
:10769000B71700809306000123A0D7D213870700F5
:1076A0009386079AB7C70F009387F70723A0F600C2
:1076B000B7D70F002320C7E29387D7873707060085
:1076C00023A0F60013071700B707008023AAE700DE
:1076D0008327C1001307000083A6C7019307B000EA
:1076E0006388F60083274105130720003367F702FC
:1076F000B7070080B716000023A0D76A372600001E
:10770000B707008023A007729306F6FFB707008033
:1077100023A0D77AB717008023A0C7BA930600101A
:10772000B717008023A0D782B71700809306F00018
:1077300023A0D78A8326C111B717008023A0D79230
:10774000B717008023A007C2B707008023A0072A2D
:10775000B707008023A0B743B707008023A00762C4
:10776000B717008023A007CAB707008023A0C7224D
:1077700093060001B717008023A0D7D2B7C60F0029
:10778000B71700809386F60723A0D79A23A0E7E2D5
:1077900037D70F001307D78723A0E79A37070600CC
:1077A000B70700801307170023AAE7008327C1004B
:1077B0001306000003A7C7019307B0006308F70092
:1077C000032741059307300033E6E70237070080BF
:1077D000B71700002320F76A3707008023200772BD
:1077E0009387F7FF370700802320F77AB73600002A
:1077F000B717008023A0D7BA13070010B71700806F
:1078000023A0E782B71700801307F00023A0E78AC0
:107810008325C11137170080930707002320B792F3
:1078200023A007C2370700802320072A2320B7435D
:1078300023200762B717008023A007CA37070080FC
:107840002320D722B71700809306000137C70F0007
:1078500023A0D7D29385079A1307F70723A0E50043
:10786000B7170080B7D60F0023A0C7E29386D6874C
:1078700023A0D50037070600B7060080938646018F
:107880001307170023A0E60037578C3C13074790D7
:10789000B707008023A0E60023A20702EF500030C4
:1078A0009387140093D717409387770013FA87FFC5
:1078B00083270112639407006F108034B30C4C01CE
:1078C000130B0A00138A0400832A010537150000F0
:1078D00093054000130535EC13860A00EFE08EF89F
:1078E0008326810903274105B7070080B7190000E7
:1078F0003307D702832641059396C6002322D10A77
:107900008325410A9386076A232ED10223A0B6005D
:10791000832681091317C7001307F7FF9386F6FF25
:107920002322D10423A0D7722324E10AB7070080C1
:1079300023A0E77AB717008023A007BAB717008003
:1079400023A0378337170080B717008023A0078A4A
:1079500013070792B70700012328E1001387F7FFF9
:107960002326E10A8326C10A03270101B7170080F5
:107970002320D70023A007C20327010FB7070080E9
:107980009306F00123A0E73AB707008013078000B1
:1079900023A0E732B707008023A0D75AB71700808B
:1079A00023A007B213077000B707008023A0E72ABF
:1079B000B707008023A0B743B707008023A0D76292
:1079C000B717008023A007CA8326410537070800A0
:1079D000B70700809386F6FF2320D108130787009E
:1079E00023A0E72203270108B717008023A0A7D30D
:1079F0009376F7019396E600B717008013E7160811
:107A000023A0E79A232AA10063504BFF032781019B
:107A100033058A012328A110336677031307790001
:107A20009357F74193F77700B387E70093D5374033
:107A300093971A002328F10AB3875701232AF10AE2
:107A40008327010E0327410593EBF6079397170051
:107A5000232CF10C832781098326410B1317470040
:107A60009397C700232CE10A93961600032701057C
:107A70009387F7FF2328D10C232AF10C8326810D4D
:107A80008327810B131727002322E10C93867600AE
:107A90009387F7FF2326D10E232EF10A83260105B3
:107AA0008327410C03270105B387D7002324F10C5A
:107AB00093173700B387D7400327C101232EF10C5A
:107AC00083270106B3C7E702032781022322F102BD
:107AD00083278102B307F6009387F7FFB3C7E70256
:107AE000232CF1028327410FB387F50293973700C8
:107AF000232CF10E8327C1010327810F8326010E5A
:107B000023229112B387E7022324811323268112B3
:107B10002320F1009307F7FF232AF11003274102E6
:107B200083270100B387E702032701001307F7FF4C
:107B30002324E1100327C1013307D7029387F7FFFE
:107B40002322F1108327C10C2326E104032781019E
:107B5000B387E702232CF1108327C1049387F7FF33
:107B60002328F108B387EC022322F1068327C103FF
:107B70000327410AB7020080371F008023A0E700D7
:107B800083274104B713000013890C0023A0F2726D
:107B90008327810AB7DA0F00938ADA0723A0F27AE3
:107BA00023200FBA23207F8223200F8A83270101FD
:107BB0000327C10A13850200938F020023A0E70068
:107BC00023200FC29307700023A0F22A23A0B24300
:107BD00023A0F2623707080023200FCA1307870289
:107BE00023A0E2220324C10C1388020013030F0018
:107BF00023208FD20324C10C2328910323207F9BB1
:107C0000B38C8C001384FCFF23A0B24333042441C3
:107C10002320810423A0822A0324C100930E0F0095
:107C2000130E0F00032404021304F4FF3304244151
:107C300023A082620324010323208FCA0324C100EE
:107C4000032901038324840093D41400B384240102
:107C500023A09222B704060023205F9B9384140084
:107C600023AA92000329C1038329410A2320390151
:107C700003294104B7D90F009389390823A022733F
:107C80000329810A23A0227B23200FBA23207F828D
:107C900023200F8A0329C10A8323010123A0230182
:107CA00023200FC223A0F22A23A0B24323A0F26212
:107CB000B707080023200FCA9387070323A0F222E7
:107CC0008327C10C2320FFD223207F9B23A0B24314
:107CD0008327010423A0F22A8327C10083A307027C
:107CE000832701030329410F9383F3FF93D7374081
:107CF000B387270303290103B383234123A07262BF
:107D00008323010323207FCA8323C10003290103A6
:107D10009397370083A3C30093D31300B383230146
:107D200023A0722223205F9B23AA92000324C10375
:107D3000832401008323C10F2320940023A0027217
:107D400083224110B383F3009383F3FF23A05F7A70
:107D500023200FBA032FC101B383F340938F130085
:107D6000B38FEF03032F810F23A0EE83832E010F28
:107D70002320DE8B032E0101832E81102320DE01C0
:107D8000232003C22320B5432320752A0325411154
:107D90003305F5402320A8622320F3CA0326C1102F
:107DA000B387C7002320F8222320F3D32320339B5B
:107DB00083278101E38007540327C1018327011032
:107DC000B7A6000093860602B3C7E7020327C104E3
:107DD000370D00802324D108130D4D02930A0000B3
:107DE0002322910F2324710FB387E7029387F7FFB4
:107DF0002322F1088327810103278102B38757419A
:107E0000232AF1023387E700832781021307F7FF54
:107E1000334AF7028327C10563D44701138A070059
:107E200093276A00639C07028327810393A7570067
:107E30006386070203278103930750009306BAFF66
:107E4000B387E74063D4F6009387060003278103D6
:107E5000330AFA40B307F700232CF1020327810805
:107E60009307FAFF2324F10493972700B307F70041
:107E700003A507000326010593054000EFE08E9E51
:107E80008327810213040500B38747039386770095
:107E90002320F10293D7F64193F77700B387D700F9
:107EA00013F787FF93D73740232CF1048327C101B1
:107EB0002326E102B38EE70213072000E388E7528E
:107EC0008327C104371E0080338F5E012320FE828A
:107ED00023200E8A8327010103274108B70500806C
:107EE000130FFFFF23A0E70023200EC223A0B543FA
:107EF000330F5F4123A0E52B83270109938C0522D3
:107F0000130F1F00B387574123A0F56223205ECBD8
:107F100083274109130C0E9A9388FEFFB387FA005A
:107F200023A0FC002320EED337DF0F00130F5F08E0
:107F30002320EC01371F00002320EE8323200E8A2C
:107F4000032701010325C10813880500B7060800AF
:107F50002320A70023200EC223A0152B23A0B54366
:107F6000930570342320B86223200ECA938686437B
:107F700023A0DC00B70708002320DED3938777080F
:107F80002320FC00B707008037468C3DB7060080F1
:107F900023AE47051306464023AAC6000327C101A6
:107FA000930620009387C705E30AD73623A007006E
:107FB000B707008023A0070683270106635CF00A49
:107FC00013890700B70700809387471B2322F1001E
:107FD0008324C104B70700809387471323244107F4
:107FE000930B0400232651072324F1009309E00199
:107FF000130BC001130A0000930A000013040000D1
:1080000023200D00EF4090398327410037070300FC
:108010001307170023A0070023203C0183278100BA
:10802000130A1A0023A0070023A05C0123206C017F
:10803000B707008023AAE70023AA070223203C01F8
:1080400023AA070A23A08C003707050023206C0110
:108050001307170023AAE70023AA7701832701004B
:10806000B38A9A003304F400E31C49F9032A810619
:10807000832AC10623200D00EF4050326358400F81
:108080003706008093060600232E060423A006066A
:1080900003274101938706001306C60523AAE700BC
:1080A00093860606938747016302BA0D2320B60123
:1080B0000327010523A0E6000327410123A0E700D1
:1080C000130720006304EA0A2320E6000327010BBC
:1080D0009305300023A0E6000327410123A0E70019
:1080E0006306BA082320B6000327410B930540001E
:1080F00023A0E6000327410123A0E7006308BA0696
:108100002320B6000327410C9305500023A0E6006E
:108110000327410123A0E700630ABA042320B60025
:108120000327810C9305600023A0E600032741018B
:1081300023A0E700630CBA022320B6000327010D39
:108140009305800023A0E6000327410123A0E70058
:10815000631EBA00930570002320B6000327C10DEB
:1081600023A0E6000327410123A0E70023200D0000
:10817000EF40D022032701028327C100B30C57012F
:1081800083A7C705032741059386F7FF63D2ED5800
:1081900063EADD168327C100371F0080B70800801F
:1081A00083A70702B7D20F009382F2092320FF8230
:1081B0009387FCFFB38757412320FF8A0327C10021
:1081C00093871700B719000083260702032741038E
:1081D000130EF000B7C50F00B306D7020327010145
:1081E0009385D5099386F6FF2320D7000327C10086
:1081F0008326070203270104B386DA021306170059
:108200002320DFC223A0B84303270104B387C7029A
:1082100023A0E82A0327C1008326070203270103BE
:108220009386F6FFB386E64023A0D86203270103B6
:108230002320EFCA0327C10003240103832607027A
:1082400003278701B386DA02B3868600B386E60089
:1082500023A0D8222320FFD223205F9A8327410A1C
:10826000930600082320FF82832741042320FF8AEE
:10827000832701010327810A23A0E70023200FC2DF
:1082800023A03833032701089307F03F23A0E83ADF
:108290000327C10A23A0E85A23200FB20327810431
:1082A00023A0E81A23A0D81223A0F85223200FAA53
:1082B00023A0C8730327C10393068000130E700028
:1082C0002320D70023A0F87A23200FBA23A0C82B9D
:1082D00023A0B84323A0F862B706080023200FCAE2
:1082E0009386860323A0D822B70601002320BF9AD5
:1082F000B70700809386160023AAD7008327C10002
:1083000083A7C70593F7D7FF639C073E83274105E3
:108310003707008013070772B307FA022324E1002E
:10832000370700801307077A2320E1023717008000
:10833000130707BA2326E10203278109B703008048
:10834000939B7700B386E7020327C1039397470007
:108350009385FBFF23207701032781000326410437
:10836000B71E0080130B00012320C7001387FBFFFB
:108370002320E10C939676001387034A232AE10217
:108380001387F6FF232EE1088326C1090327010284
:108390002322F100930770002320D7000327C10296
:1083A000130980009309000423200700832641005D
:1083B000032781099388030023A0D30223A0F30A93
:1083C00003264103B7160080938606A22320B60039
:1083D000232CD10403268105938603123307EA0276
:1083E000232006002324D106032681068325810B42
:1083F0009386031A938203002320B6002326D10616
:108400000326410083258104938603521306F6FF59
:108410002320C10A0326C106938F03002320B60040
:108420002328D106032601078325010AB7160080F9
:10843000938606AA2320B600232AD10623A006008D
:1084400023A06E838326010823A0DE8A83264105AC
:108450000326C10B3307D7028326010123A0C600E0
:1084600023A00EC293860332232CD1060326810754
:108470009386033A1317770023202601232ED10673
:1084800023A0B6019306F00023A0D35A23A00EB276
:1084900023A0B34323A0F32A23A0F36223A00ECA90
:1084A00023A0032223A0EED237D70F001307F789AA
:1084B00023A0EE9A0324C1038324410A3717000046
:1084C000232094000324810083244104232094006A
:1084D000032401028324810A232094000324C1027F
:1084E0002320040023A0EE820324010813070008C0
:1084F00023A08E8A032401018324C10A232094002F
:1085000023A00EC20324C1068324810423209400E7
:10851000032481062320E400032401071307F03F0E
:108520002320E40003244107232004000324C1077F
:108530002320B401032481072320340123A0E35A1C
:1085400023A00EB223A0F32A23A0234323A0E36297
:1085500023A00ECA23A0F30A23A0B30303244103DC
:108560002320E4000324810537070800130787034D
:108570002320040023A0E32237C70F001307D749A5
:1085800023A0EE9A370701001307170123AAE3007F
:108590000324810123A08E820324010423A08E8A58
:1085A0000324C100032704021384FCFFB3045441D5
:1085B00003240103138C1400330787400324810133
:1085C000330787020324010413041400330C8403CB
:1085D000032401011307F7FF2320E40003244106CD
:1085E00023A08EC223A0B34323A0932A0324810196
:1085F0001307F4FF3307574123A0E36223A05ECBA8
:108600000324C10037D70F001307F70903244401DF
:1086100083244106B38A5401B38A8A0023A05323DA
:1086200023A08ED323A0EE9A23A0730383234104B7
:108630001307F00023A0720A832241038323C10998
:1086400023A072008322810523A0020083228106D9
:108650008323410023A072008322C10623A0F200DD
:10866000832201078323010C23A072008322410788
:1086700023A00200832281078323810B23A07200A1
:108680008322C1078323810423A072008322010A6D
:1086900023A05F5A23A00EB2032FC10323206F0132
:1086A000032F8100832F01082320FF01032F0102E4
:1086B000832FC10B2320FF01032FC10223200F00B2
:1086C00023A02E8323A0BE8B032E01012320EE00C6
:1086D00023A00EC223A0B84323A0F82A23A0F86247
:1086E00023A00ECA37D70F0023A008221307D7896B
:1086F000B707060023A0EE9A9387170123AAF80074
:108700008327810163D4FC3E938A0C006FF0CFEE87
:1087100063E4DD148327C100B71E008037080080A2
:1087200083A70702B7DF0F00938FFF0923A0FE8204
:108730009387FCFFB387574123A0FE8A0327C1001C
:10874000832641039387170003270702B71300000E
:108750001303F03F3387E6028326010137C60F007B
:108760001306D6091307F7FF23A0E6000327C1006D
:10877000832601040327070293861600B387D702D6
:1087800083260102138AF6FF3387EA0223A0EEC292
:108790002320B843032701042320E82A0327C1002C
:1087A000032F0103032707021307F7FF3307E741EE
:1087B0002320E8620327010323A0EECA0327C10098
:1087C000032FC100032401030327070283298F011C
:1087D0003387EA0233078700330737012320E82273
:1087E00023A0FED223A0FE9B23A07E8283274104E8
:1087F00023A0FE8A832701010327410D23A0E70060
:1088000023A00EC2232048730327C10393078000CF
:108810002320F7002320687A23A00EBA9307700064
:108820002320F82A2320B843232068623707080052
:1088300023A00ECA130787032320E822370701006D
:1088400023A0CE9AB70700801307170023AAE700DA
:108850008327C10083A7C70593F7D7FFE39207EAF1
:108860008327810503278109B71E0080B704008094
:108870003387E7029397670023A0FE82138B0700DC
:108880008327410493840432370A008023A0FE8AA0
:1088900013098000131767009307F7FF2324F106DD
:1088A000832701019306F7FF23A0D70023A00EC260
:1088B0008327C1029306FBFF23A0F40093077000F7
:1088C0002320FA3A2320D1022320DA5A23A00EB221
:1088D000832681059386F6FF2322D1008326C103D8
:1088E00023A02601832641002320DA728326C102B9
:1088F0009386F6FF232AD1020326410393860EBAFC
:108900002320CA7A2324D10023A006002320BA43BF
:108910002320FA2A2320FA6223A00ECA93860ED2BD
:1089200023200A222324D10423A0E60037D70F00F6
:108930001307F78923A0EE9A3717000023A0EE82D1
:108940000327410423A0EE8A03270101032F410DD1
:108950002320E70123A00EC2032741002320EA724F
:10896000032FC103130700042320EF001307F03F78
:108970002320EA7A032F810023200F002320FA2AE4
:1089800023202A432320EA6223A00ECA2320FA3A96
:1089900023A0B4012320EA5A3707080023A00EB20F
:1089A000130787032320EA2237C70F001307D7498D
:1089B00023A0EE9A3707010013071701232AEA00C4
:1089C0000327810123A0EE820327010423A0EE8A5E
:1089D0000327C1000327070203240103032FC10259
:1089E0003307874003248101330F5F01130FFFFF1B
:1089F0003307870203240104330F5F41130C1F0068
:108A000013041400330C8403032401011307F7FF3C
:108A10002320E4000327410623A0EEC22320BA430B
:108A20002320EA2B032781011307F7FF3307574160
:108A30002320EA6223A05ECB0327C100032F470156
:108A400003274106B30A5701B38AEA0123205A23B8
:108A5000032F810437D70F001307F70923208F0155
:108A600023A0EE9A23A06401032741042320EA3ABD
:108A7000032781062320EA5A23A00EB20327C1034D
:108A8000032FC1022320E7012320FA7203270102EA
:108A90002320EA7A032781002320070023A02E83C6
:108AA0000327410023A0EE8A03270101032E41037F
:108AB0002320C70123A00EC22320BA432320FA2A71
:108AC0002320FA6223A00ECA37D70F0023200A22E0
:108AD0001307D789B707060023A0EE9A93871701DB
:108AE000232AFA0083278101E3C0FCC2832C410EB4
:108AF000832B810E8327410603278111B387E7006B
:108B00002322F1068327011163C2FC8683244112CC
:108B1000032C81120324C1126FE00FED8327410261
:108B2000930900006358F0D437070080B70700802E
:108B3000032BC104832B010E1307471B9387471395
:108B40002324410723265107130A04002322E100AE
:108B50002324F1001309E0019304C001930A0000EB
:108B60001384090023200D00EF40400383274100B8
:108B7000370703001307170023A0070023202C0149
:108B800083278100938A1A0023A0070023A08C006A
:108B900023209C00B707008023AAE70023AA07022E
:108BA00023202C0123AA070A23A03C013707050034
:108BB00023209C001307170023AAE70023AE070415
:108BC00023A0070623AA470123AE770523A0B707F2
:108BD00023AA47018327010033046401B389F90004
:108BE00083274102E39057F96FF04FC88327810D27
:108BF00063D8D7AD8327C10E93FE87FF6FF04FACCC
:108C0000930C0C00130B00006FE01FCC232EF1041B
:108C10006FE00FE913050000EFD0CEF86FE0CFF65C
:108C200093971B009387770093F787FF9306803411
:108C300063D4F6006FE08FF383278109139D47000B
:108C4000930710002328F10E93072000232EF10034
:108C50006FE0CFF283278101372749921307374905
:108C60009387D70093D71700B3B7E7020327810193
:108C700037968888130696881307E70083268101B4
:108C80009386F6003337C70293D727001357370070
:108C90006344F706130AE000138707002328410501
:108CA00093D7464063D6E700130A00012328410505
:108CB0000327810183268109B307EA009387F7FF21
:108CC000B3C747030327410F3307D702232EF1040D
:108CD0009307800013173700232EE10E0327C105E9
:108CE00063D4E700232EF1048327C1052324410325
:108CF000B38B47036FE0CFE1130AF000232841054F
:108D00006FF01FFA130A0001232841056FE04FE0BE
:108D1000130101E4232E111A0328C50113070001D2
:108D200083264503635407016F10104F9397160075
:108D3000B38707013386D7406354C7006F10D04D07
:108D400003274502130620002326C1081306170037
:108D50009358F601B388C80093D8184063C4E8005C
:108D60006F10903913060001634CF62E3756555597
:108D700013032700130666553316C3021353F3413A
:108D8000B387F60033066640635416016F109029CE
:108D9000138608009308000163C4F82C13033700FE
:108DA0009358F34193F83800B388680093D828406B
:108DB000B387F60063D4C8006F10503393080600E1
:108DC00013060001634EF6283766666613034700F4
:108DD000130676663316C3021353F341B387F600C6
:108DE0001356164033066640635416016F10502F19
:108DF000138608009308000163C4F826B7B8AA2AAE
:108E0000130357009388B8AAB31813031353F341FD
:108E1000B387F600B388684063D4C8006F10902F02
:108E20009308060013060001634CF6223726499288
:108E300013036700130636493316C302135EF3416A
:108E4000B387F60033066600135626403306C64144
:108E5000635416016F10502B13860800930800010D
:108E600063C0F8209308770013D3F841137373009D
:108E70003303130113533340B387F6006354C30025
:108E80006F10102A13030600930E000163CAFE1C24
:108E9000B798E33813068700938898E3B31816034E
:108EA000135EF641B387F6001306970093D8184077
:108EB000B388C84163D468006F10901763C2FE1A6C
:108EC000B768666693887866B31816031356F6413A
:108ED000B387F600130EA70093D828403386C84006
:108EE000634466006F105035930E000163D4FE009A
:108EF0006F109035B7A88B2E9388982EB3181E0349
:108F00001353FE41B387F600130EB70093D81840F1
:108F1000B388684063C4C8006F10D030930E00015E
:108F200063D4FE006F10D03437B3AA2A1303B3AA58
:108F300033136E021356FE41B387F600130EC700BB
:108F4000135313403303C3406346130563D4FE0039
:108F50006F101032138608009308B000B387F60034
:108F600023261109B7F8C44E9388F8C4B3181E031A
:108F7000135EFE41930ED70093D82840B388C841B2
:108F800063C4C8049308000163C2F80CB387F600F9
:108F90006F10D024130600016354F6006F10502E9A
:108FA000B7F8C44E9388F8C4B3181E03135EFE418D
:108FB000B387F600930ED70093D82840B388C841F2
:108FC00063C468006F105020130600016354F6005C
:108FD0006F10102C372349921303334933936E02D9
:108FE00013DFFE41B387F600130EE7003303D3010E
:108FF000135333403303E341635413016F101013D1
:109000006354F6006F10D0281306D000B387F60023
:10901000138308002326C10837968888130696888C
:109020003316CE029358FE411307F7003306C601EC
:109030001356364033061641635466006F105015C0
:10904000130600016344F6006F10101213070001AD
:10905000232EE1100327C1089307800063C6E700B1
:1090600093078000232EF110B38706419387A70052
:10907000B3C7D7021306400013873700B347F70280
:109080002326F1146354F6006F10C076B30708036B
:109090002328211B2328A119232C811A232A911A62
:1090A0002326311B2324411B2322511B2320611B18
:1090B000232E7119232C8119232A91192326B119E2
:1090C0008326050203278503130905000325C5022E
:1090D0002324B11613171700938576002320F1146B
:1090E0003307E54093D7F5412326E10493F7770052
:1090F00003270114B387B70093D73740B387E7023C
:109100000327090183258902374500002324E11440
:1091100003270900232CB10C2324C1002326E116C8
:10912000370700011307F7FF2328E10A0327C104CB
:109130001306F5FFB70501003307E702232EC1121E
:10914000939737001386F5FF2328F1162324C10ACD
:10915000130D0900232CE10E232401128327C104DF
:109160000327810D232C0112B387E702232AF10E76
:109170006F00C002B3C76703B387670393971700F5
:109180002324F1126354F7002324E1128327811270
:1091900063960708832741142324F1008327811352
:1091A00003278112B387E700232CF1123387F6409F
:1091B0006344E0006F100061032681008325810075
:1091C000930717001356F6013306B60013561640E0
:1091D0002322C114139B3500032641148325C11497
:1091E00093D717409387770093F787FFE354B6F838
:1091F000B38767019387F7FFB3C76703B387670335
:10920000939717002324F1126354F7002324E112EB
:1092100083278112639407006F10C05A0327C10887
:109220009307000183268100B3C4E70213074000BF
:10923000930720003344D70263D497009384070038
:1092400003294D030327CD011306A000B3062741D0
:10925000B3878402B3872703B387D7006354F6002C
:109260009304100083274D0213063000B307F40067
:109270009387F7FFB3C78702B38797009387F7FFFA
:10928000B3C797022324F1046354F6002324C104D6
:10929000832781041306A000B3879702B305F40265
:1092A000B3852503B385D500635CB602B3879740C9
:1092B000B3878702B3059040B3858502B387270340
:1092C000B387D700B3862503832581041385070060
:1092D0009385F5FFB387D700E34AA6FE2324B104A4
:1092E000930720002320F1128327810403268100A5
:1092F00093060001B307F4022324F102B387970217
:109300002326F1028327C108B307F902232EF10AAD
:109310008327C102B307F9022322F1028327C10B7D
:10932000B307F700B3872741232AF10A83270114E3
:10933000B387C702032641023307C700330727411B
:109340002322E11293973700232CF1148327C111B4
:109350006384D700232091120327410B9307000158
:1093600063D4E7006F10C049032741129307A000A0
:1093700063D4E7006F10404437080080B71800003E
:109380002320186B232008728327C113371600800F
:10939000930E00102320F87A232006BA2320D683C8
:1093A000930FF0002320F68B0327810A9306100009
:1093B000930708222320E692232006C22320082AAE
:1093C0002320D84223200862232006CA2326F10046
:1093D0000327C10093070002930D00012320F7002B
:1093E000930706D22328F10003230101370E08005A
:1093F000130EFE072320B3012320C69B03234D0336
:10940000130706E2232AE1002320670037D70F0065
:109410001307D787232CE100832A81013703060035
:109420003303D3002320569B13074801232E6100EA
:10943000232067002320186B232008720323C11305
:1094400093050800373500002320687A232006BAE8
:109450002320D6832320F68B0323810A130F0600D3
:1094600023206692232006C22320082A2320D842E4
:1094700023200862232006CA832AC1001303200286
:1094800023A06A00032301012320B3012320C69BEC
:10949000832A410103234D0523A06A000323810190
:1094A000930A30022320669A0323C1012320670018
:1094B0002320186B232008720323C1132320687A0A
:1094C000232006BA2320D6832320F68B0323810A88
:1094D00023206692232006C22320082A2320D84274
:1094E00023200862232006CA0323C100232053013E
:1094F000032301012320B3012320C69B0323CD03B3
:10950000832A410123A06A0003238101930A4002B8
:109510002320669A0323C101232067002320186BB0
:10952000232008720323C1132320687A232006BA5C
:109530002320D6832320F68B0323810A23206692DF
:10954000232006C22320082A2320D8422320086291
:10955000232006CA0323C100232053010323010152
:109560002320B3012320C69B03234101032E410B7B
:109570002320C301032381012320669A0323C10111
:10958000232067002320186B232008720323C113B4
:109590002320687A232006BA2320D6832320F68B43
:1095A0000323810A23206692232006C22320082A4F
:1095B0002320D84223200862232006CA032EC1009C
:1095C0001303100223206E00032E010137C30F0086
:1095D0001303F3072320BE01232061022320669A90
:1095E0000323410123200300032381012320669AE2
:1095F0000323C101232067002320186B37330000A9
:10960000232008721303F3FF2320687A232016BB5C
:109610002320D6832320F68B0323810A23206692FE
:10962000232006C22320082A2320D84223200862B0
:10963000232006CA032EC1001383180223206E00C4
:1096400033EE8602032301012320B3010323010229
:109650002320669A032341012320C30103238101B0
:109660002320669A0323C101232067002320186B5F
:109670003723000023200872130EF3FF2320C87B3A
:10968000130E2000336E8E02232066BA2320D68369
:109690002320F68B0323810A23206692232006C20F
:1096A0002320082A2320D84223200862232006CA28
:1096B000832AC100372300001303130223A06A008A
:1096C000832A01011303300023A0BA01832A010277
:1096D0002320569B832A410123A0CA01032E810126
:1096E000336383022320C69B032EC1012320C701BD
:1096F0002320186B232008721388F8FF23A0057B12
:109700002320A6BA2320D6832320F68B0326810AA2
:109710002320CF9223200FC223A0052A23A0D542C5
:1097200023A0056223200FCA8325C100130615025A
:1097300023A0C500032601012320B6010326010250
:109740002320CF9A032641012320660003268101AE
:109750002320CF9A8327C1012320F700B7278C3C11
:109760006394D4006F100000938747602320F700B4
:10977000B707008023A20702EF30404283278112FF
:10978000138717009357F701B387E70093D7174064
:109790009387770013D7F74113777700B307F70064
:1097A00093F987FF83278116E388077A832781133C
:1097B000138A0900B38BF900832981128327C1081A
:1097C00013868700930540001305306CEFC09E8917
:1097D000832781009316C400370600802320D10C14
:1097E0003307F4022320D63283268100B705008098
:1097F0009385053A9386F6FF232ED1028327C10372
:1098000037180080130808B223A0F5009317C7008B
:109810009387F7FF2326F10AB70700809387075A3B
:109820002326F1000327C10A8326C100B707008061
:109830009387076A23A0E6000327410B8326411282
:10984000232008002328F100B306D70203270101D3
:10985000B70D0080B718000023201701B70700805C
:1098600023A00D729387077A232AF1000327410171
:109870000323010BB7170080938707BA23206700E3
:10988000232CF1000323810183270114371E00805C
:10989000232003009387F7FF371300802320FE8ADD
:1098A00093028000B71E00802320538213077004A8
:1098B000371F008023A0EE92B70F00809303700043
:1098C00023200FC223A07F2A232AD102832A8100CA
:1098D000B7030080370C0080B386DA02938303421B
:1098E000130C0C62B71C0080B70A0080938C0CCA62
:1098F000938A0A229307F4FF93F7F7019397E700FF
:109900002328D1029306100023A0D3002320EC00CB
:109910001307F4FF2320E10423A00C0037070800FD
:10992000232E51013307570023A0EA003717008088
:10993000130707D22320E102930A070003278115AA
:10994000B71600809386069A23A0EA0013E717084B
:1099500023A0E60013E73708232CE10203270103C5
:10996000832A8D05232AA104131737002328E10237
:109970000327410313060632938D0D72130E0E8AD0
:1099800013030382938E0E92130F0FC2938F0F2A2D
:109990001307F7FFE38A0A54832A01011315C40051
:1099A00023A0AA000325C10323A0AD000325410184
:1099B000832AC10A232055010325810123200500A4
:1099C0002320130123200E000325010B23A0AE004A
:1099D00023200F0023A0E500232056000326C1000A
:1099E0001307F04F2320E600232008001306700021
:1099F00023A0CF001306100023A0C3002320EC00F7
:109A000023A00C000326C101370708001307070530
:109A10002320E60003270102032601032320C700B9
:109A200013E7370823A0E600E3563A4B0326810DDF
:109A300093E7F7072322F116330376410326011239
:109A4000032781000328810D13163600232CC1043F
:109A500083278105931667000327410B9387F7FF40
:109A6000232EF1069307FBFFB38777012326F1121C
:109A7000B70700809387076A2328F1009307F8FF50
:109A80003307E402B3876701232EF11683270117FA
:109A900083288113832501129387F7FF232CF11666
:109AA00083270112B3881901232A1117B38787026C
:109AB000B71C0080938C0C92B30827030327810204
:109AC000338686023307B702939537002328B10601
:109AD0009385F5FF232CB106832581043306B60256
:109AE000931567002322B106931537002320B10692
:109AF000931567009385F5FF2326B1063387E602A9
:109B000083268104B387D7021307F7FF232EE104CE
:109B1000939737009387F7FF33879802232AF1063C
:109B2000B38784022328E10C232EF1149317170026
:109B30000327810F232EF10CB307E3020327011241
:109B40008329C111832AC1029387F7FF2320F110D3
:109B50008327810F3307E602B38767032324E10CD1
:109B6000032741022320F1168327810FB387770350
:109B7000232EF10E8327410FB38DE7028327C10403
:109B8000338CE7028327810D0327C10BB387E702DC
:109B90002324F106032701018326010CB70F00805F
:109BA000938F0F722320D7000327C103B7020080D1
:109BB000B717008023A0EF000327C10A938307BAD9
:109BC0009384078223A0E27A23A0030037140000C5
:109BD00023A0840023A0078A0327010B37050080F8
:109BE000138A07C223A0EC0023200A00B7050080D7
:109BF0001305052A130E70002320C50193061000DB
:109C00003708008023A0D542B71800802320C863FE
:109C10001389078AB707080023A008CA37070080FE
:109C2000B71E0080938707552320F72223A06ED309
:109C3000832741163716008023267103130307225A
:109C400013870B00B38B6B012320F69A9387FBFFDE
:109C500023A0D542B387E740232CF10A2320F50047
:109C6000032F0D02B7D70F009387D7072324F100E6
:109C70009307FFFFB387E7402320F8628327C102E1
:109C8000370F0080130F4F0123A0F8CA83278D00E0
:109C90000327C1029382027A93D71700B387E700A4
:109CA0002320F30003278100B7070600B387D700FE
:109CB0002320E69A2326F1002320FF0083270101B9
:109CC0000327010C1306069A9385054223A0E7009B
:109CD0008327C10313080862938808CA23A0FF00E2
:109CE0008327C10A938E0ED223A0F20023A0030083
:109CF00023A08400232009008327010B23A0FC005C
:109D000023200A002320C50123A0D5002320C80159
:109D1000B707080023A00800938787552320F30086
:109D200023A06E01832741162320F60023A0D5002F
:109D30008327810B2320F5008327C1020327011409
:109D4000832F0D0293D73740338EE7020327C102DA
:109D50009387FFFFB7DF0F00B387E7402320F800AA
:109D60008327C102938F5F0823A0F8008322CD00D0
:109D70000327C10293D71200B387E7002320F30023
:109D80000327810093173E002320E6000327811557
:109D9000032EC1003307F7002320CF011307F7FF7D
:109DA00023A0D5003307F7402320E5008326811741
:109DB00013071700B386F6402320D80023A0F8002D
:109DC0008326C116B387D7002320F30023A0EE001B
:109DD0002320F601B707008023AA07021307E0013A
:109DE0002320E600B707008023AA07121307C0014B
:109DF000B70705002320E600938717002320FF0004
:109E000083274D02E350F00A032681148326C10400
:109E100003278D038325410F3388C600B306CB404B
:109E2000338A76418326C1153306E0403385C50267
:109E3000939616002326D10C8326C1158325C104D1
:109E4000232A01002322D10C8326810BB305B700FE
:109E500023287115938616002328D1128326C11753
:109E6000232A6115232A4113B38676412322D11078
:109E70008326C104B386C6020326C1022320D10E65
:109E800083268114B306D500B386C6000325010ED0
:109E9000232AD10C8326410F3386B602B306A800CD
:109EA0000325C10FB386A6002326D10E8326C10445
:109EB00013050C00B386B6021306F6FF2324C10E69
:109EC0009386F6FF2322D10E832641013389DA00DF
:109ED0006354F07A9307F9FFB387D740938617004E
:109EE0002328F10883270113370600801306067222
:109EF000B386D7028327C1042324C1000326410D62
:109F0000B307F700232CF100B307E04037070080C8
:109F10001307077A2326E100032741138325C10293
:109F2000B38636033307C7002328E10E03268101D9
:109F30000327810D371C00802324B111130C0C9AC8
:109F40002326A110232821113307C70203268104E9
:109F5000232ED108232A31111306F6FF2328C1022C
:109F600003260112232C5111930D00001306F6FF56
:109F70001307F7FF232AC1022328E1040326C11295
:109F80000327810D3306B640B387E7022320C10AB9
:109F9000032641121306F6FF2322C10A0326C10439
:109FA0001306F6FF232AC1081386F9FF232CC108E4
:109FB000232CF1026F00C05637070080232A070ABE
:109FC0001307E0012320EC00032701018326410F42
:109FD0002320D700032781008326410A2320D700AE
:109FE0008326C1000326810E3717008023A0C600F8
:109FF0008326010F2320D7BA8326810D37170080CF
:10A000002320D782371700802320F78A03270105F2
:10A01000B717008023A0EC000327810323A0E7C229
:10A02000B70700801307100023A0E7420327010AA7
:10A03000B707008023A0E72A03274110B707008055
:10A0400023A0E7620327C102B717008023A0E7CA55
:10A050000327410D83268103B70700803307D7000C
:10A0600023A0E722B717008023A007E2B7D70F008D
:10A070009387D709370703002320FC001307170035
:10A08000B707008023AAE70083278104635AF008FA
:10A0900083274D02032741016354F708B706008068
:10A0A00023AE060413870600232007060326410576
:10A0B000930707009386C60523AAC700832581045A
:10A0C000130610001307070693874701638AC50428
:10A0D00083254D020325410C6354B50423A0C6001B
:10A0E0000326010D2320C7000326410523A0C70036
:10A0F00083258104130630006394C50203264D02B4
:10A100008325C10C63DEC5001306200023A0C60012
:10A110008326C10D2320D7000327410523A0E70094
:10A12000B707008023A20702EF20502783270101F1
:10A1300003274106B71E0080B709008023A0E7006F
:10A14000832781000327C103130A8000130B10002B
:10A1500023A0E7008327C1000327C10523A0E70050
:10A16000B707008023A00EBA93870702232EF100C1
:10A170000327C10183260106B70700809387070ADA
:10A180002320D7002320F102832601021307700049
:10A19000B707008023A0E6009387074A2322F10235
:10A1A000832641020326C10693870EA223A0C60080
:10A1B0002324F10223A007008327010723A0F9121B
:10A1C0008327010323A0F91A8327410723A0F9520B
:10A1D00023A00EAA8327810523A0FE8283270104E2
:10A1E00023A0FE8A8327810723A0FC0023A00EC2A0
:10A1F00023A049338327410323A0F93A8327C107CA
:10A2000023A0F95A23A00EB223A0694323A0E92A70
:10A2100023A0E96223A00ECA23A00922832A810C6D
:10A22000B7D70F009387F78923A05ED32320FC00C4
:10A2300083270101832A010C23A057018327810072
:10A24000832AC10323A057018327C100832AC10A9F
:10A2500023A0570123A00EBAB717000023A0FE8247
:10A26000832A01049387078023A05E8B832A010B36
:10A2700023A05C0123A00EC223A0F932832A41034C
:10A28000B70740009387F7FF23A0593B23A0F95A53
:10A2900023A00EB29307001023A0F94223A0E92ABD
:10A2A0008327810A23A0F96223A00ECA8327010312
:10A2B00023A0F91A23A049139307700123A0F95290
:10A2C00023A00EAA832A0102138A490123A0EA00CF
:10A2D000832AC10123A06A01832A410223A0FA0034
:10A2E0008327810223A00700B7C70F0023A00922FC
:10A2F0009387D7492320FC00B7070100232241059B
:10A30000938717012320FA0083274D02032A0105B2
:10A31000832A8106B387F702330A5A41232841056D
:10A32000832A8103032A8106B38A4A01232C51031D
:10A33000032AC10B832A8101B38A4A41232C51018C
:10A34000B7DA0F00938AFA0923205109B7DA0F0010
:10A35000938ADA8923225109B70A0600938A1A01DF
:10A3600023245109832A010123A0FA0083278100B5
:10A37000832A810B23A05701032A4D02832AC1029D
:10A3800083270D02330A4A03B3875741832AC1004A
:10A39000B38747039387F7FF23A0FA0083274D0273
:10A3A000832AC102B387F702B387570323A0FEBAFB
:10A3B00083274D0223A0FE828327010923A0FE8A62
:10A3C000032A4D0283274101B307FA40B3874703AD
:10A3D0009387F7FF23A0FC0083274D02832A4101C6
:10A3E000B387FA0223A0FEC223A069438327810911
:10A3F00023A0F92A83274D029387F7FFB387B7413C
:10A4000023A0F96223A0BECB032A4D02832A410177
:10A41000B3074A03330A5A03832AC102B387570397
:10A42000832A4D01B3874701B387B701B38757012B
:10A4300023A0F9228327C109130A800023A0FED29A
:10A44000832701082320FC008327C101832A4106BA
:10A4500023A0570183270102832AC10323A05701A8
:10A4600083274102832AC10523A057018327810244
:10A4700023A007008327010623A0F91223A0E91ACD
:10A480008327C10623A0F95223A00EAA8327010720
:10A4900023A0F9328327010323A0F93A8327410738
:10A4A00023A0F95A23A00EB283270101032F8105AF
:10A4B00023A0E70183278100032F010423A0E701E4
:10A4C0008327C100032F810723A0E70123A00EBA31
:10A4D00023A04E838327410323A0FE8A8327C1073D
:10A4E00023A0FC0023A00EC223A0694323A0E92AD5
:10A4F00023A0E96223A00ECA23A0092283274108D2
:10A500002320FC0083278108032741042320F70030
:10A510000327C10883274D02B38DED0063DEFD0CD8
:10A520008326410B832741090326810103278D05DB
:10A53000B387D7008326C104B387D740B386C6400C
:10A54000E31C07A637070080232A070A1307E00148
:10A550002320EC00032701010326810F2320C700DD
:10A56000032781000326010A2320C7000326C10018
:10A5700083250110371700802320B6000326C10F62
:10A580002320C7BA0326C104371700802320C782BF
:10A590000326410A371700802320C78A0326410E6D
:10A5A0003717008023A0CC000326010E2320C7C24A
:10A5B00037070080130610002320C74237060080AB
:10A5C0002320F62A83278101130706001386F7FF4D
:10A5D0002320C762B717008023A0D7CA8327C10EE4
:10A5E0008326810137070080B386D7402320D722F6
:10A5F000B71700806FF05FA703290111832D811029
:10A600000325C11083294111832A81116356F9085A
:10A610000327410C232A2101930609003307570120
:10A620002322E10C0327C10C3389DA0033075701D9
:10A630002326E10C0327810E3307B7412324E10EC3
:10A640000327410D3307B701232AE10C0327410EED
:10A650003307A7402322E10E0327010E3307A7008B
:10A660002320E10E0327C10E3307A7002326E10EA6
:10A6700003278D03E340F086832B0115032B41153F
:10A68000130C05006350F9026340F03E3309590191
:10A69000E34EF9FE6F000001832B0115032B4115DA
:10A6A000130C05008327C10F03270116B387E700AA
:10A6B000232EF10E83270110B387E7402320F110EA
:10A6C0008327C112B38767012326F112832741171D
:10A6D00063C2FBCC832741140327C11463C4E70E74
:10A6E00083260D026FE01FAB1315C4002320A600C4
:10A6F0000326C10323A0C5000326C10A8325C10088
:10A7000023A0C500232008002320130123200E00CE
:10A710000326010B9305100023A0CE0023200F0079
:10A7200023A0EF0023A053001307F04F2320EC00D9
:10A7300023A00C001306700023A0CD000326010106
:10A740002320B600032641012320E60003268101D1
:10A75000232006006FF00FAB832B8113130A000038
:10A760006FF0CF85938747C02320F700B70700809D
:10A7700023A20702EF2080428327811233879700AC
:10A780009357F701B387E70093D717409387770074
:10A7900013D7F74113777700B307F70093F987FFD3
:10A7A0008327811663940706832B81130326C10830
:10A7B000130A00006FF00F8113050000EFB09EBE7A
:10A7C0006FE09FBB0324811B8324411B0329011BD2
:10A7D0008329C11A032A811A832A411A032B011AD9
:10A7E000832BC119032C8119832C4119032D0119C5
:10A7F000832DC1188320C11B1301011C6780000039
:10A8000013050000EFB01EBA6FE01FB68327811357
:10A81000138A09000326C108B38B370183298112EB
:10A820006FE05FFA93083000232611096FE08FD69E
:10A8300063C4FE22376366661303736633136602CE
:10A840001356F641B387F600130EA70013532340A7
:10A850003306C340635416016FE00FE963CEFE1E5A
:10A8600013069000B387F600138308002326C1085F
:10A87000B7A88B2E9388982EB3181E031356FE414B
:10A88000130EB70093D81840B388C84063D468004B
:10A890006FE0CFE8130600016354F6006FE00FFB92
:10A8A000B387F6001306030037B3AA2A1303B3AA2B
:10A8B00033136E029358FE41130EC7001353134017
:10A8C000330313416354C3006FE0CFEC93080001DE
:10A8D00063D4F8006FE08FF7B387F6006FE08FE87E
:10A8E00093085000232611096FE0CFD013064000D3
:10A8F0002326C1086FE0CFCC130610009308070091
:10A900002326C1086FE00FC69308700023261109A3
:10A910006FE0CFD4130660002326C1086FE08FD00C
:10A92000130680002326C1086FE00FD693080001AC
:10A9300063C8F81637968888130696883316CE02B1
:10A94000935EFE41B387F6001307F7003306C60196
:10A95000135636403306D641634C660263C2F81480
:10A960009307E0002326F1089357F74193F7F70088
:10A97000B387E70093D7474063C467006FE00FEDEC
:10A98000930700012326F108232EF1106FE0CFED8D
:10A990009308000163C2F8029357F74193F7F70059
:10A9A000B387E70093D7474063D8C7002326110930
:10A9B000232E11116FE04FEB9307F000232E11119E
:10A9C0002326F1086FE04FEA634CF60A9308C000B3
:10A9D000B387F60013060300232611093723499293
:10A9E0001303334933936E0293D8FE41130EE700ED
:10A9F0003303D3011353334033031341E348C3F20A
:10AA00009308000163D4F8006FE04FE4B387F600C9
:10AA1000130306006FE04FE0930710002326F108B0
:10AA20006FE00FE463C2FE029308A000B387F60054
:10AA3000232611096FF05FE763D4FE006FE04FE259
:10AA4000B387F6006FF0DFE29307A000232ED11149
:10AA50002326F1086FE04FE193079000232ED111D8
:10AA60002326F1086FE04FE0330959016FF09FC1D1
:10AA70009307B000232ED1112326F1086FE0CFDE1B
:10AA80009307C000232EC1102326F1086FE0CFDD0D
:10AA90009307D000232EC1102326F1086FE0CFDCEE
:10AAA0009307E000232E11112326F1086FE0CFDB7E
:10AAB000130101FC37C800002328210313090500F6
:10AAC000130588FC232E1102232C8102232A9102D4
:10AAD00013840700938405002326C1002324D1009A
:10AAE0002322E100EF20401813050400EF20C03EB0
:10AAF0000326C10083268100032741003755020049
:10AB00009305C10113058521232E91002320C10245
:10AB10002322D1022324E10223268102EFB04ECC6E
:10AB200013050900EF20C0458320C10303248103DE
:10AB300083244103032901031301010467800000FA
:10AB4000130101F637C30000232C8108130405000C
:10AB5000130583FC232EB100232CC100232AD1002E
:10AB60002328E1002326F1002324010123221101DF
:10AB7000232E1108EF20400F0325810BEF20C03555
:10AB80008327C1008325C101032681012320F1040D
:10AB90008327010A83264101032701012326F104AB
:10ABA0008327410A03288100832841002328F104D8
:10ABB0008327810A2326B102232AC102232AF10412
:10ABC0008327C10A232CD102232EE102232CF10476
:10ABD0008327010B2322010523241105232EF106CF
:10ABE0008327410B2320F1088327810B2326F108BB
:10ABF0008327C10B232EF1048327010C2320F106A8
:10AC00008327410C2322F1068327810C2328F10698
:10AC10008327C10C232AF1068327010D232CF1067B
:10AC20008327410D2322F1088327810D2324F10876
:10AC3000930710006386F802375502009305C1029E
:10AC40001305C557EFB0CEB913050400EF2040330C
:10AC50008320C109032481091301010A67800000D0
:10AC6000377502009305C1021305850FEFB04EB78B
:10AC700013050400EF20C0308320C109032481099B
:10AC80001301010A67800000130101F637C30000B9
:10AC9000232C810813040500130583FC232E1108BF
:10ACA000232EB100232CC100232AD1002328E10048
:10ACB0002326F1002324010123221101EF10D07A71
:10ACC0000325810BEF2040218327C100032681014A
:10ACD000832641012320F1048327010A0327010170
:10ACE000032881002326F1048327410A8328410099
:10ACF0008325C1012328F1048327810A232AC10265
:10AD0000232CD102232AF1048327C10A232EE10236
:10AD100023220105232CF1048327010B2324110591
:10AD20002326B102232EF1068327410B379502001B
:10AD30009305C1022320F1088327810B130505D158
:10AD40002326F1088327C10B232EF1048327010C4E
:10AD50002320F1068327410C2322F1068327810C4F
:10AD60002328F1068327C10C232AF1068327010D2E
:10AD7000232CF1068327410D2322F1088327810D1F
:10AD80002324F108EFB0CEA513050400EF20401FE7
:10AD90008320C109032481091301010A678000008F
:10ADA000130101F8232A91052328A1052326B105C3
:10ADB000232E1106232C8106232A910603268503C0
:10ADC000B70700801387076A232EC100B71600005B
:10ADD000832445020324C5022320D70037470000FF
:10ADE00023A007721307F7FFB707008023A0E77AB5
:10ADF000B717008023A007BA13070010B717008009
:10AE000023A0E7820327C101B7170080138D050037
:10AE10001307F7FF2326E10023A0E78A3707010085
:10AE2000B71700801307F7FF23A0E792B71700803A
:10AE300023A007C2B707008023A0072A130710002A
:10AE4000B707008023A0E742B707008023A007626E
:10AE5000B717008023A007CA13078005B707008033
:10AE600023A0E7220327C101B7170080930D050037
:10AE700023A0E7D237070800B71700801307F707AA
:10AE800023A0E79A8326050337D70F001307D78738
:10AE900023A0D7E223A0E79A0326C100B7078C00BE
:10AEA000B706060037070080931CA601938747006A
:10AEB00093861600232AD700B387FC00232AF700C5
:10AEC00023220702EF10904D63040D0003ADCD0265
:10AED0001397340083A74D012320E100131734009A
:10AEE000232EE102635CFD5A37070100B78700009B
:10AEF000370600801306066A371400801307F7FF31
:10AF00009387F7FF232821072326310723244107AE
:10AF10002322510723206107232E7105232C81054D
:10AF20002328C10013040492232AE1002328F102FC
:10AF3000232C910303A7CD0383260101371B0000B7
:10AF4000370A008023A066019307F7FF2320FA72D7
:10AF500093060A7A2324D1008326C1011316C70061
:10AF60001306F6FF3387E60283268100232CC100F7
:10AF7000B719008023A0C60023A009BA930A0010C5
:10AF800023A059838326C10093047000930F1000FF
:10AF900023A0D98A032641019306800413173700A2
:10AFA0002320C40023A009C223209A2A2320FA4385
:10AFB00023209A6223A009CA2320DA22B7C20F00F5
:10AFC00023A0E9D29382F20723A0599A03A3CD02CA
:10AFD0002320FA4337DF0F0033036D001303F3FF21
:10AFE0003303A34123206A2A03AE4D01130FDF0769
:10AFF000B70E0600130EFEFF330EAE412320CA63C8
:10B0000023A0A9CB03AE4D00B38EFE0113080A00A6
:10B01000135E1E00330EAE012320CA2323A0E99B3A
:10B02000232ADA01032E010113050A00138C09C239
:10B0300023206E012320FA72032E8100032A81014E
:10B04000938B098A23204E0123A009BA23A0598398
:10B05000032EC10023A0CB01032E41012320C401F4
:10B0600023200C002320982A2320F84323209862D1
:10B0700023A009CA130E00052320C82323A0E9D268
:10B0800023A0599A03AECD022320F84393942701BD
:10B09000B308CD019388F8FFB388A8412320182B6B
:10B0A00003A84D0137078000130747201308F8FF56
:10B0B0003308A8412320056323A0A9CB83A58D00D5
:10B0C000832781033387E40093D51500B385A50159
:10B0D0002320B52223A0E99B3307F700232AD501BB
:10B0E000232AE50023220502EF10502B83A7CD0170
:10B0F000635EF0368326C10313163D0013153D0031
:10B100003386C6001306F6FF93173D003306A640AC
:10B110002322F1002320C102B717800003268103F8
:10B1200083260100938747C0B387F400B387C70025
:10B1300037078000232AF1029387F6FFB387A740E1
:10B14000130747403387E4002322F102B70700804A
:10B150003307C7009387075A2324E1022326F1020D
:10B16000930B0000130B00006F00000F83224103BC
:10B17000930A000423A0580003A8CD0223A0F501E0
:10B18000B7D20F0033080D011308F8FF3308A841A8
:10B190002320050103AA4D013308F8019382F20927
:10B1A000130AFAFF330AAA412320460123A0A6016D
:10B1B00003AA0D01330A4D012320470123A00301F7
:10B1C00023A0570003A8CD0383220101B703010088
:10B1D0001308F8FF23A0820123A0090103A8CD03CF
:10B1E00083298100B7C20F001318C8001308F8FFA5
:10B1F00023A00901232009001308001023200F01B8
:10B200000328C1009382D209B383F30123A00E0166
:10B21000032841012320040123200E002320650080
:10B2200023A0F5012320660023A006002320570158
:10B2300023A05700B707008023A0780023A20702AD
:10B24000EF10D01583A7CD0163D2F422832701002C
:10B25000130B1B00B38BFB0083A7CD0337070080C4
:10B26000371C0000232087339386F7FF37070080C1
:10B270002320D73A8326C102032601033717008013
:10B28000B709008023A0C600232007B2832601014E
:10B29000130700103719008023A0E6008326C100A1
:10B2A000930E09001303700023A0D9728326C101F5
:10B2B00003264101930C8000B387D70283268100C7
:10B2C0001307F0033705008023A0C600232009BA26
:10B2D00023A06E8A23A09E832320E40023A00EC215
:10B2E0002320652A930F10002320F5432320E562D5
:10B2F00023A00ECA232005229397670037C80F00AA
:10B3000023A0FED21308F80923A00E9B8328010076
:10B31000B7D40F009384D40923A01E8323A00E8AE0
:10B320008328410003A88D02B70A0500B382780183
:10B330008328010033086841B38AFA0133081803EF
:10B34000138E0E0093860E00370A0800330A9A0106
:10B35000130605001307050093870E0093080500E8
:10B36000138F0E821308F8FF2320040123A07EC34D
:10B370002320F54303280102938306D29305054257
:10B380002320052B0328410293890972130909BA66
:10B390002320056303284100938E0E8A130E0EC2EC
:10B3A00023A00E4103A80D001305052A130606620B
:10B3B000B3820201232055F823A09E10232A55D7DB
:10B3C00023A08EF923A00E008322810137080800F4
:10B3D0001308F8092320540023200E0023206500C1
:10B3E0002320F5192320653823A006CA232045F918
:10B3F00023A096D323A0069B2320F51923206500C4
:10B4000003AACD0113183B00B7020300130AFAFF89
:10B41000330A0A412320460123A006CB03AACD000C
:10B42000B382F201938606CA330A480123204723D8
:10B4300023A0979A23AA580083228102B30498017B
:10B440001307072223AA580083A2CD019387079AE6
:10B4500093884801E3DC54D0B707008023A2070299
:10B46000EF10C07383A7CD01E3C2F4DE83A7CD0242
:10B4700003A74D0193971700330DFD00E34CEDAA90
:10B48000032901078329C106032A8106832A41066D
:10B49000032B0106832BC105032C81058320C107E3
:10B4A0000324810783244107832C4105032D0105D3
:10B4B000832DC1041301010867800000130101F806
:10B4C000232C8105032C0500232A91062324410700
:10B4D0009357FC0123225107B3878701232E1106BE
:10B4E0002326B105232EA1008324C50093DA17403B
:10B4F000138A050063860500138A0A00930A0C006C
:10B50000B70700803717000023A0E76AB70700805D
:10B510003747000023A007721307F7FF232CE10031
:10B52000B707008023A0E77AB717008023A007BAE7
:10B5300013070010B717008023A0E782B717008019
:10B540001307F00023A0E78AB71D0080B7070100AA
:10B550009387F7FF23A0FD92B717008023A007C2AF
:10B56000B707008023A0072A13071000B707008041
:10B5700023A0E742B707008023A00762B717008027
:10B5800023A007CA13078004B707008023A0E7227F
:10B59000B71700801307000123A0E7D2B707080000
:10B5A000371700809387F7072320F79A8327C10175
:10B5B00037D60F001306D68783A60702B707008089
:10B5C000938D0D922320D7E22320C79A37070600D8
:10B5D00013071700B7168C3C23AAE700938646F0A2
:10B5E00023AAD70023A20702EF10405B635A5A3BFD
:10B5F000B3879402232E710523206107130BFCFFF0
:10B60000232C81062328210723263107232A91058D
:10B610002328A10523285103232AF100939B970097
:10B62000B307FA02232A7103232C61032328F100B4
:10B6300083274101330CFC02232E81038327410120
:10B64000638A07248327C10303260101370701000A
:10B650009387F7FFB387C7402320F102B707008025
:10B660009387075A2326F1009307F7FF2322F1025D
:10B6700083274101130D0000232641039387F7FF21
:10B680002324F102B70400809307004023A0F43282
:10B69000130C300023A0843B0327C100371900009E
:10B6A0009306F9FF2320D700B713008023A003B22D
:10B6B0001307000423A0E46A930BF00023A0747323
:10B6C0009386047A2322D100138606009306F03F66
:10B6D0002320D600938703BA2324F10023A0070078
:10B6E000130B800023A063839307700023A0F38AC9
:10B6F000130AF00323A04D0123A003C293091000F5
:10B7000023A0344323A0F42A23A0F46223A003CA75
:10B7100023A00422B7DE0F0023A023D3938EFE893B
:10B7200023A0D39B832E4101130F0900930A0040ED
:10B7300023A0D383930EF01F23A0D38B832E01026B
:10B740009308000437178C3C23A0DD01832E0101F0
:10B750001307471023A0D3C323A0344323A0F42A04
:10B76000832E8102B38EAE4123A0D46323A0A3CB4A
:10B77000832EC10183ACCE01832E01013389AE013A
:10B7800033099901B7DE0F0023A02423938EDE092D
:10B790003709060023A0D39B1309190123AA24010A
:10B7A00023A0E38323A0838B032F8101930C00103C
:10B7B000330D6D0123A0ED0123A003C223A0943318
:10B7C00023A0743B032FC100832C410223209F013F
:10B7D00023A003B223A0F42A23A0644323A044633C
:10B7E00023A003CA23A0F47223A0346B032F4100CB
:10B7F000B7CC0F00938CFC4923204F01032F81000D
:10B8000023200F0023A00422371F000023A0E3D32E
:10B8100023A0939B1303FFFF23A0538323A0838BB9
:10B8200023A06D0023A003C223A0143323A0743BE4
:10B830000323C1009308F03F2320130123A003B288
:10B8400023A0646B23A0F4728328410023A0480145
:10B850008328810023A0080023A0344323A0F42AD6
:10B8600023A0F46223A003CAB7D70F0023A00422A9
:10B870009387D78923A0F39A23AA240123AAE4005B
:10B8800023A20402EF10803183274101E34CFDDE47
:10B89000032AC102B7278C3C37040080938747A056
:10B8A000232AF40023220402EF10402F1303100078
:10B8B000232064429307F01F2320F42A8327810367
:10B8C000B716008013080020B38747412320F46295
:10B8D00023A046CB8327C101B7180000130E300008
:10B8E00083A787011306000437070100B307FA0096
:10B8F0002320F42223A006D337D80F001308F80919
:10B9000023A0069B2320146B2320C473832881016A
:10B91000130E0010130870002320147B23A006BA16
:10B9200023A0C683B7080100130EF00023A0C68B26
:10B930009388F8FF23A01D0123A006C22320042B17
:10B94000232064422320046323A006CA93870600B1
:10B95000B7C60F002320C4229386D60923A0D79A06
:10B96000B3076700232AF40083270101032741035B
:10B97000130A0A20B387E7002328F1008327010375
:10B98000E34EFACA03248107032901078329C1066C
:10B99000032B0106832BC105832C4105032D0105D3
:10B9A0008320C10783244107032A8106832A410695
:10B9B000032C8105832DC104130101086780000059
:10B9C000130101F737C8000023248108232EB10595
:10B9D00013040500938D050013050877232611082D
:10B9E000232CC100232AD1002328E1002326F100C3
:10B9F000EF108027635AB02DB74500009387F5FFFD
:10BA00000326810183264101032701012324F1003C
:10BA10008327C1002328610723267107232291076A
:10BA20002320A1072322910823202109232E310757
:10BA3000232C4107232A510723248107930C00005C
:10BA4000130D0000B71B0000130B10002326810408
:10BA50002328B103232AC102232CD102232EE10281
:10BA60002320F1048327C103B387970103A50700AF
:10BA700083274103B38697018327810383A60600AA
:10BA800033879701832701042326D100032407006D
:10BA9000B387970183A707002328F10063120524C9
:10BAA0006356801E3716008013060692B7070600FD
:10BAB0009387170037070001232AC100B7C60F007C
:10BAC00037060800371A0080370F0080B70E008055
:10BAD000370E008013068600371300809386F60920
:10BAE0001307F7FFB7080080232EF1009307F4FF38
:10BAF000130A0A82130F0F42938E0E62130E0E2248
:10BB0000232CC1001303039A2326D1022324E1022C
:10BB1000938848012322F102930F0000930AF063F7
:10BB2000232291052324A105832781023715008054
:10BB3000B7150080B38DF7418327C1003706008019
:10BB4000B7160080338DF701832741023718008034
:10BB5000B7D40F00B38CF74183270101B7D30F008F
:10BB600093090064338CF701B7C70F009387D70997
:10BB70002320F1029307740093F787FF1305058ACA
:10BB8000938505C21306062A938606CA130808D2AF
:10BB900013870F009384D409130980059383F30955
:10BBA00063D4F9009387090023207A01232005003C
:10BBB0008329410183228100B38FFF003304F440C5
:10BBC00023A0590023A005009389F7FF2320360105
:10BBD00023206F0123A05E0123A0060083228101A0
:10BBE00023205E002320F8008322C1029387FFFFF9
:10BBF000B387E7402320530023206F012320F60062
:10BC000023A0BE0123A0E6002320AE012320930041
:10BC10008322C10123A0580023A0280123206F0103
:10BC20002320F60023A09E0123A0E60023208E01FE
:10BC3000938717002320F8002320730023207A0124
:10BC400023200500832741010327810023A0E7006B
:10BC500023A005002320360123206F0123A05E01CD
:10BC600023A00600832781012320FE0083270102F1
:10BC70002320F3008327C10123A0F80023A028017B
:10BC8000E34480EA832C4104032D810483270103CC
:10BC9000130D1D00938C4C00E396A7DD0324C10413
:10BCA00083244108032901088329C107032A810746
:10BCB000832A4107032B0107832BC106032C81062E
:10BCC000832C4106032D010613050400032481087B
:10BCD0008320C108832DC105130101096F10402A7B
:10BCE000EF10801FE35480FA371600801306069287
:10BCF000B70706009387170037070001232AC10002
:10BD0000B7C60F0037060800B71A0080371A008040
:10BD1000B70E0080370E00803703008013068600C0
:10BD2000B71800809386F6091307F7FF37080080DD
:10BD30002326F1029307F4FF938A0A82130A0A8AE0
:10BD4000938E0E42130E0E6213030322232CC100A6
:10BD50009388089A2324D1022322E1021308480180
:10BD60002320F102130F0000232291052324A105B3
:10BD700083274102B715008037060080B38DE74165
:10BD80008327C100B716008037150080330DFF00F0
:10BD900083270102B7D40F00B7C20F00B38CE7416D
:10BDA00083270101B70F010093030064330CFF00E8
:10BDB000B7D70F009387F709232EF100930774007C
:10BDC00093F787FF938505C21306062A938606CA52
:10BDD000130505D213070F009384D40913098005B6
:10BDE0009382D209938F1F0063D4F30093870300DB
:10BDF00023A07A0123200A008323410183298100A3
:10BE0000330FFF003304F44023A0330123A00500C7
:10BE10009389F7FF2320360123A06E019303F0637B
:10BE200023207E0023A006008323810123207300AA
:10BE30002320F500832381029307FFFFB387E740A8
:10BE400023A0780023A06E012320F6002320BE014A
:10BE500023A0E6002320A30123A098008324C1028D
:10BE60009303F063232098002320280123A06E0170
:10BE70002320F60023209E0123A0E6002320830137
:10BE8000938717002320F5008327C10123A0F80022
:10BE900023A07A0123200A00832741010327810080
:10BEA00023A0E70023A005002320360123A06E0174
:10BEB00023207E0023A00600832781012320F30096
:10BEC00023A058002320F80123202801E34280EA20
:10BED0006FF05FDB130101F9B7C700002322910661
:10BEE0009304050013850777232611062324810672
:10BEF000232021071384050013090700232CC10008
:10BF0000232ED100EF00505613050900EF00D07C1E
:10BF10009307F4FF232AF100635C802237070001B6
:10BF2000B7C60F00B7070300232A51052328610570
:10BF3000232671052320A10537450000B71B00808B
:10BF4000371B0080B71A0080B70E0080370E0080C4
:10BF500037030080370D0800B71800809386F60974
:10BF60001307F7FFB7050080938717002324810587
:10BF700023229105232EB103232E3105232C4105C5
:10BF8000130F0000938B0B82130B0B8A938A0A9278
:10BF9000930DF5FF938E0E42130E0E6213030322D0
:10BFA000130D8D009388089A2322D1022320E102E9
:10BFB000938545012324F102B71C0000930F100064
:10BFC000130CF063232691028327010237150080AA
:10BFD00037060080338AE74183278101B716008046
:10BFE00037180080B309FF00B7D70F009387D70930
:10BFF0002322F1008327410193040064130505C245
:10C000003389E7418327C1011306062A938606CAAE
:10C01000B307FF002320F100B7D70F009387F7097C
:10C020002324F100B7C70F009387D7092326F10017
:10C03000B7070100938717002328F10093077400C6
:10C0400093F787FF130808D213070F0093038005A7
:10C0500063D4F4009387040023A09B0123200B00EA
:10C0600023A0BA01232005009384F7FF2320960024
:10C0700023A0FE0123208E0123A006002320A3017C
:10C080002320F80083224102330FFF003304F440E1
:10C0900023A058009307FFFF23A0FE01B387E740CA
:10C0A0002320F60023204E0123A0E60023203301A5
:10C0B0008322410023A058008322810223A055003F
:10C0C00023A0750023A0FE012320F60023202E01CB
:10C0D00023A0E60003270100938717002320E30035
:10C0E0002320F8008327810023A0F80023A09B01D0
:10C0F00023200B0023A0BA01232005002320960053
:10C1000023A0FE0123208E0123A006002320A301EB
:10C110008327C10023A0F8008327010123A0F50095
:10C1200023A07500E34280EA8324C1028329C1056C
:10C13000032A8105832A4105032B0105832BC104B2
:10C14000032C8104832C4104032D0104832DC1039E
:10C15000032481068320C1060329010613850400F8
:10C1600083244106130101076F009061130101F957
:10C1700037C3000023248106130405001305037749
:10C1800023261106232EB100232CC100232AD1001F
:10C190002328E1002326F100232401012322110199
:10C1A000EF00902C03258107EF001053832701082F
:10C1B000032741088325C101032681013383E70258
:10C1C0008327C10083264101032701012328F102AF
:10C1D0008327010703288100832841002322F104DB
:10C1E0008327410737B502002320B1022324F1043D
:10C1F000832781079305010213133300232AF104D7
:10C200008327C107130505DA2322C1022328F1047D
:10C21000832701082324D1022326E102232EF104DF
:10C2200083274108232A0103232E110323266104B7
:10C23000232CF104EF90DEDA13050400EF005054D4
:10C240008320C106032481061301010767800000D3
:10C25000130101FA37C30000232A91049304050057
:10C2600013050377232E1104232C8104232EC100F0
:10C2700013840500232CD100232AE1002328F10098
:10C280002326010123241101EF00101E032541067E
:10C29000EF009044832701010326C1018326810119
:10C2A0002324F10283270106032741010328C1004B
:10C2B000232AF102832741068328810037B5020033
:10C2C0002326F10483278106930581021305C54BBC
:10C2D000232281042320C104232CD102232EE10236
:10C2E00023260103232811032324F104EF905ECFBA
:10C2F00013850400EF00D0488320C1050324810585
:10C300008324410513010106678000000327C5004F
:10C3100083270500130101F723261108232CF102BE
:10C320009357F74193F7F700B387E70093D7474058
:10C3300093973700232EF102832745002320F10431
:10C34000832785002322F104638E05020326C1039F
:10C3500083270501832601043307C740B307F6028C
:10C36000B386C6002320D104232EE1028326410494
:10C3700003278103B386C6002322D104B307F70045
:10C38000232CF1028327C103232E01009387F7FF9B
:10C390002324F1048327C103638A074CB7470000B5
:10C3A000B706008037078C3C938646011307470089
:10C3B0009387F7FF232291072324810823229108E2
:10C3C00023202109232E3107232C4107232A51073B
:10C3D0002328610723267107232481072320A1072F
:10C3E000232EB105232CD1002326E1042326F102BC
:10C3F000930C0500832781010327C104930D0000DE
:10C4000023A0E7000327C1038326C10183A70C01F2
:10C410003307D7402328E1026358F02AB707010009
:10C42000B70600809386065A371D00809387F7FF72
:10C430002320D102130D0D92232AF102370F008021
:10C44000130700402320EF3293070F3A2322F10015
:10C45000930A300023A0570183260102B71F000072
:10C460001386FFFFB717008023A0C600938707B28B
:10C470002324F1008326810093070F6A130AF0003A
:10C4800023A006002326F1000326C1009306000422
:10C4900093070F722320D6002328F1000326010101
:10C4A00093070F7A9309800023204601232AF10085
:10C4B000832541011306F03FB717008023A0C50074
:10C4C00023A007BA938E070023A03783138C07BAE3
:10C4D0009307700023A0FE8A9303F00323207D00BE
:10C4E00023A00EC29302100023205F422320FF2AC4
:10C4F0002320FF6223A00ECA23200F2237D70F006C
:10C5000023A0FED31307F78923A0EE9A83AF0C0173
:10C510001307F01FB7DB0F0023A0FE8323A0EE8AD2
:10C5200003A70C0183240103938BDB09B70F0600DB
:10C530003387E402B7D40F009384D4892322910275
:10C54000938F1F0137CB0F00130BFB4913040040DF
:10C5500037098C3C130949301307F7FF2320ED00FE
:10C560008324C10103A70C013387E40293044F0223
:10C570002324910223A0EEC223205F422320FF2A1E
:10C5800003A70C011307F7FF3307B7412320EF621E
:10C5900023A0BECB8324C10103A70C013387E4028F
:10C5A000832481033307B701330797002320EF2249
:10C5B00023A07E9B8324810137170000130EF7FF11
:10C5C00023A0F40123A0EE8223A05E8B8324C1026A
:10C5D000B38D3D0123209D0023A00EC293040010C3
:10C5E00023209F328324410023A04401832401029D
:10C5F000832B410323A074018324810023A0040022
:10C600002320FF2A23203F4323207F6223A00ECA3A
:10C610008324010123A0F4008324C10023A054003B
:10C620008324410123A0740023200C0023200F2227
:10C6300023A0EED223A06E9B23A08E8223A05E8B2C
:10C640002320CD0123A00EC2130700042320EF32C4
:10C65000032341001307F03F23204301032301027A
:10C660002320E30003278100232007000327C100C4
:10C6700023203701032701012320F700032741016D
:10C680002320770023200C0023205F422320FF2A51
:10C690002320FF6223A00ECA23200F2283274102FA
:10C6A00023A0FE9A8327810123A0F701832781011C
:10C6B00023A027018327810223A00700EF00004E5B
:10C6C00083A70C01E3CCFDD6B7050080130E100044
:10C6D00023A0C5439307F01F23A0F52A0327810455
:10C6E0008326C101930B002037D90F00330CD740AC
:10C6F00023A085638328C101B71600801309F909B7
:10C7000023A016CB8328C10103230104138D0572D6
:10C71000130B3000B387680023A0F52223A076D343
:10C7200023A0269BB718000023A0156B23206D01C2
:10C730000323C102930A0010B70F010023A0657AFA
:10C7400023A006BA23A056831303F00023A0668A11
:10C75000938FFFFF23A0F69323A006C2130A700055
:10C7600023A0452B23A0C54323A0656223A006CAAE
:10C770001308000423A0052337C80F001308D809A5
:10C78000232201018328410037080600938D057A92
:10C7900023A0169BB308C8010328810193890600D2
:10C7A0002320180123A0C5431308F01F23A0052B45
:10C7B00023A08563032CC10123A086CB032CC101D8
:10C7C00003284104330C0C0123A0852323A076D336
:10C7D00023A0269B3718000023A0056B23206D01A2
:10C7E0000328C10223A00D0123A006BA23A056836B
:10C7F00023A0668A23A0F69323A006C223A0452B7C
:10C8000023A0C54323A0656223A006CA9306800423
:10C8100023A0D5220327410023A0E99A8327C10141
:10C82000B3877701232EF1008327810123A017010D
:10C830008327C1010327C103E3EEE7BA032481087C
:10C8400083244108032901088329C107032A81079A
:10C85000832A4107032B0107832BC106032C810682
:10C86000832C4106032D0106832DC1058320C108B9
:10C870001301010967800000130101FC37D8000093
:10C88000232A9102930405001305C896232E110252
:10C89000232C81022326C100138405002324D10008
:10C8A0002322E1002320F100EF00003C0326C10019
:10C8B00083268100032741008327010037C502003A
:10C8C0001305C5309305C101232E81002320C10229
:10C8D0002322D1022324E1022326F102EF904EF01D
:10C8E00013850400EF00C06913058101EF901EA7B6
:10C8F000E30C05FE8320C103032481038324410349
:10C900001301010467800000130101FE232441018B
:10C9100083C7D1A1232E1100639A0708130505D8F8
:10C920006310050A938505E2639C0508232C8100AA
:10C93000232A9100370400C023263101B7090040A3
:10C9400023282101938481381309C403938949FD65
:10C950001304C40237250E00130505F0EF20012350
:10C96000B3073401B387F40023A0A7002320A40059
:10C9700013044400E31024FFB70700C0130710009E
:10C9800023A2E70283A781A20324810103290101D5
:10C9900093972700B384F40083A704008329C10080
:10C9A00083244101A38EE1A023A0F1A2130500007E
:10C9B0008320C101032A8100130101026780000066
:10C9C0001305F0FF6FF0DFFE83A781A21387813884
:10C9D00093972700B307F70003A60700B70700C027
:10C9E00023A6C70283A781A21306300093871700EE
:10C9F0006342F60213860700939727003307F70078
:10CA00000327070023A4C1A223A0E1A2130500006D
:10CA10006780000013060000930700006FF0DFFD41
:10CA2000130101FE2326310183C7C1A1232E11006A
:10CA300063980708130505D8631E0508938505E26A
:10CA4000639A050837250E00130505F0232C810095
:10CA5000232A91002328210123244101EF200113DF
:10CA6000370400C0370900409304440223A6A1A262
:10CA700013044401138A81391309C9FE37250E00B6
:10CA8000130505F0EF208110B3072401B307FA0066
:10CA900023A0A7002320A40013044400E31094FE65
:10CAA00013071000B70700C023A6E7000324810185
:10CAB0008324410103290101032A8100238EE1A07F
:10CAC000130500008320C1018329C1001301010265
:10CAD000678000001305F0FF6FF0DFFEB70700C0AE
:10CAE0009387070183A7070083A641A213050000CF
:10CAF000638EF60223A2F1A2639C0702B70600C070
:10CB00009386060293073000138781389397270096
:10CB1000B307F70003A7C1A283A5070113051000FF
:10CB200023A8E70023A6B1A223A0E60067800000A7
:10CB3000B706003093864600B386D700939626004A
:10CB40009387F7FF6FF05FFC03A5C1A26780000029
:10CB5000B70700C023A0A70067800000B70700C088
:10CB600003A5870067800000B70700C003A5C703BF
:10CB70001375F50F67800000B70700C023A0A70456
:10CB800067800000B70700C003A547046780000066
:10CB9000B70700C003A5870467800000130101FCEC
:10CBA0002320110023228100232491002326210128
:10CBB00023283101232A4101232C5101232E610115
:10CBC0002320710323228103232491032326A1031D
:10CBD0002328B10393020100130102001382020013
:10CBE0008320010003244100832481000329C10024
:10CBF00083290101032A4101832A8101032BC101F9
:10CC0000832B0102032C4102832C8102032DC102DC
:10CC1000832D010313010104678000001383015D6C
:10CC200093020100938202801382020023A0A200DB
:10CC300023A2820023A4920023A6220123A832016A
:10CC400023AA420123AC520123AE620123A0720346
:10CC500023A2820323A4920323A6A20323A8B20340
:10CC6000232253006780000003A701A36304A726C3
:10CC7000130101FD23A8A1A2835705001305250078
:10CC8000B705008093F6E7FFB306D50003D706008B
:10CC90003706008013088005135717401307370025
:10CCA0001306460123A205022320060113180701DB
:10CCB0001358280193854502137FC7FF6314080AA0
:10CCC00023A0050037030080130E10002320C34368
:10CCD000130730002320E32A2320E362B7150080E6
:10CCE00023A005CA93D737409306400023A0D582DE
:10CCF0009386F7FF23A0D58A23A0D59223A005C24F
:10CD0000370718002320E3229397270037C60F0028
:10CD100023A0F5D21306F60723A0C59A2320C34308
:10CD20009387F7FF2320F32A2320F36223A005CA69
:10CD30001355150037D60F002320A3221306D6075C
:10CD4000B706060023A0C59AB70700803387C6013F
:10CD500023AAE7001307800523AAE70013010103B4
:10CD60006780000037180080232681022324910267
:10CD700023222103232A6101232871012324910105
:10CD80002322A101232C51012320B10137140000DB
:10CD900013080882B7180080232088003787000016
:10CDA0003718008023A0088A130BF7FF371700807D
:10CDB00023206893232007C2370E00809302FFFFD1
:10CDC00023205E2A93031000130707C223207E420C
:10CDD000930B07009388088A1307F4FF2320EE6261
:10CDE000B718008023A008CAB704080023209E2299
:10CDF00023A0E8D3938FF40723A0F89B23207E423F
:10CE0000938C0F00B70F000123205E2A938FFFFF42
:10CE10002320FE63138908D29386260023A008CA24
:10CE200093D6160037D90F002320DE221309D90725
:10CE300023A0289B130D0900370906003309790048
:10CE40002320260123A00500B715008093850582C5
:10CE500023A08500B715008023A0058A23206893AE
:10CE60009385058A23A00B0023205E2A9305F4FFF7
:10CE700023207E422320BE6223A008CA23209E22B4
:10CE800023A0E8D323A0989B23207E4223205E2A60
:10CE90002320FE6323A008CA2320DE2223A0A89B10
:10CEA0002320260113080892938508D20324C10287
:10CEB0008324810203294102832A8101032B41013A
:10CEC000832B0101832C8100032D4100832D010060
:10CED0006FF05FDF678000006302050AB70800801B
:10CEE000130310008357050023A0684223A0682A7B
:10CEF00023A0686237160080232006CA930620000C
:10CF00002320D6829306F01F2320D68A2320D69290
:10CF1000232006C23707100023A0E822130F004089
:10CF200037CE0F002320E6D3130EFE072320C69B27
:10CF30009397870023A068429387F7FF23A0F82ADE
:10CF400023A0F86213052500232006CA930E0600CD
:10CF50001355150037D60F0023A0A8221306D607B5
:10CF6000B7060600B707008023A0CE9A3387660075
:10CF700023AAE7001307800523AAE70067800000C3
:10CF8000B70700801387C70523200700138707060C
:10CF90002320A7001307E00523AAE700678000000D
:10CFA000130101FA232C8104232E1104232A910456
:10CFB0002328210523263105232441052322510559
:10CFC00023206105232E7103232C8103232A91033F
:10CFD0002328A1032326B1038324850013D4F4015D
:10CFE0003304940013541440639E051EB70C0001D3
:10CFF000938CFCFF9304F4FF130E0000B70800802D
:10D00000B713000023A0786A93023000B7450000F0
:10D0100023A058729385F5FF23A0B87AB716008035
:10D0200023A006BA930F001023A0F6839387068AE5
:10D030002324F10003278100130FF000B70701003C
:10D040002320E7019387F7FF2328F10083260101BE
:10D0500037130080130703922326E1002320D70013
:10D06000930703C2232AF100B70B008023A0070017
:10D07000930D700023A0BB2B9307100023A0FB424D
:10D0800023A0BB63232003CA23A00B22930E0020FE
:10D090002320D3D3B7CE0F00938EFE072320D39B3C
:10D0A00023A0FB4223A09B2A23A09B632320C3CB66
:10D0B000832E0500232EA100232CC10193DE1E0028
:10D0C000B38ECE0137DC0F0023A0DB23130CDC076B
:10D0D000370D06002320839B330DFD00B70E8C3CDB
:10D0E00023AAAB01938E4E0023AADB01130A03008F
:10D0F00023A20B02EFF09FAA9307100023A0FB428C
:10D1000023A09B2A23A09B63032E8101B7DE0F007F
:10D11000938EFE072320CACB0325C101B71300005D
:10D1200037470000032545009302300013860B7A31
:10D13000135515003305C50123A0AB2223208AD245
:10D140002320DA9B23A07B6A23A05B729305F7FF61
:10D150002320B60023200ABA930F00102320FA835D
:10D1600003278100130FF0002320E7010327C100EC
:10D17000832601012320D700032741012320070034
:10D1800023A0BB2B23A0FB4223A0BB6323200ACAFE
:10D1900013078000B7C70F0023A0EB229387D707A0
:10D1A0002320FA9A23AAAB01032481058320C10519
:10D1B00083244105032901058329C104032A81042D
:10D1C000832A4104032B0104832BC103032C810315
:10D1D000832C4103032D0103832DC102130101069A
:10D1E000678000009384F4FFB70C0001B38484408F
:10D1F000938CFCFFB38C8C40130E0400138414003A
:10D200006FF0DFDF37D50000130101FE130545C2C3
:10D21000232C8100232E1100EFF01FA51384813AE7
:10D22000930780002310F4002311F4002312F4006C
:10D230002313F4002314F4002315F400130704014E
:10D240002316F400232281002324E1002326F10089
:10D250002317F4000F50000037D50200130505FA1C
:10D2600093054100EF80DED713050000EFF05FD19A
:10D2700013050100EF908E8EE30C05FE8327C1009D
:10D28000635CF00A0357040193064000131607017C
:10D2900013560601631AD70A13071000638EE708B6
:10D2A000035724019316070193D60601631EC7088E
:10D2B000130720006382E708035744011316070190
:10D2C000135606016312D708130730006386E7067A
:10D2D000035764019316070193D606016316C70628
:10D2E000638CD7040357840193064000131607018B
:10D2F00013560601631AD70413075000638EE70222
:10D300000357A4019316070193D60601631EC702B3
:10D31000130760006382E7020357C4011316070175
:10D32000135606016312D702130770006386E700E5
:10D330008357E401639AC7008320C101032481015C
:10D340001301010267800000370700C09307F0FF58
:10D350002320F7002320F7006FF09FFF6780000075
:10D36000130101ED13054103232611122324811219
:10D37000EF900E8913050106EF908E881305410189
:10D38000EF901EF91305C108EF209F921305C0000E
:10D39000EFF0410FB7A700009387070483C617007B
:10D3A00003C7270003C60700A300D5002301E5003B
:10D3B00083C6470003C757002300C5002302D500DA
:10D3C00003C6370083C67700A302E50003C78700C2
:10D3D000A301C500A303D50003C6670083C6970059
:10D3E0002304E50003C7A70083C7B7001308C500DF
:10D3F0002303C500A304D5002305E500A305F5001C
:10D400002324A10093070000130781009306000066
:10D4100013061000930500001305410323280101A2
:10D4200023260101EF908ED013040500032581050A
:10D430001306300993050000EF60D05793070500ED
:10D440009305600013077000130680001308500056
:10D450001305900013034000930E3000930F20003B
:10D46000930610009308A000130EB000130FC00025
:10D470002381F7012384F7012387F7012383B70072
:10D480002386B7002389B700238CB700238FB7000A
:10D49000A380D700A383D700A381D701A384D7019A
:10D4A000A387D701A38AD70123826700238567005A
:10D4B00023886700238B6700238E6700A382070100
:10D4C000A3850701A3880701A38B0701A38E07018A
:10D4D000A386E700A389E700A38CE700A38FE700FA
:10D4E000238AC700238DC7002380C702A38DA7000E
:10D4F000A380A7022382B7022385B7022389F703FB
:10D50000238BB702238CF703238EB702A381070373
:10D51000A382E7022383C702A383A702A385E702AE
:10D520002386C702A386A702A388D702A389D703AD
:10D53000238A6702A38A0703A38BE702A38CD7037E
:10D54000238D6702A38D0703A38EE702238FC702F3
:10D55000A38FD70323806704A380070523811703C4
:10D560002384170323871703A384C703A387C70351
:10D570002388E7032381B7042381F707930FD000A3
:10D580002384B7042387B704238AB704A381E7045D
:10D590002382C704A382A70423836704A383070508
:10D5A000A384E7042385C704A385A704238617055E
:10D5B000A3860705A387E7042388C704A388A704D5
:10D5C00023891705A389C705A38AE704238BC7040A
:10D5D000A38BA704238C1705A38CC705238DE70510
:10D5E000A38DE704238EC704A38EA704238F1705FA
:10D5F000A38FC7052380E707A380F707A381D70779
:10D600002383B7062386B7062389B706238CB7067C
:10D61000238FB70623826706A3820707A383E70643
:10D620002384C706A384D70723856706A385070736
:10D63000A386E7062387C706A387A706238867066E
:10D64000A3880707A389E706238AC706A38AA70634
:10D65000238B1707A38B0707A38CE706238DC70629
:10D66000A38DA706238E1707A38EC707A38FE706F0
:10D670002380C708A380A70823811709A381C709AE
:10D680009305E0002382E709A382E7082383C70804
:10D69000A383A70823841709A384C7092385E7095F
:10D6A000A385F7092386C708A386A7082387170938
:10D6B000A387C7092388E709A388F7092389B7083F
:10D6C0006312040AB775000093850502130701066B
:10D6D000130641031305C108EF204FE49305C10869
:10D6E00013054101EF909ED813054101EF90DEEB49
:10D6F0000F50000013054101EF901EF413042000A9
:10D700009305F0FF13054101EF90DEF4E30A85FE77
:10D710000F5000001305C108EF60DF820325810070
:10D720006308050083250101B385A540EFE0C1171B
:10D730001305C108EF601F8F13054101EF901ECE46
:10D7400013050106EF805ECF13054103EF80DECEA7
:10D750008320C11203248112130500001301011359
:10D7600067800000B786000037860000378500001C
:10D77000938646961306469713058598930570027F
:10D78000EF10412B832781001304050063960704E3
:10D790001305C108EF601F8913054101EF901EC8F2
:10D7A00013050106EF805EC913054103EF80DEC853
:10D7B00013050400EF40D07C130405006FF05FFDFB
:10D7C000130405006FF05FFD130405006FF05FFDAB
:10D7D000130405006FF05FFD832501011385070029
:10D7E000B385F540EFE0410C6FF09FFA130E050092
:10D7F000138305001307000063DC0500B337A000A6
:10D800003303B0403303F340330EA0401307F0FF5F
:10D8100063DC0600B337C000B306D0401347F7FF00
:10D82000B386F6403306C040130806009385060011
:10D8300093080E00930703006396062237A50000A5
:10D84000130545366374C30EB70601006376D60C24
:10D850009336061093B6160093963600B35ED60044
:10D860003305D50103450500B306D50013050002B5
:10D87000638EA6003305D540B317A300B356DE0070
:10D880003318A600B3E7F600B318AE00135308012F
:10D8900033D567021316080113560601B3F7670262
:10D8A000330EA6029396070193D70801B3E7F6005B
:10D8B00063FAC701B307F80063F4C70163FA0719F5
:10D8C0001305F5FFB387C741B3D6670293980801E4
:10D8D00093D80801B3F767023306D602939707017E
:10D8E000B3E8F80063FAC800B308180163F4C8008D
:10D8F00063F608179386F6FF131505013365D50007
:10D90000630A0700B337A000B305B040B385F54004
:10D910003305A04067800000B70E00019306800128
:10D92000E37ED6F3930600016FF05FF393060000E9
:10D93000630C0600B7070100637AF60493360610FD
:10D9400093B6160093963600B357D6003305F5000C
:10D950008347050093050002B387D7006392B7049D
:10D96000B307C340930510001353080133D5670272
:10D97000131608011356060193D60801B3F7670280
:10D98000330EA602939707016FF05FF2B70700010D
:10D9900093068001E37AF6FA930600016FF0DFFA4E
:10D9A000B385F5403318B600B356F3003313B30014
:10D9B000B357FE00B3E7670013530801B318BE0066
:10D9C000B3D566021315080113550501B3F66602B7
:10D9D000330EB5021396060193D60701B3E6C600CF
:10D9E00063FAC601B306D80063F4C60163F6060500
:10D9F0009385F5FFB386C64133D666029397070138
:10DA000093D70701B3F666023305C5029396060164
:10DA1000B3E7D70063FAA700B307F80063F4A700E1
:10DA200063F207031306F6FF93950501B387A7403A
:10DA3000B3E5C5006FF05FF39385E5FFB38606019C
:10DA40006FF05FFB1306E6FFB38707016FF0DFFDA2
:10DA50001305E5FFB38707016FF0DFE69386E6FF66
:10DA60006FF09FE96364D318B707010063F4F6040D
:10DA700093B5061093B5150093953500B7A7000030
:10DA800033D5B60093874736B387A70083C707000F
:10DA9000930E0002B387B7006398D7033335CE00E7
:10DAA00013351500B3B666003365D5009305000045
:10DAB0006FF01FE5B707000193058001E3F0F6FC66
:10DAC000930500016FF09FFBB38EFE40B355F60047
:10DAD000B396D6013358F300B3E6D5003313D30120
:10DAE000B357FE00B3E5670013D30601B3576802CE
:10DAF00013950601135505013316D60133786802D4
:10DB0000330FF5029318080113D805013368180183
:10DB1000637AE801338806016374E801637CD80AFC
:10DB20009387F7FF3308E841B358680293950501DE
:10DB300093D50501337868023305150313180801DE
:10DB4000B3E5050163FAA500B385B60063F4A5004B
:10DB500063F8D5089388F8FF939707011318060117
:10DB6000B385A54033E517019398080193D80801C0
:10DB70009356050113580801135606013383080311
:10DB80003388060393570301B388C802B38808019A
:10DB9000B3871701B386C60263F607013706010093
:10DBA000B386C60013D60701B306D60063E0D502DC
:10DBB000131303019397070113530301331EDE016F
:10DBC000B3876700E374FEEEE392D5EE1305F5FF2D
:10DBD0006FF0DFED9387E7FF3308D8006FF09FF415
:10DBE0009388E8FFB385D5006FF01FF79305000019
:10DBF000130500006FF0DFD0130101FD13D74501BD
:10DC00002324810223202103232E3101232A5101C1
:10DC1000232671011394C5002326110223229102A9
:10DC2000232C4101232861011377F77F9309050015
:10DC3000930B0600938A06001354C40013D9F50110
:10DC40006300070A9307F07F6300F710135AD501AA
:10DC500013143400336A8A00B7078000336AFA006D
:10DC600093143500930917C0130B000093D74A0192
:10DC70001394CA0093F7F77F1354C40093DAFA01A0
:10DC8000638207109306F07F6386D716131434005F
:10DC900093D6DB01B3E686003704800033E48600C8
:10DCA000139F3B00938717C0930600003387F9400A
:10DCB00093172B00B3E7D7009387F7FF1306E00015
:10DCC000334859016360F61637A600009397270082
:10DCD0001306C604B387C70083A707006780070041
:10DCE000336AA400630E0A066300040413050400EB
:10DCF000EF60804793070500130755FF130AD00113
:10DD0000938687FF330AEA403314D40033DA49019B
:10DD1000336A8A003394D9001307D0C0B309F7409F
:10DD2000930404006FF05FF4EF60004413075501A3
:10DD30009306C00193070502E3D2E6FC130585FFB5
:10DD4000339AA9006FF05FFD336AA40063120A02E0
:10DD50009304000093090700130B20006FF01FF1DC
:10DD60009304000093090000130B10006FF01FF0E4
:10DD700093040500130A040093090700130B3000F5
:10DD80006FF0DFEE336F740163000F086302040469
:10DD900013050400EF60403D93060500930755FF0F
:10DDA0009305D001138686FFB385F5403314C40074
:10DDB000B3D5BB00B3E585003394CB009307D0C047
:10DDC000130F0400B387D740138405006FF0DFED15
:10DDD00013850B00EF604039930755011306C0010E
:10DDE00093060502E35EF6FA930585FFB395BB0043
:10DDF0006FF0DFFC336F740163100F021304000037
:10DE0000930620006FF09FEA1304000093070000C0
:10DE1000930610006FF09FE9138F0B0093063000FC
:10DE20006FF0DFE86366440163188A3063E6E4312B
:10DE30009316FA0193D714001396F401135A1A009B
:10DE4000B3E4F6009318840093568F01B3E61601ED
:10DE500093D80801B3551A03939E060193DE0E0171
:10DE600093D7040113158F00337A1A033383BE024C
:10DE7000131A0A01B3E7470163FA6700B387F60094
:10DE800063E4D70063E0672C9385F5FFB3876740B1
:10DE900033D317039394040193D40401B3F7170306
:10DEA000338E6E0293970701B3E4F40063FAC40162
:10DEB000B384960063F4C40163FCD4281303F3FF16
:10DEC00093950501B3E56500B384C44193970501BB
:10DED000131E050193DF05011353050193D70701B5
:10DEE000135E0E01B382C703B383CF03B307F302FC
:10DEF000338F770093D70201B387E701B38F6F02A7
:10DF000063F67700370F0100B38FEF0113DF0701CE
:10DF1000939202019397070193D20201330FFF01FD
:10DF2000B387570063E6E401639AE4236378F6223B
:10DF3000B30FA600B3B2CF00B383D200B384740092
:10DF40001384F5FF13860F0063E6960063940202C4
:10DF50006392960263E6E401631E9F0063FCFF0088
:10DF60003306F5011384E5FFB335A600B385D5006C
:10DF7000B384B400B307F640B384E4413336F6000B
:10DF8000B384C440130FF0FF63869610B3D5140317
:10DF900013D60701B3F41403338FBE029394040124
:10DFA00033669600637AE6013386C6006364D60062
:10DFB000636AE61B9385F5FF3306E641335F16037C
:10DFC0009397070193D7070133761603B38EEE03B9
:10DFD00013160601B3E7C70063FAD701B387F6004B
:10DFE00063F4D70163F6D718130FFFFF13960501EB
:10DFF0003366E6019315060193D50501B387D74132
:10E00000935E0601330FBE02338ECE03B30ED303ED
:10E010003303B30293550F013303C301B385650086
:10E0200063F6C501B7080100B38E1E0193D8050140
:10E03000131F0F0193950501135F0F01B388D801DA
:10E04000B385E50163E6170163941705638805123C
:10E050003383F600130FF6FF930703006364D302C4
:10E060006366130163141303637EB500130FE6FFA9
:10E0700013161500B337A600B387D700B307F30014
:10E08000130506006314B5006386170113060F001D
:10E09000136F16009307F73F6356F01293767F00D5
:10E0A000638006029376FF0013064000638AC60071
:10E0B000B306CF0033B6E6013304C400138F060065
:10E0C0009316740063DA0600B70700FF9387F7FF23
:10E0D0003374F400930707401307E07F634AF71A8D
:10E0E0001317D401135F3F003367E7011354340063
:10E0F0001314C4001354C400939747018320C10232
:10E10000B3E78700032481021318F8018324410236
:10E11000032901028329C101032A8101832A4101C4
:10E12000032B0101832BC10013050700B3E5070191
:10E1300013010103678000001307F7FF13060000B7
:10E140006FF05FD09385E5FFB387D7006FF01FD4E2
:10E150001303E3FFB384D4006FF09FD6138405004C
:10E160006FF05FE19385E5FF3306D6006FF0DFE4E3
:10E17000130FEFFFB387D7006FF05FE713050000C1
:10E18000130F06006FF01FF013880A00138B0600B0
:10E1900093072000630EFB0E930730006300FB0E15
:10E1A00093071000E318FBEE1304000013070000B0
:10E1B0006F00C0081308090013040A00138F04003D
:10E1C0006FF01FFD63800708930690FCE3CED7FC39
:10E1D000930620FE63CCD70693061000B386F64064
:10E1E0001307E741B357DF00331FEF00333FE00170
:10E1F0003317E400336FEF00B3E7E7013354D40083
:10E2000013F777006300070213F7F7009306400047
:10E21000630AD7003387D700B336F7003304D4003E
:10E220009307070013178400634C07061317D401E4
:10E2300093D737003367F700135434009307000077
:10E240006FF01FEB930610006FF09FF9930510FE1F
:10E25000B386F540B356D400130600006386B700BA
:10E260001307E7433316E4003366E6013336C00094
:10E27000B3E7C600130400006FF09FF837040800EE
:10E28000130700009307F07F130800006FF05FE6AC
:10E2900013040000130700009307F07F6FF05FE5A1
:10E2A0001304000013070000930710006FF05FE4F1
:10E2B000B707100013D845019387F7FF13D3460122
:10E2C0001378F87F930EF07F33F7B70093080500BB
:10E2D00093DFF501B3F7D7001373F37F13DFF60174
:10E2E0006318D801336EA7001305100063120E04E3
:10E2F0006318D301B3E7C70013051000639A070240
:10E30000B3C6B60093961600639206026310160316
:10E3100013050000638EEF0113051000631A080057
:10E32000336717013335E0006780000013051000E4
:10E330006780000093D84501370710001307F7FFE7
:10E3400013D8460193F8F87F9307F07F3373B70033
:10E350001378F87F3377D70093D5F50193D6F6017C
:10E360006380F802130EF07F930708006314C8035C
:10E37000336EC70063000E029307E0FF6F000001D9
:10E38000336EA3009307E0FFE30E0EFC1385070036
:10E3900067800000130E000063960800336EA30030
:10E3A000133E1E0063180804B36EC700630A0E0014
:10E3B000E38E0EFC939716009387F7FF6FF01FFD17
:10E3C000639C0E02B305B04093E715006FF01FFC8D
:10E3D000E3C208FFE36867FE6374A600E304E3FE9C
:10E3E0006366C50093070000E372E3FA9397150094
:10E3F0006FF09FFCE3100EFCE396B6FCE35A18FDA9
:10E40000B306D04093E716006FF05FF893D845014C
:10E41000370710001307F7FF13D8460193F8F87F6A
:10E420009307F07F3373B7001378F87F3377D70003
:10E4300093D5F50193D6F6016380F802130EF07FB1
:10E44000930708006314C803336EC70063000E020D
:10E45000930720006F000001336EA3009307200094
:10E46000E30E0EFC1385070067800000130E00000A
:10E4700063960800336EA300133E1E006318080461
:10E48000B36EC700630A0E00E38E0EFC939716006E
:10E490009387F7FF6FF01FFD639C0E02B305B0403A
:10E4A00093E715006FF01FFCE3C208FFE36867FE07
:10E4B0006374A600E304E3FE6366C50093070000EF
:10E4C000E372E3FA939715006FF09FFCE3100EFCE4
:10E4D000E396B6FCE35A18FDB306D04093E7160066
:10E4E0006FF05FF8130101FD232E310193D945012F
:10E4F0002324810223229102232C4101232A51014A
:10E50000232671019394C5002326110223202103A1
:10E510002328610193F9F97F13040500930B06008A
:10E52000138A060093D4C40093DAF5016382090CC0
:10E530009307F07F6384F912939434009357D501C5
:10E54000B3E79700B7048000B3E4970013193500D0
:10E55000938919C0130B000013574A011314CA0002
:10E560001377F77F1354C400135AFA01630007129C
:10E570009307F07F6304F7181314340093D7DB017B
:10E58000B3E787003704800033E48700130717C020
:10E5900093973B0013080000B389E90013172B0081
:10E5A000336707019306A0001385190063C2E61ABA
:10E5B00013062000B3C54A01930610006348E6160F
:10E5C0001307F7FF63E6E61A130B08001307200092
:10E5D000630EEB4C130730006304EB4C1307100081
:10E5E0006314EB3413040000130600006F00404670
:10E5F00033E9A400630E0906638204041385040052
:10E60000EF50903613070500930655FF9307D0018E
:10E61000130687FFB387D740B394C400B357F40001
:10E62000B3E79700B314C4009309D0C01389040062
:10E63000B389E940938407006FF0DFF1EF50D032E7
:10E64000930655019307C00113070502E3D0D7FCD9
:10E65000930785FFB317F4006FF01FFD33E9A400A3
:10E660006310090293040000130B20006FF0DFEE2B
:10E670009304000093090000130B10006FF0DFED0E
:10E6800013090500130B30006FF01FEDB367740121
:10E69000638007086302040413050400EF50D02CC4
:10E6A00093070500130755FF9306D001138687FFD4
:10E6B000B386E6403314C400B3D6DB00B3E686006D
:10E6C0003394CB001307D0C03307F74093070400FF
:10E6D000138406006FF01FEC13850B00EF50D02859
:10E6E000130755019306C00193070502E3DEE6FA1E
:10E6F000930685FFB396DB006FF0DFFCB367740110
:10E700006390070213040000130820006FF0DFE895
:10E710001304000013070000130810006FF0DFE778
:10E7200093870B00130830006FF01FE73397E60064
:10E73000137607536318060293760724639A063408
:10E74000137787086306070293050A006FF0DFE777
:10E750009306F0006306D7349306B00093850A0051
:10E76000E304D7FE13840400930709006FF01FE64B
:10E7700093580901139E07011319090113D60701C4
:10E7800013590901135E0E01B307C9033383C8038C
:10E7900013D8070133072603330767003308E8005F
:10E7A000B386C8026376680037070100B386E600C7
:10E7B00013570401939707011314040193D707011A
:10E7C00013540401935F080113180801330F8902E1
:10E7D0003308F8003309270313530F01B387880266
:10E7E0003309F90033032301B388E8026376F300A9
:10E7F000B7070100B388F800131F0F01135F0F0163
:10E8000093170301B387E70113DF04019394040115
:10E8100093D40401B382C403935E0301B38E1E013B
:10E82000B38FFF00330ECF0393D80201B303E60387
:10E83000330696023306C601B388C80063F6C801E2
:10E8400037060100B383C30033868402939202012A
:10E8500013D3080193D20201939808013303730084
:10E86000B388580033048F02135E0601330FE703A9
:10E870003307970233078700330EEE0063768E006E
:10E8800037070100330FEF001316060113170E01AF
:10E8900013560601B386F6013307C700B30ED7013E
:10E8A000B3B7F600B387FE00B38816013383670061
:10E8B000B3B6D80033B6EE00B306D300B3BED7016B
:10E8C0003337F3003366D60133B36600135E0E01AF
:10E8D000939798003306C601336767003307C70074
:10E8E000B3E707013307E701B337F00093D87801A6
:10E8F0001317970013D47601B3E717019396960088
:10E90000B3E7D700931677003364870063D2060C11
:10E9100013D7170093F717003367F7009317F40125
:10E92000B367F700135414001307F53F6356E00A6A
:10E9300093F677006380060293F6F7001306400013
:10E94000638AC600B386C70033B6F6003304C4003A
:10E95000938706009316740063DA0600370700FFFA
:10E960001307F7FF3374E400130705409306E07FB5
:10E9700063CEE6121316D40193D737003366F60040
:10E98000135434001314C4001354C4001317470164
:10E990008320C10233678700032481029395F50128
:10E9A000B367B70083244102032901028329C1010F
:10E9B000032A8101832A4101032B0101832BC1001A
:10E9C000130506009385070013010103678000000B
:10E9D000138509006FF05FF563000708930690FC4C
:10E9E000E342D7C0930620FE634CD706930610007F
:10E9F0003387E6401305E541B3D6E700B397A70098
:10EA0000B337F0003315A400B3E7A700B3E7D7008E
:10EA10003354E40013F777006300070213F7F7009D
:10EA200093064000630AD7003387D700B336F70058
:10EA30003304D400930707001317840063400708CA
:10EA40001316D40193D737003366F60013543400FD
:10EA5000130700006FF01FF3130710006FF09FF90A
:10EA6000130810FEB306E840B356D40013060000A6
:10EA7000630607011305E5433316A400B3E7C70097
:10EA8000B337F000B3E7F600130400006FF09FF80F
:10EA9000370408001307F07F930500006FF09FEE26
:10EAA00037040800130600006FF0DFFE13040000B7
:10EAB000130600001307F07F6FF0DFEC1304000073
:10EAC00013060000130710006FF0DFEB370710008C
:10EAD00013D645019307F7FF1376F67F9306E03FC1
:10EAE000B3F7B70063D0C60A130101FF23248100E6
:10EAF000232611009306D04313D4F50163D2C60236
:10EB0000B70500809385F5FF1305F4FFB305B40046
:10EB10008320C100032481001301010167800000EC
:10EB2000B3E5E7009307204363D2C7021306D6BCC0
:10EB3000EF50C05FE30E04FCB337A000B305B04054
:10EB4000B385F5403305A0406FF09FFC930730413B
:10EB500063D2C70293073043B387C7401306D6BEBC
:10EB60003396C5003355F5003365A600B3D5F500DF
:10EB70006FF05FFC3385C74033D5A50093050000D7
:10EB80006FF05FFB13050000930500006780000035
:10EB9000130101FF370780001307F7FF13D6750134
:10EBA0002324810013547501B377A7002322910019
:10EBB0003377B7001374F40F1376F60F2326110082
:10EBC000232021019354F50193D5F5019397370044
:10EBD00013173700B306C440639CB41C635ED008AF
:10EBE0009305F00F63160602630E07001386F6FF07
:10EBF00063180600B387E700130410006F00C00419
:10EC00006390B60213840600138707006F00002C80
:10EC1000E30CB4FE370600043367C7001386060012
:10EC20009305B0019306100063CEC5009306000261
:10EC3000B386C640B355C7003317D7003337E0005B
:10EC4000B3E6E500B387D700139757006352071266
:10EC5000130414001307F00F630EE434B706007EAC
:10EC600013D717009386F6FF3377D70093F7170073
:10EC7000B367F7006F00C00F63840606B3068640D3
:10EC80001305F00F631E0400638007329385F6FFBF
:10EC9000E38205F6639EA6001304F00F6F000023C5
:10ECA000E30CA6FEB7050004B3E7B70093850600A2
:10ECB0001305B00193061000634EB50093060002E1
:10ECC000B386B64033D5B700B397D700B337F0005B
:10ECD000B366F500B387E600130406006FF0DFF6B5
:10ECE0009306140013F6E60F631A06066310040673
:10ECF0006386072A630A07083307F700931757004C
:10ED000063D6071CB707801F135737009387F7FF99
:10ED1000B377F700130410001374F40F9397970060
:10ED20001314740193D797003364F4001395F4011E
:10ED30008320C1003365A4000324810083244100A3
:10ED4000032901001301010167800000E38607F435
:10ED50006318071C138707006FF01FF41306F00FEA
:10ED60006388C6243387E70093571700138406008F
:10ED700013F77700630A070013F7F70093064000C4
:10ED80006304D700B387D70013975700E35E07E605
:10ED9000130414001307F00F630EE4203707801FDD
:10EDA00093D737001307F7FFB3F7E7006FF0DFF6ED
:10EDB0006350D00863120606E30607E41386F6FFE5
:10EDC00063180600B387E740130410006F00400388
:10EDD0009305F00FE388B6E29305B00193061000A7
:10EDE00063CEC50093060002B386C640B355C70084
:10EDF0003317D7003337E000B3E6E500B387D740D9
:10EE000013975700E35607F6370900041309F9FF73
:10EE100033F927016F0000131306F00FE306C4DE79
:10EE2000370600043367C700138606006FF0DFFA69
:10EE3000638E0606B30686406316040263840716D3
:10EE40001385F6FF63180500B307F74093840500A8
:10EE50006FF09FF71308F00F63900603938405008B
:10EE60006FF09FE31305F00FE30AA6FE37050004D9
:10EE7000B3E7A700138506001308B001930610003E
:10EE8000634EA80093060002B386A64033D8A700BD
:10EE9000B397D700B337F000B366F800B307D74095
:10EEA00013040600938405006FF09FF59306140089
:10EEB00093F6E60F639E0606631204066394070248
:10EEC00093040000E30A07E4938405009357370096
:10EED0001307F00FE312E4E4E38007E4B707400010
:10EEE0006F004003E30207EAB386E740139656003B
:10EEF000635C0600B307F740938405001304000029
:10EF0000E38C07E06FF0DFE613870600E39006FC72
:10EF100093070000930400006FF01FE0E39A07E2FC
:10EF2000930400001304F00FB70740006FF0DFDE1A
:10EF30003389E7409316590063D206043309F7403A
:10EF40009384050013050900EF5000221305B5FF57
:10EF50003319A900634A850233058540130515005E
:10EF6000130700023307A740B357A9003319E9007C
:10EF700033392001B3E727016FF05FF8E31409FC90
:10EF8000130400006FF0DFF8B70700FC9387F7FF6A
:10EF90003304A440B377F9006FF09FDD93070700B7
:10EFA0006FF0DFF593840500138406006FF01FF205
:10EFB00013840600930700006FF01FD6130101FEB3
:10EFC000232A91009354750123282101232631011E
:10EFD0002322510113199500232E1100232C8100A7
:10EFE0002324410193F4F40F938A050013599900E7
:10EFF0009359F501638404089307F00F6380F40AC2
:10F0000013193900B70700043369F900938414F821
:10F01000130A000093D77A0113949A0093F7F70F1D
:10F020001354940093DAFA01638807081307F00F6A
:10F030006384E70A13143400370700043364E400E0
:10F04000938717F813070000B384F44093172A003E
:10F05000B3E7E7009387F7FF9306E00033C5590154
:10F0600063EAF608B7A60000939727009386860800
:10F07000B387D70083A707006780070063080902EA
:10F0800013050900EF50400E9307B5FF9304A0F855
:10F090003319F900B384A4406FF09FF7130A2000DE
:10F0A000E30A09F6130A30006FF0DFF6930400005C
:10F0B000130A10006FF01FF6630804021305040022
:10F0C000EF50800A9307B5FF3314F4009307A0F8BC
:10F0D000B387A7406FF01FF713072000E30604F67D
:10F0E000130730006FF05FF693070000130710005E
:10F0F0006FF09FF513175400637489109384F4FF25
:10F1000093070000935507013354B9029316070182
:10F1100093D6060193D707013379B9023386860265
:10F1200013190901B3E7270163FAC700B307F70012
:10F1300063F4C70063FCE70C1304F4FFB387C74014
:10F1400033D6B702B3F7B702B386C6029397070167
:10F1500063FED700B385E70033B8F5009387050059
:10F1600063F4D500630A080A1306F6FF13140401BA
:10F17000B387D7403364C400B337F0003364F4007E
:10F180001387F407635CE00C93777400638A0700CD
:10F190009377F400930640006384D7003304D400CF
:10F1A0009317440063DA0700B70700F89387F7FF67
:10F1B0003374F400138704089307E00F63C8E71063
:10F1C000935734008320C101032481019397970052
:10F1D0001317770193D797003367F7001315F501DD
:10F1E00083244101032901018329C100032A8100ED
:10F1F000832A41003365A7001301010267800000E4
:10F200009317F901135919006FF0DFEF1304E4FFAE
:10F21000B387E7006FF09FF21306E6FFB387E500C0
:10F220006FF0DFF413850A00930720006300F70AEC
:10F23000930730006304F70893071000E312F7F414
:10F2400093070000130700006FF0DFF71385090034
:10F250001304090013070A006FF01FFD630C070475
:10F26000930760FEE34EF7FC93071000B387E74077
:10F270009384E409B357F4003314940033348000CA
:10F28000B3E7870013F77700630A070013F7F70067
:10F29000930640006304D700B387D7001397570045
:10F2A00093D73700E35007FA9307000013071000C5
:10F2B0006FF05FF1930710006FF09FFBB7074000FE
:10F2C0001307F00F130500006FF0DFEF9307000046
:10F2D0001307F00F6FF01FEF370780001307F7FFDA
:10F2E0003376A7009357750193F7F70F9356F501FF
:10F2F0003377B70093D8F50163080600138817F039
:10F3000013051000630E080293D5750193F5F50FF0
:10F3100063080700138815F0130510006302080244
:10F32000631EE600639CB70013050000638A1601A4
:10F33000B3E7C7003335F000678000001305100005
:10F3400067800000370780001307F7FF3376A700B8
:10F350009356750193F6F60F9357F5013377B7007F
:10F3600093D8F50163080600138816F01305E0FF33
:10F370006304080693D5750193F5F50F630807003C
:10F38000138815F01305E0FF6308080433E5C60091
:10F3900033E8E500631A05006300080413951800BC
:10F3A0001305F5FF6780000063180800B307F040FD
:10F3B00013E5170067800000E39A17FFE3C8D5FE46
:10F3C00063D6B600139517006FF09FFDE360C7FE8C
:10F3D00013050000E368E6FE678000003707800041
:10F3E0001307F7FF3376A7009356750193F6F60FD0
:10F3F0009357F5013377B70093D8F50163080600FA
:10F40000138816F0130520006304080693D57501D0
:10F4100093F5F50F63080700138815F01305200016
:10F420006308080433E5C60033E8E500631A050005
:10F4300063000804139518001305F5FF67800000AA
:10F4400063180800B307F04013E517006780000059
:10F45000E39A17FFE3C8D5FE63D6B60013951700ED
:10F460006FF09FFDE360C7FE13050000E368E6FE52
:10F4700067800000130101FE232821011359750143
:10F48000232A910023263101232251019314950050
:10F49000232E1100232C8100232441011379F90F1D
:10F4A000938A050093D494009359F50163040918D5
:10F4B0009307F00F6300F91A93943400B707000420
:10F4C000B3E4F400130919F8130A000093D77A0182
:10F4D00013949A0093F7F70F1354940093DAFA01F8
:10F4E000638807181307F00F6384E71A13143400B6
:10F4F000370700043364E400938717F8130700000C
:10F500003309F90093172A00B3E7E7009306A00038
:10F510001306190063CEF61C93052000B3C95901E8
:10F520009306100063C4F5189387F7FF63F0F61A8B
:10F5300013D7040193570401939404011314040195
:10F5400093D4040113540401B305940233048702D5
:10F550003307F702B3879702B386870093D7050175
:10F56000B387D70063F68700B70601003307D700DB
:10F57000939505019396070193D50501B386B600CF
:10F5800093D7070113946600B387E700939767004A
:10F590003334800093D6A6013364D4001397470018
:10F5A00033E4870063540716935714001374140050
:10F5B00033E487001307F607635EE0149377740063
:10F5C000638A07009377F400930640006384D700B2
:10F5D0003304D4009317440063DA0700B70700F838
:10F5E0009387F7FF3374F400130706089307E00FBF
:10F5F00063CAE718935734008320C10103248101B3
:10F60000939797001317770193D797009399F90170
:10F610003367F7008324410103290101032A810094
:10F62000832A4100336537018329C1001301010298
:10F63000678000006388040213850400EF40D03225
:10F640009307B5FF1309A0F8B394F4003309A94058
:10F650006FF09FE7130A2000E38A04E6130A3000E4
:10F660006FF0DFE613090000130A10006FF01FE6C9
:10F670006308040213050400EF40102F9307B5FF41
:10F680003314F4009307A0F8B387A7406FF01FE787
:10F6900013072000E30604E6130730006FF05FE66F
:10F6A00093070000130710006FF09FE5B397F60073
:10F6B00093F607536396060493F60724639C060AA1
:10F6C00093F78708E38607E693890A0093072000EB
:10F6D000630AF70A93073000630EF70893071000D8
:10F6E000E31AF7EC93070000130700006FF0DFF058
:10F6F0009306F0006380D7089306B000E386D7FC3A
:10F700001384040013070A006FF05FFC130609005E
:10F710006FF05FEA630C0704930760FEE344F7FCB5
:10F7200093071000B387E7401306E609B357F400C8
:10F730003314C40033348000B3E7870013F7770035
:10F74000630A070013F7F700930640006304D7002D
:10F75000B387D7001397570093D73700E35607F8BE
:10F7600093070000130710006FF01FE993071000C4
:10F770006FF09FFBB70740001307F00F93090000DD
:10F780006FF09FE7930700001307F00F6FF0DFE6BD
:10F79000370780001307F7FF93D67501B377A700EB
:10F7A00093F6F60F3377B700130101FF13173700F5
:10F7B000138616F02324810023229100135475012F
:10F7C0009354F5013336C000133517003366A60095
:10F7D00093D5F5011374F40FB3C5C50023261100AA
:10F7E00023202101939737003306D440639C951C56
:10F7F000635EC0081305F00F63960602630E0700F0
:10F800009305F6FF63980500B387E7001304100023
:10F810006F00C0046310A6021304060013870700DC
:10F820006F008038E30CA4FEB70600043367D700EE
:10F83000930506001306B00193061000634EB60050
:10F8400093060002B386B6403356B7003317D7008D
:10F850003337E000B366E600B387D700139757004D
:10F8600063520712130414001307F00F6300E43609
:10F87000B706007E13D717009386F6FF3377D700BD
:10F8800093F71700B367F7006F00C00F6304060615
:10F89000338686401305F00F631E0400638407302F
:10F8A0009305F6FFE38205F6631EA6001304F00F2E
:10F8B0006F00802FE38CA6FEB7050004B3E7B70006
:10F8C000930506001305B00113061000634EB50042
:10F8D000130600023306B64033D5B700B397C7000E
:10F8E000B337F0003366F500B307E6001384060073
:10F8F0006FF0DFF69306140013F6E60F631A0606A0
:10F9000063100406638C0728630A07083307F700AF
:10F910009317570063DA0728B707801F135737007C
:10F920009387F7FFB377F700130410001374F40FF5
:10F93000939797001314740193D797003364F400DE
:10F940001395F4018320C1003365A40003248100D2
:10F950008324410003290100130101016780000095
:10F96000E38607F4631E071A138707006FF01FF47E
:10F970001306F00F638AC6243387E70093571700F6
:10F980001384060013F77700630A070013F7F700E4
:10F99000930640006304D700B387D700139757003E
:10F9A000E35E07E6130414001307F00F6300E4227C
:10F9B0003707801F93D737001307F7FFB3F7E70028
:10F9C0006FF0DFF66350C00863920606E30607E4B3
:10F9D0009305F6FF63980500B387E7401304100012
:10F9E0006F0040039306F00FE308D6E21306B00160
:10F9F00093061000634EB60093060002B386B6402D
:10FA00003356B7003317D7003337E000B366E6004C
:10FA1000B387D74013975700E35607F6370900041A
:10FA20001309F9FF33F927016F00C0119306F00F96
:10FA3000E306D4DEB70600043367D700930506005B
:10FA40006FF0DFFA630E0606338686406316040203
:10FA5000638007021305F6FF63180500B307F7403C
:10FA6000938405006FF09FF71308F00F63100603EF
:10FA7000130406006F0080061305F00F6382A614BE
:10FA800037050004B3E7A700130506001308B0010B
:10FA900013061000634EA800130600023306A640AA
:10FAA00033D8A700B397C700B337F0003366F80028
:10FAB000B307C74013840600938405006FF09FF5D9
:10FAC0009306140093F6E60F639406066318040485
:10FAD000639A070093040000E30A07E49384050097
:10FAE0006F00800CE30C07EAB386E74013965600DC
:10FAF000635C0600B307F74093840500130400001D
:10FB0000E38607E26FF01FE813870600639E06088E
:10FB100093070000930400006FF05FE1E39407E4B3
:10FB2000930400001304F00FB70740006FF01FE0CC
:10FB30003389E7409316590063D206043309F7402E
:10FB40009384050013050900EF4000621305B5FF1B
:10FB50003319A900634A8502330585401305150052
:10FB6000130700023307A740B357A9003319E90070
:10FB700033392001B3E727016FF05FF8E31409FC84
:10FB8000130400006FF0DFF8B70700FC9387F7FF5E
:10FB90003304A440B377F9006FF0DFDE930707006A
:10FBA0006FF0DFF513040600935737001307F00FCB
:10FBB000E31EE4D6E38C07D6B70740006FF09FF54D
:10FBC000138406006FF09FF1138406009307000072
:10FBD0006FF0DFD537068000135775019307F6FFE6
:10FBE0001377F70F9305E007B3F7A7009356F501D6
:10FBF00063D6E5049305D00963DAE5003705008094
:10FC00001305F5FF3385A6006780000033E5C700C4
:10FC10009307500963DCE7001307A7F63315E500E7
:10FC2000638006023305A0406780000093076009E7
:10FC3000B387E7403355F5006FF09FFE13050000D2
:10FC400067800000130101FF232611002324810097
:10FC5000232291006304050E9357F54133C4A70096
:10FC60003304F4409354F50113050400EF40C04FF2
:10FC70009307E009930605003385A74093077000BA
:10FC800063D0D704930780006380F60C938686FFC9
:10FC90003314D400131494001354940013157501F5
:10FCA0008320C10033658500032481009394F4010F
:10FCB0003365950083244100130101016780000032
:10FCC000930740001307500063C2D7069387B6011D
:10FCD000B317F4003307D740B337F0003354E400D0
:10FCE00033E48700370700FC1307F7FF93777400AE
:10FCF0003377E400638807021374F400930740002D
:10FD00006302F4023307F7009317570063DC070020
:10FD1000B70700FC9387F7FF3377F7009307F009E5
:10FD20003385D740135437006FF0DFF6E38CE6FAE3
:10FD30009387B6FF3314F4006FF0DFFA93040000EA
:10FD4000130400006FF01FF5130560096FF09FF4B6
:10FD5000130101FF23248100232611001304050051
:10FD60001307000063040502EF4000401307E00999
:10FD7000930770003307A74063DAA7029307800058
:10FD80006304F50A130585FF3314A40013149400CB
:10FD900013549400131577018320C1003365850047
:10FDA00003248100130101016780000093074000D4
:10FDB0009306500063C2A7069307B501B317F4007A
:10FDC000B386A640B337F0003354D40033E4870041
:10FDD000B70700FC9387F7FF93767400B377F400BE
:10FDE000638806021374F400930640006302D40291
:10FDF000B387D7009396570063DC0600370700FCF3
:10FE00001307F7FFB3F7E7001307F0093307A7401D
:10FE100013D437006FF09FF7E30CD5FA9307B5FFC3
:10FE20003314F4006FF0DFFA130760096FF01FF668
:10FE3000130101FE232E1100232C8100232A91009F
:10FE400023282101232631012324410123225101AA
:10FE5000B367B5006382071493D7F54133C5A70094
:10FE600013D9F501B309F540B3C5B70033353501F2
:10FE7000B385F540B38AA5406388A50813850A00B9
:10FE8000EF40802E9304E00B130A0500B384A440D6
:10FE90001306BA011385090093850A00EF40002973
:10FEA000130650023364B50033064641138509003A
:10FEB00093850A0033348000EF4080233364A4002C
:10FEC000B70700FC9387F7FF13777400B377F4004C
:10FED000630807021374F400130740006302E4028E
:10FEE000B387E70013975700635C0700370700FCF0
:10FEF0001307F7FF9304F00BB3F7E700B384444113
:10FF000013D437006F00400313850900EF40C0256C
:10FF1000130A05029304E00B93077002138409008F
:10FF2000B384444163D8470593078002630EFA0601
:10FF3000130585FF3394A9001314940013549400FF
:10FF400093947401B3E484008320C10103248101EC
:10FF50001315F9018329C10003290101032A810036
:10FF6000832A410033E5A4008324410113010102E7
:10FF70006780000093074002E3DC47F193075002DB
:10FF80006316FA00930490096FF09FF39307B5FF8F
:10FF90003394F9006FF0DFF213090000130400003E
:10FFA000930400006FF05FF9930460096FF0DFF8CD
:10FFB000135775011377F70F130101FF930717000C
:10FFC000232481002322910013149500232611007D
:10FFD00093F7E70F135494009354F50163820704D9
:10FFE00093573400130707381314D4019397C700AD
:10FFF00093D7C700131747011395F4013367F70030
:020000023000CC
:100000008320C100B367A700130504000324810007
:1000100083244100938507001301010167800000DC
:1000200063140704E30404FC13050400EF40C01349
:100030009307A00063C2A7029307B000B387A7404D
:1000400013075501B357F4003314E4001307903835
:100050003307A7406FF09FF9930755FFB317F400DC
:10006000130400006FF09FFE93070000630A040072
:1000700093573400370708001314D401B3E7E7009F
:100080001307F07F6FF09FF6130700009306000040
:10009000834705001305150013F6F70793978701AB
:1000A0003316D60093D787413367C700938676000F
:1000B000E3C007FE23A0E50067800000930700006F
:1000C00013070000834605001305150013F6F60715
:1000D0003316E600B3E7C700139686011356864130
:1000E00013077700E34006FE1306F001636CE60099
:1000F00093F60604638806009306F0FF3397E60044
:10010000B3E7E70023A0F50067800000B7270000F1
:10011000938727C26394F5009305100803270522EF
:10012000939725009316170063DC0600B305B5000E
:1001300003C7C522630607003305F500678000008A
:100140003305F5000325050067800000B727000090
:10015000938727C26394F50093051008832705222F
:100160001397170063560700B307B50023860722CD
:10017000939525003305B5002320C5006780000056
:100180009387813CB387B70003C7070093074000FC
:1001900063F8E700130101FF23261100EFE01008C8
:1001A000B307B50013071000939525002386E722B7
:1001B0003305B5002320C50067800000130101FD51
:1001C00023261102232481022322910223202103CA
:1001D000232E3101232C41019307F00F6388F50290
:1001E00013F9050793070003938405001304060021
:1001F000138A0600630AF90663EC270193070002DD
:100200006300F9069309000063FE2701EFE0100187
:1002100093070004630EF904930700059309000097
:10022000E316F9FE930700056398F4041305340000
:100230001375C5FF83270500130545008320C10200
:10024000032481022320FA008324410203290102AE
:100250008329C101032A8101130101036780000082
:10026000832945216FF01FFC832985216FF09FFBB7
:100270008329C5216FF01FFB93F7F4001307C0001B
:10028000E366F7F837A70000939727001307470C9A
:10029000B387E70083A70700678007009305C100C5
:1002A00013050400EFF05FDE8327C100E38807F841
:1002B000130700016314E900930904009394840177
:1002C00093D48441B3873701E3DA04F683A70700A8
:1002D0006FF0DFF69305C10013050400EFF01FDE99
:1002E0006FF09FFC83471400034704009397870037
:1002F000B3E7E700130524006FF05FFB83471400AA
:100300000347040093978700B3E7E700939707013B
:1003100093D707416FF01FFE834714000347040083
:100320001305440093978700B3E7E70003472400D1
:10033000131707013367F70083473400939787014A
:10034000B3E7E7006FF09FF683471400034704000C
:100350001305840093978700B3E7E7000347240061
:10036000131707013367F70083473400939787011A
:10037000B3E7E7006FF09FF3130101FB232481042F
:1003800023202105232E3103232C4103232A51034B
:10039000232861032326710323248103232291034D
:1003A000232EB10123261104232291042320A1032B
:1003B00013040105B7AA0000938D0500130A060077
:1003C0001389060023A6062893090000130B0004D6
:1003D000930B0008130C000C930CF002938A8A0F05
:1003E000637EB50183260A228327CA200327C929F1
:1003F00093D6F601B387D7006362F704130104FBB9
:100400008320C104032481048324410403290104BB
:100410008329C103032A8103832A4103032B010398
:10042000832BC102032C8102832C4102032D010284
:10043000832DC1011301010567800000834705007A
:100440009304150093F6070C639C660193F7F7037A
:10045000B307F700232EF928138504006FF05FF827
:100460006390760513850400930584FB13FDF70361
:10047000EFF09FC1032784FB9307C0FF9306100092
:100480003307F702B307A9012384D720930405009B
:1004900093172D00B307F90023A0E7006FF0DFFBEF
:1004A000639A860193F7F703B307F90023840720C3
:1004B0006FF09FFA63E2FC4E93972700B3875701D2
:1004C00083A70700678007001307892193070000AF
:1004D00093051000930600042300B7003306F900CB
:1004E0002320F6049387470013071700E396D7FEEF
:1004F0006FF09FF68345092B138604009306C4FB17
:1005000013050A00EFF09FCB8327C4FB930405007B
:100510006FF05FF48347150093042500B307F700DD
:10052000232EF9286FF05FF38347250083461500DB
:100530009304350093978700B3E7D700B307F7001C
:10054000232EF9286FF05FF18347250083461500BD
:100550009304550093978700B3E7D700834635008F
:1005600093960601B3E6F60083474500939787010B
:10057000B3E7D700B307F700232EF9286FF0DFEDBC
:10058000930544FB13850400EFF01FB0930584FB33
:10059000EFF09FAF832744FB37270000130727C2E4
:1005A00093040500930610086384E702E3E6F6EA85
:1005B000032784FB9306C0FF3307D70213061000FE
:1005C000B306F9002384C620939727006FF09FECB1
:1005D000938706006FF0DFFD13850400930544FB4D
:1005E000EFF09FAA832744FB37270000130727C299
:1005F00093040500930610086386E700E3F6F6EA25
:100600006FF09FE5938706006FF01FEA13850400E3
:10061000930544FBEFF05FA7832744FB37270000D7
:10062000130727C29304050093061008638CE700A4
:10063000E3E4F6E2B307F900130770002384E72030
:100640006FF09FE1938706006FF0DFFE930544FB98
:1006500013850400EFF05FA39305C4FBEFF0DFA266
:10066000832744FB37270000130727C293040500A4
:10067000930610086382E702E3E0F6DE3307F90031
:1006800093062000939727002304D720B307F9008F
:100690000327C4FB6FF05FE0938706006FF01FFE37
:1006A000638209029387090083A9C9281306C02918
:1006B0009305090013850700EF2011552326A9286B
:1006C0006FF09FD9130101D59307F10093F707FF4E
:1006D0006FF0DFFD032DC9281306C029130509009B
:1006E00093050D00EF20515223263D2993090D005B
:1006F0006FF09FD6930584FB13850400EFF0DF981D
:10070000832784FB930584FB232AF928EFF0DF97E6
:10071000832784FB930405002328F92893071000FE
:100720002305F9286FF05FD313850400930584FB3C
:10073000EFF09F95832784FB93040500232AF92873
:100740006FF0DFFD13850400930584FBEFF0DF936A
:10075000832784FB930405002328F9286FF0DFCF5B
:1007600093072000232C99282305F928930584FB5F
:1007700013850400EFF05F91832784FBB304F50039
:100780006FF09FCD930544FB13850400EFF0DF8FDE
:10079000832744FB37270000130727C2930610085E
:1007A0006388E70063F8F600930584FB6FF09FFC15
:1007B000938706003307F9009306300093972700CC
:1007C0002304D720B307F90023A0A7006FF0DFFDB3
:1007D000930544FB13850400EFF01F8B9305C4FBC6
:1007E000EFF0DF8D832744FB37270000130727C274
:1007F00093040500930610086388E700E3EEF6C44F
:100800000327C4FB6FF01FDB938706006FF05FFFC9
:10081000930584FB13850400EFF01F87832784FB77
:100820009305C4FB232AF928EFF05F899307100092
:10083000930405002305F9288327C4FB1307C0FF91
:10084000B387E7026FF05FF1138504009305C4FBE3
:10085000EFF0DF86930405006FF01FFE930544FB65
:1008600013850400EFF05F82930584FBEFF0DF81D6
:10087000832744FB37270000130727C29304050092
:10088000930610086380E702E3E8F6BC032784FBC5
:100890009306C0FF3307D70213064000B306F900E2
:1008A0006FF05FD2938706006FF05FFE930544FB05
:1008B00013850400EFF04FFD9305C4FBEFF01F809C
:1008C000832744FB37270000130727C29304050042
:1008D000930610086388E700E3E0F6B80327C4FB3B
:1008E0006FF01FFB938706006FF05FFF930544FBDB
:1008F00013850400EFF04FF9832744FB37270000EE
:10090000130727C293061008638AE700E3EEF6E8B0
:100910003307F900930650006FF05FEA93870600F3
:100920006FF01FFF13850400930584FBEFF0CFF5F4
:10093000832784FB930405002324FA226FF0DFB1A0
:10094000930544FB13850400EFF00FF4930584FB3B
:10095000EFF08FF3832744FB37270000130727C2EC
:1009600093040500930610086384E702E3E6F6AEFD
:100970003307F900930610002304D720032784FBD4
:1009800093972700B307F900131727006FF0DFB024
:10099000938706006FF0DFFDEFE04008130101FBD5
:1009A0002324810423202105232E3103232C4103FA
:1009B000232A51032328610323267103232481035F
:1009C00023229103232EB101232611042322910413
:1009D0002320A10313040105B7AA0000938D05008D
:1009E000130A06001389060023A6062893090000AF
:1009F000130B0004930B0008130C000C930CF00273
:100A0000938A8A1B637EB50183260A228327CA2024
:100A10000327C92993D6F601B387D7006362F70489
:100A2000130104FB8320C1040324810483244104B3
:100A3000032901048329C103032A8103832A410373
:100A4000032B0103832BC102032C8102832C41025F
:100A5000032D0102832DC1011301010567800000F0
:100A6000834705009304150093F6070C6390660313
:100A70008326892A93F7F703B387D702B307F700D2
:100A8000232EF928138504006FF0DFF763907605B5
:100A900013850400930584FB13FDF703EFF0CFDE0D
:100AA0000327492A832784FB93061000930405003B
:100AB0003307F702B307A9012384D72093172D002A
:100AC000B307F90023A0E7006FF0DFFB639A86010C
:100AD00093F7F703B307F900238407206FF09FFA19
:100AE00063EAFC5093972700B387570183A7070059
:100AF0006780070013078921930700009305100002
:100B0000930600042300B7003306F9002320F604FF
:100B10009387470013071700E396D7FE6FF09FF601
:100B20008345092B138604009306C4FB13050A00B2
:100B3000EFF0CFE88327C4FB930405006FF05FF468
:100B4000834715008326892A93042500B387D7029B
:100B5000B307F700232EF9286FF0DFF28347250053
:100B6000834615009304350093978700B3E7D700B9
:100B70008326892AB387D702B307F700232EF928E3
:100B80006FF05FF0834725008346150093045500FE
:100B900093978700B3E7D700834635009396060105
:100BA000B3E6F6008347450093978701B3E7D70084
:100BB0008326892AB387D702B307F700232EF928A3
:100BC0006FF05FEC930544FB13850400EFF0CFCB8F
:100BD000930584FBEFF04FCB832744FB37270000BE
:100BE000130727C293040500930610086384E702E5
:100BF000E3EAF6E80327492A832684FB3307D70272
:100C000013061000B306F9002384C620939727002B
:100C10006FF01FEB938706006FF0DFFD1385040074
:100C2000930544FBEFF04FC6832744FB37270000B2
:100C3000130727C293040500930610086386E70094
:100C4000E3FAF6E86FF01FE4938706006FF09FE881
:100C500013850400930544FBEFF00FC3832744FB87
:100C600037270000130727C29304050093061008D6
:100C7000638CE700E3E8F6E0B307F90013077000C0
:100C80002384E7206FF01FE0938706006FF0DFFEFC
:100C9000930544FB13850400EFF00FBF9305C4FBDD
:100CA000EFF08FBE832744FB37270000130727C2CE
:100CB00093040500930610086382E702E3E4F6DC80
:100CC0003307F90093062000939727002304D720C9
:100CD000B307F9000327C4FB6FF0DFDE938706003C
:100CE0006FF01FFE638209029387090083A9C92858
:100CF0001306C0299305090013850700EF20C17072
:100D00002326A9286FF01FD8130101D59307F100FE
:100D100093F707FF6FF0DFFD032DC9281306C029E5
:100D20001305090093050D00EF20016E23263D29D0
:100D300093090D006FF01FD5930584FB1385040004
:100D4000EFF08FB4832784FB930584FB232AF928D3
:100D5000EFF08FB3832784FB930405002328F92841
:100D6000930710002305F9286FF0DFD113850400E5
:100D7000930584FBEFF04FB1832784FB93040500B8
:100D8000232AF9286FF0DFFD13850400930584FB07
:100D9000EFF08FAF832784FB930405002328F92805
:100DA0006FF05FCE93072000232C99282305F928A4
:100DB000930584FB13850400EFF00FAD832784FBBC
:100DC000B304F5006FF01FCC930544FB13850400BA
:100DD000EFF08FAB832744FB37270000130727C2B0
:100DE000930610086388E70063F8F600930584FB18
:100DF0006FF09FFC938706003307F90093063000DD
:100E0000939727002304D720B307F90023A0A70056
:100E10006FF0DFFD930544FB13850400EFF0CFA6D0
:100E20009305C4FBEFF08FA9832744FB372700000D
:100E3000130727C29304050093061008638AE7008E
:100E4000E3E2F6C40327492A8326C4FB6FF01FDBC5
:100E5000938706006FF01FFF930584FB1385040042
:100E6000EFF08FA2832784FB9305C4FB232AF92884
:100E7000EFF0CFA4930710002305F9280327C4FB44
:100E80008327492A93040500B387E7026FF01FF117
:100E9000138504009305C4FBEFF04FA20327492AF2
:100EA0008327C4FB930405006FF01FFE930544FBEA
:100EB00013850400EFF04F9D930584FBEFF0CF9C6A
:100EC000832744FB37270000130727C2930405003C
:100ED000930610086380E702E3E6F6BA0327492A7F
:100EE000832684FB3307D70213064000B306F900BC
:100EF0006FF09FD1938706006FF05FFE930544FB70
:100F000013850400EFF04F989305C4FBEFF00F9B9F
:100F1000832744FB37270000130727C293040500EB
:100F200093061008638AE700E3EEF6B40327492A24
:100F30008326C4FB6FF01FFB938706006FF01FFF33
:100F4000930544FB13850400EFF00F94832744FBC3
:100F500037270000130727C293061008638AE700AB
:100F6000E3E6F6E83307F900930650006FF05FE917
:100F7000938706006FF01FFF13850400930584FB21
:100F8000EFF08F90832784FB930405002324FA223B
:100F90006FF05FAF930544FB13850400EFF0CF8E35
:100FA000930584FBEFF04F8E832744FB3727000027
:100FB000130727C293040500930610086388E7020D
:100FC000E3E2F6AC0327492A832684FB13061000CC
:100FD0003307D702B306F900939727002384C6206E
:100FE000B307F9003307E0406FF0DFAD93870600E9
:100FF0006FF05FFDEFD0902203AE462A1303C0FFCF
:101000001307050013880500930806009387060060
:10101000631A6E0003AE862A1303100063146E0079
:101020006FF08FB5938607001386080093050800BC
:10103000130507006FF09F96130101FC232C81021A
:1010400013840500232A91021306000B9304050064
:101050009305000013058420232E11022328210369
:101060002326310323244103232251032320610338
:10107000232E7101232C8101232A91012328A10110
:10108000EF30401303A5C42023A4042223A8042086
:1010900063100504130550008320C103032481035A
:1010A00083244103032901038329C102032A810206
:1010B000832A4102032B0102832BC101032C8101EE
:1010C000832C4101032D01011301010467800000FD
:1010D00083A704229385442193D7F7019387F7FFD1
:1010E0003305F500EF20106E13090500E30405FA3F
:1010F00083A7C42193094500232EF42883274500A4
:10110000B389F940138A990013050A00EF20414280
:1011100003C7990013051500930750063305AA006D
:101120006312F70403C7A90093078006631CF70244
:101130008347150003470500138AB900939787007A
:10114000B3E7E70003472500130545001317070120
:101150003367F7008347F5FF93978701B3E7E7000D
:10116000232AF42A03C789009307300063F2E702B9
:1011700003470500930740006306F700130530009E
:101180006FF09FF183471500E39A07FE13052500D2
:1011900093054100EFE05FEF832741009305810055
:1011A0002324F42AEFE09FF1032781009307050031
:1011B0002322E42A83C68900130710006398E606F9
:1011C00083C707003305D5002326F42A9307F0FFD1
:1011D000A308F42A03470A009307A007930A000014
:1011E0006310F70293054100EFE01FEA832A4100F4
:1011F000930710002309F42AB30A5501330AFA00B1
:10120000130A1A00130BC004930B2005130C0005DE
:10121000930C3005130D10008347FAFF639007020B
:10122000639A0A06631A05066FF05FF5930541009D
:10123000EFE09FE5832741006FF01FF9639C670192
:1012400083470500A308F42A13051500130A1A00A2
:101250006FF09FFC63987701834705002308F42A09
:101260006FF09FFE63928703834505001306150008
:101270009306C10013850400EFE05FF48327C100EB
:101280002320F42A6FF09FFC639A9705A309A42BEF
:101290006FF0DFFB13850A0083A5090093060400A5
:1012A0001386040093854500B385B900EFF0DFD4C1
:1012B0008347042B1307F00F6388E70A93F777003F
:1012C000930620006386D70A1307400063ECF600FC
:1012D0001305070063800702EFD0407413850A00EE
:1012E0006FF05FF4930630006388D7081305800021
:1012F000E394E7FE8347242B13151500130585009F
:101300003305A90093090000638A07009305C10013
:10131000EFE09FD78329C100B30935018345142B22
:101320009307F00F638EF500130605009306C100C6
:1013300013850400EFE09FE88327C10023A8F42071
:1013400063840900138509008325090093060400BE
:101350001386040093854500B305B900EFF0DFC99B
:10136000130500006FF05FD3130500006FF09FF8C6
:10137000138507006FF01FF8130507006FF09FF744
:1013800083C6A13C130740006398E6002320B60003
:10139000930520006FE09FDB130101FF232611005E
:1013A000EFD0C067B7270000938727C21307100844
:1013B000638CF50093860500635AB700130101FFA3
:1013C00023261100EFD0806593060700032705222E
:1013D00093972600B307F5001316170083A707009D
:1013E000635C06003305D5000347C522630607008A
:1013F000138507006780000037270000130727C206
:101400006396E500732520C2678000001387813C46
:101410003307D7008346070013074000E390E6FA3E
:1014200003A5070067800000130101FD232481024A
:1014300013840500232E3101930520009309050034
:1014400013050400232611022322910223202103E5
:10145000232C4101232A5101EFE05FCB631A0500E1
:10146000832584201306810013050400EFF05FF14B
:101470001389813C93040000130A4000930A10086A
:10148000939724003387F900B307F40083A507007E
:10149000B387990083C7C722032507006384070029
:1014A000EFD0C057330794000347C722B337A000DB
:1014B000630207086380070883470900E39247FF38
:1014C0002326B10013060A009305C100EF10D17363
:1014D0009384140013091900E39454FB930520002E
:1014E00013850900EFE09FC2930705001305000074
:1014F000639007029305200013050400EFF09FEAB4
:1015000083A789203305F540832784223305F5001E
:101510008320C102032481028324410203290102A2
:101520008329C101032A8101832A41011301010397
:10153000678000003337B000B3F7E700E38A07F8AD
:10154000E308B5F8034609006FF05FF8130101EBFB
:101550002324811437A40000232291142320211571
:10156000232E3113232C4113232A511323267113C5
:10157000232291132320A11323261114232861135E
:101580002324811313070500138D0500930C060017
:101590002320D102930B1000130960019309F0037B
:1015A000130A0102930AF006930420091304842706
:1015B000636CA70563840B06938BFBFF8320C11428
:1015C00003248114939B2B001307010193870B11B4
:1015D000B38BE70003A50BF0832441140329011406
:1015E0008329C113032A8113832A4113032B011377
:1015F000832BC112032C8112832C4112032D011263
:101600001301011567800000034C0700130B17003E
:101610006364890B9307200063E08709EFD00040E3
:1016200093069CFE93071000B397D70093D637001C
:1016300093F6F6196392060A93D6270093F6164C92
:10164000639E061493F71700E38A07FC93072000B4
:10165000E3D677FD9386EBFF1306010293962600EF
:101660001387DBFFB386C6009387FBFF13172700A2
:1016700003A506003307C70093972700B387C70069
:101680000326070083A5070023A0A70023A0C60008
:101690002320B7006F0000319307DCFF93F7F70FAB
:1016A00093063001E3ECF6F693972700B3878700A3
:1016B00083A707006780070063EE8A099307F00499
:1016C00063E0872793078002630EFC4863E0870787
:1016D00093073002E3F687F593071000E3D077F520
:1016E0001387EBFF938BFBFF9306010293172700F1
:1016F000939B2B00130C6CFEB387D700B38BDB00DE
:10170000137CFC0F1306400183A7070083A60B0080
:10171000E36686F137A600001306862C131C2C0006
:10172000330CCC0003260C00670006009307F00280
:101730006308FC40E3F287FB93070CFDE3E079EFDD
:1017400013972B00330747012320F700938B1B00CF
:101750006F00402563049C2063E684039307F00830
:1017600063FA871D93070009E31AFCEA9305010158
:1017700013050B00EFE05F9183250101130B0500BA
:101780006F00401A93076009630EFC209307100F47
:101790006302FC0A93074009E312FCE8E3800BE8CC
:1017A000938BFBFF93972B009306010193870711FF
:1017B000B387D7009306000283A707F06302DC2CEF
:1017C00063E68625130790016300EC2A1307F001F6
:1017D0006304EC2A13076000E312ECE483C61700ED
:1017E00003C7070093968600B3E6E60003C7270009
:1017F00083C73700131707013367D7009397870113
:101800006F00C02483462700834717000345470025
:1018100093968600B3E6F6008347370013158501DB
:1018200093970701B3E7D700B367F500130B570091
:101830006FF0DFF0834517009306C1011306270000
:1018400013850C00EFE09F978327C101130B050060
:101850006FF0DFEE83471700130B27006FF01FEECA
:10186000830717006FF05FFF0345270083471700CA
:1018700013158500B367F500130B37006FF01FECED
:10188000834727008346170093978700B3E7D70065
:101890009397070193D707416FF01FFE83472700F7
:1018A0008346170093978700B3E7D7008346370036
:1018B00093960601B3E6F6008347470093978701A6
:1018C000B3E7D7006FF09FF68347270083461700E2
:1018D000130B970093978700B3E7D7008346370031
:1018E00093960601B3E6F600834747009397870176
:1018F000B3E7D7006FF09FE413050B009305410198
:10190000EFE08FF883274101130B05006FF01FE311
:101910009305C10113050B00EFE04FFA6FF0DFF202
:1019200093050CFB13850C00EFF0DFA79307050070
:101930006FF0DFE09305810113050B00EFE00FF876
:10194000130B050093050CF913850C00EFF09FA510
:1019500083278101B307F5006FF05FDE9305010176
:1019600013050B00EFE04FF293058101EFE00FF557
:1019700083250101130B05006FF01FFDE3800BCAE7
:101980009387FBFF939727009387071113070101A4
:10199000B387E70083A707F06FF05FDAE3800BC837
:1019A000938BFBFF13070B006FF09FC0130B2700F7
:1019B000034717009387FBFFE352F7C6B387E7405F
:1019C0006FF05FFC93071000E3DA77C59387EBFFB6
:1019D0006FF05FFB93071000E3D277C51387EBFF2F
:1019E000930601029387FBFF131727003307D700E5
:1019F00093972700B387D7008326070003A6070025
:101A000023A0D7002320C7006FF0DFF99306300230
:101A1000630CDC0693064009E312DCC0130B2700BD
:101A20000347170093064000E30AD7DA63E4E602AF
:101A3000930610006306D70293062000E310D7BE7A
:101A400003C7070083C7170093978700B3E7E70032
:101A50006FF0DFCE93068000E302D7D86FF01FBC93
:101A600083C707006FF09FCD13D7F741B3C7E700D7
:101A7000B387E7406FF09FCCB307F0406FF01FCC07
:101A800093C7F7FF6FF09FCB13050B009305410140
:101A90002326F100EFE04FDF032741018327C10038
:101AA000130B0500B387E7006FF05FC9B3F7D700EA
:101AB000930B07006FF09FC8B3C7D7026FF05FFFAB
:101AC000B387D7406FF0DFFEB3F7D7026FF05FFE4A
:101AD000B387D7026FF0DFFDB3E7D7006FF05FFD8C
:101AE000B387D7006FF0DFFCB397D7006FF05FFCD0
:101AF000B3D7D7006FF0DFFBB3D7D7406FF05FFBF2
:101B0000B3C7D7006FF0DFFAB3A7F60093B717009B
:101B10006FF01FFAB3A7D7006FF05FFFB387D7400E
:101B20006FF0DFFEB3A7D7006FF09FF8B3A7F60002
:101B30006FF01FF8B387D740B337F0006FF05FF74F
:101B4000034B270083471700131B8B00336BFB00ED
:101B5000131B0B01135B0B41130B3B00330B670192
:101B60006FF05FE4E38C0BAA938BFBFF93972B0042
:101B70009387071193060101B387D70083A707F066
:101B8000130B3700E38007E28347270083461700E3
:101B900093978700B3E7D7009397070193D707413F
:101BA000330BFB006FF01FE0130101D12324812EC2
:101BB000232E312D13040500938905001306002BF5
:101BC00093050500130501012326112E2322912ED2
:101BD0002320212F232C412D232A512D2328612D11
:101BE0002326712D2324812DEF101102930520004F
:101BF00013050101EFE08FD1631A050083258420CE
:101C00001306810013050101EFF08FF79304200004
:101C1000130600009385040013050400EFE00FD3C2
:101C200083C7A928130710006386E700638297061D
:101C3000EFC0D05E83A5492913050101EFF08FF6AF
:101C400083A709293309F500B7AA0000372B000044
:101C500023242421138A090093040000130C40005C
:101C6000938ACA31130B2BC2930B2008B3879900B8
:101C700083C787209387F7FF93F7F70F6368FC0408
:101C800093972700B387570183A707006780070052
:101C900003A589299305C100EFE00FBF8325C1008B
:101CA0009306000013060101B305B500EFF01F8A8B
:101CB000130905006FF05FF903260A003306C90017
:101CC0009385040013050400EFE04FC893841400CB
:101CD000130A4A00E39C74F983C6392B8327042234
:101CE00037070080638C060CB3E7E7008320C12E22
:101CF0002320F4220324812E8324412E0329012E44
:101D00008329C12D032A812D832A412D032B012DE7
:101D1000832BC12C032C812C1301012F6780000021
:101D200083250A00930710086384650193870500E3
:101D30009387072CB387270083C7C7F713050101D3
:101D400063880700EFF00FE6130605006F00C0037D
:101D5000EFE0CFBB130605006FF09FF603250A00E6
:101D60009305C100EFE04FB28325C100930609003F
:101D700013060101B305B500EFF04FFD6FF09FFDB5
:101D800003260A003306C9009385040013050400E6
:101D9000EFE00FBF6FF09FF303250A009305C1002A
:101DA000EFE08FAE8325C100930609001306010101
:101DB000B305B500EFF08FF96FF01FF91307F7FFC8
:101DC000B3F7E7006FF09FF2130101D22328212D12
:101DD0002326312D13890500930906009305000081
:101DE0001306002B232C812C232A912C130405008D
:101DF000232E112C93840000EF20C03BB707004036
:101E0000232694202320F422930581001305040047
:101E1000EFF08FA263040500EFC050409387813C30
:101E200003C7070063160718130740002380E70065
:101E3000A380E7002381E700A381E7002382E70076
:101E4000A382E7002383E700A383E7002384E7005E
:101E5000A384E7002385E700A385E7002386E70046
:101E6000A386E7002387E700A387E7002388E7002E
:101E7000A388E7002389E700A389E700238AE70016
:101E8000A38AE700238BE700A38BE700238CE700FE
:101E9000A38CE700238DE700A38DE700238EE700E6
:101EA000A38EE700238FE700A38FE7002380E702DC
:101EB000A380E7022381E702A381E7022382E702EE
:101EC000A382E7022383E702A383E7022384E702D6
:101ED000A384E7022385E702A385E7022386E702BE
:101EE000A386E7022387E702A387E7022388E702A6
:101EF000A388E7022389E702A389E702238AE7028E
:101F0000A38AE702238BE702A38BE702238CE70275
:101F1000A38CE702238DE702A38DE702238EE7025D
:101F2000A38EE702238FE702A38FE7022380E70651
:101F3000A380E7062381E706A381E7062382E7065D
:101F4000A382E7062383E706A383E7062384E70645
:101F5000A384E7062385E706A385E7062386E7062D
:101F6000A386E7062387E706A387E7062388E70615
:101F7000A388E7062389E706A389E706238AE706FD
:101F8000A38AE706238BE706A38BE706238CE706E5
:101F9000A38CE706238DE706A38DE706238EE706CD
:101FA000A38EE706238FE706A38FE7062380E704C7
:101FB000130641009305090013050400EFF04FBC20
:101FC000930710002309F12893058100930720004F
:101FD00013050400232EF128232C0128EFF0DFBC89
:101FE0008320C12D232634210324812D8324412DD8
:101FF0000329012D8329C12C1301012E67800000C4
:10200000130101FF23248100232291001384050082
:102010002326110093040500EFF01FB98325C42A7D
:10202000B7270000938727C2130710086384F500C1
:10203000138705003304E4000347842093077000EE
:10204000130500006306F70013850400EFF08FB559
:102050008320C1000324810023A6A42083244100FF
:102060001301010167800000130101D12324812E97
:102070002320212F232E312D232C412D232A512D96
:102080002326712D2326112E2322912E2328612D04
:102090009309050013840500930B06001309100033
:1020A000130A7000930A8000930581001305040051
:1020B000EFE09FF8631C0504832704228324842017
:1020C0000328812A93D7F70103AB0901B384F440B5
:1020D0006316080063149B06EFC05014B3059B40C1
:1020E00093B5150003A6090083A649009395250022
:1020F000930704001387090093E5250013051000DA
:10210000E700080063064505E30655FD13052000BA
:102110008320C12E0324812E8324412E0329012EE6
:102120008329C12D032A812D832A412D032B012DC3
:10213000832BC12C1301012F6780000093058100C0
:1021400013050400EFF0DFEB130919006FF0DFF562
:1021500023A02B016FF0DFFB130101D183270501C1
:10216000232A512D832AC5002322912E2320212F9B
:10217000232E312D232C412D2328612D2326712D33
:102180002324812D2322912D2326112E2324812ED9
:1021900093040500938B0500930C0600138C070035
:1021A0001309100093095000130B7000130A8000EC
:1021B0009305810013850B00EFE01FE81304050071
:1021C00063060504631C35079305A00103A60400FC
:1021D00083A6440013080C0093870B0013870400A8
:1021E00013051000E7800A00631A0504630634092A
:1021F0000328812A631008029305810013850B00D0
:10220000EFF01FE0130919006FF09FFA9305A0008B
:102210006FF0DFFB03A6040083A6440093870B0046
:10222000138704009305A00013051000E7000800C1
:102230001304050063026505E30045FD1304200057
:102240008320C12E130504000324812E8324412EF4
:102250000329012E8329C12D032A812D832A412D93
:10226000032B012D832BC12C032C812C832C412C7F
:102270001301012F6780000023A02C016FF05FFC89
:102280000325852067800000B7270000938727C2B9
:1022900013071008638AF500635AB700130101FFA2
:1022A00023261100EFC0807793050700032705223E
:1022B000939725009316170063DE06003307B500D9
:1022C0000347C722630807003305F5002320C50034
:1022D000678000003305F5009387813CB387B70022
:1022E00083C607009307400003270500E398F6FA2A
:1022F0002320C700678000000325C52067800000F9
:10230000832705220325C52093D7F70123A0F500D5
:10231000678000002326B520678000000325052183
:10232000678000000325C52167800000130101FEBE
:10233000930541001305F5FF232E1100EF1090487F
:10234000630405000325C1008320C10113010102BC
:102350006780000003258521678000000325452153
:1023600067800000130101A8232C8156232A91566F
:102370001384050093040500930500001306002B49
:1023800013058100232E1156EF10D062B7070040CD
:102390002324F1229305812B9387140013058100D8
:1023A000232AF120EFE05FC9631C0508834721540D
:1023B00013082000638607099307812B1306C421A5
:1023C0001307040193088421938607001303100068
:1023D00003C587202300A60063066500930500005F
:1023E0006314050183A506002320B70013074700E7
:1023F000938717001306160093864600E31A17FD0D
:10240000832781542324F4008327C154231CF42000
:1024100083274156231DF420832701232326F4001C
:102420008327C1562322F4008320C15713050400DB
:10243000032481578324415713010158678000000A
:10244000130400006FF05FFE67800000130101813C
:102450002326117E2324817E2320A17E232EB17C7E
:10246000232CC17C232AD17C2326317D2324417D4A
:102470002322517D2322917E2328217D2320617DEB
:10248000232E717B232C817B232A917B2328A17B04
:102490002326B17B130101F79305F17F138600001A
:1024A000938515081304050013058101EFF0DF91F2
:1024B0001306002B930581011305812CEF00D174C5
:1024C000130A5000930A6000930980009305815716
:1024D0001305812CEFE05FB6630645016304050434
:1024E00013053000130101098320C17E0324817E7E
:1024F0008324417E0329017D8329C17C032A817CB9
:10250000832A417C032B017C832BC17B032C817BA1
:10251000832C417B032D017B832DC17A1301017F25
:10252000678000009307F17F03A8970193879701C5
:10253000631A0800930581571305812CEFF05FACF7
:102540006FF0DFF803260400832644009305100093
:102550009307812C1307040013850500E70008008A
:1025600063065501E30835FD6FF09FF70327814EA1
:102570008327014D1306002B1357F701B387E7405C
:102580002328F40093058101232604001305812CE0
:10259000EF009167130681579305812C1305040002
:1025A000EFF09FAC130705009307700013052000A0
:1025B000E31AF7F29305812C13058101EFE0DFE6C2
:1025C0000324414D2326A1000325014D930504005A
:1025D000EFF09FE7B7170000B38727000327C1007C
:1025E00023AE8786130101098320C17E0324817EE7
:1025F0008324417E0325017E8325C17D0326817DC1
:102600008326417D0329017D8329C17C032A817CA6
:10261000832A417C032B017C832BC17B032C817B90
:10262000832C417B032D017B832DC17A1301017F14
:102630003301E10067800000130101A32324815CC2
:102640002322915C130405002320A15C232EB15AA0
:10265000232CC15A2328215B93840500130906000B
:102660009305015D13860000130501022326115C0A
:10267000232AD15A2326315B2324415B2322515B39
:102680002320615B232E7159232C8159232A9159D0
:102690002328A1592326B159EFF00FF31306002B7D
:1026A000930501021305012DEF0011561306C10118
:1026B00023269400232824019305012D13050400EB
:1026C000EFF09FA993077000631EF5069305012D97
:1026D00013050102EFE05FD50324C14D2326A100BD
:1026E0000325814D93050400EFF01FD62326815C5E
:1026F0000324815C0327C1008320C15C8324415CE7
:102700000325015C8325C15B0326815B8326415B36
:102710000329015B8329C15A032A815A832A415A1A
:10272000032B015A832BC159032C8159832C415906
:10273000032D0159832DC1581301015D3301E100BF
:10274000678000008320C15C0324815C8324415C9A
:102750000329015B8329C15A032A815A832A415ADA
:10276000032B015A832BC159032C8159832C4159C6
:10277000032D0159832DC1581301015D67800000AD
:10278000130101A32324815C2320A15C1304050011
:10279000232EB15A232CC15A9305015D13860000E4
:1027A000130501022326115C232AD15A2322915CAE
:1027B0002328215B2326315B2324415B2322515BA9
:1027C0002320615B232E7159232C8159232A91598F
:1027D0002328A1592326B159EFF00FDF1306002B50
:1027E000930501021305012DEF0011428327C40058
:1027F0001306C1019305012D13050400639A070018
:10280000EFF09F86930770006308F500EFC000218A
:10281000EFF09F946FF01FFF9305012D1305010248
:10282000EFE09FC00324C14D2326A1000325814D65
:1028300093050400EFF05FC12326815C0324815CD3
:102840000327C1008320C15C8324415C0325015C14
:102850008325C15B0326815B8326415B0329015BE2
:102860008329C15A032A815A832A415A032B015AC8
:10287000832BC159032C8159832C4159032D0159B4
:10288000832DC1581301015D3301E1006780000011
:102890008327C500130101A32324815C2326115C37
:1028A0002322915C2320A15C232EB15A232CC15AF0
:1028B000232AD15A2328215B2326315B2324415B21
:1028C0002322515B2320615B232E7159232C8159D4
:1028D000232A91592328A1592326B159130405000D
:1028E000638C070A138600009305015D130501023E
:1028F000EFF08FCD1306002B930501021305012D78
:10290000EF0091301306C1019305012D130504005A
:10291000EFF09F84930770006304F500EFC0001090
:102920009305012D13050102EFE01FB00324C14DF3
:102930002326A1000325814D93050400EFF0DFB0AD
:102940002326815C0324815C0327C1008320C15CB2
:102950008324415C0325015C8325C15B0326815BE5
:102960008326415B0329015B8329C15A032A815ACB
:10297000832A415A032B015A832BC159032C8159B5
:10298000832C4159032D0159832DC1581301015D39
:102990003301E10067800000EFF05FAB8320C15C92
:1029A0000324815C8324415C0329015B8329C15A90
:1029B000032A815A832A415A032B015A832BC15976
:1029C000032C8159832C4159032D0159832DC15862
:1029D0001301015D678000008327850093050500D2
:1029E00063860700130510006780070067800000FA
:1029F000130101A5232E3159232C415993090500B8
:102A0000138A0500138600009305015B13058100FE
:102A10002322915A2320215B2326115A2324815AF1
:102A2000232A515923286159232671592324815976
:102A3000232291592320A159232EB1579304100228
:102A4000EFF08FB8130950009305812B1305810017
:102A5000EFE08FDEB3D7A40093F71700130405004F
:102A60006384070293050A0013058100E7800900CB
:102A7000631C0500630C24019305812B1305810061
:102A8000EFF00FD86FF05FFC130430008320C15AC1
:102A9000130504000324815A8324415A0329015A4F
:102AA0008329C159032A8159832A4159032B01598A
:102AB000832BC158032C8158832C4158032D015876
:102AC000832DC1571301015B6780000013070000CD
:102AD00093060000834705001305150013F6F7075A
:102AE000939787013316D60093D787413367C70082
:102AF00093867600E3C007FE23A0E5006780000010
:102B00009307000013070000834605001305150016
:102B100013F6F6073316E600B3E7C70013968601EF
:102B20001356864113077700E34006FE1306F001B3
:102B3000636CE60093F60604638806009306F0FFD4
:102B40003397E600B3E7E70023A0F50067800000B5
:102B5000130101FE232C8100139416002328210168
:102B60002326310123244101232251012320610125
:102B7000232E1100232A9100130B0500138A050050
:102B80009309060013890600930A07001304140032
:102B9000634654038320C10103248101832441013E
:102BA000032901018329C100032A8100832A4100EE
:102BB000032B01001301010267800000930414003D
:102BC00063D0540393172400B387F90003A647008A
:102BD00083A5070013050B00E7000A006344050006
:102BE0009304040093162900139924003384D90018
:102BF00033892901032609008325040013050B00EE
:102C0000E7000A00E35805F80327090083270400BA
:102C10002320E400139414002320F900130414006B
:102C2000138904006FF0DFF69307F00F6300F504DB
:102C30009377750093062000638ED7021307400038
:102C400063ECF6001305070063800702130101FF20
:102C500023261100EFB0905C930630006380D7020A
:102C600013058000E394E7FE678000001305000071
:102C700067800000138507006780000013050700C8
:102C8000678000009307F00F6302F5049377050750
:102C9000130700026384E702637AF7021307000355
:102CA0006382E70213070005130500006382E70251
:102CB000130101FF23261100EFB0505603A5450074
:102CC0006780000003A585006780000013050000F1
:102CD00067800000130101FD23229102232E3101A0
:102CE00023261102232481022320210393070005B8
:102CF0009304060093890600631AF5021305360053
:102D00001375C5FF83270500130545008320C10205
:102D10000324810223A0F900832441020329010234
:102D20008329C10113010103678000009377F50037
:102D30001307C000130905006360F71037A70000F0
:102D40009397270013070733B387E70083A707008C
:102D500013840500678007009305C1001305060072
:102D6000EFF0DFD68327C100E38207FA1377090764
:102D7000930600016314D70013840400131989011A
:102D800013598941B3878700E35209F883A70700E5
:102D90006FF0DFF79305C10013050600EFF05FD673
:102DA0006FF05FFC83471600034706009397870088
:102DB000B3E7E700138524006FF01FFB834716007D
:102DC0000347060093978700B3E7E700939707014F
:102DD00093D707416FF01FFE834716000347060095
:102DE0001305460093978700B3E7E70003472600E3
:102DF000131707013367F70083473600939787015E
:102E0000B3E7E7006FF05FF683471600034706005D
:102E10001305860093978700B3E7E7000347260072
:102E2000131707013367F70083473600939787012D
:102E3000B3E7E7006FF05FF3EFB0503E8327050183
:102E4000130101FD2324810293D7370013F4F70FF8
:102E500023229102938405009305050013050400C5
:102E6000232611022320210313090600EFF09FE11E
:102E70009305050093068101138684002326A10093
:102E800013050400EFF01FE58325C1009306C1017F
:102E90001306890013050400EFF0DFE30325810129
:102EA0008327C10163E2A7023335F5003305A04053
:102EB0008320C102032481028324410203290102E9
:102EC0001301010367800000130510006FF05FFE1F
:102ED000130101FE232A9100930405000325050137
:102EE000232821011389050013553500938504001B
:102EF0001375F50F232C8100232631012324410172
:102F000023225101232E110093090600138A060083
:102F1000EFF05FD7930A05001304000063444403F5
:102F20008320C1010324810183244101032901017C
:102F30008329C100032A8100832A41001301010271
:102F40006780000093162400B387D90003A504010D
:102F500003A60700B306D9001355350013068600F3
:102F600093850A001375F50FEFF0DFD613041400F4
:102F70006FF0DFFA130101FD232291029304950003
:102F80002324810213040500138504002326110263
:102F900023202103232E3101232C4101EF0041592D
:102FA000130515003385A400834484009307300083
:102FB00063F0970283460500130740009307F00F64
:102FC0006390E60203471500631C07001305250004
:102FD000034794009307A0076306F70293070000D6
:102FE0008320C102032481028324410203290102B8
:102FF0008329C101032A81011385070013010103FD
:103000006780000093058100EFF05FAC9305C1007D
:10301000EFF01FAF93071000639AF4023305950099
:10302000930581001304A400EFF05FAA9304200528
:10303000130900059309C004130A20048347040000
:10304000639C9700834705006FF09FF9930581000B
:10305000EFF0DFA76FF0DFFC6392270383470500E3
:1030600013061500930641009305000013F5F707BA
:10307000EFF05FC6130414006FF05FFC6396370136
:10308000130515006FF01FFFE38C47FF6FF01FF56E
:10309000130101FC232A910283240501232C8102C0
:1030A0002322510393D4340093F4F40F930A0500C0
:1030B00013840500930505001385040023263103BE
:1030C00023206103232E7101232A9101232E110253
:1030D0002328210323244103232C8101930C060080
:1030E000EFF05FBA9309050093070000130B30005F
:1030F000930B1000032A040063160A001304000057
:103100006F00800C83264400638C060E03A70A011F
:103110001389070013774700630607021309440069
:103120003309D9406380270313050900EFF09FE4BA
:103130009304050093850A001375F50FEFF09FB413
:1031400093090500639204020327C40083278400C7
:103150002326E10063940706130A4A00330444015E
:10316000930709006FF01FF913FCF40F9306810019
:10317000130684009385090013050C00EFF09FB53A
:10318000130605009306C100930500001375FC00AB
:10319000EFF05FB413050C00EFF01FA91307F0FF69
:1031A0006368AB00131535003395AB003307E500BA
:1031B0008327810033F7E700E30007FA0327C10004
:1031C000B387FC40E3FAE7F88320C103130504004A
:1031D0000324810383244103032901038329C102BA
:1031E000032A8102832A4102032B0102832BC1019E
:1031F000032C8101832C410113010104678000002D
:10320000138907006FF05FF513074500032545009C
:103210003305A7406FF01FD6130101FD2322910251
:10322000930405001385050023261102232481023F
:1032300023202103232E3101138905009309060061
:10324000EFF09FFC1374F50F938504001305040041
:10325000EFF05FA393050500930681001306890034
:1032600013050400EFF01FA713850900EFF0DFF945
:103270001374F50F9385040013050400EFF09FA06D
:10328000930505009306C100138689001305040009
:10329000EFF05FA4032581008327C10063E4A70248
:1032A0003335F5003305A0408320C1020324810299
:1032B00083244102032901028329C101130101036F
:1032C00067800000130510006FF01FFE130101FD61
:1032D00023248102232C4101232A51012328610147
:1032E0002326710123261102232291022320210388
:1032F000232E3101130A0500938A0500130B0600E3
:10330000938B060013040000634874038320C102FA
:103310000324810283244102032901028329C1017C
:10332000032A8101832A4101032B0101832BC10060
:10333000130101036780000013192400B3072B0158
:1033400083A407001304140013850400EFF0DFEBDF
:103350009379F50F93050A0013850900EFF09F920A
:1033600093050500B3862A0113868400138509009E
:10337000EFF05F966FF05FF9130101FE232C8100DF
:103380009385850013040600130581001306400091
:10339000232E1100EF00410713064000930584001F
:1033A0001305C100EF004106832781000327C100F8
:1033B000130510006366F700B3B7E7003305F0406C
:1033C0008320C101032481011301010267800000F1
:1033D000130101FE232C8100232A910023282101BF
:1033E000232E110093840500130906001304000026
:1033F000634ED4008320C101032481018324410151
:103400000329010113010102678000001315240044
:10341000B307A90083A50700130640003385A40065
:10342000938585002326D100EFF0107E8326C1000E
:10343000130414006FF0DFFB1301019A2320616570
:10344000032B46002326316593098600232C8164D3
:10345000232A916423282165232441652322516571
:10346000232E7163232C8163232E1164232A9163FD
:103470002328A1632326B1632324A100138405001C
:10348000938A8600938B0900130C00009304012299
:10349000130A00081309C101130600409305000038
:1034A00013850400EF001051930C0000930D0000F1
:1034B000130D000063EE6C09630A0D189387040076
:1034C0001307000003A607009306070023A0D700F8
:1034D00093874700930601623307C700E394D7FE42
:1034E000930C000063E86C0F130C8C009307000230
:1034F0006318FC0463805917032481658320C16528
:103500008324416503290165032A8164832BC163F8
:10351000032C8163832C4163032D0163832DC162DE
:1035200013162B0093850A00032B0164832A416440
:10353000138509008329C164130101666FF0D06C03
:1035400093870B00938B0A00938A07006FF0DFF4D8
:10355000B3069B416374DA009306000803258100DB
:1035600013962C002326D1003386CB00930501024D
:10357000E70004008326C100232EB10113060900D1
:1035800093070000639CD700B38CFC00939727003F
:10359000B307F90083AD07006FF0DFF18325460024
:1035A000130646009387170033D785011377F70F6B
:1035B000131727003387E4000325070013051500C0
:1035C0002320A7000327C6FFB3B5E500330DBD00D8
:1035D0006FF05FFB330D9B416374AA01130D00086C
:1035E0000325810013962C00B38DCB0093050900B1
:1035F00093060D0013860D00E700040013152D003F
:1036000093050000B307B90083A70700B3D787016C
:1036100093F7F70F93972700B387F40003A70700EA
:103620001308170023A00701B387BD0083A7070075
:10363000131727003387EA002320F70093854500FE
:10364000E392A5FCB38CAC016FF0DFE9938A0B0029
:103650006FF05FEA8320C16503248165832441659F
:10366000032901658329C164032A8164832A416493
:10367000032B0164832BC163032C8163832C41637F
:10368000032D0163832DC162130101666780000071
:10369000130101FB2324810423229104232E3103EF
:1036A000232C4103232A510323286103232671037A
:1036B000232481032322910313840500232611046C
:1036C00023202105130C050093050000930400003E
:1036D00093090000930C0000130A3000930A1000B5
:1036E000130BF00F930B807F832704006386070280
:1036F000832744006380070E130944003309F9400F
:103700006302990913050900EFF0DF8693040500B1
:10371000631065059309F0FF8320C104032481042D
:103720008324410403290104032A8103832A4103DA
:10373000032B0103832BC102032C8102832C410242
:10374000138509008329C103130101056780000067
:10375000937CF50F93050C0013850C00EFF08FD2CE
:1037600083270C019305050013F7877F631C7707F8
:10377000939C3C0093F77780B3E797012328FC00E4
:10378000930C09009306C1011306840013F5F40F8E
:103790002326B100EFF00FD413F5F40FEFF0CFC8EC
:1037A0008325C1009307F0FF6368AA0093173500D3
:1037B000B397FA009387F7FF0327C101B377F700A8
:1037C000638A070083270C00938919006374F7004C
:1037D0002320EC0083270400938747003304F40080
:1037E0006FF09FF013D737001377F70F93E7470079
:1037F000E396E4F86FF0DFF8130101FC232C81025B
:103800000324050123244103232C81011354340094
:103810001374F40F130A0500138C050093050500BB
:1038200013050400232A9102232631032322510386
:1038300023206103232E110223282103232E71014B
:1038400093040600EFF00FC49309050093070000EE
:10385000930A3000130B100003A70400631A070239
:103860008320C1030324810383244103032901032B
:103870008329C102032A8102832A4102032B010208
:10388000832BC101032C8101130101046780000017
:1038900083A6440013890700638A060603270A01EA
:1038A0001377470063060702138944003309D940A0
:1038B0006380270313050900EFF0CFEB1304050025
:1038C00093050A001375F50FEFF0CFBB93090500C0
:1038D0009385840063160404130640001305C10099
:1038E000EFF090328327C1006382070283270C0028
:1038F000638E070003A747009306170013172700DE
:1039000023A2D700B387E70023A4970083A704006E
:1039100093874700B384F400930709006FF0DFF347
:10392000138605009306C100938509001375F40FF3
:10393000EFF04FBA1375F40FEFF00FAF9307F0FFEE
:1039400063E8AA00131535003315AB00B307F50083
:103950000327C100B3F7E7006FF01FF983270501C4
:10396000130101FC232C810223244103232E110285
:10397000232A9102232821032326310323225103E2
:1039800023206103232E7101232C810113F71700DB
:1039900013040500138A0500630C070403250401C2
:1039A000937715006392072A137525000329C40035
:1039B000631A054213050400032481038320C10315
:1039C000832441038329C102832A4102032B01027C
:1039D000832BC101032C810113060A009305090002
:1039E000032A810203290103130101046FF04FEA46
:1039F00093D4B700639E040A93F727000329C500F8
:103A00009309F0FF6390070893050900EFF05FC882
:103A10009307F0FF93040500631AF5066F00000199
:103A200013050400EFF0DFC6631A35059307807FA6
:103A30002328F4009387C1912326F40083270400F0
:103A4000E37EFAF4930400008320C103032481037E
:103A5000032901038329C102032A8102832A410227
:103A6000032B0102832BC101032C81011385040068
:103A7000832441031301010467800000B384A40080
:103A80001309490083250900E39C05F883270401F5
:103A90001397B40093F7F77FB3E7E7002328F40008
:103AA0003707200063E2E40693F7F77F2328F4004A
:103AB0009389240013952900EFB0400D13090500E8
:103AC000E30E05F62322050013952900EFB0000C44
:103AD000930A0500630405002322050083290401DD
:103AE000032BC40093F729006390070413060B000F
:103AF000930581001305040023242101232651018D
:103B0000EFF09FCF6F00C002E38A04F26FF05FFA1C
:103B1000930581001305040023242101232651016C
:103B2000130B4B00EFF05FCD03260B00E31206FEF4
:103B30008327490063849700EFA0506E93F74900F4
:103B400063820A066394070493F9897F63960904E4
:103B5000B73503009385053D1305040093860A00DD
:103B600013060900EFF05F8D13850A00EFB0C00265
:103B70008327C400232624012320F900832704017E
:103B800093E717002328F4006FF05FEBB7350300CD
:103B90009385C52C6FF05FFCB7350300938505ED69
:103BA0006FF09FFB6396070693F9897F6398090678
:103BB000B73903009389893793DA1400130B89000E
:103BC000938AFAFF930BF0FF63907A07938AF4FFCE
:103BD00093942400B3049900E35C50F903A74400D4
:103BE00083278900930600002324E90013060B00B5
:103BF00013870A00938509001305040023A2F4002B
:103C00009384C4FFEFE0DFF4938AFAFF6FF0DFFCE8
:103C1000B7390300938989216FF01FFAB739030080
:103C20009389C9E36FF05FF993860A001387040054
:103C300013060B009385090013050400EFE05FF104
:103C4000938AFAFF6FF05FF8937A450063860A085B
:103C5000832BC400130B000083AA4B00E3745BDFCB
:103C600033095B011359190093172900B387FB002F
:103C700083A4870013850400EFF00FD99379F50F23
:103C80009305040013850900EFE0DFFF93050500AD
:103C9000930601001386840013850900EFF08F83DB
:103CA00013060500930641009305000013F5F90083
:103CB000EFF04F8283270100636CFA000327410075
:103CC000B387E700E362FAD8130B190013890A00DF
:103CD000930A09006FF09FF89379857F6394090632
:103CE000832AC40003A94A00E3FE29D533842901AD
:103CF0001354140093172400B387FA0083A4870099
:103D0000130640001305010093858400EFF0C06F97
:103D1000130640009385C4003305C100EFF0C06E68
:103D200083270100636CFA0003274100B387E70093
:103D3000E36CFAD09309140013040900130904007A
:103D40006FF09FFA13553500032BC4001379F50F5C
:103D50009305040013050900EFE0DFF283294B000F
:103D6000130C0500937BF900E3FE3ACD33843A014E
:103D70001354140093172400B307FB0083A4870097
:103D80009306010093050C001386840013050900B7
:103D9000EFE05FF413060500930641009305000071
:103DA00013850B00EFE01FF383270100636CFA001B
:103DB00003274100B387E700E368FAC8930A1400B9
:103DC00013840900930904006FF01FFA13060A0018
:103DD00013050400EFF0CFAB93040500E31605C60E
:103DE0001309490083250900E39205FE6FF09FC582
:103DF000630A050283270500638607029307F0FF25
:103E000023A0F5009307807F23A8F50003A781A3D3
:103E100023A2C50023A4D50023A6A50023AAE5005C
:103E200023ACB1A2678000009306000013060000D7
:103E30006FF01FFC83270500638A0702130101FF4F
:103E4000232481001304050013058001232611009B
:103E5000EFA0D0539305050013050400032481004F
:103E60008320C100130101016FF01FFC6780000077
:103E70009307F0FF23A0F5009307A07F23A8F50088
:103E800003A781A323A2C50023A4D50023A6A500D0
:103E900023AAE50023ACB1A26780000093060000CE
:103EA000130600006FF0DFFC130101FF23248100E3
:103EB000130405001305800123261100EFA0104D07
:103EC0009305050013050400032481008320C1002D
:103ED000130101016FF09FFC6300050C83270500AF
:103EE0006388070A03A781A3938781A3631007024E
:103EF000130101FF03A741A32326110023248100FE
:103F0000938741A363180702EFA0503103A707006E
:103F10008326C700639AA60083264701130507007E
:103F200023A0D700678000009307470103274701BC
:103F30006FF0DFFB03A40700832604010327C400FE
:103F400093F616006388060283260700631CD502D9
:103F5000832644011305070023A0D700EFA0D04318
:103F60008320C10013050400032481001301010113
:103F7000678000006318E5000327440123A0E700E1
:103F80006FF01FFE03274401930744016FF09FF772
:103F90001305000067800000678000006FF0DFF30A
:103FA00083270500638E0700130101FF23261100FC
:103FB000EFF09FF28320C100130101016FA0D03DFB
:103FC00067800000130101FD232E310123248102AB
:103FD00003A441A323202103232A510123261102F4
:103FE00023229102232C4101930A05001389050025
:103FF000630004028327040063E4FA0493850A0043
:1040000013050400EFF09F95930405006316050661
:1040100003A481A3631A04028320C10213050400D0
:104020000324810283244102032901028329C1015F
:10403000032A8101832A41011301010367800000E3
:10404000032444016FF0DFFA8327440193850A00BB
:104050001305040023ACF1A2EFF05F9003A741A386
:1040600093040500938741A363160706232AE400FF
:1040700023A08700E38E04F883274400032504016E
:104080002320F900832784002322F9009377450039
:10409000135535006386070013850400EFF0CF96B3
:1040A0009379F50F9305040013850900EFE09FBD98
:1040B000930505009306C10013868400138509004B
:1040C000EFE05FC18327C100138404002324F900BB
:1040D0006FF09FF483A607000326040083A5060063
:1040E000E3E6C5F803A74601938746016FF0DFF7C3
:1040F000630E06009307F00163DCC700130606FE9B
:1041000033D5C50013070000930507006780000042
:1041100093070002B387C74033D7C5003355C500A6
:10412000B395F50033E5A5006FF01FFE630E0600A2
:104130009307F00163DCC700130606FEB315C50044
:1041400013070000130507006780000093070002B3
:10415000B387C7403317C500B395C5003355F50085
:10416000B365B5006FF01FFEB7070100637AF50273
:104170009337051093B717009397370037A70000C0
:104180003355F500130747363307A70003450700EB
:1041900093060002B386F6403385A6406780000090
:1041A0003707000193078001E37AE5FC93070001DC
:1041B0006FF0DFFC1303F00013070500637EC302FA
:1041C0009377F7006390070A63920508937606FFDA
:1041D0001376F600B386E6002320B7002322B7004B
:1041E0002324B7002326B70013070701E366D7FE91
:1041F0006314060067800000B306C3409396260050
:1042000097020000B38656006780C6002307B700F8
:10421000A306B7002306B700A305B7002305B70020
:10422000A304B7002304B700A303B7002303B70018
:10423000A302B7002302B700A301B7002301B70010
:10424000A300B7002300B7006780000093F5F50FC7
:1042500093968500B3E5D50093960501B3E5D500A7
:104260006FF0DFF69396270097020000B3865600A2
:1042700093820000E78006FA93800200938707FF8D
:104280003307F7403306F600E378C3F66FF0DFF349
:104290003367B5009303F0FF1377370063100710FF
:1042A000B7877F7F9387F7F70326050083A605006E
:1042B000B372F6003363F600B382F200B3E2620039
:1042C000639272106316D6080326450083A6450044
:1042D000B372F6003363F600B382F200B3E2620019
:1042E000639E720C6316D6060326850083A685009E
:1042F000B372F6003363F600B382F200B3E26200F9
:104300006398720C6316D6040326C50083A6C50005
:10431000B372F6003363F600B382F200B3E26200D8
:104320006392720C6316D6020326050183A605016B
:10433000B372F6003363F600B382F200B3E26200B8
:10434000639C720A1305450193854501E30ED6F47B
:104350001317060193970601631EF7001357060112
:1043600093D706013305F7409375F50F6390050267
:10437000678000001357070193D707013305F74003
:104380009375F50F63940500678000001377F70FAE
:1043900093F7F70F3305F7406780000003460500E9
:1043A00083C6050013051500938515006314D60018
:1043B000E31606FE3305D64067800000130545006E
:1043C00093854500E31CD6FC1305000067800000C0
:1043D0001305850093858500E312D6FC13050000C4
:1043E000678000001305C5009385C500E318D6FA61
:1043F0001305000067800000130505019385050182
:10440000E31ED6F813050000678000009307F00450
:104410006300F50263E8A700130545FE1335650048
:10442000678000001305E5FA13352500678000005A
:1044300013051000678000000327450183278501CD
:10444000930605006354F702130640013306C702C2
:1044500083270501130717003385C70023220500B2
:104460002324050023AAE60067800000130500004E
:1044700067800000130101FE232C8100232E110010
:10448000930700051304060063E4B7109307400385
:1044900063EAB7029307900263E4B7069307A000AC
:1044A00063E2B7089307400063FAB70A631C040A83
:1044B0008320C101130504000324810113010102BB
:1044C000678000001387B5FC93071000B397E700DF
:1044D0003737000A130787EF33F7E7006310070841
:1044E0003717C70113077710B3F7E700E39007FC0E
:1044F0009307F0046388F506130400006FF05FFB78
:10450000938765FD13078000E368F7FE37B7000067
:1045100093972700130747BAB387E70083A70700DD
:1045200067800700138755FF93071000B397E700D4
:104530003727005F1307E7FF33F7E700E31807F6B5
:1045400013D7E7001377F71F631E070037078000B4
:1045500013071700B3F7E700E38007FAE38E06F8C6
:10456000E30C04F82326D1002324B100EFF0DFECA4
:10457000630C0500832581008326C1002326850066
:104580002320B5002328D500130405006FF05FF247
:104590009387E5FA1307C000E36AF7F037B7000026
:1045A00093972700130787BCB387E70083A707000B
:1045B00067800700E39806FA6FF01FF4130101FE0D
:1045C0002326B1002324C100232E1100EFF0DFE6E3
:1045D000032681008325C1009327160013B7150019
:1045E000B3E7E70063940702630205022322050094
:1045F00023240500232005002326B5002328C50019
:104600008320C1011301010267800000130500002F
:104610006FF01FFF130101FE232E11002326B100AE
:10462000EFF09FE1630A05008325C1009307800234
:104630002320F5002326B5008320C10113010102C8
:10464000678000000327C5001306E00693060500F7
:104650008347070013080000639AC70093071700F9
:104660002326F50083471700130810003706008043
:1046700013050000930890001306F6FF9305A000B1
:10468000138707FD9377F70F63F8F800630C0802B0
:104690003305A04067800000B307E640B3C7B70208
:1046A00063C0A702B307B5023305F70083A7C600AE
:1046B0001387170023A6E60083C717006FF05FFC7F
:1046C0001305F0FF67800000130101FF2324810020
:1046D000232291002326110093040500EFF0DFD57B
:1046E00013040500630C0500930740042320F50024
:1046F00013850400EFF01FF52326A4008320C100DA
:1047000013050400032481008324410013010101E7
:1047100067800000639C05028327C50003C707006C
:1047200063100702130500006780000013050000F6
:104730008320C10003248100130101016780000070
:10474000138717002326E50083C50700130101FF27
:1047500023248100232611009307800613040500FB
:104760006396F50213050400EFF0DFED8327C40024
:104770001307F00583C60700E39AE6FA938717004C
:104780002326F400130510006FF09FFA93076007CB
:10479000E39EF5F8EFF01FEB8327C4001307F00545
:1047A00083C60700E394E6F8938717002326F400F6
:1047B0006FF05FFB0327C5009306200513860500F5
:1047C00083470700638ED7009306F004639AD702ED
:1047D0008327C50293050002938737006F0000010D
:1047E0008327C5029305F00193872700130717005D
:1047F0002326F5022326E500930600006FF09FC7ED
:1048000013850500678000008327C500130101FFA1
:10481000232481002326110083C707001307F00516
:10482000130405006384E7041307E006639CE700B4
:104830001305F0FF8320C10003248100130101014F
:1048400067800000EFF01FE013051500E34205FE4E
:104850008327C4001307F00583C60700E39AE6FC2C
:10486000938717002326F4006FF0DFFC1305000088
:104870006FF01FFE8327C5001307400583C607009E
:104880006386E6001305000067800000130101FF46
:1048900023248100232291009387170023261100EF
:1048A0002326F50013040500EFF01FF6930405001E
:1048B0009307F0FF13050000638EF4001305040056
:1048C000EFF09FB763080500930750002320F50021
:1048D000232695008320C100032481008324410006
:1048E00013010101678000008327C5009306F005CE
:1048F00003C707006314D708130101FF23229100A7
:104900002326110023248100938617002326D50037
:1049100083C61700930410006398E600938727006E
:104920002326F5009304200013040500EFF09FD127
:10493000930705001305000063C8070293A7A700AB
:10494000639207029384E4FF639E04008327C400FC
:104950001307F00583C607006398E60093871700E6
:104960002326F400130510008320C10003248100D6
:10497000832441001301010167800000130510002A
:104980006780000013070500638A0502832705027C
:10499000832645021305000063D4D7028326C7018E
:1049A0001396270093871700B386C60023A0B6008E
:1049B0002320F70213051000678000001305000094
:1049C00067800000130101FE232C8100232E1100BB
:1049D00013840500130610009305004013082004FB
:1049E000930830026300040483278400634CF602BA
:1049F0000327C51163C8E502938717002324F40039
:104A000083270400636CF80C63E6F8021307700058
:104A10006386E7046364F706130730006364F704F2
:104A2000639C07068320C101032481011301010255
:104A3000678000001387C7FDB786FE7F3317E60047
:104A40009386C6DEB376D7006398060413773700E3
:104A50006316070C13074003E396E7FC03240401E5
:104A60006FF05FF813074000E39EE7FA83274514D1
:104A7000938717002322F5146F00000213078000AC
:104A8000E38EE7FC130770016378F700938777FEE6
:104A90001307A000E368F7F88327C5113717000054
:104AA00013070780E340F7F893871700232EF510CC
:104AB0008325C4002326A100EFF0DFF00325C10009
:104AC00083250401EFF01FF00325C1008327C511E2
:104AD0009387F7FF232EF5106FF0DFF49387B7FB72
:104AE00013079001E360F7F437770002B317F6007D
:104AF000130717FC33F7E700E31007FA3717040032
:104B00001307670033F7E7006316070093F7870181
:104B1000E38A07F00324C4006FF0DFEC8327C400AE
:104B200003A7070093075000E318F7F683278513C0
:104B300093871700232CF5126FF01FF683250510BD
:104B4000130101FE232E1100B307B50023800700D7
:104B5000832785100326C5102326A100E7800700C0
:104B60000325C1008320C10183278512232005105E
:104B7000938717002324F5121301010267800000B8
:104B800003270510130101FE232C8100232E1100A1
:104B90009307F00F130405006318F7002326B100F4
:104BA000EFF0DFF98325C100832704101387170076
:104BB0002320E410B307F4002380B7002302B410CD
:104BC0008320C101032481011301010267800000D9
:104BD000130101FE232C8100232A9100232E1100B2
:104BE00013840500B384C500631C94008320C101B5
:104BF0000324810183244101130101026780000025
:104C0000834504002326A10013041400EFF05FF78E
:104C10000325C1006FF05FFD9307050093060003B5
:104C200013050000638A070003A707006316D70077
:104C300003A7C700631407006780000083A707016C
:104C4000130515006FF01FFE130101FE232C8100D8
:104C50001304050013850500232E11002326B1003F
:104C6000EFE0100D13060500130504000324810175
:104C70008325C1008320C101130101026FF05FF59C
:104C8000130101FD13860500B7850000232481026E
:104C9000938545E213040500130541002326110204
:104CA000EF0052199305410013050400EFF0DFF9FE
:104CB0008320C102032481021301010367800000E5
:104CC000130101FE232E1100938565FA930720003E
:104CD00063ECB702B7B7000093952500938747FFB1
:104CE000B387B70083A507002324A1002326C100B2
:104CF000EFF09FF58325C100032581008320C101CA
:104D0000130101026FF0DFF793071000B785000071
:104D1000232CF5109385C5866FF01FFD130101FF4D
:104D20002324810023261100232291002320210126
:104D300013040500EFF01F916350A00E8324C400FC
:104D4000832744001309050013050000B38797402B
:104D500063C0270B03278400B38724012326F400B4
:104D600013774700630C070083C607001307400250
:104D70006396E600938717002326F40093079000BC
:104D800063D62709B785000013068000938585E266
:104D900013850400EF005229631A050683C78400B7
:104DA000138727FD938617FA1337170093B616005B
:104DB0003367D700631607009387C7FD639807041E
:104DC00003C794009307E0046312F7048327C40227
:104DD000B78500001306500193876701B387274109
:104DE0002326F402938545E313050400EFF00FFD3D
:104DF0002324A4028320C1000324810083244100D2
:104E00000329010013010101678000001306090056
:104E1000938504006FF05FFD130500006FF09FFDA8
:104E2000130101FE232A910083248502232C810093
:104E300023282101232E11001304050013860500E9
:104E4000130920048327C40003C707006302270354
:104E5000232494028320C10103248101832441017E
:104E600003290101130506001301010267800000F8
:104E7000938717002326F400130504002326C1009E
:104E8000EFF0DFE90326C100930605009305E00477
:104E900013050400EFF00FDE130605006FF09FFA14
:104EA000130101FD232481022322910223202103E7
:104EB000232E3101232611021304050093840500DB
:104EC00013097005930900058327C40003C7070071
:104ED00063062701130510006F00C0051387170034
:104EE0002326E40003C71700930550056318370114
:104EF000938727002326F4009305600503A604008A
:104F0000130504002326B1002324C100EFF01FE1A4
:104F10008325C100032681009306050013050400C4
:104F2000EFF04FD523A0A4009305050063120502FE
:104F3000130500008320C10203248102832441025F
:104F4000032901028329C1011301010367800000C5
:104F500013050400EFF01FA3E31805F66FF05FFDE3
:104F60009307000363DE0500678000000327050048
:104F7000631CF700638E0500032505019385F5FF8B
:104F8000E31605FE6780000013050000678000003F
:104F90000325C5006780000083270511638A070089
:104FA00083A7470083A5C50003A507016FF05FFB3A
:104FB00093071000232CF5101305000067800000F4
:104FC000130101FE232A9100B7B40000232C8100B5
:104FD0002328210123263101232E110093090500E6
:104FE00013840500130980009384C4BF6306040280
:104FF000832704006376F902130740036382E70600
:105000006368F702138787FE1377F7FE63060700CE
:1050100013073003639EE702130500006F0080064C
:1050200093972700B387970083A70700678007003F
:105030009387D7FB1307C001636CF7003717001085
:10504000130737CEB357F70093F71700E39607FC23
:105050008325C40013850900EFF09FF66314050251
:10506000032404016FF09FF89305040013850900E1
:10507000EFF09FF2E30205FA032705009307000310
:10508000E31CF7F88320C10103248101832441013B
:10509000032901018329C100130101026780000077
:1050A000130101FE0327460093871500232A910070
:1050B0009384050083258600232C81002328210169
:1050C000232E1100B387E70013090500130406001F
:1050D00063F8F5060327C600631007046394050010
:1050E0009305200063E6F504032504002326B100A0
:1050F000EFF0517B8325C1006310050403250400F4
:10510000EF9090299307100023200400232204002D
:10511000232404002326F4008320C10103248101F9
:10512000832441010329010113010102678000006A
:10513000939515006FF01FFB2320A4002324B400D7
:105140008327C400E39A07FC832744000325040057
:1051500013860400930509003305F500EFE0C02A2B
:105160008327040003274400B3879700B387E70031
:105170002380070083274400B38797002322F4008D
:105180006FF09FF9832705001307900393F7D7FF6C
:105190006390E7048327C50013074006130500004A
:1051A00083A7C70083A7070083C607006394E602AE
:1051B00083C7170013F5F70D130585FA938777F961
:1051C00093B71700133515003365F50067800000AD
:1051D00013050000678000008327050013073006D1
:1051E00083C617006390E60283C707001385D7F9CB
:1051F0009387E7F893B72700133525003365F5004B
:10520000678000001305000067800000130710008E
:10521000630C0600832746006348F7008325C51109
:105220009306004063D6B600232CE510678000008B
:10523000130101F72324810823229108232E31072B
:105240002326110823202109232C4107232A510753
:10525000232861072326710723248107232291072E
:105260002320A107938717002322F6008327C51167
:10527000832985119304060093871700232EF510C8
:105280008327C5122328C10013060101232AF10038
:105290002326C51213040500639C090283A704009A
:1052A0001307F0056374F7006F10C015B7B6000060
:1052B00013972700938606C23307D70003270700FA
:1052C0006700070003A6040183A5C400EFF05F9008
:1052D000832741018320C108032901082326F412F2
:1052E00083A744008329C107032A81079387F7FF17
:1052F00023A2F4008327C41183244108832A410791
:105300009387F7FF232EF41003248108032B010752
:10531000832BC106032C8106832C4106032D010635
:10532000130101096780000003A6C4009305100162
:10533000EFF0DFEDB7850000130504009385C5E4A9
:10534000EFF09F9003A604011305040093051001DC
:10535000EFF0DFEB9305D00513050400EFF05F825B
:105360006FF01FF79305B005B7890000EFF05F817C
:1053700013890400938949E50326C90093051001A8
:1053800013050400EFF09FE80329090163140900E5
:105390006F10C0249385090013050400EFF0DF8A25
:1053A0006FF09FFD03A6C40093051001EFF01FE608
:1053B0001305040093050004EFF08FFC03A604011D
:1053C0009305100113050400EFF05FE46FF05FF048
:1053D00003A6C4006306060093051001EFF01FE367
:1053E00003A70400930760056302F70283A7C400C4
:1053F0009305E002639E070003A6040193051001D4
:1054000013050400EFF09FE06FF09FEC9305A003FD
:1054100013050400EFF0CFF66FF01FFE03A6C400E3
:1054200093051001EFF09FDEB7850000938585E5B9
:1054300013050400EFF05F8103A9040193079004B2
:1054400003270900631CF702B78500009385C5E5B3
:1054500013050400EFF04FFF832509011305040035
:1054600093851500EFF0DF81B78500009385C5E6D1
:1054700013050400EFF04FFD0329C90013060900CE
:105480009305100113050400EFF05FD86FF05FE49F
:1054900003A9C400930A0102032B4511138A0A00D1
:1054A000232A051093090000930C400063040900AF
:1054B0006398990193071000232CF4106FF05FE1BB
:1054C00023240A0083274411832B0411032C090091
:1054D0002320FA00232A441123222A0123267A01B9
:1054E00013050C0093891900EFE05FF2631E050CB1
:1054F00093072000631AFC02032909019307900413
:10550000032709006314F7000329C900139A49000F
:10551000330A5A01130C4000E30E09F80325090071
:10552000EFE0DFEE6318050A032709009307400048
:10553000631CF702930781012328F41083270901D4
:10554000232C7101232E210183A607001307E005F8
:10555000639CE60003A7C7002328E90003A7040112
:1055600023A6E70023A8F40003A604019305100175
:1055700013050400EFF09FC90327090093074000BB
:105580006316F700832781012328F41093994900BB
:10559000B389590183A789FF63900702930500022D
:1055A00013050400EFF0CFDD03A649FF93051001BA
:1055B00013050400EF10005B938909FFE39C3AFD9B
:1055C000232A64116FF0DFD00329C900130A0A01EE
:1055D0006FF0DFEDE38089EF930C0AFF13050A00FB
:1055E0001306000193850C00EFD01062232A2AFFD6
:1055F000232C0AFE23209A01232A4411232E7AFF0A
:105600000329C90093891900130A0A016FF0DFF01A
:10561000032985142324951403A6C4008329451166
:1056200093051001232A0510EFF05FBE03474410D5
:105630009307C0036318F7009305000213050400E5
:10564000EFF00FD49305C00313050400EFF04FD320
:1056500003A604019305100113050400EFF01FBB1E
:10566000034744109307E0036318F7009305000213
:1056700013050400EFF0CFD09305E00313050400F9
:10568000EFF00FD0232A3411232424156FF05FC4C8
:1056900003A6C4008327051213071600635CF704F2
:1056A000832705111307060083A7470083A7C700B8
:1056B000638E07006312070283A607001307D00555
:1056C0006392E60283A7C700639E0700930710005A
:1056D000232CF4106FF0DFBF83A707011307F7FF38
:1056E0006FF01FFD83A5070013050400EFF04FDDE9
:1056F0006FF01FBE63840702B785000013065000D9
:10570000938505E7EFF0CFCC83A5C4001305040013
:1057100093851500EFF0CFD66FF09FBB9385040003
:10572000EFF09F8713060500E30205FA0327050043
:1057300093070003631AF70083254412EFF05F829A
:1057400013060500E30405F803290411930510016D
:1057500013050400832709002328F410EFF01FAB82
:10576000232824116FF0DFB6B7850000938585E705
:10577000EFF08FCD03A6C4009305100113050400BC
:10578000EFF0DFA86FF0DFB403A60401930510016A
:10579000EFF0DFA76FF0DFB39305E007EFF04FBE48
:1057A00003A604019305100113050400EFF01FA6E2
:1057B0006FF01FB2B7850000938585E9EFF0CFC881
:1057C00003A6C4009305100113050400EFF01FA405
:1057D0006FF01FB0B7850000938505EBEFF0CFC6E3
:1057E00003A6C4009305100113050400EFF01FA2E7
:1057F0006FF01FAEB78500009385C5EBEFF0CFC407
:1058000003A6C4009305100113050400EFF01FA0C8
:105810006FF01FACB7850000938585ECEFF0CFC229
:1058200003A6C4001305040093051001EFF01F9EAA
:10583000B785000013050400938545EEEFF0CFC057
:1058400003A604019305100113050400EFF01F9C4B
:105850006FF01FA8B78500009385C5EEEFF0CFBEAF
:1058600003A6C4009305100113050400EFF01F9A6E
:105870006FF01FA6B78500009385C5EFEFF0CFBC92
:1058800003A6C4009305100113050400EFF01F9850
:105890006FF01FA4B7850000938505F1EFF0CFBA34
:1058A00003A6C4009305100113050400EFF01F9632
:1058B0006FF01FA2B7850000938545F2EFF0CFB8D7
:1058C00003A6C4009305100113050400EFF01F9414
:1058D0006FF01FA0B7850000938585F2EFF0CFB67B
:1058E00003A6C4009305100113050400EFF01F92F6
:1058F0006FF01F9EB78500009385C5F3EFF0CFB41E
:1059000003A6C4009305100113050400EFF01F90D7
:105910006FF01F9CB7850000938585F5EFF0CFB23F
:1059200003A6C4009305100113050400EFF01F8EB9
:105930006FF01F9AB7850000938585F6EFF0CFB022
:1059400003A6C4009305100113050400EFF01F8C9B
:105950006FF01F98B78500009385C5F7EFF0CFAEC5
:1059600003A6C4009305100113050400EFF01F8A7D
:105970006FF01F96B7850000938545F9EFF0CFAC27
:1059800003A6C4009305100113050400EFF01F885F
:105990006FF01F94B7850000938505FBEFF0CFAA49
:1059A00003A604011305040093051001EFF01F8600
:1059B000B785000013050400938585FAEFF0CFA8A2
:1059C00003A6C4009305100113050400EFF01F8423
:1059D0006FF01F90B7850000938585FCEFF0CFA690
:1059E00003A6C4009305100113050400EFF01F8205
:1059F0006FF01F8EB7850000938505FEEFF0CFA4F2
:105A000003A6C4009305100113050400EFF01F80E6
:105A10006FF01F8CB78500009385C5FDEFF0CFA216
:105A200003A6C4009305100113050400EFF00FFE58
:105A30006FF01F8A03A6040183A5C400EFF04F99FD
:105A40006FF01F8903264511930620006314060694
:105A500013890400832744112322210323240102F4
:105A60002320F10293070102232AF4108327041153
:105A70002326F102631406000326C90093051001D2
:105A800013050400EFF08FF883278102639A070063
:105A9000130609009305100113050400EF10800C94
:105AA00083270102232AF410E38409822328441166
:105AB0006FF01F8203278600631607020327460044
:105AC00003270700930577FE63EAB616639CE70099
:105AD00003A6C4009305100113050400EFF00FF3B3
:105AE0006FF00FFF032606006FF05FF683270512A5
:105AF00003A9C4006390071203270900930750000D
:105B0000930900006318F71003274513930700005B
:105B100063CCE700832784136346F70293071000E2
:105B2000232CF4106FF0CFFA8326041393953700DB
:105B3000B386B60083A506006306B90A93871700EB
:105B40006FF01FFD832704139316370003260411FB
:105B500013071700B387D700232AE41223A02701D5
:105B6000938747006314060423A0070093090000ED
:105B70009305090013050400EFF00FC21309050097
:105B80006300050203270500930700036314F70869
:105B900083254412EFF0CFBC13090500631C0506F2
:105BA000E38609B2232844116FF05FB28326041400
:105BB00003274414E3D4E6F60327C4139395360071
:105BC000938616002320D414832646003307B7009B
:105BD0002322D70023A0E70003260600930707002F
:105BE0006FF05FF89307060003A70700E300E9F8EA
:105BF0006394E400E39CC7F683A74700E39607FE9F
:105C000083A74600032A0411930910002328F410E7
:105C10006FF01FF6832709001307400213060000E8
:105C2000E38AE7E203A70400E386E7E213075002F2
:105C30006398E7000326C9006FF09FE19309000015
:105C400013890400130600006FF0DFE083A7C4008F
:105C500003A6470083A50700EFE09FF76FF04FE72B
:105C600083A7C40083A5070003A64700EFE05FF603
:105C70008395040113050400EFF08F8083C724018E
:105C8000638807E4130610009385240113050400BC
:105C9000EFE01FF46FF0CFE303A6C40093051001FB
:105CA000EFF0CFD66FF0CFE203A6C4006304060482
:105CB0008327451193051001232291022320F1022D
:105CC00093070102232AF5108327051123240102DB
:105CD0002326F102EFF08FD383270102232AF41049
:105CE00083278102639607DE9305000213050400F3
:105CF000EFE01FE983264411138604009305100189
:105D000013050400EF1000036FF08FDC032B451127
:105D100083270511930A0102130910002320610350
:105D2000232A551123229102232401022326F10262
:105D300093090B00130C2000930C3000130D090085
:105D4000638A090083A7490083A70700938777FE2A
:105D50006370FC0403A604019305100113050400FD
:105D6000EFF0CFCA83278102232A64119309100020
:105D7000639007D663EA290783264411138604003B
:105D80009305100113050400EF10C02B6FF04FD4E2
:105D900083A789006396070463F82C01930710001A
:105DA000232CF4106FF0CFD2131A490093070A0581
:105DB00013070101B38BE700130600019385090067
:105DC00013850BFCEFD0406483274411338A4A01CA
:105DD000232A441123A0FBFC23A4A90113091900C1
:105DE00083A909006FF0DFF51309F9FF9317490044
:105DF000B387FA0003A647009305100113050400BA
:105E0000EF0050566FF01FF78327451103A60401DA
:105E1000930510012320F10293070102232AF510B4
:105E20008327051123229102232401022326F10254
:105E3000EFF0CFBD83278102639A07001386040029
:105E40009305100113050400EF00D05183270102D0
:105E5000232AF4106FF0CFC703A6C4006306060020
:105E600093051001EFF08FBA83A70401638207C680
:105E7000032704109307D00F63F6E700130504000F
:105E8000EFE0DFCBB7850000938545E513050400FF
:105E9000EFE09FDB03A60401930510011305040046
:105EA0000329041083298412EFF04FB6832784124C
:105EB0006390F9C283270410631CF9C01309E9FF3A
:105EC000232024116FF0CFC003A6C40003A904014E
:105ED0006306060093051001EFF04FB313050400AD
:105EE0009305B007EFE0DFC91305040013060900AE
:105EF00093051001EFF08FB19305D007130504004F
:105F0000EFE01FC86FF0CFBC03A9C400B785000045
:105F1000938585FF83298900EFE01FD383274900FC
:105F20001307900183C707009387F7F993F7F70FDB
:105F30006368F7009305000213050400EFE05FC4F7
:105F40008325490013050400B387350103C6F7FF15
:105F5000130606FE133616003386C940EFE05FC70E
:105F60006FF00FB7B785000093854500EFE0DFCDF8
:105F700003A604019305100113050400EFF00FA917
:105F80006FF00FB5B785000093854500EFE0DFCBDC
:105F90008327841403A6C400638C0700032704111D
:105FA0002322F1022320E102130701022328E41037
:105FB0009305100113050400EFF04FA58327841407
:105FC000638807B0832701022328F4106FF04FB0D5
:105FD00003A6C40093051001EF1000166FF04FAF39
:105FE00083AAC4001307300303A9040183A70A008E
:105FF0006390E71283A7CA00B78500009385050167
:1060000083A9070013850900EFE08FA88327090003
:106010006312050613073000639EE7048327C90057
:106020001307100083A60700639CE60003270901FD
:10603000832607001307A0026394E6001389070074
:10604000B78500009385450113850900EFE04FA453
:10605000631805049305090013050400EFE05FF6DB
:10606000EFE09FBB9305050013050400EFE05FC15F
:106070006FF00FA61307A003E394E7FC0326C90003
:106080001305040093051001EF10400D13860A005C
:106090009305100113050400EF10000A6FF04FA3E1
:1060A000B78500009385850113850900EFE04F9EB9
:1060B000130A05006314050693090003930AD0042C
:1060C0006306090083270900638A370193050A00E4
:1060D00013050400EFE0DFBA6FF08F9F8327C9003C
:1060E000E38607FE03A707006310570383A5C700D5
:1060F00013050400EFE0DFECEFE01FB2330AAA0063
:10610000032909016FF0DFFB130A1A006FF05FFF2C
:10611000130750036388E7029309000013860A00FF
:106120009305100113050400EF10000163900904AA
:10613000130609009305100113050400EF10000277
:106140006FF00F9993058002EFE09FA303A6CA00AA
:106150001305040093051001EFF04F8B9305900297
:1061600013050400EFE0DFA16FF09FFCB78500008E
:106170009385C50113850900EFE08F91631C05002D
:10618000130609009305100113050400EFF00F88B2
:106190006FF00F94B78500009385853F1385090044
:1061A000EFE00F8F630C0500B785000093850502B3
:1061B00013850900EFE0CF8DE31C05F613050400FD
:1061C00093058002EFE0DF9B13050400130609002E
:1061D00093051001EFF08F839305900213050400DF
:1061E000EFE01F9A6FF0CF8E83A7040103A707008B
:1061F0009307A003631CF7CC03A6C4000325C600C5
:106200002326C100EFE05FFD0326C10063020506FF
:106210001305040093051001EF001072130504002C
:106220009305C003EFE0DF9583A704011305040085
:106230009305100103A6C700EFE05FFDB7850000DE
:106240001305040093854502EFE01FA083A7040116
:10625000130504009305100103A60701EFE01FFBDF
:106260009305900213050400EFE09F916FF04F86B5
:10627000138604009305100113050400EF00107746
:10628000630405006FF0CF841386040093051001AA
:1062900013050400EF10800E630405006FF04F83B8
:1062A00083A7C4001307300383A607006398E602A0
:1062B00083A7C7001307100083A687006390E60238
:1062C00083A7470003C707009307E0036318F7009D
:1062D0009305800213050400EFE09F8A83A7C400A2
:1062E000378A000093058A0283A7C70003A5070029
:1062F000EFD01FFA83A7040103A6C70063160502A7
:1063000003270600930730006310F7028327060176
:1063100003A707009307A0026306F7009307100086
:10632000232CF4100326C600930510011305040066
:10633000EF00D06203A9C400B78500009385C502B1
:106340008327C90083A9070013850900EFD05FF4F4
:10635000631E05069305B00513050400EFE05F8298
:1063600083A70401930510011305040003A6070188
:10637000EFE0DFE99305D00513050400EFE05F804F
:1063800083A7C4001307300383A607006384E600D5
:106390006FE01FF483A7C7001307100083A68700D0
:1063A0006384E6006FE0DFF283A7470003C70700BE
:1063B0009307E0036304F7006FE09FF193059002F9
:1063C00013050400EFE0CFFB6FE09FF093058A0216
:1063D00013850900EFD0DFEB630A050013060900FF
:1063E0009305100113050400EF00105583A7040165
:1063F000930510011305040003A60701EF001056D2
:106400006FF01FF893071000232CF4106FE05FEC7F
:1064100083A704011307C00383A607006398E6AAB5
:1064200083A7070103A707009307D0036310F7AA08
:106430001386040093051001EF00505B6304050010
:106440006FE01FE913860400930510011305040093
:10645000EF00D072630405006FE09FE783A704019B
:1064600003AAC400B785000003A6C70083A70701DD
:10647000938505032326C10083A9C70003A907014B
:106480008327CA0003A50700EFD09FE00326C100C1
:10649000631A05041305040093051001EF00104C66
:1064A00013060A001305040093051001EF00D048FD
:1064B000138609001305040093051001EF00104A2C
:1064C000B78500001305040093854503EFE0CFF77F
:1064D000130609009305100113050400EF0010488E
:1064E0006FE01FDFB7850000938585031305040067
:1064F0002326C100EFE04FF50326C1008327C60025
:10650000638E07009305100113050400EF0010458A
:106510009305000213050400EFE08FE613860900DF
:106520009305100113050400EFE05FCE631409002A
:106530006FE01FDA1306090093051001130504002C
:10654000EF00D0416FE0DFD803A7C40093068002BC
:10655000032607006314D61A0327C700032907017F
:106560001307600063642709631A090C930580020E
:1065700013050400EFE0CFE003A6C400930510016B
:1065800013050400EFE09FC8930590021305040073
:10659000EFE00FDF03A704009307F0036318F70091
:1065A0009305D00213050400EFE08FDD9307800010
:1065B0006318F9009305B00513050400EFE04FDC04
:1065C00003A604019305100113050400EFE01FC4A6
:1065D000930780006304F9006FE09FCF9305D00517
:1065E00013050400EFE0CFD96FE09FCE13077000D2
:1065F000E31EE9F603A7040183260700E39806F6E5
:10660000832607019386F6FFE39206F6938727FC1D
:10661000E39E07F48327C7001307000383C707001F
:106620006386E70C13071003E392E7F4B7850000D5
:1066300093854505EFE04FE16FE09FC903A7040193
:1066400003270700E31407F21307F0036396E7003C
:106650009305D002EFE0CFD203A604019305100109
:1066600013050400EFE09FBA1309E9FF9307400008
:1066700063F427016FE0DFC5B7B70000938707DA3F
:10668000131929003309F9008327090067800700DF
:106690009305500713050400EFE08FCE6FE05FC352
:1066A0009305C00613050400EFE08FCD6FE05FC2D5
:1066B000B78500009385050413050400EFE0CFD8EB
:1066C0006FE01FC1B78500009385450413050400E2
:1066D000EFE08FD76FE0DFBFB785000093858504BB
:1066E00013050400EFE04FD66FE09FBEB7850000B2
:1066F0009385C504EFE04FD56FE09FBD13090000FF
:106700006FF0DFE603A6C40093051001EFE01FB0B1
:106710001305040093058002EFE08FC603A6040171
:106720001305040093051001EFE05FAE930590029E
:1067300013050400EFE0CFC46FE09FB983A5C40048
:10674000EFE00FD46FE0DFB8B78500009385C50593
:10675000EFE08FCF03A6C4009305100113050400DA
:10676000EFE0DFAA6FE0DFB603A6C40093051001D7
:10677000EFE0DFA903A6040193051001130504004F
:10678000EFE0DFA86FE0DFB483C5C400EFE04FBFE8
:106790006FE01FB4B78500009385C506EFE0CFCA50
:1067A00003A6C4001305040093051001EFE01FA623
:1067B0009305900213050400EFE08FBC6FE05FB11A
:1067C000032905126304090203A6C400130504008B
:1067D00093051001EF009018B78500009385850799
:1067E00013050400EFE04FC66FE09FAE83A5C40021
:1067F000EFE00FFDE30A05FC83AAC400EFE0CFC180
:10680000B7890000130A0500938949E563142A013A
:106810006FE01FAC630809009385090013050400AD
:10682000EFE08FC22322241313860A009305100180
:1068300013050400EFE09F9D130919006FF01FFD81
:1068400003A9C400631A0900B78500009385C50732
:10685000EFE08FBF6FE0DFA7B785000093854508A5
:10686000EFE08FBE9305090013050400EFE04FC170
:106870009305D00713050400EFE08FB06FE05FA52C
:10688000B78500009385C508EFE00FBC03A6C400E0
:106890009305100113050400EFE05F976FE05FA31D
:1068A000B78500009385C50AEFE00FBA03A6C400C0
:1068B0009305100113050400EFE05F956FE05FA101
:1068C000B78500009385C50CEFE00FB8832704114E
:1068D00083A9C400832A04122320F1029307010232
:1068E00023200412232201022328F41063820904C6
:1068F00003A7090093079005631CF7029305C003E3
:106900001305040023223103EFE08FA703A9C90078
:10691000378A0000130A4AE5130BD005631C0906E9
:106920009305E00313050400EFE08FA583A9090197
:106930008327041213050400930580029387170030
:106940002320F412EFE0CFA31386090013050400FF
:1069500093051001EFE09F8B83270102B7850000AC
:10696000130504002328F410232054139385450DA8
:10697000EFE08FAD83A50401130504009385150096
:10698000EFE00FB09305D00713050400EFE04F9F31
:106990006FE01F9483270412138717002320E4124B
:1069A0006388070093050A0013050400EFE0CFA9F0
:1069B000130609009305100113050400EFE01F857D
:1069C0009305000213050400EFE08F9B8327090065
:1069D000639467010329C900032604128325090073
:1069E000130504001306F6FFEFE08FAD032909013C
:1069F0006FF0DFF2B78500009385850DEFE0CFA43F
:106A000083A5C4001305040093851500EFE04FA78C
:106A10009305D00713050400EFE08F966FE05F8BBE
:106A200003A6C40093051001EFE04FFEB7850000F8
:106A3000130504009385850EEFE00FA103A6040162
:106A40001305040093051001EFE04FFC9305D005FA
:106A500013050400EFE0CF926FE09F8703A6C40008
:106A600093051001EFE08FFAB78500009385450F7D
:106A700013050400EFE04F9D6FE09F859305C00371
:106A8000EFE00F9003A9C400378A000093090000CB
:106A9000130A4AE5631A09009305E003130504008D
:106AA000EFE00F8E6FE0DF826388090093050A0034
:106AB00013050400EFE04F99130609009305100138
:106AC00013050400EFE08FF49389190003290901ED
:106AD0006FF05FFCB785000093850510EFE0CF965F
:106AE0006FE00FFFB78500009385C510EFE0CF95ED
:106AF00003A6C4001305040093051001EFE00FF195
:106B0000B78500009385851113050400EFE0CF934E
:106B10006FE00FFC03A6C40093051001EFE00FEF38
:106B2000B78500009385850713050400EFE0CF913A
:106B30006FE00FFA03A6C40093051001EFE00FED1C
:106B4000B78500001305040093850512EFE0CF8F91
:106B500003A604019305100113050400EFE00FEBF9
:106B60006FE00FF783270600130730006382E718F2
:106B7000938777FE1307A003636AF71A37B70000FD
:106B800093972700130747DBB387E70083A7070026
:106B9000130101FE232C8100232E11001304060093
:106BA00067800700B78500009385C5120324810123
:106BB0008320C101130101026FE00F89B785000036
:106BC000938585136FF09FFEB7850000938545146C
:106BD0006FF0DFFDB78500009385C5146FF01FFDD2
:106BE000B7850000938505162326A100EFE0CF8529
:106BF00083270401638407120325C10093058002E3
:106C0000EFD01FF8032604010325C10093051001EE
:106C1000EFE0CFDF0325C100930590026F00C003B2
:106C2000B78500009385C5166FF01FFC9305000221
:106C30002326A100EFD0DFF4032604010325C100C1
:106C400093051001032481018320C1011301010276
:106C50006F00800A9305A002032481018320C101F3
:106C6000130101026FD0DFF1930500022326A1007A
:106C7000EFD01FF10325C100930560026FF0DFFD27
:106C8000930500022326A100EFD09FEF0325C1004A
:106C9000B7850000938545176FF05FF1B785000059
:106CA000938585176FF09FF0B78500009385451891
:106CB0006FF0DFEF0347451093078002630AF70088
:106CC000930500022326A100EFD09FEB0325C1000E
:106CD0000326C400930510012326A100EFE00FD383
:106CE000B78500000325C100938505196FF01FECDF
:106CF0000326C600930510016FE04FD1B785000051
:106D0000938545192326A100EFD01FF40326C40064
:106D10006FF09FEF930510016FF0DFF28320C10148
:106D20000324810113010102678000009305100113
:106D30006FF09FFC130101FE23225101930A06000C
:106D400037660800232C8100232A91002324410167
:106D500013040500232E11002328210123263101CD
:106D6000138A060013870600930400009305300180
:106D700013051000130676206316070013090000A0
:106D80006F00C00783278700E39A07FE8327470029
:106D900083A70700938677FE63E4D502B316D50078
:106DA00033F8C600631A080213D8A60013787800D7
:106DB000631C08009387F7FD93B71700B3E4F40052
:106DC000032707006FF05FFB83474410130780021F
:106DD00093F7D70F638CE7008347441093050002B5
:106DE0006386B70013050400EFD09FD99305800296
:106DF00013050400EFD0DFD81309100083294411D4
:106E000093060000232A041013060A0093051001BC
:106E100013050400EF0000096308090093059002C0
:106E200013050400EFD0DFD593058002130504009D
:106E3000EFD01FD5638A0400B78500009385051A3B
:106E400013050400EFD05FE003A60A016308060003
:106E50009305100113050400EFE04FBB1305040078
:106E600093059002EFD0DFD113060A00130504004A
:106E70009306100093051001EF00C0028320C101AA
:106E8000232A3411032481018324410103290101B0
:106E90008329C100032A8100832A410013010102D2
:106EA00067800000130101FC232C8102232A910238
:106EB000232441032322510323206103232E710144
:106EC000232C8101232E11022328210323263103A1
:106ED0001304050093040600138C0600130A100027
:106EE000930AA002130BB002930B200063820406E6
:106EF00083278411639E070483A78400639207029B
:106F000003A644008329060063100C0213850900C0
:106F10002326C100EFD08FCF0326C10063060500F2
:106F200083A404006FF09FFC83A7C40023A4440142
:106F3000032904112328F4106394590583A604003F
:106F40009305100113050400EFF0DFDE2328241160
:106F50008320C10303248103832441030329010304
:106F60008329C102032A8102832A4102032B0102E1
:106F7000832BC101032C81011301010467800000F0
:106F8000639C690183A604009305100113050400A6
:106F9000EF00400B6FF09FFB639C79090326C6004E
:106FA000832944119305100113050400232A0410BA
:106FB000EFE0CFA5B7850000232A3411938585E53E
:106FC00013050400EFD05FC883A7440083A4070122
:106FD0009307900403A70400631CF702B785000021
:106FE0009385C5E513050400EFD01FC683A50401F2
:106FF0001305040093851500EFD09FC8B7850000E6
:107000009385C5E613050400EFD01FC483A4C40014
:1070100003A50400EFD08FBFE31A05FE138604001A
:107020009305100113050400EFE04F9E6FF01FF26F
:107030009305100113050400EFF0DFB2232824119B
:107040006FF01FEE130101FD23202103232E3101D8
:107050002326110223248102232291021309050011
:1070600093090600639A06049305000213050900BC
:10707000EFD01FB19305B00513050900EFD05FB045
:1070800003A6C90063080600930510011305090053
:10709000EFE0CF97032481028320C10283244102C1
:1070A0008329C10113050900032901029305D005B5
:1070B000130101036FD0DFAC13860600938706002F
:1070C00003A48700631E040283A747009304000003
:1070D00003A707009307B002630CF702B78500000F
:1070E00093854507130509002326C100930410006A
:1070F000EFD09FB50326C100138404006F00400148
:1071000083A70700E39E07FA93040000130410000E
:10711000930600009305100113050900EFF09FD8B6
:10712000638804009305900213050900EFD05FA562
:10713000E31C04F26FF01FF40327060093073003EB
:10714000631AF7008327C60003A6870083A54700BC
:107150006FD01FA8930510016FE04F8B83270600A7
:10716000130101FE232A91001387E7FC1337170050
:1071700093B62700232E1100232C81003367D700FC
:1071800093040500631607049387A7FF638207042F
:10719000930580022326C100EFD09F9E0326C100E5
:1071A000130400009305100113850400EFE00F861F
:1071B00063140402032481018320C10113850400A8
:1071C0008324410193059002130101026FD05F9B5C
:1071D000130410006FF01FFD8320C10103248101FF
:1071E0008324410113010102678000008327C60048
:1071F0001307600683A7C70083A7070083C607009D
:10720000639AE61603270601130101FE232A910063
:107210008326C7008324070123244101138A060023
:1072200083A6040023282101232E1100232C810092
:10723000232631011307D003130900006396E600EB
:1072400003A9040183A4C4001307F0FF8329451296
:107250002322E51283C717001307C0061304050095
:107260006382E708636EF7021307C004638AE70AC4
:10727000130720056386E70A232234138320C10104
:107280000324810183244101032901018329C100D1
:10729000032A81001305100013010102678000001A
:1072A00013072007E39AE7FC93058002EFD05F8D78
:1072B000138604001305040093051001EFF01FEA84
:1072C0001305040013060A0093051001EFF0DFE632
:1072D000B78500009385051B13050400EFD0DF96EA
:1072E0006FF09FF9B78500009385851AEFD0DF9581
:1072F00013060A009305100113050400EFF0DFE305
:10730000138604001305040093051001EFF01FE538
:107310009305900213050400EFD09F866FF0DFF510
:107320009305800213050400EFD09F8513860400A7
:107330009305100113050400EFF05FE213060A0045
:107340009305100113050400EFF01FDFB78500005F
:107350009385850713050400EFD01F8F13060A00DD
:107360009305100113050400EFF01FDD130609005B
:107370006FF05FF91305000067800000130101FD45
:10738000232021031309050013050600232E3101D4
:10739000232611022324810223229102232C41015E
:1073A0002326C100EFD01FDE93090500630A050AFA
:1073B0000326C1009305E0028327C60083A7C70008
:1073C00083A407008327060103A7C70003A40701BE
:1073D00093079006130A070003C714006304F7001D
:1073E0009305B00513050900EFD08FF913060A00C5
:1073F0009305100113050900EFD05FE103C71400E6
:10740000930780056314F702B78500009385851BF9
:1074100013050900EFD05F830326C4009305100114
:1074200013050900EFD09FDE0324040103C71400F5
:10743000930790066308F7009305D005130509002C
:10744000EFD00FF413050400EFD0DFD3630C050277
:10745000130604009305100113050900EFD01FDB8C
:107460008320C102032481028324410203290102F3
:10747000032A8101138509008329C1011301010336
:1074800067800000130509009305D003EFD04FEF8C
:10749000130604009305100113050900EFF01FCC3B
:1074A0006FF01FFC034705009307A7FA9306E7F860
:1074B00093B7170093B61600B3E7D700639E070291
:1074C000930757FB638A0702930640049307000063
:1074D0006310D70283471500138597F893F7F70DCC
:1074E000938717FB1335250093B71700B367F50093
:1074F0001385070067800000930710006FF05FFF9F
:107500000327C5009307300583460700639AF620DA
:10751000130101FD2322910223261102232481025B
:1075200023202103232E3101232C4101930717002F
:107530002326F50083471700938405006388070E10
:10754000930727002326F500834717001307F0054C
:10755000638AE70C938607FD93F6F60F13069000F7
:1075600013070000637AD6009386F7FB93F6F60FB5
:1075700013069001636CD60A1308900093089001DB
:10758000130640029305F005938607FD93F6F60F68
:10759000636AD806B306C702B387F60093060700EE
:1075A000138707FD636AD7148326C50083C70600C7
:1075B000638A0704938716002326F50083C7060015
:1075C000E394B7FC13071700832705026376F712CD
:1075D0008327C50113172700B387E70083A507009A
:1075E0008320C10203248102832441020329010272
:1075F0008329C101032A81011385050013010103B9
:10760000678000009386F7FB93F6F60F63E6D80ECB
:10761000B306C702B387F60093060700138797FCEB
:107620006FF05FF8130700006FF01FFA0327850063
:10763000137787006316070C638A04000327C500CD
:10764000834407009384D4FB93B4240037B700002D
:10765000130747FF1304C7001307070D83460400F1
:10766000639AF60A8329440113090500638209021B
:10767000032A8401EFC05FDC630A050093078001E1
:107680002320F50023263501232845012324A902C0
:10769000638C04068324C400032404018327C902E5
:1076A00013050900B38787002326F902EFC0DFD84E
:1076B00093050500630A0500930780012320F50068
:1076C00023269500232885008327C90003C70700C8
:1076D00093072004E316F7F013050900EFD04FF4E9
:1076E000930505002326A10013050900EFD08FA9FB
:1076F0008325C100E31605EE930500006FF05FEEF1
:10770000930410006FF09FF483244400032484004A
:107710006FF0DFF81304C401E312E4F46FF0DFFD4F
:107720009305000013850500678000000327C5004E
:10773000130101FF2326110023248100232291003D
:1077400023202101834607009307C0046382F602C9
:10775000930400008320C100032481000329010059
:107760001385040083244100130101016780000098
:10777000930717002326F500034617009305F0052D
:10778000130405009306A0056306B6066308D60633
:10779000EF00103B93040500E30C05FA03270500F6
:1077A000930780020329C400631AF7088327C500E2
:1077B00003A70701630A07000327C40283A6470043
:1077C0003307D7402326E40203A50700B78500004E
:1077D0009385051CEFC0DFAB631205060347090064
:1077E00093075004631CF704930519002326B40083
:1077F0006FF05FF6930727002326F50003C7070005
:1078000093040000631ED700938717002326F4001B
:107810009305000013050400EF0080129304050097
:107820008327C4001307500483C60700E392E6F2DF
:10783000938717002326F4006FF0DFF10347090058
:107840009307E006930509001309E0036318F700A6
:10785000938515002326B4001309F0031386050051
:1078600013075004834706006394E7023306B640CB
:1078700013050400EFC09FD493060500138604008F
:107880009305090013050400EFC0DFBE6FF01FF978
:10789000E38007EC130616002326C4006FF09FFC5C
:1078A0000327C5009306C00483470700638CD706EF
:1078B000130101FF23248100232611001304050076
:1078C00063E4F602938777FB93F7F70F1307100033
:1078D000637CF70413050400032481008320C100A6
:1078E000130101016F00D02593068005E394D7FEB4
:1078F000130717002326E500EF2040268327C40046
:107900001307500483C607006398E60293871700A5
:107910002326F4008320C100032481001301010108
:10792000678000006FF09FE0032481008320C10086
:10793000130101016F20C03B130500006FF09FFD94
:107940008327C500130101FB23248104232611048E
:107950002322910423202105232E3103232C4103CC
:10796000232A5103232861032326710303C7070039
:1079700013040500930697FB638606001307C7FAF6
:10798000631C074C0327C402930647012326D40235
:1079900003C6070093064005631ED60093861700B2
:1079A0002326D40083C617006396060693040000BE
:1079B0006F00C05313077004E31AE6FE1387170025
:1079C0002326E40003C71700E30207FE13872700FE
:1079D0002326E40003C717006308D73C63E8E628C2
:1079E00093079004630CF738930720056304F73678
:1079F00093071004E31CF7FA930500001305040035
:107A0000EFF01FF4130605009306000093057001C4
:107A10006F00800B938627002326D40083C51700B0
:107A20009307700563EAB70293070004E3F0B7F821
:107A30009385F5FB93F5F50F93076001E3E8B7F63F
:107A4000B7B70000938707EA93952500B385F50043
:107A500083A7050067800700930780066386F50EFD
:107A6000930760076386F51093073006E390F5F4FB
:107A70009305000013050400EFC0DFC9E30805F219
:107A80009305000013050400EFC0DFC8E30005F212
:107A90009305000013050400EFF09FEA13060500AC
:107AA00093060000930510016F0000021307F70012
:107AB0002326E40213050400EF00900813060500D6
:107AC000930600009305900013050400032481042D
:107AD0008320C10483244104032901048329C103B1
:107AE000032A8103832A4103032B0103832BC10251
:107AF000130101056FC01F981307A7002326E40296
:107B000013050400EF00D0031306050093060000E0
:107B10009305A0006FF05FFB13050400EF00500217
:107B200013060500930600009305C0006FF0DFF90F
:107B300013050400EF00D0001306050093060000B3
:107B40009305D0006FF05FF813050400EFC09FBCF1
:107B5000E30E05E49305000013050400EFF05FDE7B
:107B600013060500930600009305F0006FF0DFF5A3
:107B700013050400EFC01FBAE30A05E293050000F5
:107B800013050400EFF0DFDB130605009306000089
:107B9000930500016FF05FF313050400EF00407AD6
:107BA0009304050013050400EFC0DFA9E34005E0DE
:107BB0008327C4001307F00583C60700E398E6DEB9
:107BC000938717002326F40013050400EF00407785
:107BD0008327C40213060500938604009387570089
:107BE0002326F4029305B0006FF01FEE1305040086
:107BF000EF00007513060500930600009305E000F2
:107C00006FF09FEC13050400EF008073130605006E
:107C100093060000930520016FF01FEB9305000011
:107C200013050400EF00C03B130605009306000097
:107C3000930540016FF05FE9930500001305040010
:107C4000EF00003A1306050093060000930550016B
:107C50006FF09FE713050400EFF09FC413060500C3
:107C600093060000930510036FF01FE6930760056D
:107C70006304F70C93072007E31AF7D213050400F7
:107C8000EFC05F9C93071000E3D2A7D28327C40004
:107C900003C70700E30C07D0938417002326940042
:107CA00003C707009307F005E312F7D0930BF5FF26
:107CB000130B00001309400293093005130A300426
:107CC000930A070083C70400E38207CE6390271559
:107CD00083C414006384341363865413E39824CD5F
:107CE00013050400EFC04FF563060500232045018E
:107CF000232695008324C400938424002326940023
:107D0000E30605CA938BEBFF630E0B009306050099
:107D100013060B009305200413050400EFC08FF534
:107D2000E30605C86348700D9306000013060500BE
:107D3000930510046FF05FD993050000130504004C
:107D4000EF00002A1306050093060000930530019A
:107D50006FF09FD79305000013050400EF00402843
:107D60002326A10013050400EFC01F960326C100BF
:107D700093060500930560016FF01FD59305C101BF
:107D800013050400232E0100EFD08F91E30005C2FC
:107D90008324C101638C041493060000138604003D
:107DA000930580056FF05FD203C72700930500009D
:107DB0001305040063060702138737002326E40037
:107DC00003C727009307E006631CF700EFF05FB7D7
:107DD00013060500930600009305C0046FF0DFCE84
:107DE000EFF01FB613060500930600009305B004DC
:107DF0006FF09FCD130B05006FF0DFEC9304F002E2
:107E00006FF01FEE9304E0026FF09FED1306000089
:107E1000B387C40083C70700638A07009387C7FD41
:107E20006386070013061600E31476FF93850400AB
:107E3000130504002326C100EFC04FF80326C1003C
:107E40008324C400B384C40023269400E30005B651
:107E5000B38BCB406FF05FEB1389050093050000F7
:107E6000EF00001893040500E30205B4630809005D
:107E70008327840093F71700638407048327C400D3
:107E800083C707001387B7FB6302070663800706F3
:107E9000138704009306400083270700638CD70AEA
:107EA00063E4F608130620006396C7000327070162
:107EB000E31407FE930500006F00800D83A4C40047
:107EC00003A4040013050400EFC04FD4E31805FE1B
:107ED00093072000631CF40003A40401E30804AC2E
:107EE00003250400EFC08FD2631A05028320C1046A
:107EF00003248104032901048329C103032A810384
:107F0000832A4103032B0103832BC1021385040041
:107F10008324410413010105678000008327C40006
:107F200023A8F4006FF05FFB1306F004638AC70018
:107F3000636CF600938747FE13065000E36CF6F679
:107F40000327C7006FF0DFF69387E7FA13061000E8
:107F50006FF0DFFE0327C70093068000630007026F
:107F60008327070063E0F602130660009305100004
:107F7000636EF6009387F7FF63F0F5069305000044
:107F80006F00C0009387A7FC93B5170093C5150039
:107F900013050400EF00503C93050500E30805A01D
:107FA0006310090203A7040093072000631AF70077
:107FB000032705009307A0026314F700232605009A
:107FC00013050400EF10503D9306050013860400CE
:107FD000930530006FF05FAF032707016FF01FF8C4
:107FE000130101FD232291028324C5002324810271
:107FF000232C41012326110223202103232E3101AA
:1080000083C904009307500513040500138A050073
:108010006386F92463EC37039307E004638CF90665
:10802000930730056384F9249304000013090000CA
:10803000138604009305090013050400EF00D075B2
:1080400093040500930700006F00802B9307A005A1
:10805000E39CF9FC9384140023269500930500000B
:10806000EFF01F8E930905006312050E93070000C1
:108070009304000093C71700B3F7470163860724F2
:108080009385040013050400EFC0DF8F631E0522F3
:108090006F004023938714002326F50003C71400C4
:1080A00093078004631AF7068327C502938424008C
:1080B00023269500938757002326F5029306000098
:1080C0001306000093051002EFC0CFBA9304050019
:1080D0001309C1009305100013050400EF101044AC
:1080E0002320A90063040504638804008327C100DA
:1080F0002326910023A6F4008327C400130750040D
:1081000083C607006394E602938717008324C100A7
:108110002326F4006F00C001130610009305C10070
:10812000EF10D063130905006318050093040000E5
:10813000930700006FF01FF493050000130504007F
:10814000EFC04FE7930405006FF0DFF88327C4000A
:108150001307500483C60700E39AE6F0138717005D
:108160002326E40003C71700930630076316D706DB
:10817000938727002326F40013050400EFC0CFF6F1
:10818000E30605EEB78500001306E0009385451D64
:1081900013050400EFC08FC29304050003A7090074
:1081A00093073000631CF70083A709011307A0029F
:1081B00083A607006394E60023A6070093860400C5
:1081C000138609009305200013050400EFC08FAA51
:1081D000930405006FF0DFF5930640061309F0FFE6
:1081E0006310D702938727002326F40013050400A9
:1081F000EFC08FE19307F0FF13090500E308F5E6F0
:108200009305000013050400EFF09FDD93040500C3
:10821000631605029307F0FFE302F9F81305040063
:10822000EFC08FA1E30A05F6930790042320F50021
:1082300023282501232695006FF01FF683270500CC
:108240001307800493F7D7FFE386E7FC13050400C8
:10825000EFC08FE9E31005FC6FF05FE1130600004B
:1082600093050000EF0050536FF09FF603C7140012
:108270009307400713090000631CF702938724004B
:10828000B78500002326F500130630009385451EB0
:10829000EFC0CFB28327C4021309050093873700CC
:1082A0002326F40283C7240093040000E39237D905
:1082B0009305000013050400EFF08FA4930405005C
:1082C00063160502930400008320C1020324810287
:1082D000032901028329C101032A810113850400B6
:1082E0008324410213010103678000000327050076
:1082F000930710001307B7FAE3FCE7D2E31409FC75
:108300000327C4008346070013079004E394E6D6CE
:10831000638E070013050400EF10901D93060500FF
:1083200013860400930540006FF01FEA9385040054
:1083300013050400EFC00FE5E31E05FC6FF09FF886
:10834000130101FC232821030329C500232A9102DC
:108350009304050013050900232E1102232C81022A
:1083600023263103232441032322510323206103C5
:10837000EFF04F93630405081306000093054101D5
:1083800013850400EF10903D1304050063000506FB
:1083900083A7C4001385040003C707009307600484
:1083A000631AF704EF0090032320A4006300050480
:1083B0008327050013071000938717FE636EF700ED
:1083C000032741018327C5002326E5000327040076
:1083D000232AE1002320F400032441019305040033
:1083E00013850400EFC00FDA6318051013040000B2
:1083F0006F008010EFF0DFF46FF01FFB8345090082
:108400009307500563E2B7069307000463EAB702D7
:10841000032481038320C103032901038329C102AB
:10842000032A8102832A4102032B010213850400DF
:108430008324410393051000130101046FF05FBA18
:108440009385F5FB93F5F50F93074001E3E2B7FC45
:10845000B7B700009387C7EF93952500B385F50064
:1084600083A70500678007009385F5F913F7F50FDB
:1084700093079001E3EEE7F893071000B786EC034B
:108480009386F6BFB397E700B3F7D7009306400192
:1084900063980702E31ED7F61309190023A62401E7
:1084A00013850400EFC09F871306050093060000A4
:1084B0009305900213850400EFB0DFFB6F00000707
:1084C000B385D502B7B700009387470C1385040026
:1084D00013091900B385B700EFC0CF930327C50078
:1084E00083A7C402130405000327470023A6240121
:1084F000B387E70023A6F4028320C1031305040019
:108500000324810383244103032901038329C10236
:10851000032A8102832A4102032B01021301010471
:108520006780000013850400EF00406B1304050012
:108530006FF0DFEA9305190023A6B4008347190002
:108540001307F005638EE704938707FD93F7F70F92
:108550009306900063E0F6041387050013060700F6
:108560001307170023A6E40083470700938707FD3E
:1085700093F7F70FE3F4F6FE330626411385040064
:10858000EFC0CF8313060500631E0500130400002F
:108590006FF0DFE413850400EF10405C6FF09FFE86
:1085A0001306000083A7C4001307F00583C6070065
:1085B000E39EE6FC9387170023A6F40013850400CE
:1085C0002326C100EFF0DFD70326C1009306050084
:1085D0009305B0026FF01FEE1309190023A62401C2
:1085E00013850400EFF0DFD5E30205FA2326A1008E
:1085F00013850400EFF0DFD493060500E30805F8C7
:108600000326C1009305C0026FF0DFEA1385040062
:10861000EFC04FA603A9C4009307900413040500FC
:1086200083490900E39CF9DA83A7440363960702B0
:108630009305050013850400EFC0CFB4E30805DA05
:1086400013850400EF10C06A9306050013060400AA
:10865000930540006FF01FE61385040003AB44014F
:1086600083AA040203AAC402EF10806883A7C4008F
:1086700083C70700639037032326A10093050400F6
:1086800013850400EFC00FB0E30205D68326C100B6
:108690006FF0DFFB23A6240123AA640123A0540367
:1086A00023A644036FF09FD31309190023A62401C6
:1086B00013850400EFF0DFC81306050093060000E1
:1086C000930550026FF01FDF1309190023A6240140
:1086D00013850400EFF0DFC61306050093060000C3
:1086E000930530026FF01FDD1309190023A6240142
:1086F00013850400EFF0DFC41306050093060000A5
:10870000930540026FF01FDB1309190023A6240113
:1087100013850400EFF0DFC2130605009306000086
:10872000930560026FF01FD91309190023A62401D5
:1087300013850400EFF0DFC0130605009306000068
:10874000930570026FF01FD71309190023A62401A7
:1087500013850400EFC08FDC83A7C4001304050059
:1087600003C70700930790046312F7021385040000
:10877000EF1000589306050013060400930540000F
:1087800013850400EFB01FCF130405001385040008
:10879000EFF01FBB130605009306040093052002AB
:1087A0006FF05FD19307190023A6F40083471900E7
:1087B000E38E07C29307290023A6F400834719001C
:1087C000130760046384E7149387C7FA93F7F70FDE
:1087D00013072002E36CF7C037B700009397270018
:1087E000130707F5B387E70083A707006780070033
:1087F00013850400EF108036130605009306000071
:108800009305500413850400EFB0DFC61304050080
:10881000E30605BC83A7C40003C70700E30807D627
:108820001387170023A6E40003C70700930750042B
:10883000E31EF7D46FF09FBA13850400EFF05FB02A
:1088400013060500930600009305D0046FF09FC641
:10885000B7850000130640009385851E032481031D
:108860008320C103032901038329C102032A810252
:10887000832A4102032B0102138504008324410350
:10888000130101046FB09FD3B78500001306E00009
:108890009385051F6FF09FFCB7B500009385C52C2D
:1088A00013850400EFB01FD70327C50083A7C402B8
:1088B0001304050003274700B387E70023A6F4024B
:1088C0006FF09FC3B7B500009385052E6FF05FFD75
:1088D000B7B500009385452F6FF09FFCB7B500003A
:1088E000938585306FF0DFFBB7B500009385C53108
:1088F0006FF01FFBB7B50000938505336FF05FFA8B
:10890000B7B50000938545346FF09FF913850400D7
:10891000EFB05FD383A9C4009307200613060500B8
:1089200003C909006310F90493070001E310F5ACD3
:1089300093891900B7B5000023A634019385053843
:1089400013850400EFB01FCD8327C5001304050075
:1089500003A5470083A7C4023305F50023A6A4029C
:108960006FF09FB9930780076308F9009307F0053C
:10897000E31EF9A613090000138504002326C10095
:10898000EFB09FAB0326C10013040500630005028E
:108990009307F0052320F500B7B700009387C7368B
:1089A0002326F5002318C500230925019389190002
:1089B000B7850000938545E223A6340113054101E4
:1089C000EFC0514713054101EFA0903683A7C402C1
:1089D000333920013309F9008327C40083A74700F6
:1089E0003309F9003305A9006FF05FF70347290049
:1089F0009307F0056316F7041309390023A6240131
:108A000013850400EF10801513040500E308059C8E
:108A100083A7C4001307F00583C60700E398E6B6F2
:108A20009387170023A6F40013850400EFF05F91ED
:108A300093060500130604009305E0026FF09FA75C
:108A400013850400EFB05FC86FF01FFCB7B50000DE
:108A5000938585356FF0DFE4130101FE232C81003F
:108A6000232A910023282101232E1100130405003D
:108A7000232601009304C100130950040326C400F7
:108A8000834706001387B7FB1337170093B6170009
:108A9000B3E6E600138727FD133717003367D700C7
:108AA000631807061387F7FA63040706138717FB93
:108AB000630607009387E7FA63960700834716006B
:108AC0006388270513050400EFF09F871306050050
:108AD00063100502130500008320C10103248101F6
:108AE0008324410103290101130101026780000071
:108AF000930600009305F00213050400EFB09F9762
:108B000023A0A400E30805FC930405016FF01FF700
:108B10000325C100E30005FC83270501E39E07FA56
:108B20008327C5001307800283A60700E396E6FAB1
:108B300003A7C7009307900083260701E39EF6F87A
:108B40008327C40203274700B387E7402326F402A4
:108B5000232605006FF05FF88327C500130101FE8F
:108B6000232C8100232E110083C607001307A004C5
:108B7000130405006398E602938717002326F50087
:108B800013050400EFF0CFFB130605006310050288
:108B90008320C10103248101130500001301010298
:108BA00067800000E39E05FC130600001305040027
:108BB0002326C100EFF05FEA93060500E30A05FCF7
:108BC00013050400032481010326C1008320C10191
:108BD0009305A002130101026FB0DF89832785008E
:108BE000130101FF23248100232611001397D700CE
:108BF00013040500634007028327C50337170000ED
:108C00001307078013050000636CF70293871700B2
:108C1000232EF4028327C4001307600483C60700D1
:108C20006388E60213050000832784001397D700AA
:108C3000634807008327C4039387F7FF232EF402BA
:108C40008320C1000324810013010101678000001B
:108C5000138717002326E40083C617001307900527
:108C60006396E600938727002326F40093051000FF
:108C700013050400EFF05FEE9305050013050400F3
:108C8000EFB05FB38327C4001307500483C6070007
:108C9000E39AE6F8938717002326F4006FF0DFF8D5
:108CA0008327C5001307400583C60700639AE60EB5
:108CB000130101FF232481002322910023261100A8
:108CC00003C71700930640071304050093840500AB
:108CD0006300D70A63E6E6029306E006630ED70652
:108CE00093060007630AD7048320C1000324810090
:108CF0008324410013050000130101016780000077
:108D000093069007E312D7FE938727002326F500EA
:108D10009305A005130500001306050013050400C4
:108D2000032481008320C1008324410093060000B6
:108D3000130101016FB00FF4938727002326F5007C
:108D4000EFF01FF69305D005E31805FC930710001C
:108D500023A0F4006FF05FF9938727002326F50026
:108D6000EFF00FDE9305B005E31805FA6FF01FFE74
:108D7000938727002326F500EF000003E30805FC96
:108D80008327C4001307500483C60700E390E6FC62
:108D9000938717002326F4009305C0056FF0DFF7D3
:108DA0001305000067800000130101FD23248102E8
:108DB000232291022326110293040500232E010091
:108DC0001304C101138504002326B100EFF05FED09
:108DD0008325C100631605020326C101630806024C
:108DE000032481028320C1021385040083244102ED
:108DF0009306000093059005130101036FB08FE700
:108E00002320A400130405016FF0DFFB8320C102BF
:108E100003248102832441021301010367800000BF
:108E20008327C500130101FF23248100232611009D
:108E3000232291002320210183C60700130405008B
:108E4000638E060E138717002326E50003C717005D
:108E500083C60700130660076300070E1387270009
:108E60002326E50003C71700639EC604130907FD08
:108E70001376F90F9307900063E4C70CEFB01FEA75
:108E80009304050013050400EFB00FDB630E050823
:108E9000638C040893074003232205002324050064
:108EA0002320F50023262501232895008320C100D7
:108EB00003248100832441000329010013010101DF
:108EC000678000009307A7F8639C07069387D6F98D
:108ED00063980706832705038324450393B7170088
:108EE000232AF502EFF0CFC58327440313060500BC
:108EF00093060000930560036394070093055003F5
:108F000013050400EFB00FD7232A94026FF01FFA65
:108F1000938507006F00000463660701138617003E
:108F200093870500E316F6FE130500006FF01FF8A7
:108F3000E3EA06FF6FF09FFE6384C600130700009C
:108F400037B50000930590041306000013032000BA
:108F500013054539B387C540B3C76702B387C70058
:108F600093944700B304950083A8040003C8080045
:108F7000E39006FD03C81800E310E8FA13050400A7
:108F8000EFB08FCBE30405F2930730032320F50005
:108F9000232695006FF09FF1130101FC232061034C
:108FA000138B05009305C100232A9102232E110281
:108FB000232C810223282103232631032324410368
:108FC00023225103930405002326C100EFB05FED77
:108FD0006304053683A7C4009306600413090000E8
:108FE00003C70700631AD7001387170023A6E400FE
:108FF00003C7170013090500930707FD93F7F70F41
:109000009306900063E4F60813850400EFB01FD1C7
:10901000130405008326C100638C060013060400B8
:109020009305700513850400EFB0CFC41304050049
:1090300083A7C40003C7070093072004631AF7003F
:109040009305040013850400EFB09FDD13040500B1
:10905000630E090013060400930600009305100533
:1090600013850400EFB00FC11304050063080B2C37
:109070009306040013060B009305100013850400EB
:10908000EFB04FBF130405006F00402B9307F7F9B3
:1090900093F7F70F9306900163E0F60A9307F00643
:1090A00083A904036310F70283A7C4001307E00633
:1090B00083C617006398E6009387270023A6F40071
:1090C00023A8040213850400EFF09FD523A83403DE
:1090D0001304050063160500130400006FF09FF3EE
:1090E0000327050093073003E316F7F20327C500B3
:1090F00083A7C402B7850000832687009387770083
:1091000003250700B387D70023A6F4029385052023
:10911000EFB00F98E31005F013850400EFB01FC007
:1091200093060500130604009305800313850400CD
:10913000EFB04FB46FF0DFED93074004631AF7060A
:1091400083A7C4001307300483C61700639AE6069A
:109150009387270023A6F40093090000930A500484
:1091600013850400EFB09FBB1306050093060000B3
:109170009305400513850400138A0900EFB08FAFF3
:109180009309050063020A022328AA00E38609F472
:1091900083A7C40003C70700E31457FD9387170094
:1091A00023A6F4006FF01FE7130405006FF01FFE05
:1091B0009307D7FB93F7F70F9306100063E6F614B7
:1091C00083A984026384090283A70900639C0700C2
:1091D00083A7C40203A70901B387E70023A6F4020B
:1091E0006F00C00013078001E384E7FE83A7C4007B
:1091F0009306300403C70700630CD70293064004AC
:10920000E31CD7EC03C7170093065000130707FDB4
:109210001377F70FE3E2E6ECB7B600001317270069
:109220009386C6FD3307D7000327070067000700B2
:1092300083C61700130790046396E606938717000A
:1092400023A6F40083C91700930640001387F9FC96
:109250001377F70FE3E2E6E89387270023A6F400ED
:109260006306050013850400EFF08F8D138504005D
:1092700003AA8402EFB04F9C13040500E30E05E43B
:10928000E30C0AE493077000232205002324050061
:109290002320F500938909FD232634012328440166
:1092A0006FF05FD7130500006FF0DFF9130A1000AD
:1092B0009387270023A6F40013850400EFB0CF970F
:1092C00013040500E38A09E0E30805E09307800042
:1092D00023220500232405002320F5002326450131
:1092E000232835016FF01FD3130A30006FF05FFCA5
:1092F000130A40006FF0DFFB130A50006FF05FFBB2
:10930000130A20006FF0DFFA9307C004631EF7040E
:1093100083A7C400138504009387170023A6F400D5
:10932000EFB0DF9F130405006308050013850400F8
:10933000EFB08FDBE31005CE130400008320C103E0
:10934000130504000324810383244103032901033B
:109350008329C102032A8102832A4102032B0102CD
:10936000130101046780000093075005E316F7FC22
:1093700083A7C4001306C00683C617006388C60609
:1093800013064007E39AC6FA03C60700E316E6D4BD
:109390001387170023A6E40003C71700E31ED7D2E4
:1093A0009387270023A6F40013850400EFB0CFC5F0
:1093B0009307F0FF93090500E300F5D2138504003D
:1093C000EFB08F8713040500630805009307A0041E
:1093D0002320F5002326350193050400138504009E
:1093E000EFB04FDAE31805C26FF01FCF03C60700D6
:1093F000E314E6CE1387170023A6E40003C7170083
:10940000E31CD7CC9387270023A6F4009305C10162
:1094100013850400232E0100EFF01F998327C1015B
:1094200013040500E39A07CA13850400EFF0CFE2A6
:1094300093090500E30205CA630604002328A4007B
:109440009309040083A7C4001307500483C60700D0
:10945000E394E6C89387170023A6F400138504005D
:10946000EFB08FBA9307F0FF130A0500E306F5C6C5
:1094700013850400EFA05FFC13040500E30C05B89E
:10948000930780042320F5006FF01FE18327C500B8
:109490009306C00403C707006314D7006FE00FA949
:1094A000930640056314D7006FB0CFBC130101FDD4
:1094B0002324810223261102232291022320210347
:1094C000232E310113063007130405006314C7125D
:1094D00003C7170093062007631ED70C13872700C6
:1094E0002326E500032785036304070283C72700BB
:1094F000130750056368F70A130720046362F70235
:10950000938707FD93F7F70F130790006376F70231
:1095100013050400EFE0DFE2930505006F00C004CF
:10952000370704009387D7FB13071720B357F700BB
:1095300093F71700E38E07FC9307F0FF232CF40248
:109540009305000013050400EF00407D8327C4004D
:10955000130750049305050083C607006396E600D1
:10956000938717002326F400130600001305040058
:10957000EFF09FA2130605008327C40003C707006E
:1095800093079004631EF70A130504002326C10005
:10959000EF0000760326C100930605009305400006
:1095A0006F0040039387F7F993F7F70F13079001C4
:1095B0006FF0DFF5930600076316D71A938727002D
:1095C0002326F500EFF09FEC13060500930600003C
:1095D0009305D00413050400032481028320C102F3
:1095E00083244102032901028329C10113010103DC
:1095F0006FA05FE8130660066310C70803C6170074
:10960000130700076310E616138727002326E500DB
:1096100003C727006316D704938737002326F50076
:109620009304000013050400EFA01FE113060500DA
:1096300063080500930760002320F50023269500AA
:109640008320C102032481028324410203290102F1
:109650008329C1011305060013010103678000007F
:10966000EFB08F9A9347F5FF13971700630807042D
:10967000930415006FF01FFB930607FD93F6F60F9A
:10968000130690006370D6029306F006631CD7029F
:1096900083C617001307E0066396E60C938727003E
:1096A0002326F500130600009305000013050400AF
:1096B000EFF09F8E13060500E31005EC1306000083
:1096C0006FF01FF8930690066306D70093064007D5
:1096D0006312D70603C617009306C0066314D608A4
:1096E000938727002326F400930740071306000002
:1096F0006318F70013050400EFE09FC4130605008C
:109700008327C40003C70700E30A07FA83C71700CB
:10971000E38607FA93055004130504002326C100CD
:10972000EF00C0770326C1009306050093052003D0
:109730006FF05FEA930650076316D702938717000E
:109740002326F500EFB08FDD2326A10013050400CA
:10975000EF00404B0326C10093060500930500046B
:109760006FF05FE713050400EFF08FEB13090500BE
:10977000E30605F48327050013073003639CE70A1B
:109780008329C5008327C402B785000003A7890089
:1097900083A409009385853F1307E7FFB387E7009C
:1097A0002326F40213850400EFA09FAE631E05007C
:1097B00013050400EFE0DFB8930605001306090067
:1097C000930580036FF01FE183A9C9009307200070
:1097D0006396F90A0325C900EFB01FA0630C051CAE
:1097E00013050400EFE0DFB5B7850000930905001D
:1097F0009385850213850400EFA09FA963120520BD
:109800009305500413050400EF004069130605009A
:10981000930606009305A0031386090013050400B0
:10982000EFA05FC59306050013060900930590039A
:109830006FF05FDA13074003638AE70213075003F0
:10984000E39EE7E68327C4001307F00583C60700FD
:10985000639AE614938717002326F40093055004B7
:1098600013050400EF0080636FF01FF58329C50026
:1098700093072000E384F9E4930400009307200099
:1098800063C237096388091093071000E398F9E26F
:10989000638A041083C70400138737F9630607003F
:1098A000138707F96312070203C71400631EF7004A
:1098B0008327C4001307F00583C607006398E600FA
:1098C000938717002326F40093090000B785000052
:1098D0009385850113850400EFA09F9B6316050CFB
:1098E00013050400EF00003293060500E38809EC3D
:1098F000130605009305A00313050400EFA09FB70E
:109900006FF09FEB93073000E39AF9DAE38804DA0B
:10991000B78500009385050313850400EFA05F97CA
:10992000630C0500B78500009385052113850400AD
:10993000EFA01F96631A051613050400EFF01FB57C
:109940009304050013050400EFF05FB493090500CC
:1099500013050400EFF09FB3E30205D6930605005C
:10996000138609009305D00313050400EFA09FB0F0
:1099700093060500138604009305C0031305040035
:10998000EFA05FAF93060500130609009305B0032F
:109990006FF05FC49306000013060900930570037F
:1099A0006FF05FC39309000013050400EFF01FAED2
:1099B0006FF09FF303C70400930760066318F70076
:1099C00013050400EFF0CFC56FF01FE2B78500006C
:1099D0009385452013850400EFA09F8B631C050031
:1099E000130600009305000013050400EFF0CFDA22
:1099F0006FF09FDF13050400EFF05FA96FF0DFDE6B
:109A0000B78500009385852013850400EFA05F884B
:109A1000630C0500B78500009385C52013850400FD
:109A2000EFA01F87631005028327C400130670068A
:109A30001307300783C60700639CC60083C717005F
:109A40006310F70213050400EFF05FA46FF01FDC52
:109A50006398E60003C71700930720076FF05FFEC7
:109A6000130600009305000013050400EFF0CFD2A9
:109A70008327C4001306050003C70700930790045B
:109A8000E318F7D82326A10013050400EF004026B1
:109A90000326C1009306050093054000130504004A
:109AA000EFA05F9D6FF09FD683C704001307600689
:109AB0006398E70013050400EFF08FB66FF05FE8DE
:109AC0001307E006E39CE7BE83C71400138797F8EB
:109AD000630607009387F7F9E39207BE9305F00545
:109AE00013050400EF00803B9304050013050400F8
:109AF000EFE01F858327C4009305500493090500F8
:109B000003C70700631AB700938717002326F400E2
:109B1000130500006FF09FE41306000793069006FC
:109B20006310C70203C71700E31AD7B8938727004B
:109B30002326F40013050400EF0040366FF01FE207
:109B4000E31ED7B603C717009307C006E318F7B69E
:109B500013050400EFF09F936FF05FE0130101FF26
:109B6000232481002322910023261100832405034E
:109B7000930710002328F50213040500EFF01F914E
:109B80008320C10023289402032481008324410000
:109B900013010101678000008327C500130710052A
:109BA00083C607006394E604130101FE232C8100A1
:109BB000232E1100938717002326F50013040500B8
:109BC0002326B100EFF09FF9630605029306050016
:109BD00013050400032481010326C1008320C10171
:109BE0009305E005130101026FA0DF8813850500CE
:109BF000678000008320C101032481011301010259
:109C0000678000008327C500130101FE232C81001B
:109C1000232E1100232A91002328210183C6070047
:109C200013075004130405006398E602032481011E
:109C30008320C10183244101032901019387170077
:109C40002326F50093060000130600009305000389
:109C5000130101026FA01F82032985022326010040
:109C60009304C10013050400EFD09FC31306050041
:109C700063100502130500008320C1010324810144
:109C800083244101032901011301010267800000BF
:109C9000930600009305000313050400EFA08FFD59
:109CA00023A0A400E30805FC8327C4009304050156
:109CB00083C707001387F7FA630607009387B7FB8C
:109CC000E39207FA8325C10013050400EFF0DFECEF
:109CD0008327C4001307500483C60700E39CE6F8FB
:109CE000938717002326F400232424036FF0DFF862
:109CF0000327C5001306100083470700938777FBEF
:109D000093F7F70F6368F6003307C7002326E500D3
:109D10006FF05FEF1305000067800000130101FC86
:109D2000232C8102232A9102232821032326310395
:109D3000232441032322510323206103232E710195
:109D4000232C8101232A9101232E110213040500E3
:109D5000938C0500130C0000130940049309500470
:109D6000130A900493044005930AD004130B3005A2
:109D7000930B10000327C40083470700639827054F
:109D80008347170093F7F70D6390971063100C0C3F
:109D900013050400EFE0CFDA130605006308050A97
:109DA0008327C40083C707006384370B63880C06CE
:109DB000930505002326A10013050400EFA09FBC16
:109DC0000326C100631C05046F0040086396470327
:109DD000630E0C0613050400EFF09FF193060500D7
:109DE0006306050613060C009305400013050400E6
:109DF000EFA04FE86FF05FFA639A970063180C04C6
:109E000013050400EFA01FA76FF01FF9639C570113
:109E1000130717002326E40013060C00130C06009A
:109E20006FF05FF563926707930510001305040058
:109E3000EFD00FED13060500630A05008327050028
:109E40009387B7FA63F4FB04E30A0CFC13060000E3
:109E50008320C103032481038324410303290103D5
:109E60008329C102032A8102832A4102032B0102B2
:109E7000832BC101032C8101832C410113050600B2
:109E800013010104678000001306000093050C0015
:109E900013050400EFF04F906FF01FF08327C5000B
:109EA000130101FE232C8100232E1100232A91008F
:109EB0002328210103C707002326010013040500FE
:109EC0006318B702032481018320C1018324410167
:109ED00003290101938717002326F500930600004C
:109EE000130600009305F002130101026FA08FD842
:109EF000938405001309C10013050400EFF01FC689
:109F00001306050063100502130500008320C1013C
:109F1000032481018324410103290101130101026A
:109F200067800000930600009305F002130504000B
:109F3000EFA04FD42320A900E30805FC8327C40029
:109F40001309050103C70700E31897FA9387170061
:109F50000325C1002326F4006FF05FFB0327C50033
:109F6000130101FB232481042320210523286103FD
:109F70002326110423229104232E3103232C410391
:109F8000232A5103232671032324810323229103CF
:109F90002320A103232EB101130906001376160016
:109FA00083460700130B050013840500630A0608A7
:109FB0009309E001130AD001930AC001930404003D
:109FC000930B6005130CB004930C8007130DF0067F
:109FD000930DF004130507002326D1002324E1008C
:109FE000EFD04FCC032781008326C1006312050602
:109FF0009317F90113D9F701631C091C9386A6FB7B
:10A000006398061C1307A0019306D0011306B00144
:10A010009305E001130590011308C001638C840AC5
:10A0200003240400832704006388E71A638AC71A9D
:10A030006394A700232004011304C4006FF01FFEE3
:10A040009309B001130AA001930A90016FF01FF762
:10A05000130617002326CB0093072007639EF60202
:10A060000327CB0293850A00130797002326EB02F0
:10A07000930600001306000013050B00EFA08FBF2E
:10A0800023A0A400630605040327CB009304C500A6
:10A09000834607006FF01FF4639C76010327CB0211
:10A0A00093050A00130797002326EB026FF05FFC6D
:10A0B000639C86010327CB02938509001307670081
:10A0C0002326EB026FF0DFFA834617006394060441
:10A0D000130400008320C104130504000324810439
:10A0E00083244104032901048329C103032A810332
:10A0F000832A4103032B0103832BC102032C81021A
:10A10000832C4102032D0102832DC101130101059E
:10A1100067800000930627002326DB000347170013
:10A12000631E97010327CB02930600009305F004FA
:10A13000130717012326EB026FF0DFF36306A70175
:10A140009306F0046314D7048326CB02938696000B
:10A150002326DB02930600006316B70313050B00EA
:10A16000EFF0DF9F93060500E30405F60327CB001D
:10A170001306500483450700E39CC5F4130717003A
:10A180002326EB00930520056FF0DFEE93067007A2
:10A19000E310D7F40327CB0213050B001307670066
:10A1A0002326EB02EFE05F8B93060500E30205F246
:10A1B0000327CB001306500483450700E39AC5F03C
:10A1C000130717002326EB00930530056FF09FEA75
:10A1D000138404006FF01FF02320D4006FF0DFE53C
:10A1E0002320B4006FF05FE5130101E2232C811CF2
:10A1F0002326B11B232E111C232A911C2328211D49
:10A200002326311D2324411D2322511D2320611D9E
:10A21000232E711B232C811B232A911B2328A11B76
:10A220001304011E034705002324B4E22322C4E2E1
:10A230009307F005930D0500631AF7000347150017
:10A240009307A00593041000630CF706B785000080
:10A2500013068000938585E213850D00EFB08177AA
:10A2600093040000631E050483C78D00138727FD38
:10A27000938617FA1337170093B616003367D70083
:10A28000631607009387C7FD639C070283C79D0081
:10A29000138777FB630807001387C7FB930400004D
:10A2A0006310070283C6AD001307F0059304000096
:10A2B0006398E600938777FBB337F0009384270019
:10A2C000938AE4FF13091000B3395001371A0000D4
:10A2D000232624E793896904130D1001130A0A80C9
:10A2E000130BF005B38C2D01930BA00513850D0006
:10A2F000EF900024B387AD00232CF4E293171500F0
:10A30000232AB4E3232EA4E32320B4E52326F4E494
:10A31000232404E4232CA4E4232A04E4232E04E4C9
:10A32000232004E6232204E6232404E6232804E66B
:10A330006366FA2093078002B307F5021315250020
:10A340001305F500232624E2137505FF9387F70014
:10A3500093F707FF3301F140930701003301A14058
:10A36000232824E42322F4E4638C2409636059073E
:10A3700083C7BD009385BD002320B4E4638C6719B7
:10A38000138505002320B4E2EF90801A832504E2B0
:10A3900013060500130544E3EFA04FA213060500C2
:10A3A0009306000093850900130544E3EFA08F8C0A
:10A3B000130C0500032504E4EF908017032704E441
:10A3C0003307A7002320E4E46F000001130544E3F2
:10A3D000EFD01FF7130C0500032704E40347070021
:10A3E0006314070063100C160327C4E69307F0FFFD
:10A3F0006312F714232604E60321C4E26FF01FEF73
:10A4000083C70D0063866701130C00006FF0DFFC4B
:10A4100083C71D00232094E5E39877FF93872D00E1
:10A4200093850400130544E32320F4E4EFD04FD1D7
:10A430000327C4E3130C050013771700E30E07F896
:10A440009308E0021308900013039001832504E4AD
:10A4500003C70500E31217F903C715009306F7F9C0
:10A4600093B6A601639C0600930617FA638806005C
:10A47000130707FD1377F70FE360E8F6138625004F
:10A48000034706009306F7F993F6F60F6372D306B7
:10A49000930607FD93B6A600639C0604930617FA7D
:10A4A00063880604631A170103471600130707FDA4
:10A4B0001377F70F6372E8042320C4E4130544E321
:10A4C0003306B640EFA08F8F9306050013060C00ED
:10A4D00093050005130544E3EF90DFF9130C050025
:10A4E00013039001130890009308E0026FF01FF629
:10A4F000130616006FF0DFF8130626000347060068
:10A50000930607FD93F6F60FE36ED8F813061600D0
:10A510006FF0DFFE83C7CD00E39477E79387DD001C
:10A5200093050000130544E32320F4E4EFD04FC16A
:10A530006FF0DFE6130500006F00800E13050000CA
:10A540006F00400E832784E293050C00130544E757
:10A55000232EF4F6832744E2232A04F6230C04F680
:10A56000232204F8232404F8232C04F8232E04F8CF
:10A570002320F4F8232604F8232804F8232A04F8D7
:10A58000232004FA232404FA232604FA232A04FAB3
:10A59000232C04FAEFA00FC3832604F91307F07FDE
:10A5A0006344D700232804F8032784FB8326C4FAD6
:10A5B000232E04FA930401003387E602232CE4FAE5
:10A5C0006344D00093061000939636009386F600FD
:10A5D00093F606FF3301D140930601006344E00087
:10A5E00013071000131737001307F700137707FF3F
:10A5F0003301E14013060C0093051001130544E7F5
:10A600002322D4FA232824FAEFA05FC0130544E7DD
:10A6100013810400EFA08FD20325C4F81335150071
:10A620000321C4E2130104E28320C11D0324811D20
:10A630008324411D0329011D8329C11C032A811C78
:10A64000832A411C032B011C832BC11B032C811B60
:10A65000832C411B032D011B832DC11A1301011EE5
:10A6600067800000130101FD2326110223248102CB
:10A670002322910223202103232E3101232C410187
:10A68000631C0502638606009307D0FF23A0F60033
:10A69000930400008320C1020324810203290102E4
:10A6A0008329C101032A8101138504008324410207
:10A6B000130101036780000063840500E30406FCC6
:10A6C00093890500B7550300130906009385050A11
:10A6D0001306010013840600232001002322010039
:10A6E0002324010023260100EFF01FB08324010082
:10A6F000631C050013850400EF40004AE30A04F8D8
:10A700009307E0FF6F0080028327C100130A100047
:10A7100063940700032A8100639E0400E30A04F6A1
:10A7200093071000E31EFAFC9307F0FF2320F400C8
:10A730006FF01FF663980900630A0902232049019C
:10A740006F00C00213850400EF80905E832709002C
:10A750006374F5029385040013850900EFB0813D11
:10A7600013850400EF40404393840900E30404F29E
:10A77000232004006FF01FF213850900EF40C04151
:10A780006FF0DFFB6386050263040502130101FF1E
:10A7900023261100EFF05FA58320C10013351500BB
:10A7A0003305A0401375E5FF130101016780000028
:10A7B0001305D0FF6780000037071000130101FE6A
:10A7C0001307F7FFB377B70093D846013377D70065
:10A7D000232C810013D44501131737001358D601D9
:10A7E000232821011374F47F13D9F50193973700BF
:10A7F0009355D50193F8F87F232E1100232A910059
:10A800002326310193D6F601B3E7F5003368E8005B
:10A810001315350013163600330714419305F07FE6
:10A820006314D9306352E010639C08023367C80098
:10A83000630407021307F4FF631E07003306C50015
:10A84000B38707013335A600B387A70013041000B0
:10A850006F000006631CB400130605006F00801D26
:10A86000E30CB4FEB70680003368D800930680037B
:10A8700063C6E60A9306F0019308000263C8E60681
:10A88000B388E840B3161801B355E600B3181601B3
:10A89000B3E6B600B3381001B3E616013357E8004B
:10A8A0003386A6003307F700B336D600B307D700C8
:10A8B0001397870063560722130414001307F07FD1
:10A8C0006308E460370780FF1307F7FFB3F7E7007B
:10A8D00013571600137616003367C7001396F70157
:10A8E0003366E60093D717006F00801F930607FEBC
:10A8F000B356D800930500006308170193050004C0
:10A90000B385E540B315B800B3E5C500B335B00075
:10A91000B3E6B600130700006FF09FF8B366C800F7
:10A92000B336D0006FF01FFF6302070C33878840F7
:10A9300063120402B3E6A700638806009306F7FFDC
:10A94000E38E06EE6310B7029307080013040700B6
:10A950006F00400E6386B858B7068000B3E7D70093
:10A960009306070013078003634CD7061307F00113
:10A9700013030002634ED7023303D34033976700BB
:10A98000B355D500331365003367B7003333600028
:10A9900033676700B3D6D7003306C700B386060116
:10A9A0003337E600B387E600138408006FF05FF0EA
:10A9B000138706FE33D7E70093050000638866001F
:10A9C00093050004B385D540B395B700B3E5A50062
:10A9D000B335B0003367B700930600006FF0DFFBBC
:10A9E00033E7A7003337E0006FF01FFF13071400B1
:10A9F0009376E77F6392060C33E7A7006314040A9B
:10AA00006308074A3367C8006308074A3306C5006E
:10AA1000B38707013335A600B387A70013978700D4
:10AA2000635A0732370780FF1307F7FFB3F7E700D2
:10AA3000130410001397D701135636009306F07FC6
:10AA40003367C70093D73700631ED4003367F7001E
:10AA50009307000063080700B7070800130700000A
:10AA6000130900001374F47F9397C70093D7C700AE
:10AA7000131444019315F9013364F4008320C101D8
:10AA8000B367B40003248101832441010329010138
:10AA90008329C100130507009385070013010102F4
:10AAA00067800000630E07403368C800631C082CF1
:10AAB000130605006F000041630AB7403306C50066
:10AAC0003335A600B3870701B387A7009396F70134
:10AAD0001356160033E6C60093D717001304070079
:10AAE00013777600630007021377F60093064000A1
:10AAF000630AD7003307D600B336C700B387D70041
:10AB00001306070013978700E35607F21304140097
:10AB10001307F07F630EE43A370780FF1307F7FF50
:10AB2000B3F7E7006FF01FF16350E00E6398080879
:10AB30003367C800E30207D21307F4FF631E070060
:10AB40003306C540B38707413335C500B387A740F7
:10AB5000130410006F00C004E300B4D09306800318
:10AB600063CEE6089306F0019308000263C0E60690
:10AB7000B388E840B3161801B355E600B3181601C0
:10AB8000B3E6B600B3381001B3E616013357E80058
:10AB90003306D5403387E7403335C500B307A740B8
:10ABA00013978700E35E07F2B70480009384F4FFF5
:10ABB000B3F49700930906006F004021E30EB4C878
:10ABC000B70680003368D8006FF05FF9930607FE80
:10ABD000B356D800930500006308170193050004DD
:10ABE000B385E540B315B800B3E5C500B335B00093
:10ABF000B3E6B600130700006FF09FF9B366C80014
:10AC0000B336D0006FF01FFF6306070E3383884012
:10AC10006312040433E7A700630607021307F3FF78
:10AC2000631007023305A6403337A600B307F84088
:10AC300013060500B387E740138906006FF05FF144
:10AC40006312B3021389060093070800130403007C
:10AC50006FF05FDE6384B82837078000B3E7E70052
:10AC6000130703009305800363C0E5089305F00113
:10AC7000130E000263C2E504330EEE40B395C70124
:10AC80003353E500331EC501B3E56500333EC00113
:10AC9000B3E5C50133D7E700B305B640B337B60017
:10ACA0003307E84013860500B307F7401384080014
:10ACB000138906006FF0DFEE930507FEB3D5B700EA
:10ACC000130300006308C701130300043303E340C8
:10ACD000339367003363A30033336000B3E565004B
:10ACE000130700006FF05FFBB3E5A700B335B000BA
:10ACF0006FF01FFF130714001377E77F6310070A35
:10AD0000B3E8A7003367C80063180406639A080015
:10AD100093070800631E0702130900006F00401B21
:10AD2000630C0718B305C540B338B5003387074136
:10AD3000330717419318870063D608023305A640EE
:10AD40003337A600B307F84013060500B387E74082
:10AD5000138906003367F6006300071A1304000026
:10AD60006FF01FD833E6E50063020618930707006B
:10AD7000138605006FF01FFE639E0800138906000E
:10AD80006310071413090000B70740001306000002
:10AD90006F004013E30E07D06FF0DFFE3307C540AE
:10ADA000B335E500B3840741B384B4409395840080
:10ADB0009309070063DE0506B309A640B304F84013
:10ADC00033363601B384C44013890600638E04060B
:10ADD00013850400EF904FB9130785FF9307000216
:10ADE000B387E740B394E400B3D7F900B3E7970023
:10ADF0003396E9006344870A330787401305170039
:10AE00009306F0019305000263C2A606B385A54030
:10AE10003397B700B356A600B315B6003367D70013
:10AE2000B335B0003366B700B3D7A7006FF09FF219
:10AE300033669700E31C06F813090000930700002F
:10AE4000130400006FF01FBF13850900EF90CFB10E
:10AE5000130785019307F001E3D2E7F8930785FF15
:10AE6000B397F900130600006FF0DFF8130717FE21
:10AE700033D7E700930600006308B500930600048B
:10AE8000B386A640B396D700B366D600B336D000DB
:10AE90003366D700930700006FF0DFEB3304E44024
:10AEA000370780FF1307F7FFB3F7E7006FF05FC3C3
:10AEB000930708006FF01FEA130605006FF09FE983
:10AEC00093070800138405006FF0DFB61304070032
:10AED00093070000130600006FF0DFB5138906002A
:10AEE00093070800138408006FF0DFB41309000013
:10AEF000930700006FF01FB49307000013060000D3
:10AF00006FF01FF4370810001308F8FF130101FE5B
:10AF1000B377B80013D745013378D80093D84601EA
:10AF2000232A9100939737009374F77F1357D50125
:10AF300023282101B367F70013D9F5011357D60170
:10AF400013183800232E1100232C810023263101F1
:10AF500093F8F87F9305F07F1315350093D6F6012B
:10AF600033670701131636006396B800B365C70050
:10AF70006394050093C61600338814419305F07F4F
:10AF80006394263163520011639C0802B366C700C4
:10AF9000638406021388F4FF631E08003306C500AD
:10AFA000B387E7003335A600B387A70093041000EA
:10AFB0006F000006639CB400130605006F00801D3F
:10AFC000E38CB4FEB70680003367D7009306800396
:10AFD00063C6060B9306F0019308000263C80607D8
:10AFE000B3880841B3161701B3550601B31816010B
:10AFF000B3E6B600B3381001B3E6160133580701C3
:10B000003386A6003308F800B336D600B307D8005D
:10B010001397870063560722938414001307F07F69
:10B020006388E460370780FF1307F7FFB3F7E70093
:10B0300013571600137616003367C7001396F701EF
:10B040003366E60093D717006F00801F930608FE53
:10B05000B356D70093050000630818019305000458
:10B06000B3850541B315B700B3E5C500B335B000EE
:10B07000B3E6B600130800006FF09FF8B366C70090
:10B08000B336D0006FF01FFF6302080CB386984000
:10B090006392040233E8A700630808001388F6FFF0
:10B0A000E30E08EE6390B602930707009384060050
:10B0B0006F00400E6386B858B7058000B3E7B7004D
:10B0C000138806009306800363CC06079306F001FD
:10B0D0001303000263CE060333030341B3966700F4
:10B0E000B355050133136500B3E6B6003333600092
:10B0F000B3E6660033D807013386C6003308E8009C
:10B10000B336D600B307D800938408006FF05FF021
:10B11000930608FEB3D6D7009305000063086800C5
:10B1200093050004B3850541B395B700B3E5A500C9
:10B13000B335B000B3E6B600130800006FF0DFFBD4
:10B14000B3E6A700B336D0006FF01FFF938614005C
:10B1500013F8E67F6312080CB3E6A7006394040AB1
:10B160006388064AB366C7006388064A3306C5008B
:10B17000B387E7003335A600B387A700139787008E
:10B18000635A0732370780FF1307F7FFB3F7E7006B
:10B19000930410009396D701135636001307F07FDF
:10B1A000B3E6C60093D73700639EE400B3E6F6002B
:10B1B0009307000063880600B707080093060000A5
:10B1C0001309000013F7F47F9397C7008320C10190
:10B1D0000324810193D7C700131747019315F90181
:10B1E0003367F700B367B7008324410103290101E6
:10B1F0008329C1001385060093850700130101020E
:10B2000067800000638E06403367C700631C072C0D
:10B21000130605006F000041638AB6403306C5007F
:10B22000B387E7003335A600B387A7001397F7016C
:10B23000135616003366C70093D717009384060091
:10B2400013777600630007021377F6009306400039
:10B25000630AD7003307D600B336C700B387D700D9
:10B260001306070013978700E35607F29384140030
:10B270001307F07F638EE43A370780FF1307F7FF69
:10B28000B3F7E7006FF01FF16350000F63980808F1
:10B29000B366C700E38206D21388F4FF631E08007A
:10B2A0003306C540B387E7403335C500B387A740B1
:10B2B000930410006F00C004E380B4D093068003B1
:10B2C00063CE06099306F0019308000263C00607E7
:10B2D000B3880841B3161701B3550601B318160118
:10B2E000B3E6B600B3381001B3E6160133580701D0
:10B2F0003306D540338807413335C500B307A8402E
:10B3000013978700E35E07F2370480001304F4FF0D
:10B3100033F48700930906006F004021E38EB4C820
:10B32000B70680003367D7006FF05FF9930608FE19
:10B33000B356D70093050000630818019305000475
:10B34000B3850541B315B700B3E5C500B335B0000B
:10B35000B3E6B600130800006FF09FF9B366C700AC
:10B36000B336D0006FF01FFF6306080E338398409A
:10B370006392040433E8A700630608021308F3FF8E
:10B38000631008023305A640B335A600B307F740A3
:10B3900013060500B387B740138906006FF05FF10D
:10B3A0006312B30213890600930707009304030096
:10B3B0006FF05FDE6384B828B7058000B3E7B7009D
:10B3C000130803009305800363C005099305F0018A
:10B3D000130E000263C20505330E0E41B395C7017B
:10B3E00033530501331EC501B3E56500333EC0018B
:10B3F000B3E5C50133D80701B305B640B337B6008E
:10B400003308074113860500B307F840938408000A
:10B41000138906006FF0DFEE930508FEB3D5B70081
:10B42000130300006308C80113030004330303413E
:10B43000339367003363A30033336000B3E56500E3
:10B44000130800006FF05FFBB3E5A700B335B00051
:10B450006FF01FFF138814001378E87F6310080A49
:10B460003368C700B3E8A70063980406639A08002E
:10B4700093070700631E0802130900006F00401BBA
:10B48000630C08183308C540B3380501B385E7409D
:10B49000B38515419398850063D608023305A6400D
:10B4A000B335A600B307F74013060500B387B740CE
:10B4B000138906003367F6006300071A930400003F
:10B4C0006FF01FD83366B800630206189387050033
:10B4D000130608006FF01FFE639E08001389060024
:10B4E0006310081413090000B7074000130600009A
:10B4F0006F004013E30E08D06FF0DFFEB305C540C8
:10B500003338B5003384E740330404411318840012
:10B5100093890500635E0806B309A6403304F7402B
:10B52000333636013304C44013890600630E040623
:10B5300013050400EF805FC3130785FF9307000224
:10B54000B387E7403314E400B3D7F900B3E78700CB
:10B550003396E9006344970A3307974013051700B1
:10B560009306F0019305000263C2A606B385A540C9
:10B570003397B700B356A600B315B6003367D700AC
:10B58000B335B0003366B700B3D7A7006FF09FF2B2
:10B5900033E68500E31C06F813090000930700005A
:10B5A000930400006FF01FBF13850900EF80DFBB1D
:10B5B000130785019307F001E3D2E7F8930785FFAE
:10B5C000B397F900130600006FF0DFF8130717FEBA
:10B5D00033D7E700930600006308B5009306000424
:10B5E000B386A640B396D700B366D600B336D00074
:10B5F0003366D700930700006FF0DFEBB384E440BD
:10B60000370780FF1307F7FFB3F7E7006FF05FC35B
:10B61000930707006FF01FEA130605006FF09FE91C
:10B6200093070700938405006FF0DFB6938406004C
:10B6300093070000130600006FF0DFB513890600C2
:10B6400093070700938408006FF0DFB4130900002C
:10B65000930700006FF01FB493070000130600006B
:10B660006FF01FF413D74501B70610009387F6FF5C
:10B670001377F77F1306E03FB3F7B70093D5F501D3
:10B68000635CE6041306D041635AE6003705008088
:10B690001305F5FF3385A50067800000B3E7D700E9
:10B6A0009306304163D4E6029306D7BEB397D70022
:10B6B000930630433387E6403355E50033E5A70072
:10B6C000638E05003305A04067800000B386E64026
:10B6D00033D5D7006FF0DFFE130500006780000050
:10B6E000130101FF2326110023248100232291004E
:10B6F00093070500630005081357F5413344A7007D
:10B700003304E4409354F50113050400EF80DFA5F2
:10B710009307E0411307A000B387A7406344A70441
:10B720001307B0003307A740130555013357E40052
:10B730003314A4008320C100130504001317C700AD
:10B7400003248100939747011357C7009394F40192
:10B75000B3E7E700B3E5970083244100130101013B
:10B7600067800000130555FF3317A4001304000081
:10B770006FF05FFC93040000130700006FF01FFFE1
:10B780008328C50003A3C50083A6050003A64500C2
:10B7900003A78500B785000013D808019385F5FF3E
:10B7A000139E080193120301935703013378B800E5
:10B7B000832E0500832F4500032F8500130101FF11
:10B7C000135E0E0193D8F80193D20201B3F7B700CC
:10B7D0001353F3016310B802B3E5DF01B3E5E501EC
:10B7E000B3E5C50113051000639C0506639A0707BE
:10B7F0006F008000639CB700B3E5C600B3E5E500C9
:10B80000B3E5550013051000639C0504B386D641CB
:10B810003386CF40B336D0003336C000B3870741FC
:10B82000B3E6C600B337F0003307EF40B3E7D70005
:10B830003337E0003367F7006318070263165E02D0
:10B8400013050000638E680013051000631A0800DA
:10B8500033E5DF013365E5013365C5013335A0000C
:10B860001301010167800000130510006FF05FFFF6
:10B870008327C50083A6C500378700001307F7FF9D
:10B8800083A2050003A3450083A3850093D5070188
:10B89000139E070113D60601B3F5E500032F05003B
:10B8A00083284500832F8500130101FF135E0E01DD
:10B8B00093D7F7013376E60093DEF601639CE5004B
:10B8C00033E7E8013367F7013367C7011305E0FF8A
:10B8D000631A070637870000939606011307F7FFE0
:10B8E00093D6060113050600631AE600336753007A
:10B8F000336777003367D700631A07041307000024
:10B90000639A050033E7E8013367F7013367C7013E
:10B910001337170063140604336853003368780044
:10B920003368D800630A0700630E080013951E00F1
:10B930001305F5FF6F000001631408023305F040A2
:10B940001365150013010101678000001305E0FF76
:10B950006FF05FFF130500006FF0DFFEE31807FCD8
:10B96000E39EFEFC3305D041E34CB6FCE3C0C5FCCE
:10B97000E3E6C6FD6314DE02E3E2F3FD6390F30346
:10B98000E36E13FB3307134163F4E201E30807FAA4
:10B9900063E66800E3705FFCE31E07FA1395170087
:10B9A0006FF01FF98327C50083A6C5003787000005
:10B9B0001307F7FF83A2050003A3450083A38500B7
:10B9C00093D50701139E070113D60601B3F5E500D1
:10B9D000032F050083284500832F8500130101FFF5
:10B9E000135E0E0193D7F7013376E60093DEF6017E
:10B9F000639CE50033E7E8013367F7013367C7016C
:10BA000013052000631A0706378700009396060186
:10BA10001307F7FF93D6060113050600631AE60025
:10BA200033675300336777003367D700631A07041F
:10BA300013070000639A050033E7E8013367F70155
:10BA40003367C701133717006314060433685300C4
:10BA5000336878003368D800630A0700630E080073
:10BA600013951E001305F5FF6F0000016314080213
:10BA70003305F040136515001301010167800000D4
:10BA8000130520006FF05FFF130500006FF0DFFE6D
:10BA9000E31807FCE39EFEFC3305D041E34CB6FC03
:10BAA000E3C0C5FCE3E6C6FD6314DE02E3E2F3FD9A
:10BAB0006390F303E36E13FB3307134163F4E20176
:10BAC000E30807FA63E66800E3705FFCE31E07FA29
:10BAD000139517006FF01FF9130101F5232C41098D
:10BAE00003AAC50083A7450083A685002324A100DF
:10BAF00003A505002320210B232A51090329C60091
:10BB0000832A46002328610923267109032B060096
:10BB1000832B860013170A01378600002322910A1F
:10BB20001357070193540A011306F6FF2324810AD1
:10BB30002326110A232E3109232481092322910966
:10BB40002320A109232EB1072328A104232AF104CD
:10BB5000232CD104232E41052320A1022322F1020C
:10BB60002324D1022326E102B3F4C4001354FA01C2
:10BB7000E38E0416E384C428B70701003367F70097
:10BB80002326E102130601029307C10203A707005F
:10BB900083A6C7FF9387C7FF1317370093D6D60135
:10BBA0003367D70023A2E700E312F6FEB7C7FFFF13
:10BBB00013153500938717002320A102B384F400E6
:10BBC00093090000131509013787000093570901F5
:10BBD000135505011307F7FF232E210523286105BF
:10BBE000232A5105232C710523286103232A51039D
:10BBF000232C7103232EA102B3F7E7001359F90197
:10BC0000E3820722E38AE732370701003365E50064
:10BC1000232EA102930501031307C1038326070006
:10BC20000326C7FF1307C7FF939636001356D601A6
:10BC3000B3E6C6002322D700E392E5FE37C7FFFF35
:10BC4000131B3B001307170023286103B387E7008A
:10BC500013070000B38797002328F100938717008C
:10BC60002326F10093972900B3E7E7009306A0008D
:10BC7000E3C0F6321306200033442401930610007B
:10BC8000E34AF62C9387F7FFE3FEF6300328010220
:10BC9000032E01039359080193560E01131808014E
:10BCA000131E0E0113580801135E0E0133060E0316
:10BCB000B385C90393570601338706033307B700DB
:10BCC000B387E700338CD90263F6B700370701006A
:10BCD000330CEC000323410313160601135606012F
:10BCE0009354030113D7070113130301939707011B
:10BCF000B387C70013530301B3856902232AF100F8
:10BD00002328F10433860403B30703033306B60084
:10BD100013DF0701330FCF00B38B99026376BF00A7
:10BD200037060100B38BCB0003254102939707012F
:10BD300093D7070113590501131505011355050183
:10BD400013560F01131F0F01330FFF00B30FC90369
:10BD50003307E701B307C503B388A60293DE0701E3
:10BD6000B388F801B38E1E01B385260363F6FE0186
:10BD7000B7080100B385150193DA0E01B38ABA0042
:10BD80009397070193D70701939E0E01B38EFE0090
:10BD9000B305A302B308690293D70501B382A402D5
:10BDA000B3821201B3875700B38F240363F61701E0
:10BDB000B7080100B38F1F0193D80701B388F801BA
:10BDC000232C1101832881039395050193D5050147
:10BDD00093D208019397070193980801B387B7009E
:10BDE00093D80801B3850803232EF100B383190308
:10BDF00013DA0501B3870203B3877700B307FA00AC
:10BE0000B38F590263F67700B7030100B38F7F0049
:10BE10009395050113DA070193D50501939707015F
:10BE2000B387B70083258102330AFA0193D3050152
:10BE30009395050193D50501B38FC503338DC303D6
:10BE400093DD0F01338BB602330BAB01338B6D01E6
:10BE5000B38C76026376AB01370D0100B38CAC0175
:10BE60003307EC00333FE7013306E6013306760182
:10BE7000B30ED701B30A5601939F0F0133B7EE00FB
:10BE80003387EA00135D0B0193DF0F01131B0B01D6
:10BE9000B30FFB0133BBCA00B33A57013336E60197
:10BEA000032FC101336B5B01832A81013306CB0071
:10BEB000330FE701B30A56013337EF003387EA0047
:10BEC000B307FF00330A470133BFE701330FEA012D
:10BED00033B6CA00B33A57013337EA00333A4F0159
:10BEE00033674701032AC103336656013306E60070
:10BEF000935A0A01131A0A01135A0A0133070A0353
:10BF0000B38FF701B30C9D01B30C9F01B3B7FF00D2
:10BF1000B387FC0033BFEC01B3BC9701336F9F01C3
:10BF2000330FCF00338B490313560701232AD10562
:10BF3000232CF10533880A03330868013306060110
:10BF4000B38959036376660137080100B389090193
:10BF5000032BC10213580601B30938011317070157
:10BF600013580B01131B0B0113570701135B0B0134
:10BF700013160601B38B06033306E600B386660389
:10BF80003307CB03330EC803135C0701B386C60126
:10BF9000B306DC0063F6C601370E0100B38BCB019C
:10BFA00013DE060113170701330E7E019396060177
:10BFB00013570701B38DE600232CC101B306150307
:10BFC000330E190313DC06013387A2023307C701BE
:10BFD0003307EC00B30B59026376C701370E01003B
:10BFE000B38BCB0193960601135E070193D606012E
:10BFF00013170701330E7E013307D700338C63021A
:10C00000B306B302B38BB40213DD0601B38B8B010D
:10C01000B30B7D01B38C740263F68B01370C010006
:10C02000B38C8C0113DC0B013386C700330C9C01ED
:10C0300093960601832C8101B3093F01939B0B0169
:10C04000B337F60093D60601B387F900B386DB0059
:10C05000B30BB601B38C970133B6CB003386CC005B
:10C060003387EB00330EC601B33B7701B30B7E0180
:10C07000B306D700338C8B0133BFE90133B7E60039
:10C08000B3B93701B3B7FC00B33C9601B3693F01C4
:10C090003336CE00B3E7970133BECB013307EC0054
:10C0A000B387F9003366C601333E7C01333C870118
:10C0B0003306F600336E8E01338F1303330ECE003A
:10C0C000232ED1043386B802B38BB20293570601F4
:10C0D000B38BEB01B3877701B389720263F6E70193
:10C0E000370F0100B389E9011316060113DF0701B9
:10C0F0001356060193970701B387C700330F3F011B
:10C100003306AA02B30B4903935906013385AA02E9
:10C1100033057501B389A9003309590363F6790121
:10C12000370501003309A9001316060113D50901CB
:10C130001356060193990901B389C90033092501F2
:10C1400033066B02B38B04031355060133036802F5
:10C15000B3846403B384640033059500637665009B
:10C1600037030100B38B6B0013160601135305014F
:10C170001356060113150501B38443033305C500A7
:10C18000330373013306BA02B385BA02935B060127
:10C19000B3859500B385BB00B383530363F6950065
:10C1A000B7040100B383930093D40501B3837400F3
:10C1B000131606011356060193950501B385C500B4
:10C1C000B3041B03B38B020313D60401B308180393
:10C1D000B3826203B38212013306560063761601FE
:10C1E000B7080100B38B1B01B307F700330FEE0153
:10C1F00033B7E7003307EF00B3893701330927016D
:10C20000B3B7F900B302F900B387A90033056A0395
:10C21000338362002320F106B3B73701B307F3007D
:10C22000333ECF01333FE7013337E90033B9220111
:10C2300033672701330A4803B3325300336EEE01EC
:10C2400033B36700330EEE0093940401B3E262004F
:10C25000B385B70093580601B382C20133880A033D
:10C260001316060193D40401B383720033069600BB
:10C27000B3B7F500B387F3003386C500B388780100
:10C28000B3881701B38A6A032322C1063336B60086
:10C290003386C80013570501B3B25300B3B3770018
:10C2A000B3B7F800B3381601B3E27200B38A4A019B
:10C2B00033075701B3E7170163764701B70501005C
:10C2C0003308B800131505019355070113550501EF
:10C2D000131707013307A700B38555003307E6009E
:10C2E000B387F5003336C7003306F60083274101D4
:10C2F000330606019396D600B3E7D701B3EFFF00EC
:10C300002326C1062324E106B3E6F60193070105BF
:10C310009305010603A7C70003A6070193874700FB
:10C32000135737011316D6003367C70023AEE7FE55
:10C33000E392F5FE83270105B336D0000327C1053C
:10C34000B3E6F600832781052326E1042320D104E8
:10C350002324F104832741052322F1049317B70016
:10C3600063DA074A9396F601930701041305C104A3
:10C3700003A6070083A547009387470013561600BE
:10C380009395F5013366B60023AEC7FEE312F5FEC2
:10C390008327010493D6F60113571700B3E7D7009C
:10C3A0002326E1042320F1040327C100B74700003E
:10C3B0009387F7FFB307F7006354F04603270104A0
:10C3C00093767700638606049376F70013064000A1
:10C3D0006380C604B306C7001337C7FF2320D10408
:10C3E00093361700032741043387E6002322E10434
:10C3F0003337D700832681043387E6002324E10402
:10C400003337D7008326C1043307D7002326E1043E
:10C410000327C1049316B70063D006028326C10028
:10C42000B707F0FF9387F7FF3377F700B7470000B0
:10C430002326E104B387F600930601041305C10423
:10C4400003A6060083A546009386460013563600D1
:10C450009395D5013366B60023AEC6FEE312D5FE32
:10C46000B78600009386E6FF63CAF6581357370075
:10C470002326E1040327C1048320C10A8324410A3F
:10C48000231EE1041317F400B367F700231FF10420
:10C4900003278100832701040324810A0329010A59
:10C4A0002320F700832741048329C109032A810936
:10C4B0002322F70083278104832A4109032B0109E2
:10C4C0002324F7008327C105832BC108032C81088F
:10C4D0002326F700832C4108032D0108832DC10773
:10C4E000130507001301010B6780000033E6A70066
:10C4F0003366D6003366E60063000612630807045D
:10C5000013050700EF705FC6930645FF13D756402B
:10C5100093F6F6019307C1026384060693080002AE
:10C5200013182700B388D84093050102B387074149
:10C53000639AF5089307F7FF03270102B385050106
:10C540003317D70023A0E5006F000006638A0600BA
:10C5500013850600EF705FC1130505026FF0DFFA67
:10C56000638A070013850700EF701FC013050504D9
:10C570006FF09FF9EF705FBF130505066FF0DFF8EE
:10C580001306C0FF3306C70293063000B385C70009
:10C5900083A505009386F6FF9387C7FF23A2B70004
:10C5A000E3D6E6FE9307F7FF9306F0FF13060102BA
:10C5B000639CD702B7C4FFFF93841401B384A440E3
:10C5C0006FF00FE003A6070003A3C7FF338E070138
:10C5D0003316D60033531301336666002320CE0092
:10C5E0009387C7FF6FF0DFF4139727003307E60048
:10C5F000232007009387F7FF6FF09FFBB3E7A700A7
:10C60000B3E7D700B3E7E70093092000638C07DAAC
:10C61000930930006FF00FDB9304000093091000C2
:10C620006FF04FDAB3E76A01B3E77701B3E7A7002A
:10C6300013071000638007E263060504EF70DFB2A2
:10C64000930645FF13D7564093F6F6019307C103AF
:10C65000638606069308000213182700B388D840A3
:10C6600093050103B3870741639CF5089307F7FF20
:10C6700003270103B38505013317D70023A0E50085
:10C680006F004006638A0B0013850B00EF70DFAD6F
:10C69000130505026FF0DFFA638A0A0013850A00AA
:10C6A000EF709FAC130505046FF09FF913050B00A5
:10C6B000EF709FAB130505066FF09FF81306C0FFE0
:10C6C0003306C70293063000B385C70083A5050073
:10C6D0009386F6FF9387C7FF23A2B700E3D6E6FE53
:10C6E0009307F7FF9306F0FF13060103639CD7023D
:10C6F000B7C7FFFF93871701B387A7406FF04FD5E8
:10C7000003A6070003A3C7FF338E07013316D60025
:10C7100033531301336666002320CE009387C7FF8F
:10C720006FF09FF4139727003307E60023200700DC
:10C730009387F7FF6FF09FFBB3EA6A01B3EA7A01D0
:10C74000B3EAAA001307200063860AD0130730005B
:10C750006FF04FD0B397F60093F607536394060635
:10C7600093F68708639E060293F70724638007D237
:10C77000B78700002326F1042324010423220104A7
:10C78000232001049387F7FF130400006FF09FCE6E
:10C790009306F000E38ED7FC9306B0006394D702B3
:10C7A00013040900832701032320F1048327410395
:10C7B0002322F104832781032324F1048327C10367
:10C7C0006F00400283270102138709002320F10430
:10C7D000832741022322F104832781022324F104C9
:10C7E0008327C1022326F104930720006308F72062
:10C7F00093073000E30EF7F693071000E316F7BA3D
:10C8000023260104232401042322010423200104FC
:10C810006F00001C832701012326F1006FF0DFB8B1
:10C82000638407061307D0F863C8E71A13071000DC
:10C830003307F7401305010493565740930505004D
:10C840001377F70193070000130600006312D60464
:10C85000130630003306D640139E260063140704E7
:10C86000930505003388C501032808001307170046
:10C870009385450023AE05FFE356E6FE130740000F
:10C88000B306D7406F00C005130710006FF09FFA82
:10C8900003A805001306160093854500B3E70701BA
:10C8A0006FF0DFFAB305C50103A805009308000285
:10C8B000B388E84033181801B3E7070113030000F9
:10C8C0006344C30293054000B386D5408325C10469
:10C8D000131626003306C50033D7E5002320E600F3
:10C8E000130640006F00C00303A8050083AE450097
:10C8F000338FC5413358E800B39E1E013368D80119
:10C9000023200F0113031300938545006FF05FFB95
:10C91000139726003307E5002320070093861600AF
:10C92000E398C6FE03270104B337F000B3E7E7003E
:10C930002320F10413F777006304070413F7F700CB
:10C940006300D704138747002320E1040327410431
:10C9500093B7C7FF93B71700B307F7002322F1047B
:10C96000B3B7E70003278104B307F7002324F104DA
:10C97000B3B7E7000327C104B387E7002326F10418
:10C980000327C1049317C70063DE070023260104B1
:10C99000232401042322010423200104930710000F
:10C9A0006FF05FAD1306C5008327050083264500A1
:10C9B0001305450093D737009396D601B3E7D70008
:10C9C000232EF5FEE312A6FE135737002326E104BB
:10C9D000930700006FF01FAA032741048327010477
:10C9E000B3E7E70003278104B3E7E7000327C104A7
:10C9F000B3E7E700E38E07FC6FF09FE0B787000026
:10CA000023260104232401042322010423200104FA
:10CA10009387F7FF6FF01FA6130101FA83A7850024
:10CA2000232C81041304050003A5C50003A84500B9
:10CA300083A60500232CF102232CF1009317050196
:10CA400093D7070103270600832846008325860025
:10CA5000032FC600232EA102232EF10093171500E9
:10CA60001355F501232A910423282105232A0103C4
:10CA7000232A0101232E11042326310523244105F5
:10CA8000232251052328D1022328D10013D91701CD
:10CA900093040500930201011308C10183270800D4
:10CAA0000326C8FF1308C8FF939737001356D60113
:10CAB000B3E7C7002322F800E39202FF93170F01A8
:10CAC00093D70701939636002326F10293171F0090
:10CAD000232EE1032328D1002328E102232A110376
:10CAE000232CB1022320E102232211032324B102CB
:10CAF00013DE1701135FFF01930F01021303C1023D
:10CB0000832703000326C3FF1303C3FF9397370054
:10CB10001356D601B3E7C7002322F300E3926FFE5A
:10CB200013173700B78700002320E1029387F7FF30
:10CB30006310FE020326810283274102B3E7C70088
:10CB40000326C102B3E7C700B3E7E7006394070019
:10CB5000134F1F00B307C941E318AF026358F03801
:10CB600003284101832E81018328C10163120E0A2B
:10CB70000325410283258102032EC1023366B500DD
:10CB80003366C6013366E600631C06002328D10223
:10CB9000232A0103232CD103232E11036F00400904
:10CBA0001386F7FF631806043386E6003308050191
:10CBB000B336D600B306D800232AD1023335A800F5
:10CBC000B3B60601B38ED5013365D5003385AE000B
:10CBD000232CA10233B7BE003335D5013367A7003C
:10CBE000330E1E012328C1023307C701930710002B
:10CBF0006F00C02E378700001307F7FF6384E7003C
:10CC00006F10C00D2328D102232A01036F00403882
:10CC1000378700001307F7FF6312E9162328D102B4
:10CC2000232A0103232CD103232E11039307090088
:10CC30000327010393767700638606049376F70053
:10CC4000130640006380C604B306C7002328D10240
:10CC5000832641031337C7FF133717003387E600D6
:10CC6000232AE1023337D700832681033387E60086
:10CC7000232CE1023337D7008326C1033307D700C3
:10CC8000232EE1020327C1039316C70063D40602D3
:10CC9000B7860000938717009386F6FF6394D7004A
:10CCA0006F104002B706F8FF9386F6FF3377D70080
:10CCB000232EE102930601031305C10303A6060018
:10CCC00083A5460093864600135636009395D501FA
:10CCD0003366B60023AEC6FEE312D5FE37860000EB
:10CCE0009306F6FF13573700639AD7028325410353
:10CCF00083260103B3E6B60083258103B3E6B600BD
:10CD00003367D700630C0700232C0102232A01029A
:10CD100023280102130706009304000093971701CC
:10CD200093D717019394F400B3E4F400832701032D
:10CD3000231791002316E1002320F40083274103E9
:10CD40008320C105130504002322F40083278103F7
:10CD500083244105032901052324F4008327C1000E
:10CD60008329C104032A81042326F40003248105B6
:10CD7000832A410413010106678000000327C102D2
:10CD8000370608003367C7002326E1021307400770
:10CD9000E34AF7741386070093575640137EF60153
:10CDA000930503001306000013070000631CF7023D
:10CDB000130730003307F74093932700631E0E02DA
:10CDC000B305730083A50500130E1E001303430073
:10CDD000232EB3FEE356C7FF13074000B307F74007
:10CDE0006F00800503A50500130717009385450014
:10CDF0003366A6006FF09FFBB3857F0083A5050017
:10CE0000130500023305C541B395A5003366B6008E
:10CE100033037300130F00006344EF0293054000D7
:10CE2000B387F5408325C102131727003387EF002E
:10CE3000B3D5C5012320B700930540006F00C003A0
:10CE40008325030083224300B3097340B3D5C50192
:10CE5000B392A200B3E5550023A0B900130F1F0041
:10CE6000130343006FF05FFB139727003387EF0036
:10CE70002320070093871700E398B7FE832701025A
:10CE80003336C0003366F600832741023386C6007E
:10CE90000327810233880701B336D600B306D800D2
:10CEA000232AD102B337F800B3B60601B30ED70177
:10CEB000B3E7D700B387FE00232CF10233B7EE00AF
:10CEC000B3B7D7013367F7008327C1022328C10214
:10CED000B387F8003307F700930709009316C700DC
:10CEE00063C00644232EE1026FF09FD483254102E4
:10CEF000832E81028328C102638E0722B3072E414D
:10CF00006316090A0323410103258101032FC1018F
:10CF10003366A3003366E6013366D6006318060065
:10CF20002328E102232AB1026FF0DFC61389F7FF3D
:10CF3000631609043386E600B305B300B336D600A2
:10CF4000B386D500232AD10233B36500B3B6B60049
:10CF5000B30ED5013363D30033836E00232C6102FB
:10CF600033B7AE003333D30133676700B3071F0114
:10CF70002328C1023307F7006FF05FC7B7860000B0
:10CF80009386F6FFE39AD7562328E102232AB102BB
:10CF9000232CD103232E1103B78700009387F7FFBB
:10CFA0006FF01FC9138706006FF01FFEB7860000E1
:10CFB0009386F6FFE30ADEFC8326C10137060800EC
:10CFC000B3E6C600232ED10093064007E3CAF6520B
:10CFD0001389070093070002B347F90213050800FD
:10CFE000130600009306000063CEF602930630009D
:10CFF000137FF9013383F64093932700631E0F02DA
:10D00000B306780083A60600130F1F00130848001C
:10D01000232ED8FEE356E3FF93064000B387F64085
:10D020006F00C00603230500938616001305450014
:10D03000336666006FF05FFB930F00023369F903FC
:10D0400093C6F7FF93D6F641B3F6D7009396260022
:10D05000B386D20083A6060033087800B38F2F4131
:10D06000B396F6013366D6009306000063C46602E9
:10D070000325C10193064000B387F64093162300B1
:10D08000B386D2003355E50123A0A6001305300076
:10D090006F00C0030325080003294800B309784046
:10D0A0003355E5013319F9013365250123A0A900A2
:10D0B00093861600130848006FF05FFB93962700D5
:10D0C000B386D20023A0060093871700E358F5FE2D
:10D0D000832701013336C0003366F6008326410101
:10D0E000832781013306C700B385B6003337E600D6
:10D0F0003387E500B38ED701232AE102B3B6D5000A
:10D100003337B700B3E6E60033B7FE008327C1012B
:10D11000B386DE00232CD102B3B6D601B387F80064
:10D120003367D7003307F7002328C10293070E00A7
:10D130006FF0DFDA930719001395170113552501D6
:10D1400003264101032381010328C101130E0103BA
:10D15000130FC103631E0512B3676600B3E707012F
:10D16000B3E7D7006314090A639A07002328E10292
:10D17000232AB102232CD1036F004002B3E7D5016B
:10D18000B3E71701B3E7E700639007022328D10252
:10D19000232AC102232C610293080800232E1103C5
:10D1A000930700006FF0DFA8B387E600B305B60071
:10D1B0002328F102B3B7D700B387F500B3B6C50093
:10D1C000232AF102B3B7B700B30ED301B3E6F600DA
:10D1D000B386DE00232CD10233B76E00B3B6D6017E
:10D1E0003367D70033061801B308C7009397C80008
:10D1F000E3D607FAB707F8FF9387F7FFB3F7F8000E
:10D20000232EF102930710006FF09FA263840702A0
:10D21000B3E5D501B3E51501B3E5E5006396050275
:10D220002328D102232AC102232C6102232E0103C9
:10D230006FF09FD6930607001386050013830E0038
:10D24000138808006FF0DFFDB7870000232EF1027E
:10D25000232C0102232A01022328010293070F0035
:10D2600003A7070083A6C7FF9387C7FF13173700DD
:10D2700093D6D6013367D70023A2E700E312FEFE60
:10D28000B78700009387F7FF930400006FF05F9A61
:10D290003385E600B305B6002328A1023335D50057
:10D2A0003385A500B3B6C500232AA1023335B500E6
:10D2B000B30ED301B3E6A600B386DE00232CD10261
:10D2C00033B76E00B3B6D6013367D7003306180103
:10D2D0003307C700232EE10293060E0003A60600C3
:10D2E00083A5460093864600135616009395F501D4
:10D2F0003366B60023AEC6FEE312DFFEB78600003B
:10D300009386F6FF13571700E39ED7BC232E010226
:10D31000232C0102232A0102232801026FF05F91CE
:10D32000B706F8FF9386F6FF3377D700232EE10286
:10D33000938717001316F601930601031308C10320
:10D3400083A5060003A546009386460093D51500E5
:10D350001315F501B3E5A50023AEB6FEE312D8FE22
:10D3600013571700232EE102032701031356F6017A
:10D370003367C7002328E102378700001307F7FF50
:10D38000E398E78A6FF09FF8635CF02483254101FE
:10D39000832E81018328C10163140E0A032E4102EA
:10D3A000032F81020325C1023366EE013366A60016
:10D3B0003366E600631606002328D1026FF09FB69D
:10D3C0001386F7FF631A0604B387C5413386E64028
:10D3D000330EBE40B3B6C600133E1E003388D7409E
:10D3E000B3F6C601B3B7F500B3E7D700B306DF4124
:10D3F000B385EE4193B616003387F540B3F7D700F7
:10D40000B3B5BE003385A840B3E5F5003305B5409C
:10D41000930710006F00C019378700001307F7FF4C
:10D42000E38CE7F89307400763D0C7042326010283
:10D430002324010223220102130610006F00C011F1
:10D44000378700001307F7FFE30EE9B40327C10293
:10D45000370608003367C7002326E1021307400799
:10D46000E346F7FC1386070093575640137EF601F8
:10D47000130503001306000013070000631CF702E6
:10D48000130730003307F74093932700631E0E0203
:10D490003305730003250500130E1E00130343001C
:10D4A000232EA3FEE356C7FF13074000B307F74040
:10D4B0006F008005032805001307170013054500BA
:10D4C000336606016FF09FFB33857F00032505005F
:10D4D000130800023308C841331505013366A6005E
:10D4E00033037300130F00006344EF021305400081
:10D4F000B307F5400325C102131727003387EF0058
:10D500003355C5012320A700130540006F00C00359
:10D510000325030083224300B30973403355C5013B
:10D52000B39202013365550023A0A900130F1F0019
:10D53000130343006FF05FFB139727003387EF005F
:10D540002320070093871700E398A7FE8327010293
:10D550003336C0003366F600032741023386C640E7
:10D56000B3B6C600B387E5403388D7403307B7402A
:10D57000B3B7F5008325810213371700B3F6E60031
:10D58000B3E7D7000325C102B386BE40B385D541BA
:10D5900093B515003387F640B3F7B700B3B6DE0096
:10D5A000B3E6F6003385A8403305D540930709005C
:10D5B000232CE102232EA102232A01032328C102E6
:10D5C0001317C500635607E6370708001307F7FF70
:10D5D0003375E500232EA102138907006F00404C2C
:10D5E0000323410283258102832FC102638607241E
:10D5F000B3072E41631A090A83284101832E810152
:10D600000325C10133E6D8013366A6003366D60090
:10D61000631E06002328E102232A6102232CB102A3
:10D62000232EF10393040F006FF08FE01389F7FFAF
:10D63000631A0904B30713413306D740B38868401F
:10D640003337C70093B818003388E740B386BE402D
:10D6500033771701B337F300B3E7E700B388D54159
:10D6600093B616003387F840B3F7D700B3B8150167
:10D670003385AF40B3E8F8003305154193040F003C
:10D680006FF01FD9B78600009386F6FF6394D768C2
:10D690002328E102232A6102232CB102232EF10365
:10D6A00093040F006FF05F8FB78600009386F6FF3C
:10D6B000E300DEFE8326C10137060800B3E6C6009C
:10D6C000232ED1009306400763CAF664138907002E
:10D6D00093070002B347F902130508001306000080
:10D6E0009306000063CEF60293063000937EF901A4
:10D6F000B388F64093942700639E0E02B306980009
:10D7000083A60600938E1E0013084800232ED8FE21
:10D71000E3D6D8FF93064000B387F6406F00C006FB
:10D72000832805009386160013054500336616010D
:10D730006FF05FFB930300023369790293C6F7FF32
:10D7400093D6F641B3F6D70093962600B386D2005F
:10D7500083A6060033089800B3832341B39676006E
:10D760003366D6009306000063C416030325C10187
:10D7700093064000B387F64093962800B386D20004
:10D780003355D50123A0A600130530006F00C00358
:10D790000325080003294800B30998403355D501F3
:10D7A000331979003365250123A0A900938616005B
:10D7B000130848006FF05FFB93962700B386D200F2
:10D7C00023A0060093871700E358F5FE8327010185
:10D7D0003336C0003366F600832641018328810179
:10D7E0003306C740B307D340B38666403337C7001C
:10D7F00093B616003388E7400325C1013377D7007D
:10D80000B337F300B3861541B388B840B3E7E700F8
:10D8100093B818003387F640B3F71701B3B6D500B5
:10D82000B3E6F6003385AF403305D54093070E00CD
:10D8300093040F006FF0DFD713061900131E1601B3
:10D84000135E2E0103284101832E81018328C1012B
:10D85000B782000063140E1A3366B300336ED8012A
:10D860003366F601336E1E013366E600336EDE006A
:10D870006318090E63100E023336C0002328E1023C
:10D88000232A6102232CB102232EF103B374E60193
:10D890006FF00FBA631806002328D102232A010370
:10D8A0006FF05F8D33066840B384E64033BE960068
:10D8B00013391600B309C641B382BE40337E2E0130
:10D8C0003336C8003366C60193B31200338AC240B0
:10D8D00033F6C300B3B25E00B3E2C2003386F84150
:10D8E00033065640232EC102232C4103232A310341
:10D8F00023289102131EC60063580E04B306D740B6
:10D900003337D700330803413306E8403338030187
:10D91000337727013368E800B38ED541B3B5D5011D
:10D92000B3F30301B38F1F41B3E57500B38FBF405D
:10D93000B38E0E41232EF103232CD103232AC102DF
:10D940002328D1026FF01FCEB3E43401B3E44401C5
:10D95000B3E4C400B3349000B37495006FF04FADDE
:10D9600013050103631E0E04631E0602232E5102DB
:10D97000232C0102232A0102232801029307C10359
:10D9800003A7070083A6C7FF9387C7FF13173700B6
:10D9900093D6D6013367D70023A2E700E312F5FE42
:10D9A0006FF01F8E2328E102232A6102232CB1028B
:10D9B000232EF10393040F009387F2FF6FF04FA71C
:10D9C000630206A4232E5102232C0102232A010202
:10D9D000232801029307C10303A7070083A6C7FFFB
:10D9E0009387C7FF1317370093D6D6013367D70045
:10D9F00023A2E700E312F5FE6FF09F88330668402C
:10DA0000B382E64033B5560093391600330AA64078
:10DA1000338EBE40337535013336C8003366A600F9
:10DA200093331E00B30ACE4033F6C30033BECE019B
:10DA3000336ECE003385F8413305C541232EA10254
:10DA4000232C5103232A4103232851021316C50016
:10DA50006354060AB306D7403337D700330803416F
:10DA6000B307E84033773701333803013368E80000
:10DA7000B38ED541B3B5D501B373780033851F415B
:10DA8000B3E575003305B540B38E0E41232EA102D8
:10DA9000232CD103232AF1022328D10293040F005F
:10DAA00063060506EF604FEC930745FF130600027F
:10DAB00013F8F701B3C6C7021307C10363040808CC
:10DAC000939826001305010333071741B3E5C702F6
:10DAD0003306B640631EE5081387F6FF832601036D
:10DAE00033051501B39606012320D5001306F0FF78
:10DAF000930801036F00000B33E7420133675701BE
:10DB00003367A700630207F86FF09FF903258103CD
:10DB100063080500EF604FE5130505026FF0DFF8BD
:10DB20000325410363080500EF600FE413050504B6
:10DB30006FF09FF703250103EF600FE31305050660
:10DB40006FF09FF69305C0FFB385B6021306300051
:10DB50003305B700032505001306F6FF1307C7FFBB
:10DB60002322A700E356D6FE1387F6FF6FF01FF8B7
:10DB7000832507000323C7FF330E1701B395050163
:10DB80003353C300B3E565002320BE001307C7FF6E
:10DB90006FF05FF493162700B386D80023A0060029
:10DBA0001307F7FFE318C7FE63C22711B3872741A6
:10DBB0009387170013D757401386080093F7F70190
:10DBC000938508001308000093060000639CE6029A
:10DBD00093063000B386E640131E2700639E0702BB
:10DBE000B305C60183A505009387170013064600F9
:10DBF000232EB6FEE3D6F6FE930740003387E740B8
:10DC00006F00400503A50500938616009385450027
:10DC10003368A8006FF09FFB3386C8018325060098
:10DC2000130500023305F540B395A5003368B8002D
:10DC3000130300006344D302130640003307E64099
:10DC40000326C10393962600B386D800B357F60087
:10DC500023A0F600930640006F00C0038325060052
:10DC6000832E4600330FC641B3D5F500B39EAE00F8
:10DC7000B3E5D5012320BF001303130013064600AC
:10DC80006FF05FFB93172700B387F80023A007000E
:10DC900013071700E318D7FE03270103B33700016A
:10DCA000B367F7002328F1026FF08FCF0327C1037A
:10DCB000B706F8FF9386F6FFB307F9403377D7002E
:10DCC0006FF04FA2232E0102232C0102232A01020E
:10DCD00023280102130700006FE0DFFD93074007D0
:10DCE00063DCC78A232601022324010223220102C6
:10DCF000130610006FF04F999307400763DC27ADC0
:10DD0000232E0100232C0100232A010013061000FA
:10DD10006FF0CFBC93074007E3DC279B232E010065
:10DD2000232C0100232A0100130610006FF0DFAA44
:10DD300003270500832E4500032E85000325C5001B
:10DD400003A6C500B78600009386F6FF13580501A9
:10DD500083A7050003A3450083A885003378D80076
:10DD600093550601130101FFB3F5D5006310D802E6
:10DD70003367D70113150501135505013367C70133
:10DD80003367A700130510006316070237870000EA
:10DD90001307F7FF13050000639EE50033E56700F6
:10DDA0001316060133651501135606013365C500C8
:10DDB0003335A0001301010167800000032705002F
:10DDC0008327C50083264500130101FE83258500B6
:10DDD0002320E1002328E100139717002322D1001C
:10DDE00093561701374700002324B1002326F10082
:10DDF000232CB1001307E7FF130500006350D7027F
:10DE0000374700001307D70113D8F701635CD70029
:10DE1000370500801305F5FF3305A8001301010243
:10DE200067800000939707013707010093D7070128
:10DE3000B3E7E700374700001307F7063307D7407B
:10DE400013555740232EF1001377F70113060101F4
:10DE500063120702131525003306A6008327060068
:10DE60002328F10003250101E30A08FA3305A04045
:10DE70006FF0DFFA9308200093060000631015038B
:10DE800093060002B386E640B396D700B3D5E5000B
:10DE9000B3E6B6002328D10093061000939626001F
:10DEA0003306D600B3D7E7002320F6006FF09FFBC0
:10DEB000130101FD23229102232611022324810252
:10DEC0002320210393040500638E051093D7F541A9
:10DED00033C4B7003304F4401305040013D9F5012B
:10DEE000EF608FA8B74500009385E501B385A54095
:10DEF000130515059357554023288100232A010057
:10DF0000232C0100232E01001375F5019306010156
:10DF1000630A0502130720006392E70C130700024F
:10DF20003307A7403357E400232EE1001387F7FFA0
:10DF300093972700B387F6003314A40023A087002B
:10DF40006F000003130730003307F7401317270053
:10DF50003387E6000327070013062000232EE10085
:10DF6000130706006396C700232C810013071000D7
:10DF7000131727002328010023A206001307C7FF59
:10DF8000930740006364F700232C01008327C1013D
:10DF90008320C102032481022316F1009317F900A4
:10DFA000B3E7B7002317F10083270101032901021A
:10DFB0001385040023A0F4008327410123A2F40069
:10DFC0008327810123A4F4008327C10023A6F40042
:10DFD000832441021301010367800000930730008E
:10DFE0006FF0DFF4232E0100232C0100232A01000F
:10DFF00023280100130900006FF05FF9B7078000C4
:10E000009387F7FF33F7A700135575011375F50FC5
:10E01000130515F0B3F7B7006316050013051000DC
:10E02000631E070093D5750193F5F50F938515F0E1
:10E03000B337F00093B5150033F5B70067800000E3
:10E04000135746019317C6001377F77F130101FD9D
:10E0500093D7C7009306170023248102232291023D
:10E0600023202103232611022328B100232AF100B3
:10E07000232E0100232C010093F6E67F13090500EF
:10E08000938405001354F60163820608B746000026
:10E09000938606C03307D70093D64700232ED100BE
:10E0A0009397C70193D64500B3E7D7009394C50172
:10E0B000232CF100232A9100232801008327C1018A
:10E0C0001314F4003364E4002316F10083270101E4
:10E0D000231781008320C1022320F90083274101F7
:10E0E00003248102832441022322F9008327810132
:10E0F000130509002324F9008327C1002326F90012
:10E1000003290102130101036780000033E5B70012
:10E110006316070EE30405FA6386070413850700F8
:10E12000EF608F849306150313D7564093F6F601DC
:10E130009307C101638E060213080002931527009E
:10E140003308D84013030101B387B74063966708CB
:10E15000B387B700B396D4001307F7FF23A0D70007
:10E160006F008003EF604F80130505026FF09FFB87
:10E170001306C0FF3306C70293063000B385C700FD
:10E1800083A505009386F6FF9387C7FF23A2B700F8
:10E19000E3D6E6FE1307F7FF130717001317270050
:10E1A0009306800093070101636AD70023280100CA
:10E1B00023A20700130787FF9307810193064000FE
:10E1C0006364D70023A00700374700001307C7C0C8
:10E1D0003307A7406FF09FEE03A6070083A8C7FF91
:10E1E000338EB7003316D600B3D808013366160154
:10E1F0002320CE009387C7FF6FF05FF56308050209
:10E200001397C70193D645003367D700232CE1004D
:10E2100093D74700378700009394C501B3E7E70021
:10E22000232A910023280100232EF10037870000C4
:08E230001307F7FF6FF09FE8F0
:08E238001305000067800000DF
:08E24000130540006780000097
:08E248001305000067800000CF
:10E250000325850E1305F5FF3335A00013052500B2
:04E2600067800000D3
:08E264001305100067800000A3
:08E26C001305000067800000AB
:08E27400130510006780000093
:10E27C00130101FD23261102232481022322910282
:10E28C0023202103232E3101232C4101032A0500D5
:10E29C0003244500370700201307F7FF33044441DC
:10E2AC00935724406382E70A13090500138507007E
:10E2BC0063940700130510003305F500B707002021
:10E2CC006364F5001385F7FF931425001385040090
:10E2DC002326B100EFE0401A8325C100B307850067
:10E2EC009309050003A7050023A0E70063080400B9
:10E2FC001306040093050A00EF5040101304440069
:10E30C0033848900630A0A008325890013050A00F7
:10E31C00B3854541EFD08058338599002324A9005B
:10E32C0023203901232289008320C1020324810286
:10E33C0083244102032901028329C101032A81019B
:10E34C001301010367800000377500001305850C6D
:04E35C00EFE0407836
:08E36000130540006780000076
:08E3680013055000678000005E
:10E37000130101FD2326110223248102232291028D
:10E3800023202103232E3101232C4101032A0500E0
:10E3900003244500370700201307F7FF33044441E7
:10E3A000935724406382E70A130905001385070089
:10E3B00063940700130510003305F500B70700202C
:10E3C0006364F5001385F7FF93142500138504009B
:10E3D0002326B100EFE0000B8325C100B3078500C1
:10E3E0009309050003A7050023A0E70063080400C4
:10E3F0001306040093050A00EF50000113044400C3
:10E4000033848900630A0A008325890013050A0002
:10E41000B3854541EFD04049338599002324A900B5
:10E4200023203901232289008320C1020324810291
:10E4300083244102032901028329C101032A8101A6
:10E440001301010367800000377500001305850C78
:04E45000EFE0006990
:10E45400130101FD232611022324810223229102A8
:10E4640023202103232E3101232C4101032A0500FB
:10E47400032445003757ECC4130757EC33044441D5
:10E4840093572440B387E70237277602130727768A
:10E494006382E70E9309050013870700639407005E
:10E4A40013071000B307F700372776021307277600
:10E4B4006374F7009307070013074003B384E7026C
:10E4C4002326B10013850400EFD0907B8325C1007F
:10E4D40013090500B30785001387050383A6850088
:10E4E40003A5050003A6450023A4D70023A0A70085
:10E4F40023A2C70083A6C50093850501938707015E
:10E5040023AED7FEE39CE5FC03A7050023A0E700A8
:10E51400631804041304440333048900630A0A00DF
:10E5240083A5890013050A00B3854541EFD08037E0
:10E53400B307990023A4F90023A0290123A2890089
:10E544008320C1020324810283244102032901029E
:10E554008329C101032A810113010103678000009B
:10E564001306040093050A0013050900EF4090699F
:10E574006FF05FFA377500001305850CEFE0005665
:10E58400930705000325C50063040504130101FE78
:10E59400232E110083A547012326F100B385A5404E
:10E5A400EFD040308327C10003A50700630C0500AA
:10E5B40083A587008320C101B385A540130101020F
:10E5C4006FD0402E8320C101130101026780000037
:10E5D40003A507006308050083A58700B385A5404C
:08E5E4006FD0402C678000009D
:10E5EC00130101FC232C8102232E1102232A9102F8
:10E5FC0023282103232631032324410323225103FF
:10E60C0023206103232E7101232C8101032B450050
:10E61C00032A050037972EBA130737BA33044B4138
:10E62C0093572440B387E70237C7E8021307E7A2E2
:10E63C006382E72C93090500938405001389070076
:10E64C0063940700130910003309F900B7C7E802F7
:10E65C009387E7A263F42701138907009307C0028D
:10E66C003309F90213050900EFD0106103A7040068
:10E67C0083A5440083A7840033048500232204006F
:10E68C0023240400232604002320E400930A05001D
:10E69C003386B740638AB71E13050600130C0600B9
:10E6AC002324C1002326B100EFD0105D0326810086
:10E6BC008325C1002322A400B307C5002326F40040
:10E6CC002324A4002324F100930B0500EF401053E6
:10E6DC008327810083A50401232804002324F4004C
:10E6EC0083A74401232A0400232C04003386B7405B
:10E6FC006382B71C130506002324C1002326B10036
:10E70C00EFD09057032681008325C1002328A40055
:10E71C00B30BC500232AA400232C7401EF40104E28
:10E72C0003A7C40183A74402232A740183AB040208
:10E73C00232004022322040223240402232EE400B7
:10E74C00B3847741638C771713850400EFD0D052D4
:10E75C00B30795002324F40293850B002320A40215
:10E76C002322A402138604002324F100EF40104955
:10E77C00832781002322F40293840A0013040A00E5
:10E78C0063004B0B8327040023A0F4008326440072
:10E79C008327C4000327840023A2D40023A6F400FB
:10E7AC0023A4E40083260401832784010327440166
:10E7BC00232204002326040023A8D40023AAE40067
:10E7CC0023ACF4008327C40123280400232C040069
:10E7DC0023AEF40083264402032784028327040219
:10E7EC0023A2D40223A4E40223A0F40203250401EF
:10E7FC006308050083258401B385A540EFD0000A8A
:10E80C0003254400630A05068325C4001304C402CF
:10E81C009384C402B385A540EFD04008E3148BF673
:10E82C009384C402630A0A0083A5890013050A00B5
:10E83C00B3854541EFD0800633892A0123A42901F1
:10E84C0023A0590123A299008320C103032481032F
:10E85C0083244103032901038329C102032A810272
:10E86C00832A4102032B0102832BC101032C81015A
:10E87C0013010104678000001304C4029384C402D2
:10E88C00E3128BF06FF0DFF99307000083A504010E
:10E89C002324F40083A7440123280400232A040022
:10E8AC00232C0400130C0000930B00003386B7409C
:10E8BC00E392B7E4930B00006FF09FE69307000020
:10E8CC006FF05FEB1304050063880B0093050C00DD
:10E8DC0013850B00EFC0907C13850A00930509008B
:10E8EC00EFC0D07B13050400EF30DFE81304050004
:10E8FC006FF09FFE377500001305850CEFE0801D4F
:10E90C009304050013054400EFF01FC713840400A3
:04E91C006FF09FFCFD
:10E92000130101FD232611022324810223229102D7
:10E9300023202103232E3101232C4101032A05002A
:10E9400003244500370700201307F7FF3304444131
:10E95000935724406382E70A1309050013850700D3
:10E9600063940700130510003305F500B707002076
:10E970006364F5001385F7FF9314250013850400E5
:10E980002326B100EFD010308325C100B3078500E6
:10E990009309050003A7050023A0E700630804000E
:10E9A0001306040093050A00EF40102613044400E8
:10E9B00033848900630A0A008325890013050A004D
:10E9C000B3854541EFC0506E338599002324A900DB
:10E9D00023203901232289008320C10203248102DC
:10E9E00083244102032901028329C101032A8101F1
:10E9F0001301010367800000377500001305850CC3
:04EA0000EFE0000E35
:10EA0400130101FF23261100EF708DDB8320C10069
:08EA1400130101016FE09E9463
:10EA1C00130101FF1305600023261100EF40802035
:08EA2C0013051000EF704D907E
:10EA340083A70181130101FF130806002326110097
:10EA4400130305001387050003A5C70013860600FA
:10EA540063000802B787000093878799B785000091
:10EA6400930603009385859AEF00901FEFF0DFFA79
:10EA7400B78700009387C786138807006FF01FFECF
:10EA8400130101FF9306060013060000232611005C
:04EA9400EFF01FFA86
:10EA98009307050003A501811386050093850700E8
:04EAA8006F004000BB
:10EAAC00B3B7C502130101FE232E1100B385C502B5
:10EABC006390070AEF00400E930705006300050AF8
:10EACC000326C5FF930640021376C6FF1306C6FF46
:10EADC0063E6C604930530011307050063F2C50213
:10EAEC0023200500232205001307B0016378C70417
:10EAFC00232405002326050013070501630AD60607
:10EB0C002320070023220700232407008320C101B0
:10EB1C0013850700130101026780000093050000B4
:10EB2C002326A100EF504FE88327C1008320C101A9
:10EB3C00138507001301010267800000130785008D
:10EB4C002320070023220700232407006FF01FFC5B
:10EB5C00EF40C0779307C0002320F5008320C1014C
:10EB6C009307000013850700130101026780000062
:10EB7C0023280500232A0500130785016FF05FF891
:0CEB8C009305050003A501816F00000146
:0CEB98009305050003A501816F40D03FEC
:10EBA400130101FC232C8102232E11029387B5004B
:10EBB4001307600113040500636EF7089306000150
:10EBC40063ECB606EF00D00593060001130780013D
:10EBD4009308200037D800001308C8C43307E8009E
:10EBE40083274700130687FF6380C74603A74700B0
:10EBF40003A6C70083A587001377C7FF3387E70001
:10EC04008326470023A6C5002326F1002324B6004B
:10EC140093E61600130504002322D700EF009000AA
:10EC24008327C1008320C103032481031385870044
:10EC340013010104678000009307C0002320F4003F
:10EC4400130500008320C10303248103130101047D
:10EC54006780000093F687FFE3C007FEE3EEB6FC8F
:10EC64002326D100EF00C07B8326C1009307701FC9
:10EC740063FAD74C93D79600638E071613074000A8
:10EC8400636CF74293D7660093889703138E8703C8
:10EC94001395380037D800001308C8C43305A800FA
:10ECA40083274500130585FF6308F5021303F0006D
:10ECB4006F00400183A5C70063580634630EB50096
:10ECC4009387050003A747001377C7FF3306D74090
:10ECD400E352C3FE93080E008327080137DE0000C9
:10ECE400130E4EC56380C72F03A747009305F0009A
:10ECF4001377C7FF3306D74063C0C548232AC8012A
:10ED04002328C801635606441306F01F0323480052
:10ED14006364E634137687FF130686003306C8005F
:10ED24008325060013555700130710003317A70057
:10ED34003363E300130786FF23A4B70023A6E70089
:10ED4400232268002320F60023A6F50093D7284049
:10ED5400130510003315F5006366A30AB377650045
:10ED6400639407021315150093F8C8FFB377650081
:10ED740093884800639A070013151500B37765005C
:10ED840093884800E38A07FE930EF000139F38002F
:10ED9400330FE80113030F000327C300938F080008
:10EDA400630EE33203264700930707000327C700D7
:10EDB4001376C6FFB305D64063CEBE32E3C205FE6A
:10EDC4003386C7008326460083A587001305040005
:10EDD40093E616002322D60023A6E5002324B700D9
:10EDE4002326F100EF0000648327C1001385870008
:10EDF4006FF05FE51305002093080004130EF00381
:10EE04006FF05FE98327880003A747001377C7FFE4
:10EE14003306D7406366D700932506016388051A35
:10EE240037D3000083A541A40325832F1306F0FFE5
:10EE3400B385B6006306C542371600001306F60014
:10EE4400B385C50037F6FFFFB3F5C500130504000D
:10EE5400232E0101232CF100232AD1002328E100D1
:10EE64002326B100EF40C03A1306F0FF8325C1000A
:10EE74000327010183264101832781010328C1015E
:10EE84009308050037D300006306C5343385E700D3
:10EE940063E0A834138EC14403260E003386C500F4
:10EEA4002320CE00930E060063061549032F832FFB
:10EEB4001306F0FF630ECF483386A8403306D6010D
:10EEC4002320CE0093FE7800638C0E3A93F888FFDB
:10EED4003716000093888800130686003383B80031
:10EEE4003306D64133066640131646019355460150
:10EEF40013050400232601032324C1032322F10262
:10EF04002320D102232EE100232C1101232AD10135
:10EF1400232861002326B100EF40802F1306F0FF61
:10EF24008325C10003230101832E4101832881012C
:10EF34000327C1018326010283274102032E810294
:10EF44000328C102630CC54403260E003305154192
:10EF54003305B50013651500232418013386C50055
:10EF640023A2A8002320CE00638E07031305F0001C
:10EF74006374E53E83A54700130747FF137787FFB4
:10EF840093F51500B3E5E50023A2B7001303500081
:10EF9400B385E70023A2650023A465006368E54008
:10EFA40003A5480003A701A46374C70023A0C1A458
:10EFB40003A7C1A36374C70023AEC1A2938708004B
:10EFC4006F00C021032348006FF05FD813E71600D9
:10EFD40023A2E700B386D700136616002324D800C3
:10EFE4001305040023A2C6002326F100EF0080438A
:10EFF4008327C1008320C103032481031385870071
:10F00400130101046780000003A687003387E7002B
:10F01400832647002326B6002326F10093E6160034
:10F0240023A4C500130504002322D700EF00803F6A
:10F034008327C1008320C103032481031385870030
:10F0440013010104678000008327C7009388280008
:10F05400E304F7C86FF09FB9135697009305400077
:10F0640063FEC5149305400163E0C5281305C60576
:10F07400131535009305B6053305A80003260500CE
:10F08400130585FF6318C5006F00001E0326860064
:10F094006308C5008325460093F5C5FFE368B7FE02
:10F0A4000325C60023A6A70023A4C7002324F50034
:10F0B4002326F6006FF09FC9130740016370F7140D
:10F0C400130740056360F72493D7C6009388F706B7
:10F0D400138EE706139538006FF0DFBB938F1F0084
:10F0E40093F73F0013038300638807120327C300C9
:10F0F4006FF01FCB03A5870093E8160023A2170126
:10F104002326E5002324A700B386D700232AD800AA
:10F114002328D80013E715003386C70023A6C601A9
:10F1240023A4C60123A2E600130504002320B6008D
:10F134002326F100EF00002F8327C10013858700E9
:10F144006FF05FB093D83600138786006FF09FA8E6
:10F154003387E700832647002326F10013050400C4
:10F1640093E616002322D700EF00C02B8327C100AB
:10F17400138587006FF01FAD93E5160023A2B70037
:10F18400B386D700232AD8002328D8009365160015
:10F194003387E70023A6C60123A4C60123A2B60031
:10F1A400130504002320C7002326F100EF00802765
:10F1B4008327C100138587006FF0DFA8135667000B
:10F1C4001305960313153500930586036FF0DFEAE4
:10F1D400638807158327880003A547001375C5FFB7
:10F1E4003306D5406366D50013270601E30007DE26
:10F1F40013050400EF0000236FF09FA49388C70554
:10F20400138EB705139538006FF0DFA883278F009E
:10F214009388F8FF6392E72193F73800130F8FFF69
:10F22400E39607FE032748009347F5FFB3F7E7008B
:10F234002322F800131515001307F5FFE374F7BC38
:10F244003377F500631A0700131515003377F500BB
:10F25400938F4F00E30A07FE93880F006FF01FB3EC
:10F26400938505016FF09FBE93D5254013071000C9
:10F274003317B7003363E300232268006FF09FE283
:10F284003383B80033066040131646019355460194
:10F2940013050400232401032322C1032320F102C4
:10F2A400232ED100232CE100232A11012326B100AF
:10F2B40023286100EF30D0751306F0FF8325C100C9
:10F2C40083284101032781018326C1018327010289
:10F2D400032E410203288102E318C5C60325010158
:10F2E400930500006FF05FC69305400563ECC50607
:10F2F4001356C7001305F606131535009305E606E5
:10F304006FF09FD713074015636CF70693D7F60089
:10F3140093888707138E7707139538006FF09F97AC
:10F32400138EC144832E0E00B38ED5012320DE013B
:10F334006FF0DFB7139F4801E31A0FB683288800E4
:10F34400B305B70013E5150023A2A8006FF09FC50D
:10F35400232C132F6FF01FB79307100023A2F8007C
:10F364006FF01FE99305401563ECC5061356F700CB
:10F374001305860713153500930576076FF0DFCF65
:10F3840013074055636CF70693D726019388D70774
:10F39400138EC707139538006FF0DF8F938E8EFF9F
:10F3A4003305D301930500006FF01FBA1305040061
:10F3B40093858700232A01012328C1012326D10034
:10F3C400EF40803D03284101032E01018326C10043
:10F3D4008328880003260E0003A548006FF09FBC15
:10F3E4009305405563E4C502135627011305D60758
:10F3F400131535009305C6076FF01FC81305803F2A
:10F404009308F007130EE0076FF0DF881305803FC1
:10F414009305E0076FF05FC6832748006FF09FE114
:04F4240067800000FD
:04F4280067800000F9
:10F42C00130101FC1303C1022326D102930603002E
:10F43C00232E11002328E102232AF102232C01039D
:10F44C00232E110323266100EF0000068320C10147
:08F45C001301010467800000A8
:10F46400130101FC930E050003A50181138E050011
:10F47400130381022324C1022326D10293850E00A3
:10F4840013060E0093060300232E11002328E10225
:10F49400232AF102232C0103232E110323266100C6
:10F4A400EF0000018320C101130101046780000003
:10F4B400130101ED23229112232E3111232C41112A
:10F4C400232A51112326111223248111930A0500A2
:10F4D40093040600138A0600938905006308050057
:10F4E40083274503639407006F1040088397C9007E
:10F4F40003A74906372600009396270163CC0634F8
:10F50400B7E6FFFFB3E7C7009386F6FF3377D7006C
:10F514002396F9009397070193D7074123A2E9069D
:10F5240013F787006304072603A70901630007266E
:10F5340093F7A7011307A000638AE72623229111FA
:10F54400B7AC00002328611123267111130BC104E9
:10F55400B7AB000013874C462320211323248112C8
:10F564002320A111232EB10F2324010423220104FB
:10F574002320610593070B002326E100938B0B5D89
:10F58400232801002320010223220102130C00007E
:10F594001309000103C70400138404009306B7FD94
:10F5A400638E0604630C0704930C040003471400E1
:10F5B40013041400630607009306B7FDE39606FEE2
:10F5C400330D9440630C9402832681040327410481
:10F5D40023A09700B386A6011307170023A2A7014F
:10F5E4002324D1042322E104930670009387870027
:10F5F40063CAE61E03C71C00330CAC016302072078
:10F604008346140093041400A30D01021304F0FFB5
:10F61400930C0000130D0000930DA00593841400B7
:10F62400138706FE63E6ED040326C10013172700C3
:10F634003307C7000327070067000700138706FD89
:10F64400930C00009305900013962C0083C60400CD
:10F65400B30C9601939C1C00B30C9701138706FD11
:10F6640093841400E3F2E5FE138706FEE3FEEDFA4D
:10F6740063880618130310002306D108A30D0102A2
:10F684001308030013040000930DC10883258104AB
:10F694000326410493784D0893860500130706005A
:10F6A400639C0806338E0C41E344C02D0346B1032A
:10F6B4006308060693080000930E00001306B103C6
:10F6C40023A0C70093861600130610001307170023
:10F6D40023A2C7002324D1042322E10413067000CB
:10F6E400938787006340E61863880E021306C103FC
:10F6F40023A0C700938626001306200013071700D3
:10F7040023A2C7002324D1042322E104130670009A
:10F7140093878700E344E61C130600086384C87AD1
:10F7240033046440E340800AB306D3001307170090
:10F7340023A0B70123A267002324D1042322E104D8
:10F744001306700093878700E34AE614137D4D0087
:10F7540063060D0033840C416348801463D40C01A8
:10F76400930C0800330C9C01E39E0614232201042D
:10F7740093070B006FF01FE283C604006FF01FEACB
:10F7840083C60400136D0D026FF05FE993850900D1
:10F7940013850A00EF20D00D6312050C8397C9006E
:10F7A4001307A00093F7A701E39AE7D88397E9002A
:10F7B400E3C607D88320C112032C811093060A00E4
:10F7C40013860400032A81118324411293850900BE
:10F7D40013850A008329C111832A411113010113DE
:10F7E4006F10C006130601049385090013850A00EF
:10F7F400EF10C01D631A050093070B006FF09FDF25
:10F8040083278104E394076683D7C9000324811204
:10F814000329011293F70704032B0111832BC11051
:10F82400832C4110032D0110832DC10F639807020F
:10F834008320C112832441128329C111032A811117
:10F84400832A411113050C00032C811013010113A9
:10F854006780000093162701E3D406CC130CF0FF55
:10F864006FF01FFD130601049385090013850A0038
:10F8740023246102232E1101232CD101232A010107
:10F88400EF10C014E31205F8832681040327410412
:10F89400032381028328C101832E810103284101AE
:10F8A40093070B006FF05FE4130D0001032741047D
:10F8B400B7A80000E3548D72232C9100930D7000BF
:10F8C400232A01019384085E6F00C000130404FF1F
:10F8D40063568D04938606011307170023A097002F
:10F8E40023A2A7012324D1042322E10493878700C0
:10F8F400E3DEEDFC130601049385090013850A0079
:10F90400EF10C00CE31205F0130404FF83268104F6
:10F914000327410493070B00E34E8DFA93880400F8
:10F924000328410183248101B3868600130717004D
:10F9340023A0170123A287002324D1042322E10456
:10F9440093077000E3DCE7E01306010493850900E4
:10F9540013850A00232A0101EF104007E31605EA84
:10F9640083268104032841016FF05FDF13770D02C2
:10F974006314071013770D0183280A0093054A00C6
:10F98400E31E071813770D04E30E0742939808014A
:10F9940093D8084193D6F841138A050013860600CC
:10F9A400634A060E63480410137DFDF763140410C4
:10F9B40033E7D800631007100347B10313030000B3
:10F9C40013040000930D010F630C071E13081000AD
:10F9D400832681040327410493784D089385060008
:10F9E40013060700E38008CC930E00006FF01FCDD0
:10F9F400832D0A00A30D0102130A4A00E3840D3A81
:10FA0400232AF100E34004261306040093050000B2
:10FA140013850D00EF20105B0347B10383274101D9
:10FA2400E300055A3303B5411348F3FF1358F84173
:10FA340033780301E30A07241308180013040000B1
:10FA44006FF01FF903270A0013031000A30D01022E
:10FA54002306E108130A4A001308030013040000F4
:10FA6400930DC1086FF09FC213770D0293054A00EE
:10FA7400136D0D01E304070A13077A00137787FF58
:10FA84000326470083280700130A8700930606000D
:10FA9400E35A06F033371001B306D040B386E6408C
:10FAA4001307D002A30DE102B3081041634404001C
:10FAB400137DFDF7639E061213079000636A171304
:10FAC40093880803A307110F1308040063448000FC
:10FAD400130810000347B1036316077813031000DB
:10FAE400930DF10E6FF09FBA832C0A0063D60C7647
:10FAF400B30C9041130A4A0083C60400136D4D00F1
:10FB04006FF0DFB11307B00283C60400A30DE10256
:10FB14006FF0DFB013770D0213680D0193054A00EF
:10FB24006306077E93067A0093F686FF03A7060012
:10FB340003A64600138A8600A30D0102137DF8BFB5
:10FB4400634C045C137DF8B76318045CB366C700A8
:10FB54006394065C13781800E30008041307000399
:10FB6400A307E10E13030800930DF10E6FF01FB20B
:10FB740083C6040013078006E38EE61E136D0D048E
:10FB84006FF0DFA913770D0293054A00136D0D0181
:10FB940063100704A30D010283280A0093060000E2
:10FBA400138A0500E34A04F033E7D800137DFDF718
:10FBB400E31207F0E31004F013030000930D010FA8
:10FBC400130800006FF09FAC13770D026308076EF3
:10FBD40013077A00137787FFA30D01028328070018
:10FBE40083264700130A8700E35004FCE38606ECEF
:10FBF40037D8CCCC37D3CCCC1308D8CC1303C3CC54
:10FC0400137E0D40130500009305010F6F00C0071C
:10FC140003270101034707006316A700130717F022
:10FC2400E31E0710938E08001386060093850D00CB
:10FC34003387D800333F17013307E701333F070306
:10FC4400935F2F00137FCFFF330FFF013307E7418B
:10FC54003387E840B3B8E800B3861641330F670230
:10FC6400B3860603B3380703B386E60133070703F5
:10FC7400B38616019398F60193D61600135717000E
:10FC8400B388E800E30806323387D8003336170117
:10FC94003306C700B33E060313051500938DF5FF25
:10FCA40013DF2E0093FECEFFB38EEE013306D64152
:10FCB4003386C840B3BEC800B38ED641333F060373
:10FCC400B38E0E0333060603B38EEE01939EFE013C
:10FCD400135616003386CE00931E26003386CE00BC
:10FCE400131616003386C84013060603A38FC5FEF9
:10FCF400E3100EF2938E08001386060093850D0020
:10FD04006FF05FF313850A00232AF100EF30801AA5
:10FD140083274500138507002322F102EF301001E9
:10FD24002320A10213850A00EF30C0188327850021
:10FD34000327010283C604002328F100832741011D
:10FD4400E30E078C03270101E30A078C034707002E
:10FD5400E306078C136D0D406FF05F8C83C60400BF
:10FD6400136D0D086FF09F8B83C604001307A00268
:10FD740093851400E384E628138706FD1305900099
:10FD8400130400006364E5021316240083C605000F
:10FD940033048600131414003304E400138706FDAF
:10FDA40093851500E372E5FE6340046093840500C7
:10FDB4006FF01F8783C60400136D1D006FF01F864C
:10FDC4000347B10383C60400E31A07841307000240
:10FDD400A30DE1026FF09F843787000013070783A8
:10FDE400231EE102A30D010203270A0093064A0021
:10FDF4001306000063420454137DFDF7136D2D00B8
:10FE0400E3100722E31E0420138A060013030000F4
:10FE140013080000930D010F832581040326410478
:10FE240093784D08130828009386050013070600ED
:10FE3400E39E088A338E0C41E35AC08B930E200054
:10FE44006F00403313770D026314074E93760D0150
:10FE540003270A0093054A006398064A93760D0423
:10FE6400638206781317070113570701138A0500E5
:10FE740013080D00130600006FF01FCC13770D025A
:10FE840093064A006310074213770D016314077049
:10FE940013770D0463160778137D0D20630C0D6E24
:10FEA40003270A00138A0600230087016FF08FEEF0
:10FEB40083C604001307C0066386E66C136D0D0148
:10FEC4006FF0CFF5B3880C41E35C1085130E00018D
:10FED400B7AE0000E3581E11232C810023249102A5
:10FEE400130F7000232A010113840800232E6100DC
:10FEF40093840E5D6F00C000130404FF635A8E04E4
:10FF0400938606011307170023A0970023A2C701B5
:10FF14002324D1042322E10493878700E35EEFFCCA
:10FF2400130601049385090013850A00EF00102AC3
:10FF3400E31C058C130E0001130404FF83268104C3
:10FF44000327410493070B00130F7000E34A8EFA52
:10FF540093080400938E04000328410103248101C3
:10FF64000323C10183248102B386160113071700FA
:10FF740023A0D70123A217012324D1042322E104BF
:10FF84001306700093878700635CE6F81306010488
:10FF94009385090013850A00232C6100232A01019B
:10FFA400EF00D022E3120586032381018326810416
:10FFB40003274104330464400328410193070B00E1
:10FFC400635480F6B7AE0000938E0E5D635C8906C1
:10FFD40093087000232A0101232C6100232E710150
:10FFE4006F00C000130404FF63588904938606015C
:0CFFF4001307170023A0770123A22701A8
:020000024000BC
:100000002324D1042322E10493878700E3DEE8FC64
:10001000130601049385090013850A00EF00501BA5
:10002000631605FE130404FF83268104032741049D
:1000300093070B0093087000E34C89FA03284101F1
:1000400003238101832EC101B386860013071700A5
:1000500023A0D70123A287002324D1042322E10473
:1000600013067000938787006352E6EC13060104C1
:100070009385090013850A00232C6100232A0101BE
:10008000EF001015631405F883268104032741044B
:10009000032381010328410193070B006FF00FE94F
:1000A000130601049385090013850A00232A010120
:1000B000EF001012631C05F483268104032841011C
:1000C00093070B006FF0CFE8130601049385090036
:1000D00013850A00EF00D00F630C05E86FF00FF3F3
:1000E000130601049385090013850A00232E61007D
:1000F000232C1101232A0101EF00900D631805F054
:1001000083268104032741040323C101832881013D
:100110000328410193070B006FF04FE0930D010F8F
:100120009315D601937677001357370013850D008A
:100130003387E5009386060313563600B365C70080
:10014000A38FDDFE938DFDFFE39C05FC938606FDEA
:100150006386060013771D00631407121307010F4F
:100160003303B74113080400635464D21308030037
:100170006FF00FD2930E0000930F000193860500DD
:1001800013070600B7A8000063D8CF65232E8100AF
:1001900023269102130F7000232A0101232CD10181
:1001A00013040E00232461029384085E6F00C000D4
:1001B000130404FF63DA8F04938606011307170004
:1001C00023A0970023A2F7012324D1042322E104D2
:1001D00093878700E35EEFFC130601049385090013
:1001E00013850A00EF00C07E631205E2930F000141
:1001F000130404FF832681040327410493070B00A3
:10020000130F7000E3CA8FFA130E040093880400E2
:1002100003284101832E81010324C10103238102AC
:100220008324C102B306DE00130717002324D10480
:100230002322E10423A0170123A2C70113067000A3
:100240006348E6280346B1039387870063160602D6
:10025000638A0ECC930800006FF08FC983C6040038
:10026000130A4A006FF0CFBB1308180013031000E5
:10027000930DF10E6FF00FF6930800006FF04FC46E
:100280001305E5FF130700039306010F3383A64010
:10029000A38FEDFE130804006354640013080300E9
:1002A000930D05006FF0CFBE03270A001356FC41E3
:1002B000138A0600232087012322C7006FF0CFADE9
:1002C00013780D0183280A0093054A00E316088C71
:1002D00013770D046300071C93980801A30D010216
:1002E00093D80801930600006342041C137DFDF7B8
:1002F000631E041A33E7D800631A071A138A05002D
:1003000013030000930D010F6FF08FB813080D0059
:1003100003270A0013060000138A05006FF01F82EE
:1003200083280A00138A050093D6F8411386060035
:100330006FF04FE713080D006FF00FFF37850000D7
:10034000136D2D00138A06001305C59E930520002A
:10035000930D010F9376F700B306D50083C6060010
:100360001318C601135747003307E8001356460019
:10037000A38FDDFEB366C700938DFDFFE39C06FCF3
:100380001307010F3303B7411308040063546400DB
:1003900013080300E39405A86F000007130300008F
:1003A00013040000930D010F6FF08FAE1304F0FFE4
:1003B000938405006FF00FA73785000013770D02B7
:1003C0001305859D630E070613067A00137686FFD4
:1003D00003270600130A86000326460093751D00B6
:1003E0003368C70063840500631A0812A30D010275
:1003F000634A040C137DFDB7631204426310084284
:1004000013030000930D010F832681040327410489
:1004100093784D089385060013060700638608A8A5
:100420000346B103930E0000631C06A86FF00FAFE4
:100430003785000013770D021305C59EE31607F8F4
:1004400013760D0103270A00130A4A0063180606F3
:1004500013760D04630006061317070113570701EF
:10046000130600006FF09FF713850D00EF30400C6E
:100470000347B1031348F5FF1358F841832741019F
:100480001303050033780501631A07DA130400002B
:100490006FF00FA013770D20A30D01026302071C5C
:1004A00093F8F80F93060000E35204E4138A050062
:1004B0006FF08FE013760D20631606181306000008
:1004C0006FF0DFF1137DFDBF930500006FF05FE873
:1004D000130601049385090013850A00232E610089
:1004E000232CD101232A0101EF00804E930805003F
:1004F000631E05B08347B1038326810403274104AB
:1005000003284101832E81010323C101639C070E4F
:1005100093070B00639E0E9C6FF0CFA0A30ED10239
:1005200093060003A30D0102230ED1026340040EC3
:10053000137DFDB7136D2D00930520006FF05FE173
:100540006392061413079000636E17131307010FCD
:100550003303B741130804000347B1036354640035
:10056000130803003337E0003308E8006FF0DFE9D9
:10057000EF00D0566FE0DFF783C61400136D0D2037
:10058000938414006FF0CF8983C61400136D0D029D
:10059000938414006FF0CF8803270A00138A0600A3
:1005A000232087016FE05FFF13076000130804003A
:1005B00063668706B78D0000938D0DA013030800B6
:1005C000130400006FF0CF8C13770D20630207082F
:1005D0009398880193D8884193D6F841138A0500EF
:1005E000138606006FF00FBC93760D20638406041B
:1005F0001377F70F138A050013080D001306000088
:100600006FF0CFD393070B006FF08F8B137DFDBF7F
:10061000136D2D00930520006FF09FD31308070082
:100620006FF05FF903270A00138A06002310870181
:100630006FE09FF6138A050013080D0013060000F3
:100640006FF0CFCF1377F70F130600006FF01FD9AD
:1006500093D6F841138A0500138606006FF08FB415
:1006600093060000138A0500E35204C86FF00FC51B
:1006700013850A001306010493850900EF00403535
:100680006FF0CF98232CF1008327010283254102CC
:100690002326D102B38EFD401386070013850E007A
:1006A00023241103232EC101232AD101EF20001C92
:1006B000832881028326C1028327010137D5CCCC50
:1006C0003387D800333617013307C70037D6CCCC71
:1006D0001306D6CCB335C70203CF17001305C5CC1C
:1006E000832E4101333FE001B387E70137D8CCCCFB
:1006F00037D3CCCC2328F100032EC10113DF250012
:1007000093F5C5FFB385E5013307B7403387E8406C
:10071000B3B8E800B38616413305A70283278101E9
:10072000938DFEFF1308D8CC1303C3CCB386C60247
:10073000B335C702B386A600130510003307C702FE
:10074000B386B6009395F60193D61600135717009B
:10075000B388E5003387D800B33517013307B700F6
:10076000B335C70213DF250093F5C5FFB385E50157
:100770003307B7403387E840B3B5E800B385B640E8
:10078000333FC702B385C5023307C7023386E5018D
:100790001316F601135717003307E6001316270048
:1007A0003307E600131717003387E84013070703E2
:1007B000A38FEEFE6FF00FC6130790006368D7CDCE
:1007C0006FF0DFD863060702130814001303040058
:1007D000130400006FF00FA09388085E6FF09FA4D1
:1007E0009388085E6FF08F94938E0E5D6FF00FF814
:1007F0001303040013080400130400006FE05FE912
:1008000003240A00130A4A00635404001304F0FF8F
:1008100083C61400938405006FE09FE093050000F9
:100820006FF01FB337850000138A06001305C59EBD
:08083000930520006FF0DFB119
:100838001307050003A5018193060600138605002A
:08084800930507006FE09FC655
:1008500083D7C50083AE450603DEE50003A3C501CB
:1008600083A84502130101B793F7D7FF13080108C6
:100870001307004023248148138405009305810158
:10088000232291482312F102232611482328010232
:10089000232ED1072313C103232A6102232E110320
:1008A000232C0101232401032320E1022326E1025A
:1008B00093040500EFE01FC093070500635A05028B
:1008C0000357410213770704630807000357C40066
:1008D000136707042316E4008320C14803248148DA
:1008E00083244148138507001301014967800000F4
:1008F0002326A1009305810113850400EF00004821
:100900008327C100E30E05FA9307F0FF6FF05FFB4A
:1009100083D7C50083AE450603DEE50003A3C5010A
:1009200083A84502130101B793F7D7FF1308010805
:100930001307004023248148138405009305810197
:10094000232291482312F102232611482328010271
:10095000232ED1072313C103232A6102232E11035F
:10096000232C0101232401032320E1022326E10299
:1009700093040500EF30007493070500635A0502E5
:100980000357410213770704630807000357C400A5
:10099000136707042316E4008320C1480324814819
:1009A0008324414813850700130101496780000033
:1009B0002326A1009305810113850400EF00003C6C
:1009C0008327C100E30E05FA9307F0FF6FF05FFB8A
:1009D0000327860063180700130500002322060082
:1009E00067800000130101FE232E11002326C100A1
:1009F000EF0010568327C1008320C10123A4070004
:0C0A000023A20700130101026780000020
:100A0C00130101FF23261100232021016388050215
:100A1C0023248100232291001384050093040500F4
:100A2C006306050083274503638C070C8317C400FA
:100A3C006392070203248100832441008320C100B8
:100A4C00130900001305090003290100130101011A
:100A5C00678000009305040013850400EF00800BF1
:100A6C008327C40213090500638A07008325C40188
:100A7C0013850400E7800700634405068357C40010
:100A8C0093F707086396070683250403638C050018
:100A9C00930704046386F50013850400EF20504F80
:100AAC00232804028325440463880500138504006D
:100ABC00EF20104E23220404EF00D0032316040071
:100ACC00EF0090038320C1000324810083244100A4
:100ADC0013050900032901001301010167800000BF
:100AEC008357C4001309F0FF93F70708E38E07F848
:100AFC008325040113850400EF2090496FF0DFF883
:080B0C00EF00007D6FF09FF285
:0C0B14009305050003A501816FF01FEFA1
:100B20000397C500130101FE232C81002326310108
:100B3000232E110093778700138405009309050085
:100B400063920712B71700009387078083A64500BA
:100B5000B367F7002396F500635CD018032884027E
:100B60006306080E232A91009316370183A4090017
:100B700023A0090063CA06188325C40113060000D8
:100B80009306100013850900E70008009307F0FFA3
:100B900013060500630CF51A8317C40003288402AA
:100BA00093F74700638E070003274400832704035D
:100BB0003306E640638607008327C4033306F64006
:100BC0008325C4019306000013850900E70008008F
:100BD0001307F0FF8317C400631CE51283A6090006
:100BE0001307D0016362D718370740201307170097
:100BF0003357D700137717006308071683260401BD
:100C000037F7FFFF1307F77F33F7E7002316E400FA
:100C1000232204002320D4001397370163560700D2
:100C200083A70900638807108325040323A0990084
:100C3000638A0510930704046386F5001385090091
:100C4000EF20D03583244101232804028320C101F1
:100C5000032481018329C10013050000130101024F
:100C6000678000002328210103A90501630A090800
:100C7000232A910083A405001377370023A02501C0
:100C8000B3842441930700006314070083A7450140
:100C90002324F400634890006F0040063309A90044
:100CA000635E9004832744028325C4019386040075
:100CB0001306090013850900E7800700B384A440E8
:100CC000E34EA0FC8357C4000329010193E7070406
:100CD0008320C1012316F4000324810183244101F0
:100CE0008329C1001305F0FF130101026780000092
:100CF00083A6C503E344D0E66FF05FF5832441018A
:100D0000032901016FF09FF4032604056FF05FE9EA
:100D10008326040137F7FFFF1307F77F33F7E70058
:100D20002316E400232204002320D4001397370164
:100D3000E35C07EE832504032328A40423A0990081
:100D4000E39A05EE832441016FF05FF083A7090069
:100D5000E38407E4138737FE630C07009387A7FE3D
:100D6000638807008357C40093E707046FF05FF6BA
:0C0D700023A09900832441016FF05FED87
:100D7C00930705006306050003274503630E070070
:100D8C000397C50063160700130500006780000079
:100D9C00138507006FF01FD8130101FE2326B10045
:100DAC00232E11002324A100EF0080528325C100C3
:100DBC00832781000397C500630A07008320C101C4
:100DCC0013850700130101026FF0DFD48320C101EA
:0C0DDC00130500001301010267800000F5
:100DE800630005069305050003A501816306050058
:100DF80083274503638C07008397C5006396070024
:100E080013050000678000006FF01FD1130101FE79
:100E18002326B1002324A100232E1100EF00804BCC
:100E28008325C100032581008397C50063980702C5
:100E38008320C1011305000013010102678000002F
:100E480037D60000B715040037D50000130646054D
:100E58009385C5D7130505066F00105B8320C10174
:080E6800130101026FF05FCBE2
:100E70009307100063DCC712130101FD23248102D4
:100E8000232E3101232C410123261102232291021A
:100E900023202103232A51012328610193090500FE
:100EA00013840600138A05006306050083274503A3
:100EB0006386070E1309F6FF930A0A006F0080028B
:100EC00003270400B38797402322F400B307970059
:100ED0002320F40033099940EF200053B38A9A008D
:100EE0006306090A8327440093050400138509005B
:100EF00063980700EF0050686318050883274400D3
:100F0000032B04009305A0009304090063F4270158
:100F1000938407001386040013050B00EF10D00A1A
:100F200013070500832744001386040093050B0074
:100F300013850A00E30607F813071700B304674197
:100F4000B3879740138604002320E4002322F40093
:100F5000B3849A00EF20404B2380040013050A005D
:100F60008320C10203248102832441020329010258
:100F70008329C101032A8101832A4101032B010135
:100F8000130101036780000063864A0123800A0081
:100F90006FF0DFFC130500006FF09FFC2326C100FB
:100FA000EF00C0330326C1006FF0DFF0130500002F
:040FB0006780000056
:100FB4001307050003A501819306060013860500A7
:080FC400930507006FF09FEA9E
:080FCC0013050000678000001E
:100FD40037D60000B715040037D5000013064605C0
:0C0FE4009385C5A0130505066F00504260
:100FF00083254500130101FF2324810023261100CE
:1010000093874147130405006384F500EFF01FA0A8
:10101000832584009387C14D6386F5001305040082
:10102000EFF0DF9E8325C40093874154638CF50065
:1010300013050400032481008320C1001301010172
:101040006FF0DF9C8320C1000324810013010101A4
:0410500067800000B5
:08105400130500006780000095
:10105C00130101FEB7170400232C8100938747FD71
:10106C0013844147232E1100232A910023282101A8
:10107C00232631012324410123A4F1A4130680006B
:10108C0093074000930500001385014D2326F400BF
:10109C00232004002322040023240400232204061A
:1010AC0023280400232A0400232C0400EF30CF8FC4
:1010BC00372A0400B729040037290400B724040098
:1010CC00B7070100130ACAF1938909F813098900BB
:1010DC009384C40693879700130680009305000041
:1010EC0013858153232AF40623204403232234033B
:1010FC002324240323269402232E84002324040671
:10110C0023260406232804062326040C232C040679
:10111C00232E040623200408EF300F89B7070200A2
:10112C00938727011387C14D1385015A130680003D
:10113C009305000023244409232634092328240979
:10114C00232A9408232EF40C2328040C232A040CA1
:10115C00232C040C232A04122320040E2322040E15
:10116C002324040E2322E408EF300F849387415488
:10117C002328440F232A340F232C240F232E940EC0
:10118C008320C1012326F40E032481018324410111
:10119C00032901018329C100032A810013010102E3
:0411AC006780000058
:1011B00083A781A4130101FE232A9100232E11008D
:1011C000232C810093040500638E070E37D800009E
:1011D000130848059306F0FF832748009387F7FF1D
:1011E00063C00708032488006F00C000130484064E
:1011F0006388D7060317C4009387F7FFE31807FE39
:10120000B707FFFF938717002326F4002322040665
:1012100023200400232404002322040023280400A4
:10122000232A0400232C04001306800093050000E9
:101230001305C405EF201FF823280402232A040203
:1012400023220404232404048320C1011305040081
:1012500003248101832441011301010267800000FE
:101260000324080063060400130804006FF0DFF68F
:101270009305C01A1385040023260101EFD09F9225
:101280000328C1001304050063020504930740000E
:101290002322F5001305C500232004002324A40005
:1012A0001306001A9305000023260101EF209FF08A
:1012B0000328C1009306F0FF2320880013080400D0
:1012C0006FF09FF1EFF09FD96FF05FF023200800DF
:0C12D0009307C00023A0F4006FF01FF78C
:1012DC00832745036384070067800000B717040069
:1012EC0003A781A4938707FF232AF502E31607FEC1
:0412FC006FF01FD69A
:041300006780000002
:0413040067800000FE
:1013080037D60000B7150400130646059385C5FCBB
:08131800130500006F00500FE7
:1013200037D60000B715040013064605938545051A
:08133000130500006F00D00D51
:10133800130101FD232021031389050093050600ED
:101348001306C101232291022326110293040500EA
:10135800EF50905F6302050A2324810213040500FD
:1013680013850400EFF05FE4630605080326C10156
:101378002326A100930509009306601B138504002A
:10138800EF1050558327C1006342050C1314040164
:10139800B725040037260400B726040037270400C1
:1013A800135404419385C5F1130606F89386860005
:1013B8001307C706239687002397A7001374041002
:1013C80023AEF70023A0B70223A2C70223A4D702A3
:1013D80023A6E70263100404032481028320C102C8
:1013E8008324410203290102138507001301010325
:1013F8006780000003248102930700008320C10254
:101408008324410203290102138507001301010304
:101418006780000013850400938507009306200069
:10142800130600002326F100EF00402F8327C10098
:10143800032481028320C10283244102032901027B
:10144800138507001301010367800000EFF0DFEA4E
:101458008327C10023960700EFF05FEA9307000097
:08146800032481026FF09FF9DB
:101470009307050003A501811386050093850700E6
:041480006FF09FEB7F
:10148400130101FD232A5101B38AC6022326110246
:1014940063800A142324810223202103232C410185
:1014A400232481012322910113890500130A0500D5
:1014B40013040700938C0600130C06006306050052
:1014C40083274503638007128317C4000327440658
:1014D400372600009396270163CE060CB7E6FFFF7C
:1014E4009386F6FF23229102232E3101B3E7C7002E
:1014F4003377D7002316F4002322E4068324440020
:101504001387040063D80400232204001307000097
:10151400930400008357C40093890A0093F72700BB
:10152400638A07026F00800CEF10D06D83270400DC
:101534009305040013050A00B38797002320F400E1
:10154400EF0050036316051833099900B3899940D5
:101554008324440083250400138604001305090032
:10156400E3E434FD13860900EF10D0690327440037
:101574008327040033073741B38737012322E4006C
:101584002320F40013850C00032481028320C1026C
:1015940083244102032901028329C101032A810111
:1015A400032C8100832C4100832A41011301010390
:1015B400678000009317270163D407120324810274
:1015C40003290102032A8101032C8100832C410099
:1015D400130500008320C102832A41011301010382
:1015E40067800000EFF05FCF6FF01FEE93840A0076
:1015F40063745701930407008325040013860400D1
:1016040013050900EF10106003270400832744002A
:101614008325040333079700B38797402320E4000E
:101624002322F400B3899A406382050CE38C09F405
:101634002328610123267101930704046386F500BE
:1016440013050A00EF20401523280402B30499006F
:101654006F008000B389F9409305040013050A0064
:10166400638C0908832B040103290400032B440120
:101674002328940023209400232A3401EF00806F50
:101684008327440023287401232A6401232024018E
:1016940023220400B384F400E30E05FAB387570150
:1016A400B387374133D5870303248102832441025E
:1016B400032901028329C101032A8101032B0101AA
:1016C400832BC100032C8100832C41006FF09FF019
:1016D400B3845401B384344133D584036FF0DFEA17
:1016E40023229102232E31016FF05FE1232861014F
:1016F400232671016FF09FF5032B0101832BC10099
:041704006FF05FE83B
:101708009308050003A501811387060093060600C8
:0C17180013860500938508006FF05FD673
:041724006F00502BD7
:101728001307050003A5018193060600138605002B
:08173800930507006F00D029A2
:041740006F00507472
:0C1744009305050003A501816F00907360
:1017500083278600638C07228396C500130101FC52
:10176000232C81022324410323225103232E11021F
:1017700093F7860013840500930A0500130A0600F8
:101780006384070A83A705016380070A232A91025D
:1017900023282103232631032320610393F7260006
:1017A00083240A00638A070A370B0080130B0BC0DF
:1017B00093090000130900001386090013850A002D
:1017C000630E091A9306090063762B01B7060080A1
:1017D000938606C0832744028325C401E78007005F
:1017E0006358A04083278A00B389A9003309A94020
:1017F000B387A7402324FA00E39007FC8324410326
:10180000032901038329C102032B010213050000F0
:101810008320C10303248103032A8102832A410216
:1018200013010104678000009305040013850A007A
:10183000EF005004631605268316C400232A910284
:1018400023282103232631032320610393F7260055
:1018500083240A00E39A07F4232E7101232C8101CB
:1018600093F7160063980712832704003707008058
:10187000130CF7FF130B0000930900006388090E97
:1018800013F706200329840013850700630E072041
:10189000930B090063E0292D13F70648630C070832
:1018A0000326440183250401131716003307C700DC
:1018B0001359F701B38BB7403309E90093871B0035
:1018C00013591940B3873701130609006376F900ED
:1018D000138907001386070093F606406382062CDF
:1018E0009305060013850A00EFD0CFAB63060530E1
:1018F0008325040113860B002326A100EF10D030AE
:101900008357C4000327C10093F7F7B793E707088D
:101910002316F400B307794133057701232A240104
:101920002328E4002320A4002324F40013890900C1
:10193000938B090093050B0013860B00EF10501AD0
:101940000327840083270400330727412324E4006E
:1019500003278A00B38777012320F4003307374138
:101960002324EA00630007288316C40003AB0400A5
:1019700083A94400938484006FF05FF083A904007E
:1019800003A94400938484006FF01FE31305000053
:1019900067800000130B0000930B0000130500008C
:1019A000130C0000630E0B066306050893870B00FB
:1019B00093090B0063F467019389070083264401B0
:1019C00003298400032504008327040133892601A9
:1019D00063F4A7006340390963CED9188327440212
:1019E0008325C40113060C0013850A00E780070055
:1019F000130905006354A008B38B2B411305100095
:101A000063800B1683278A00B38727412324FA00BB
:101A1000638A071C330B2B41330C2C01E3160BF8A4
:101A200003AB44009387040093848400E30A0BFE15
:101A300003AC070013060B009305A00013050C0070
:101A4000EF009058630A051813051500B30B854184
:101A50006FF0DFF593050C0013060900EF10500836
:101A6000832704009305040013850A00B387270128
:101A70002320F400EFF08FB0E30005F88317C400D3
:101A8000832BC101032C810183244103032901031A
:101A90008329C102032B010293E707042316F400F4
:101AA0001305F0FF6FF0DFD6032704016360F7062C
:101AB0000327440163ECE9049386090063743C0145
:101AC00093060C0033E7E602832744028325C40112
:101AD00013060B0013850A00B386E640E780070073
:101AE000E35EA0F81309050083278A00B389294122
:101AF000B38727412324FA006386070E8316C400A8
:101B000083270400330B2B016FF05FD763F42901A7
:101B100013890900138507001306090093050B00BC
:101B2000EF10007C8327040003278400B38727017C
:101B3000330727412320F4002324E400E31607FAA7
:101B40009305040013850A00EFF04FA3E30E05F898
:101B50006FF0DFF213890900938B09006FF09FDDAE
:101B60009305040013850A00EFF04FA1E30C05E88C
:101B70006FF0DFF01386090093050C00EF1040763C
:101B800003278400832704001389090033073741A2
:101B9000B38737012324E4002320F4006FF0DFE54E
:101BA00013850A00EF10106E13070500E31405D625
:101BB0008325040113850A00EF10503E8357C400AB
:101BC0001307C000832BC101032C810123A0EA006D
:101BD00093F7F7F76FF05FEB93071B00938B07000A
:101BE0006FF01FDD832BC101032C81016FF01FC13A
:101BF0008317C4006FF05FE99307C00023A0FA00C9
:101C0000832BC1018317C400032C81016FF0DFE730
:101C1000130101FD23202103232E3101232C410137
:101C2000232A510123286101232671012326110251
:101C30002324810223229102930A0600130B05003C
:101C4000938B0500130A0000930910001309F0FF9D
:101C500083A44A009384F4FF63CA040203A48A00A5
:101C60008357C40063FEF9008317E4009305040062
:101C700013050B0063862701E7800B00336AAA0077
:101C80009384F4FF13048406E39C24FD83AA0A00D2
:101C9000E3900AFC8320C1020324810283244102D1
:101CA000032901028329C101832A4101032B010178
:101CB000832BC10013050A00032A810113010103CC
:041CC0006780000039
:101CC400130101FC138E0500832585001303810293
:101CD4002324C1022326D10213060E009306030017
:101CE400232E11002328E102232AF102232C0103CD
:101CF400232E110323266100EF20803B8320C101A2
:081D04001301010467800000D7
:101D0C0003A30181130101FC2324C1022326D10268
:101D1C002322B1022328E102232AF102232C0103FE
:101D2C00232E11038325830093064102130605001D
:101D3C0013050300232E11002326D100EF20C036FB
:0C1D4C008320C101130101046780000026
:101D580083D7C50013079000B3F7E7006386E70051
:101D6800130500006780000003A501816FF08F80D4
:101D7800130101FE232C8100232A9100232E110038
:101D880093040500138405006306050083274503B3
:101D9800638C07128317C4002322040013F7070279
:101DA8006310071413F747006316070613F70701B4
:101DB800630C071213F78700631E070C93E74700AD
:101DC8002316F400832704016388070E8317C400D1
:101DD80013F73700631A0706032604018327040252
:101DE800832644018325C401138504002320C400ED
:101DF800E78007002322A400635CA00C1305000001
:101E08008320C101032481018324410113010102BC
:101E18006780000083250403E38605FA930704041A
:101E28006386F50013850400EF10D0168327C403DA
:101E3800232804022322F400E38607F88327840377
:101E48002320F4006FF09FFB1307100037D6000023
:101E5800B725040037D500002316E400130646050D
:101E6800938585D5130505062326F100EFF0DFD904
:101E78008327C100130790002316F40093F79700F7
:101E8800E39CE7F49305040013850400EFE0DFC842
:101E98006FF09FF49305040013850400EFE09FEDB5
:101EA800631005048357C40023240400232C040072
:101EB80093F777FF6FF09FF09305040013850400F4
:101EC800EF5040336FF09FF0EFF0CFC06FF09FEC12
:101ED8008317C4006316050293E707022316F4006C
:101EE8001305F0FF6FF0DFF11307900093E7070485
:101EF80023A0E4002316F4001305F0FF6FF05FF051
:101F080093E707042316F400232204001305F0FFC7
:041F18006FF01FEF58
:101F1C00130101FF23248100138405008395E50040
:101F2C0023261100EF10402163400502832704058E
:101F3C008320C100B387A7002328F4040324810065
:101F4C0013010101678000008357C40037F7FFFFBE
:101F5C001307F7FFB3F7E7008320C1002316F40043
:0C1F6C00032481001301010167800000C4
:081F7800130500006780000062
:101F80008397C500130101FE13830600232E110061
:101F900093F6071013870500930806001308050041
:101FA00063980602B7F6FFFF9386F6FF8320C10110
:101FB000B3F7D7008315E7002316F7009306030055
:101FC0001386080013050800130101026F10402A50
:101FD0008395E5002324C10093062000130600002A
:101FE000232661002320E1002322A100EF108008B6
:101FF000032701000323C100832881008317C70042
:08200000032841006FF01FFAF4
:10200800130101FF23248100138405008395E50053
:1020180023261100EF1080051307F0FF8317C40073
:102028006302E50237170000B3E7E7008320C10029
:102038002328A4042316F4000324810013010101BA
:10204800678000001307058013070780B3F7E700D0
:102058008320C1002316F400032481001301010129
:04206800678000008D
:08206C008395E5006F0010668A
:1020740003A70181130101FE232E1100130605009D
:10208400938705006306070083264703638A0610C7
:102094000397C70093768700638E060283A6070121
:1020A400638A06040397C70013761700630E0606B7
:1020B40003A6470123A40700130500003306C0400C
:1020C40023ACC700638006088320C1011301010209
:1020D40067800000937607016382060E93764700BB
:1020E400639E060683A60701136787002396E7000D
:1020F400E39A06FA03A7C70093050020137707287D
:10210400E302B7FA13050600938507002324F100C0
:10211400EF50800E832781000397C70083A6070131
:1021240013761700E31606F81376270093050000CC
:102134006314060083A5470123A4B7001305000018
:10214400E39406F893760708E38006F81367070418
:102154002396E7001305F0FF6FF01FF783A507032D
:1021640063860502938607046380D502130506007F
:102174002326F1002324C100EF1000628327C1004D
:10218400032681000397C70023A8070283A607013B
:102194001377B7FD23A2070023A0D7006FF0DFF465
:1021A4002324A100130507002326B100EFF0CF92EA
:1021B4008327C100032681006FF09FED93069000F2
:1021C400136707042320D6002396E7001305F0FFC6
:0421D4006FF09FEF1A
:1021D800130101F7232481082322910823202109D0
:1021E800232E310723261108232C41071309050044
:1021F800930906009384060013840500630605000E
:1022080083274503638E073A8357C400130780105A
:10221800B3F7E700638EE738032A8402630E0A42A5
:1022280093071000638AF41093F7D4FF63880702BA
:10223800930760012320F9008320C1080324810843
:1022480083244108032901088329C107032A810738
:102258001305F0FF130101096780000083260401BC
:1022680013080000638206140317C400935617006E
:1022780093F6D6406394060293760740639E061849
:10228800B7260400938686006300DA14B7170000A7
:10229800938707803367F7002316E400930504004B
:1022A80013050900EFE01FADE31805F88325C40105
:1022B800938604001386090013050900E7000A0045
:1022C8009307F0FFE30AF5F683250403638C050002
:1022D800930704046386F50013050900EF10804B8B
:1022E800232804028357C4008326040137F7FFFF1D
:1022F8001307F77DB3F7E700232204002316F40041
:102308002320D4001305C40513068000930500009C
:10231800EF10DFE9130500008320C10803248108BA
:1023280083244108032901088329C107032A810757
:1023380013010109678000009305040013050900D3
:10234800EFE05FA30317C4009317370163C8071EA4
:102358008325C401938604001306000013050900B1
:10236800E7000A001307F0FF93070500E306E5EC12
:102378000317C40083260401137647006308061C6C
:102388000326440003270403B387C74063060700F6
:102398000327C403B387E74013880400B389F9000F
:1023A80093040000E39206EC93050400130509006A
:1023B800232601012324F100EF40D0630328C10044
:1023C800832781006FF05FEA8315E400E3C005EC22
:1023D80013068101130509002324F10023260101B6
:1023E800EF0090420317C400E31205EA8326C101F7
:1023F800930580008327810013D6C6401376F60024
:102408000328C100E314B6E81367074093060040A9
:102418002316E4002326D4041387090063900416C6
:10242800631408148357C4009396370163DA061AB5
:10243800032504050326440083250403B307C54088
:10244800638405188326C403B387D7400325840310
:10245800032804013386C70033050541B307A640A6
:10246800B386A6006346F7003386D700636EC718A5
:102478000326C4048325C401930600003306C04024
:102488003376E600130509002326E1002324C10062
:10249800E7000A009307F0FFE302F5E08327040151
:1024A80083250403232204002320F400032681004B
:1024B8000327C1006384050293070404638EF500B3
:1024C800130509002326C1002324E100EF10802C06
:1024D8000326C10003278100232804028357C40070
:1024E800B306C74093F7F7FD2316F400630CC70241
:1024F80093050400130509002324D100EFF05F873A
:10250800E31E05D88327440083268100E3E8D7D853
:1025180003270400B387D7402322F400B307D7006A
:102528002320F4001305C40513068000930500005A
:10253800EF10DFC7130500006FF01FDE13764700AA
:102548008327040583260401E31C06E2137787002A
:10255800E30407E403270400E30007E43307D74054
:10256800B387E7006FF05FE3832504030326440085
:10257800638C05048326C4036FF05FED8315E400C4
:102588001306810113050900232601012324F10004
:10259800EF009027E31405D0032781020328C10028
:1025A800832781003387E900E31008FC6FF09FE779
:1025B8009305040013050900EFE0CFFB6FF0DFC5BA
:1025C800EFE05FD16FF05FC48326040003280401A5
:1025D800B3860641B387D740B306D6006FF09FE8AD
:1025E8008325C40193061000130600001305090093
:1025F8002324E100E7000A009307F0FF0327810086
:10260800E31AF5E26FF09FC9B307F7403308F80003
:10261800B386F640232004012322D400638C0500EE
:10262800930704046386F50013050900EF1080166C
:10263800232804028357C4001305C4051306800029
:1026480093F7F7FD2316F40093050000EF101FB66B
:10265800130500006FF05FCC9307D0012320F90029
:042668006FF09FBDB3
:10266C001307050003A501819306060013860500D8
:08267C00930507006FF09FB504
:10268400130101FE232E1100130605009387050094
:102694006306050003274503630C070E03A887029E
:1026A4006304081083A6C700930580000397C7003E
:1026B40093F6C600638AB6089316370163DA0602F6
:1026C4009376470003A50705638C060483A6470099
:1026D40003A707033305D5406306070083A7C70391
:1026E4003305F5408320C101130101026780000016
:1026F40083A5C70113050600930610001306000006
:102704002324F100E70008001307F0FF630EE50639
:10271400832781000397C70093764700E39806FA5E
:1027240013778700E30007FC03A70700E30C07FA0D
:1027340083A707018320C1013307F7403305E50070
:10274400130101026780000083A60700E38606F6F2
:1027540083A50701B386B640E350D0F693760710FD
:10276400E38C06F483A5C701130506009306200035
:10277400130600002324F100E70008001307F0FF0C
:1027840083278100E318E5F81305F0FF6FF09FF548
:102794002326B1002324A100EFE01FB48327C10046
:1027A400032681006FF09FEF9307D0012320F600EA
:0827B4001305F0FF6FF01FF3A5
:0C27BC009305050003A501816FF01FECE0
:1027C8009377350013F7F50F63800702630806084F
:1027D800834705001306F6FF6380E7081305150015
:1027E80093773500E39407FE130830006378C80434
:1027F80093F5F50F93978500B385B7009397050177
:102808003703FFFEB7888080B385F5001303F3EF25
:102818009388080883270500B3C7F500B3866700C7
:1028280093C7F7FFB3F7F600B3F71701639A0700EA
:102838001306C6FF13054500E36EC8FC63000602D5
:102848003306C5006F00C000130515006308C500F6
:1028580083470500E39AE7FE678000001305000040
:042868006780000085
:10286C00B3E7A50093F7370063960700933746004C
:10287C0063860704130705006F00C00183C6F5FFCC
:10288C001308F6FFA38FD7FE638E0600138707008D
:10289C00130608009385150093071700E31006FE36
:1028AC00678000003307C700630E08049387170086
:1028BC00A38F07FEE39CE7FE678000003703FFFE53
:1028CC00B78880801303F3EF93880808130705007B
:1028DC00130E300083A60500B387660013C8F6FFFD
:1028EC00B3F70701B3F71701E39607FA1306C6FF10
:1028FC002320D7001307470093854500E36CCEFCDB
:08290C006FF05FF96780000025
:1029140003A6018193061000130606056F0040000C
:10292400630C05060348050093081500938705000A
:102934006F0080006302E80403C707009387170051
:10294400E31A07FE6300080683C60800138818000C
:10295400938705006F0080006306070203C7070022
:1029640093871700E39AE6FE638206022380080039
:102974002320060167800000638C0602138508008B
:102984006FF05FFA930808006FF01FFC1308000053
:10299400232006016780000003250600E31405F8E0
:1029A4006F008000232006001305000067800000EC
:0C29B400232016012300050067800000AE
:0829C000930610006FF01FF6F2
:1029C80003278511630607001305000067800000D0
:1029D800130101FE93050008232E11002326A100F0
:1029E800EFC0CF9B8327C10023ACA7106302050269
:1029F800930705082320050013054500E31CF5FE91
:102A0800130500008320C101130101026780000043
:082A18001305F0FF6FF01FFF32
:102A20001307F0016360B7020327851163040702EF
:102A3000939525003307B700032507002320C7001F
:102A400067800000130760012320E5001305F0FFF5
:102A500067800000130101FE2322B10093050008E6
:102A60002324C100232E11002326A100EFC08F9341
:102A70008326C100130705009305050823ACA610A3
:102A80008327410093060500032681001305F0FF0C
:102A90006300070223A0060093864600E39CB6FE6F
:102AA000939527003307B700032507002320C700AD
:0C2AB0008320C1011301010267800000B7
:102ABC009307F00163EAB70883278511130101FE20
:102ACC00232E1100130705001386050063800704ED
:102ADC0093962500B387D70083A607006388060268
:102AEC0013051000638CA6009305F0FF6384B604F5
:102AFC0023A0070013050600E78006008320C10110
:102B0C001305000013010102678000001305070084
:102B1C002326C1002324E100EF00C06E0326C10070
:102B2C008320C101930505000325810013010102D7
:102B3C006F0000678320C101930760012320F70019
:102B4C001301010267800000930760012320F50048
:082B5C001305F0FF6780000083
:102B64009307F00163E0B70C83278511130101FE7D
:102B7400232E11001387050063840706931627008C
:102B8400B387D70083A60700638806021306F0FF05
:102B94006384C604130610006388C6021305070085
:102BA40023A00700E7800600130500008320C1016D
:102BB40013010102678000008320C1011305100086
:102BC40013010102678000008320C1011305300056
:102BD4001301010267800000130520006FF01FFD40
:102BE4002326B100930500082324A100EFB05FFB66
:102BF400832681009307050023ACA6106300050219
:102C04000327C100930605001306050823A0060048
:102C140093864600E39CC6FE6FF05FF61305F0FF53
:0C2C24006FF0DFF81305F0FF6780000080
:102C30009307F00103A8018163E8A708832788119F
:102C4000130101FE232E110013060500638E0702F7
:102C500013172500B387E70003A7070063060702E1
:102C600093061000630AD7001306F0FF6302C7043F
:102C700023A00700E70007008320C101130500001F
:102C80001301010267800000130508002326C1001C
:102C900023240101EF00C0570326C1008320C10196
:102CA0009305050003258100130101026F00005008
:102CB0008320C101930760012320F80013850600DB
:102CC0001301010267800000930760012320F800D0
:082CD0001305F0FF678000000E
:102CD8009307F00103A6018163E0A7020327861189
:102CE80063040702131525003307A700032507000F
:102CF8002320B70067800000930760012320F600B7
:102D08001305F0FF67800000130101FE2326B100C0
:102D18002324A10093050008130506002322C100FF
:102D2800232E1100EFB09FE703264100130705008B
:102D380093050508232CA610832781001306050098
:102D48008326C1001305F0FF630007022320060055
:102D580013064600E39CC5FE139527003307A7001A
:102D6800032507002320D7008320C1011301010296
:042D78006780000070
:102D7C0083A7018103A787116306070013050000D1
:102D8C0067800000130101FE1385070093050008FE
:102D9C002326F100232E1100EFB01FE08327C10082
:102DAC0023ACA71063020502930705082320050036
:102DBC0013054500E31CF5FE130500008320C1013B
:102DCC0013010102678000001305F0FF6FF01FFF75
:102DDC009307F00163E4A70C83A60181130101FEA4
:102DEC00232E110083A786111307050063840706A1
:102DFC0093162700B387D70083A6070063880602C3
:102E0C001306F0FF6384C604130610006388C60221
:102E1C001305070023A00700E78006001305000038
:102E2C008320C10113010102678000008320C101CE
:102E3C001305100013010102678000008320C101FB
:102E4C0013053000130101026780000013052000F8
:102E5C006FF01FFD2326A1009305000813850600C3
:102E6C002324D100EFB05FD38326810093070500A4
:102E7C0023ACA610630005020327C10093060500CE
:102E8C001306050823A0060093864600E31CD6FE15
:102E9C006FF01FF61305F0FF6FF09FF81305F0FFAE
:042EAC00678000003B
:082EB0001305050F6780000007
:0C2EB80037D500001305052767800000D7
:0C2EC40037D500001305052767800000CB
:102ED000130101FF232481002322910093040500A4
:102EE000138505002326110023A601A4EF209DE2EF
:102EF0009307F0FF630CF5008320C10003248100D9
:102F000083244100130101016780000083A7C1A44D
:102F1000E38407FE8320C1000324810023A0F40082
:0C2F2000832441001301010167800000C0
:102F2C0083A70181638EA70C83254504130101FE41
:102F3C00232A9100232E1100232C810093040500D9
:102F4C00638805042328210123263101130900007D
:102F5C0093090008B387250103A40700630E04003E
:102F6C00930504000324040013850400EF005002B1
:102F7C00E31804FE83A5440413094900E31C39FD3E
:102F8C0013850400EF00D000032901018329C1003F
:102F9C0083A584036386050013850400EF00407F3E
:102FAC0003A40404630C040093050400032404002C
:102FBC0013850400EF00C07DE31804FE83A5C40450
:102FCC006386050013850400EF00807C83A744030F
:102FDC00638E0700032481018320C1011385040043
:102FEC008324410113010102678007008320C10182
:102FFC000324810183244101130101026780000035
:04300C0067800000D9
:10301000130101FF938705002324810023229100DF
:10302000930506009304050013850700232611006D
:1030300023A601A4EF20DDDC9307F0FF630CF5006D
:103040008320C10003248100832441001301010176
:103050006780000083A7C1A4E38407FE8320C1002A
:103060000324810023A0F400832441001301010103
:043070006780000075
:10307400130101FF9387050023248100232291007B
:1030840093050600930405001386060013850700C4
:103094002326110023A601A4EF201DE59307F0FFCA
:1030A400630CF5008320C1000324810083244100C4
:1030B400130101016780000083A7C1A4E38407FE14
:1030C4008320C1000324810023A0F4008324410051
:0830D4001301010167800000F7
:1030DC00130101FF93870500232481002322910013
:1030EC00930506009304050013860600138507005C
:1030FC002326110023A601A4EF20DDA89307F0FFDF
:10310C00630CF5008320C10003248100832441005B
:10311C00130101016780000083A7C1A4E38407FEAB
:10312C008320C1000324810023A0F40083244100E8
:08313C0013010101678000008E
:10314400130101FF938705002324810023229100AA
:1031540093050600930405001386060013850700F3
:103164002326110023A601A4EF209DBF9307F0FF9F
:10317400630CF5008320C1000324810083244100F3
:10318400130101016780000083A7C1A4E38407FE43
:103194008320C1000324810023A0F4008324410080
:0831A400130101016780000026
:1031AC00130101FF93870500232481002322910042
:1031BC0093050600930405001385070023261100D0
:1031CC0023A601A4EF20DD929307F0FF630CF5001A
:1031DC008320C100032481008324410013010101D9
:1031EC006780000083A7C1A4E38407FE8320C1008D
:1031FC000324810023A0F400832441001301010166
:04320C0067800000D7
:043210006F201D917D
:10321400130101FF2324810023229100930405005C
:10322400138505002326110023A601A4EF209D90F9
:103234009307F0FF630CF5008320C1000324810091
:1032440083244100130101016780000083A7C1A406
:10325400E38407FE8320C1000324810023A0F4003B
:0C32640083244100130101016780000079
:10327000130101FF9387050023248100232291007D
:1032800093050600930405001386060013850700C6
:103290002326110023A601A4EF20DDBD9307F0FF34
:1032A000630CF5008320C1000324810083244100C6
:1032B000130101016780000083A7C1A4E38407FE16
:1032C0008320C1000324810023A0F4008324410053
:0832D0001301010167800000F9
:0832D80003A5018167800000DD
:1032E00063F6A502B387C5006372F502630806049E
:1032F0003306C50003C7F7FF1306F6FF9387F7FFF2
:103300002300E600E318C5FE678000009307F00085
:1033100063E8C702930705009306F6FF6300060EF5
:1033200093861600B386D70003C70500938717005E
:1033300093851500A38FE7FEE398D7FE6780000012
:10334000B367B50093F73700938805006392070AC7
:103350009357460013984700330805019387F7FFFA
:103360001307050083A605009385050113070701D0
:103370002328D7FE83A645FF232AD7FE83A685FFF1
:10338000232CD7FE83A6C5FF232ED7FEE31C07FD03
:10339000939747003387170193050701B307F5009B
:1033A0001378C60093870701138E05009376F60005
:1033B000630808049386C6FF93F6C6FF3307D70059
:1033C000130747013308154103A30500B38805011E
:1033D0009385450023A06800E398E5FE1387460027
:1033E000B305C701B307F700137636006FF0DFF2BD
:1033F0009306F6FF930705006FF09FF267800000C9
:08340000138606006FF05FF176
:10340800B3C7A50093F73700B308C500639607064E
:103418001336460063120606937735001307050036
:10342800639A070C13F6C8FFB306E6409307000239
:1034380063C4D7069386050093070700637AC7021B
:1034480003A80600938747009386460023AE07FF2C
:10345800E3E8C7FE1306F6FF3306E6401376C6FF19
:103468009385450013074700B385C5003307C70098
:10347800636817016780000013070500E37C15FFE8
:1034880083C705001307170093851500A30FF7FEE0
:10349800E398E8FE6780000083A6050083A2450044
:1034A80083AF850003AFC50083AE050103AE4501B8
:1034B80003A3850103A8C5012320D70083A605021D
:1034C80013074702232057FE232ED7FE2322F7FF98
:1034D800B306E6402324E7FF2326D7FF2328C7FFA8
:1034E800232A67FE232C07FF93854502E3C6D7FAF4
:1034F8006FF05FF483C60500130717009377370052
:10350800A30FD7FE93851500E38E07F083C6050049
:103518001307170093773700A30FD7FE938515007D
:08352800E39A07FC6FF01FF0AD
:103530009377350013070500639C0704B7867F7FE8
:103540009386F6F79305F0FF03260700130747005D
:10355000B377D600B387D700B3E7C700B3E7D70088
:10356000E384B7FE8346C7FFB307A740638406041E
:103570008346D7FF638C06020345E7FF3335A0007F
:103580003305F5001305E5FF67800000E38806FAC0
:10359000834707001307170093763700E39807FE69
:1035A0003307A7401305F7FF678000001385D7FF97
:0C35B000678000001385C7FF67800000E3
:1035BC00370800801308F8FF23200600B376B80004
:1035CC00B708F07F938705001307050063F8160909
:1035DC00B3E8A60063840808130101FE13DE45015D
:1035EC00232E1100137EFE7F930806001383050023
:1035FC001306000063180E0203A6018483A64184FF
:10360C0023261101EFA05EED370700808328C1004F
:10361C001308F7FFB376B8001383050013070500F2
:10362C001306A0FC93D64641B70710808320C10136
:10363C009387F7FF938626C03373F300B386C600D7
:10364C00B707E03FB367F30023A0D80013050700CA
:10365C009385070013010102678000001305070022
:08366C00938507006780000050
:10367400130101FE2328210137D90000232C8100E6
:10368400232A91002326310113840500232E1100DF
:10369400930905001309C9C4EFB09FD88327890093
:1036A4003717000083A4470093F4C4FF9387F47F83
:1036B4009387077F338487401354C4001304F4FFB3
:1036C4001314C400634EE40093050000138509003D
:1036D400EFF01FB483278900B38797006306F502D0
:1036E40013850900EFB01FD48320C1010324810195
:1036F40083244101032901018329C100130500002A
:103704001301010267800000B3058040138509009E
:10371400EFF01FB09307F0FF6304F50483268900DC
:1037240083A7C144B384844093E41400138509003F
:10373400B387874023A2960023A6F144EFB09FCE1F
:103744008320C10103248101832441010329010150
:103754008329C100130510001301010267800000D2
:103764009305000013850900EFF09FAA0327890041
:103774009306F000B307E540E3D4F6F6B7D60000AD
:1037840003A6862F93E717003305C5402322F700CD
:0837940023A6A1446FF0DFF44D
:10379C0063840512130101FE232C81002326B10042
:1037AC0013040500232E1100EFB01FC78325C100A1
:1037BC0037D800001308C8C403A5C5FF138785FFBD
:1037CC00832888009377E5FF3306F70083264600AD
:1037DC001373150093F6C6FF6388C8182322D6000E
:1037EC00B308D60083A8480093F81800631A03089E
:1037FC0003A385FFB7D50000938545C53307674004
:10380C0003258700B3876700630AB5120323C7003B
:10381C00232665002324A300638C081893E6170065
:10382C002322D7002320F6009306F01F63E2F60A4A
:10383C0093F687FF9386860083254800B306D8004D
:10384C0003A6060013D5570093071000B397A700E3
:10385C00B3E7B700938586FF2324C7002326B70060
:10386C002322F80023A0E6002326E600130504001B
:10387C00032481018320C101130101026FB01FBA1F
:10388C00639E0802B7D50000B387D700938545C562
:10389C008326860093E817003305F7006380B6167D
:1038AC000326C60023A6C6002324D6002322170114
:1038BC002320F5006FF05FF767800000136515009B
:1038CC0023AEA5FE2320F6009306F01FE3F2F6F6D6
:1038DC0093D69700130640006360D60E93D667000C
:1038EC00938596039395350013868603B305B8002C
:1038FC0083A60500938585FF6398D5006F00C011E2
:10390C0083A686006388D50003A646001376C6FFFF
:10391C00E3E8C7FE83A5C6002326B7002324D700FF
:10392C0013050400032481018320C10123A4E500B5
:10393C0023A6E600130101026FB05FAE6390080A84
:10394C008325C60003268600B386F60093E716008F
:10395C002326B60023A4C5002322F7003307D70083
:10396C002320D7006FF09FF0B386D70063100302BB
:10397C0083A785FF3307F74003268700B386F6003D
:10398C008327C7002326F60023A4C70013E61600DE
:10399C0083A7C1802322C7002324E800E3E8F6ECC8
:1039AC0083A541A413050400EFF01FCC6FF01FECAE
:1039BC00B387D7006FF0DFED130640016378D602B2
:1039CC00130640056368D60693D6C7009385F606A2
:1039DC00939535001386E6066FF05FF193E61700BA
:1039EC002322D7002320F6006FF05FE89385C605ED
:1039FC00939535001386B6056FF05FEF232AE80028
:103A0C002328E8002326B7002324B700232217011C
:103A1C002320F5006FF09FE5032548001356264040
:103A2C0093071000B397C700B3E7A7002322F80051
:103A3C006FF09FEE13064015636CD60093D6F7001B
:103A4C009385860793953500138676076FF01FEAEA
:103A5C0013064055636CD60093D627019385D60781
:103A6C00939535001386C6076FF05FE89305803F8A
:083A7C001306E0076FF09FE75D
:103A84006388051E130101FE232C8100232A910063
:103A940013840500232E1100930405002320C10084
:103AA400EFB01F9883250100130760019387B500C9
:103AB4006378F71293F787FF9386070013D7F7010C
:103AC40063E4B71E6312071E0326C4FF130884FFB2
:103AD4001377C6FF6358D71237DE0000130ECEC427
:103AE40083288E003303E800032543006380681EA7
:103AF4009378E5FFB308130183A8480093F81800EE
:103B0400639A08141375C5FFB308A70063D2D80ECF
:103B14001376160063140602832E84FFB30ED84175
:103B240003A64E001376C6FF3305C500B308E500AF
:103B340063D4D832B308C70063DCD82813850400E3
:103B44002324E100232201012320F100EFB04F855B
:103B54008327010003284100032781009306050001
:103B6400630805440326C4FF930585FF1376E6FF27
:103B74003306C8006304B6221306C7FF9307400246
:103B840063E2C72C130730016362C7229307050061
:103B9400130704000326070023A0C70003264700D9
:103BA40023A2C7000327870023A4E700930504008A
:103BB400138504002320D100EFF01FBE13850400F9
:103BC400EFB05F86832601008320C10103248101B5
:103BD400832441011385060013010102678000005C
:103BE4009306000193870600130700006FF05FED52
:103BF4008326C30003268300138708002326D600E8
:103C040023A4C600832648003305F7409305F0003B
:103C140093F616003306E80063E0A506B366D70002
:103C24002322D8008327460093E717002322F600B7
:103C340013850400EFB00FFF930604008320C10135
:103C44000324810183244101138506001301010229
:103C54006780000013761600E31206EE832E84FFBD
:103C6400B30ED84103A64E001376C6FF6FF09FEC47
:103C7400930506006FA0DFF2B3E6D7002322D80035
:103C8400B305F8001365150023A2A5008327460099
:103C9400938585001385040093E717002322F6001B
:103CA400EFF09FAF6FF0DFF89307C00023A0F4009C
:103CB400930600008320C101032481018324410170
:103CC4001385060013010102678000001375C5FF08
:103CD400B308E5001383070163DA6824137616003A
:103CE400E31E06E4832E84FFB30ED84103A64E00E0
:103CF4001376C6FF3305C500B308E500E3CC68E2DC
:103D040083A6CE0083A58E001306C7FF13074002C7
:103D140023A6D50023A4B60093868E006362C72E23
:103D2400930530011387060063F2C502832504005E
:103D34001307B00123A4BE008325440023A6BE00BC
:103D4400636AC7301304840013870E01032604003A
:103D54002320C700032644002322C700032684002F
:103D64002324C7003386FE003387F8402324CE0083
:103D7400136717002322E60003A74E0013850400EF
:103D84002320D10013771700B367F70023A2FE00A6
:103D9400EFB04FE9832601006FF05FEA8326C5FF89
:103DA40093F6C6FF3307D7006FF0DFE583250400E1
:103DB4001307B0012320B500832544002322B50056
:103DC400636EC71013078400930785006FF09FDCB0
:103DD40083A6CE0083A58E001306C7FF13054002F9
:103DE40023A6D50023A4B60093868E006368C5106D
:103DF400930530011387060063F2C502832504008E
:103E04001307B00123A4BE008325440023A6BE00EB
:103E14006360C7181304840013870E01032604008B
:103E24002320C700032644002322C700032684005E
:103E34002324C700138406001387080013880E0088
:103E44006FF05FDC930504002320A100EFF00FC99D
:103E5400832601006FF09FD58326C300832583004A
:103E64001306C7FF1305400223A6D50023A4B600FA
:103E740003A7CE0083A68E0013888E0023A6E60037
:103E84002324D700636EC50C930630011307080082
:103E940063F2C602832604001307B00123A4DE00E4
:103EA4008326440023A6DE00636AC7121304840039
:103EB40013870E01832604002320D70083264400A1
:103EC4002322D700832684002324D7001304080068
:103ED4001387080013880E006FF0DFD203278400D5
:103EE4002324E5000327C4002326E500630AF60C17
:103EF40013070401930705016FF0DFC9138506005A
:103F0400930504002326D1012324F1002322110167
:103F14002320D100EFF08FBC832EC10083278100C2
:103F240083284100832601006FF0DFF03308F80096
:103F34003387F84023240E01136717002322E80077
:103F44000327C4FF1385040013771700B367F70032
:103F5400232EF4FEEFB00FCD930604006FF01FCEB6
:103F640013050800930504002326D1012324F1003E
:103F74002322110123200101EFF04FB60328010091
:103F84008328410083278100832EC1006FF01FF432
:103F94000327840023A8EE000327C40023AAEE000D
:103FA400630CA6081304040113878E016FF01FE746
:103FB40013850400EFB00FC7930600006FF09FCF86
:103FC4000326040113078401930785012328C500F0
:103FD40003264401232AC5006FF0DFBB8326840037
:103FE4001307400223A8DE008326C40023AADE00B0
:103FF4006304E6081304040113878E016FF09FEB3A
:1040040013850600930504002326D1012324F1001F
:10401400232211012320D100EFF04FACB7D70000C9
:10402400138EC7C4832EC1008327810083284100D7
:10403400832601006FF01FD30326040113870E02A9
:104044001304840123ACCE000326C4FF23AECE00A8
:104054006FF0DFDC832584001307400223A8BE0031
:104064008325C40023AABE006306E60213040401E8
:1040740013878E016FF09FCD8326040113870E02F0
:104084001304840123ACDE008326C4FF23AEDE00C8
:104094006FF05FE20326040113870E021304840108
:1040A40023ACCE000326C4FF23AECE006FF01FCA9C
:1040B400130101E4232E111A232A911A2328211B08
:1040C4002328A1192326D100130D0600938405008B
:1040D40013090500EFE01FDE8327050013850700A1
:1040E4002324F102EFF08FC42322A1022320010C28
:1040F4006308090083274903639407006F10905CE9
:104104008397C40003A7440637260000939627012B
:1041140063C40636B7E6FFFFB3E7C7009386F6FF2E
:104124003377D7002396F4009397070193D7074179
:1041340023A2E40613F787006304072C03A70401F2
:104144006300072C93F7A7011307A000638AE72CE9
:10415400B7A700002326311B2324411B9309C10D5B
:1041640037AA00009387075F232C811A2320611B41
:104174002322511B232E7119232C8119232A9119CF
:104184002326B119232E010A232C010A232A310BD9
:10419400138B0900232AF100130ACA75232C01008A
:1041A400232601022328010223220104232A0102D7
:1041B40023240100130400012322910083470D00EE
:1041C400930A0D001387B7FD630207066380070691
:1041D400138C0A0083C71A00938A1A0063860700A7
:1041E4001387B7FDE31607FEB38CAA416380AA05C3
:1041F4008327C10B0325810B2320AB01B3879701D0
:104204001305150023229B01232EF10A232CA10A56
:1042140093077000130B8B0063C0A72483278100CE
:10422400B38797012324F10083471C00639407009C
:104234006F10D05C83C81A00138D1A00A3090108FB
:10424400930AF0FF23200100930B0000130CA00538
:10425400130D1D00938708FE636CFC0403274101C2
:1042640093972700B387E70083A7070067800700B9
:10427400938708FD23200100930690000327010083
:104284000326010083480D00131727003307C700D6
:1042940013171700B387E7002320F100938708FD65
:1042A400130D1D00E3FCF6FC938708FEE378FCFA8B
:1042B400639408006F109054930C1000230E111196
:1042C400A3090108138C0C0023280100930A0000A1
:1042D40023200102232E0100130300009307C111C0
:1042E4000326C10B93FD4B081308060063860D7E5D
:1042F40003473109630807068325810B1307000070
:10430400130531092320AB00130616001305100012
:10431400938515002322AB00232EC10A232CB10A56
:1043240013057000130B8B00634EB558630C070222
:104334008325810B130741092320EB001306260074
:1043440013072000938515002322EB00232EC10AB6
:10435400232CB10A13077000130B8B006354B700AE
:104364006F10401B130700086394ED006F00107D6D
:10437400B38A9A416340507913F70B10E318070688
:104384002320FB008327810B33069601232EC10AC9
:104394009387170023229B0113077000232CF10A33
:1043A4006342F768130B8B0013FE4B00630A0E0085
:1043B40083270100B38A8741635450016F100019A9
:1043C400032301006354830113030C00832781003A
:1043D400B38767002324F100630406006F104009CB
:1043E40083270101232C010A638807008325010127
:1043F40013050900EFF04FBA138B09006FF01FDCAF
:104404009385040013050900EFD09FC6631A0506BF
:104414008397C4001307A00093F7A701E39AE7D298
:104424008397E400E3C607D28326C10013060D0078
:104434009385040013050900EFC04FCD2324A10088
:104444006F10000983480D006FF09FE083480D0052
:1044540093EB0B026FF0DFDF832541001306410B62
:1044640013050900EFC08FD6630405006F20501BAD
:10447400138B09006FF09FDA93162701E3DC06CA59
:104484009307F0FF2324F1006F10800493F78B004F
:10449400638407006F10C05B8327C1001305010804
:1044A400232811019387770093F787FF03A647001A
:1044B40083A50700938787002326F100EF901FB898
:1044C4000326010883264108032781088327C1089E
:1044D400832801011305010C232811012326F10C63
:1044E4002320C10C2322D10C2324E10CEF30404FB4
:1044F400232CA10893072000832801016314F500ED
:104504006F10D025930710006314F5006F1010414D
:1045140013FCF8FD930710046304FC006F10903C37
:1045240093070003230AF108130710069307800575
:104534006394E8006F20C012A30AF10893073006C1
:1045440063D457016F2040240327C10C8326010C38
:104554000326410C8325810C635407006F20D00986
:10456400232C0102232801009307C111930D010894
:104574002320F104232AC10693E72B00232CB10640
:1045840013850D009305010713068109232E1103DA
:10459400232EF1002328D106232EE106EF308003D9
:1045A400032781080326010883264108232CE106FA
:1045B4000327C1082328C106232AD10613060106AE
:1045C400B706FC3F9305010713850D002326D1068A
:1045D400232EE106232001062322010623240106BB
:1045E400EF704FCF032E01080328410803268108EA
:1045F4009305010713850D002326C103232001031E
:10460400232CC10023280106232A0106232C01069A
:10461400232E0106EF708F96832BC1080326810198
:1046240003280102032EC1028328C1038327010446
:104634006316050093061000232CD1089306100678
:104644006394D8006F209019B78600001387869D65
:10465400232CE10023206103938C0B0023242105E8
:1046640083248101138C070023261103232EF102D6
:104674002320A105130B0800930B060013090E0059
:104684006F00C0039305010713850D002320210942
:104694002322610923247109232691092328010671
:1046A400232A0106232C0106232E0106EF700F8D09
:1046B400631405006F201002938AFAFFB7070340C2
:1046C400130601069305010713850D002326F10641
:1046D40023282107232A6107232C7107232E9107FE
:1046E400232001062322010623240106EF708FBE36
:1046F40013850D00EF904FEC93050500130D050095
:1047040013850D00832C0108832B4108032B81089A
:104714000329C108EF908FF9832781080326010834
:1047240083264108232CF1048327C1082328C104CC
:1047340093050106130601051305010723209107BC
:10474400232271072324610723262107232AD10466
:10475400232EF104EF800FACB387A40183C60700B6
:1047640093050C00130C1C0003290107032B4107BC
:10477400832B8107832CC107A30FDCFEE3940AF08B
:104784008328C1028327C103130E090013080B00F9
:1047940013860B0093840500938B0C00B70AFE3F2D
:1047A4009305010713850D00232611052326F10225
:1047B40003298104930C0D002320C109032D010456
:1047C4002324C10523220109232001052324C10830
:1047D400232EC1022326710923280106232A010658
:1047E400232C0106232E5107EF704F88032B01025F
:1047F4008327C1028328C1046344A00293050107EF
:1048040013850D0023201103EF605FF78328010255
:104814008327C102631C050493FC1C0063880C04F9
:10482400032781012320910A0346FCFF8345F700F7
:1048340013070C006390C50213050003A30FA7FE22
:104844000327010A9306F7FF2320D10A0346F7FF43
:10485400E386C5FE930516001305900393F5F50F43
:104864006314A6006F208019A30FB7FE03268109E5
:104874001387F8002302E10AB306FC401307F6FF8E
:10488400232CE108232CD100635407006F204073CC
:104894009306B002A302D10A9306900063D4E60003
:1048A4006F20C0079306610A130707032380E600FD
:1048B40013070118B386E6401387D60D2326E102B9
:1048C4006F20800E832541001306410B1305090058
:1048D400232461042320F104232E1103232CE10259
:1048E400EFC0CF8EE312053A0326C10B03238104E4
:1048F400832701048328C10303278103138B090041
:104904006FF0DFA2832A810B832681011307100035
:104914003306E600B38AEA00930D8B00E358D77898
:10492400130710002322EB002320FB00232EC10ACF
:10493400232C510B13077000635457016F10803FF1
:1049440003274102938A1A00232C510B3306E600F5
:1049540003278102232EC10A938D8D0023ACEDFE23
:104964000327410223AEEDFE130770006354570181
:104974006F10003F0327810C0325010C8325410C94
:104984002320F1022324E108832781010327C10C9A
:104994002320A1082322B108130501089305010768
:1049A400232EC10023280106232A0106232C0106F5
:1049B400232E01062326E108138BF7FFEF601FDC8B
:1049C4000326C101E306057283270102938A1A00B4
:1049D4003306660193871700232C510B232EC10A3B
:1049E40023A0FD0023A26D0193077000E3C0576F5D
:1049F400938D8D008327C1028326C1021307410AC8
:104A04003386C70093871A0023A0ED00232EC10A22
:104A1400232CF10A23A2DD0013077000138B8D00F1
:104A2400E354F798832541001306410B130509004D
:104A3400EFB0DFF9E31A05240326C10B138B090039
:104A44006FF09F968327C1000327C100A3090108C3
:104A540083A7070093044700639407006F10C016F0
:104A640063D40A006F1000261385070013860A001A
:104A740093050000232E11012326F100EFD09FD4CB
:104A84002328A100034731098327C1008328C101DA
:104A9400631405006F20C017B30CF54093C6FCFFE8
:104AA40093D6F64133FCDC00630407006F10C02486
:104AB400232691000326C10B232801002320010291
:104AC400232E010093FD4B08930A000013030000FA
:104AD40013080600E39E0D80032701003307874176
:104AE400E342E05A03473109E3180780B38A9A4145
:104AF400E354508937A800008325810B1308C87537
:104B04006356540993840A00232EF102930D700016
:104B140093070B00232C1103930A0300130B0A00C1
:104B24006F00C000938404FF6356940413060601C7
:104B34009385150023A0470123A28700232EC10AD1
:104B4400232CB10A93878700E3DEBDFC8325410053
:104B54001306410B13050900EFB05FE7E3160512D6
:104B6400938404FF0326C10B8325810B93870900DB
:104B7400E34E94FA13080B0083288103138B070078
:104B84008327C10313830A00938A04003306560162
:104B94009385150023200B0123225B01232EC10AD8
:104BA400232CB10A13077000130B8B006356B7FC58
:104BB400832541001306410B1305090023206104DA
:104BC400232EF102232C1103EFB05FE0E31E050A4C
:104BD40013F70B100326C10B032301048327C1031E
:104BE40083288103138B0900630C07F8130750060D
:104BF400E35A17D10327410C8325010C0325810CAB
:104C04002322E1080327C10C2320B1082324A1088F
:104C14009305010713050108232EC102232CF10279
:104C24002320610423280106232A0106232C0106DC
:104C3400232E01062326E108EF605FB48327810356
:104C44000326C10303230104E31005228327810BF8
:104C540037770000130787032320EB0013061600A1
:104C640013071000938717002322EB00232EC10A99
:104C7400232CF10A13077000130B8B006354F70005
:104C84006F1000258327810903278101E3D0E74EB4
:104C9400032741028327810B130B8B003306E600A5
:104CA4000327810293871700232EC10A232CEBFECE
:104CB40003274102232CF10A232EEBFE1307700075
:104CC400E340F76883278101938AF7FF635E50ED21
:104CD40037A80000930C00018327810B930D70000B
:104CE4009304C87563CA5C016F00502A938A0AFF53
:104CF40063C45C016F10C023130606019387170079
:104D040023209B0023229B01232EC10A232CF10A7A
:104D1400130B8B00E3DCFDFC832541001306410BE0
:104D240013050900EFB09FCA631005760326C10B73
:104D34008327810B138B09006FF05FFB93F70B0242
:104D44006398070E8327C10013F70B01938747006D
:104D5400630407006F10D07A8326C10013F70B0495
:104D640003AC0600631407006F10C033131C0C015E
:104D7400135C0C41935EFC412326F10013870E0063
:104D8400634A070C63C80A0EB367DC0193FBFBF7A5
:104D94006392070E63900A0E834E310963940E00EA
:104DA4006F104032130C000013030000232801008D
:104DB400930C0000930A000093070118130C1C00C5
:104DC400631403006F20802F0326C10B8325810BFE
:104DD40093FD4B08130C2C001308060013850500E3
:104DE40063860D7023200102232E010013030000AB
:104DF40063820ED4130720006FF08FD08327C10085
:104E0400930C1000A309010883A70700230EF110D7
:104E14008327C100938747002326F1006FF08FCAD0
:104E240093F70B0213EE0B01E3820740930B0E0082
:104E34008327C1009387770093F787FF03A7470071
:104E4400938687002326D10003AC0700930E070046
:104E5400E35A07F2B3378001B30ED041B38EFE405C
:104E64009307D002A309F108330C804163C40A00FC
:104E740093FBFBF7639E0E269307900063EA872754
:104E8400130C0C03A30F8117138C0A00E35A503F31
:104E9400834E310913030000930C10009307F1179C
:104EA40023280100E38E0EF0130C1C006FF05FF159
:104EB4008327C10083A707002320F100E3D0072C38
:104EC40083270100B307F0402320F1008327C100AA
:104ED400938747002326F10083480D0093EB4B0092
:104EE4006FF00FB79307B00283480D00A309F108D0
:104EF4006FF00FB683480D0093EB0B086FF04FB5BE
:104F040083480D009307A00293061D006394F800E4
:104F14006F20C00D938708FD13069000930A0000CC
:104F24006364F60213972A0083C80600B30A570184
:104F3400939A1A00B38AFA00938708FD93861600A1
:104F4400E372F6FEE3C80A3C138D06006FF08FB0DF
:104F540013050900EFD01FF68327450013850700CA
:104F6400232AF102EFE08FDC930405001305090006
:104F740023229104EFD01FF40327850083480D00FA
:104F84002328E102638604AC630407AC834707006B
:104F9400638007AC93EB0B406FF08FAB83480D003D
:104FA40093EB1B006FF0CFAA8347310983480D00B0
:104FB400639007AA93070002A309F1086FF04FA9B1
:104FC40093F70B0293E60B01E38207228327C100C8
:104FD4009387770093F787FF138787002326E100E1
:104FE40003A6470003A70700A309010893FBF6BF24
:104FF40063CA0A60B367C70093FBF6B7639407609C
:1050040063920A6013FC1600E3020C089307000382
:10501400A30FF116930C0C00232801002320010296
:10502400232E0100130300009307F1176FF04FAB19
:1050340083480D0093078006E38CF82E93EB0B0452
:105044006FF00FA10327C10093F70B02130747006A
:10505400E39C071A93F70B01E398077693F70B0485
:10506400638407006F10C04413FE0B20E30E0E741C
:105074008327C100832681002326E10083A707003C
:105084002380D7006FF08F9383480D009307C006E9
:10509400E388F82893EB0B016FF08F9B93F70B02D7
:1050A4006398072493F70B01638407006F10D044BF
:1050B4000327C10093F70B04032C070013074700D1
:1050C4002326E100639407006F00107B131C0C017E
:1050D400A3090108135C0C01930E0000E3CC0AD869
:1050E40033E38A0193FBFBF763040316E3860ED8CC
:1050F400B7DCCCCCB7DDCCCC938CDCCC938DCDCCD5
:1051040013F80B409305000013060118938408005C
:105114006F0000080327010303470700930617F0F5
:1051240063840600E30AB75C13030C0013850E00C6
:10513400138607003307DC01B33687013307D70032
:10514400B336970313DE260093F6C6FFB386C60173
:105154003307D7403307EC40B336EC00B386DE4068
:10516400B3869603B30EB703333E9703B386D601D3
:1051740033079703B386C601139EF60193DE160028
:1051840013571700330CEE00631405006F105027FB
:105194003307DC01B3368701B306D70033B5960372
:1051A400938515009307F6FF135325001375C5FF68
:1051B40033056500B386A640B306DC403335DC0016
:1051C4003385AE4033B3960333059503B386960314
:1051D400330565001315F50193D61600B306D50003
:1051E40013952600B306D50093961600B306DC404B
:1051F40093860603A30FD6FEE31E08F013030C00E8
:1052040013850E00138607006FF01FF3B7870000A5
:10521400938707830327C100231AF1088327C1005A
:10522400A30901080327070093874700130600001A
:10523400E3C80A0613FEFBF7936B2E00E3920A5AA7
:10524400E310075A2326F100130320009308800774
:10525400834E3109930A0000130C0000930C0000E4
:1052640093070118232801006FF0DFC393F70B02A3
:10527400E39407008327C10013F70B0193874700CA
:10528400630407006F1050260327C10093F60B0434
:1052940003270700E384065C13170701135707016C
:1052A4002326F10093860B00130600006FF0DFD372
:1052B40093F70B0213EE0B01639E07028327C100D1
:1052C4000327C100A309010893874700032C0700A3
:1052D400930E0000E3CA0A682326F100937BFEF7CD
:1052E400E31C0CB8E39A0AB8130300006FF05FF6EE
:1052F400138E0B008327C100A3090108938777004D
:1053040093F787FF138787002326E10003AC070088
:1053140083AE470063C20A78937BFEF7E39C0AB42A
:10532400B367DC01E39807B4130300006FF05FF286
:1053340083480D0093EB8B006FE09FF1032701007E
:10534400B30D87416344B0016FF08F82930E000167
:105354008325810B37A8000063C4BE016F10502061
:1053640093840D00232EF102930D0D0093070B007F
:10537400138D0C0093027000930C0C00232C11036A
:10538400138C0A00130B0300930AC8756F00C00046
:10539400938404FF63DA9E041306060193851500C3
:1053A40023A0570123A2D701232EC10A232CB10A1B
:1053B40093878700E3DEB2FC832541001306410B8B
:1053C40013050900EFB08FE06310050C930E000184
:1053D400938404FF0326C10B8325810B9387090063
:1053E40093027000E3CA9EFA13030B00832881031F
:1053F400138B07008327C10313880A00930A0C0048
:10540400138C0C00930C0D00138D0D00938D040070
:105414003306B6019385150023200B012322BB011B
:10542400232EC10A232CB10A13077000130B8B001F
:105434006344B7006FE0DFF3832541001306410B9B
:105444001305090023206104232EF102232C1103E8
:10545400EFB0CFD7631A05020326C10B832881035B
:105464008327C10303230104138B09006FE05FF05A
:10547400832541001306410B13050900EFB00FD536
:10548400631405006FE0DFF58325010183244100E7
:105494006386050013050900EFE00FB083D7C4004D
:1054A4000324811B8329C11A93F70704032A811A51
:1054B400832A411A032B011A832BC119032C811946
:1054C400832C4119832DC118638407006FE05FFBAF
:1054D4008320C11B032581008324411B0329011B55
:1054E400032D01191301011C67800000032701002B
:1054F40023200102232E01003307874113030000F8
:10550400634AE02863940E006FE0DFE21307200093
:105514006FE01FDF832541001306410B13050900CB
:1055240023206104232EF102232C1103EFB00FCAB0
:10553400E31C05F40326C10B032301048327C103E1
:1055440083288103138B09006FE0DFE1930C0001D2
:105554008327810B37A8000063C45C016F10407976
:1055640083244100930D7000930BC8766F00C00034
:10557400938A0AFF63D65C05130606019387170016
:1055840023207B0123229B01232EC10A232CF10A11
:10559400130B8B00E3DEFDFC1306410B9385040023
:1055A40013050900EFB08FC2E3140514938A0AFFB0
:1055B4000326C10B8327810B138B0900E3CE5CFB0D
:1055C40013880B003306560193871700232EC10A54
:1055D400232CF10A23200B0123225B011307700003
:1055E4006344F7006FE0DFDD832541001306410BC0
:1055F40013050900EFB08FBDE31805E80326C10BBE
:105604006FE01FDC930701189315D601937677009A
:1056140013573700138507003387E5009386060385
:1056240013563600B365C700A38FD7FE9387F7FFE1
:10563400E39C05FC938606FD6386060013F71B00B6
:10564400631A073613070118B30CF740138C0A00CA
:1056540063C69A352328010023200102232E01006A
:10566400130300006FE0DFC7032581096356A078A8
:1056740003278101930A0300634867486356500374
:105684000327810B330656012320FB001307170061
:1056940023225B01232EC10A232CE10A9305700007
:1056A400130B8B00E3C4E55413C7FAFF1357F741F8
:1056B400B3FAEA00B30A53416342505513F70B405F
:1056C400B38D6700E312072C832A81090327810124
:1056D40063C6EA0013F71B00E30A075A8326410254
:1056E4000327810B930570003306D60083268102BD
:1056F40013071700232EC10A2320DB00832641024F
:10570400232CE10A130B8B00232EDBFE63D4E5006C
:105714006F10804B03278101B387E700B38CB74137
:10572400B30A574163D49A01938C0A0063589003D7
:105734000327810B330696012320BB0113071700AF
:1057440023229B01232EC10A232CE10A9307700014
:10575400130B8B0063D4E7006F10C04E13C7FCFF1C
:105764001357F741B3F7EC00B38AFA40634450018E
:105774006FE09FC337A80000930C00018327810BBF
:10578400930D70009304C87563CC5C511308C875FD
:105794006F00407A930D2000930E00011306080059
:1057A4009305050037A8000063C4EE006F10C044E1
:1057B400232EF1029303700093070B009304070058
:1057C400138B0A00232C110323206104930AC87647
:1057D4006F00C000938404FF63DA9E04130606017D
:1057E4009385150023A0570123A2D701232EC10AB4
:1057F400232CB10A93878700E3DEB3FC83254100A1
:105804001306410B13050900EFB04F9CE31E05C6B8
:10581400930E0001938404FF0326C10B8325810B9F
:105824009387090093037000E3CA9EFA13880A0061
:1058340083288103930A0B0003230104138B0700BD
:105844008327C103138704003306C700938515001B
:105854002322EB00232EC10A232CB10A23200B019F
:10586400130770006344B75403473109130B8B00CB
:105874006310071263940D006FE09FAF930D000057
:105884006FE05FAB0325810B6FF01FF1930C0000F9
:10589400930A000023200102232E010013030000B9
:1058A40023280100930701186FE09FA3B3F5EB00D1
:1058B400639805862320FB002322EB00232EC10AD4
:1058C400232C510B9307700063D657938325410013
:1058D4001306410B13050900EFB04F8FE31605BA09
:1058E4000326C10B832A810B938D09006FF08F90DF
:1058F400032781019307100063DEE78E93071001ED
:1059040037A8000063C4E7006F100078930C00010F
:10591400930770009304C8756F00C000130B0BFF4E
:1059240063D86C7113060601938A1A0023A09D00A4
:1059340023A29D01232EC10A232C510B938D8D008C
:10594400E3DE57FD832541001306410B13050900CF
:10595400EFB0CF87E31A05B20326C10B832A810B6C
:10596400938D0900930770006FF05FFB93F71B00A2
:10597400639407006FE05FA36FF08FB18327C100CA
:1059840083480D00938747002326F1006FE05F8C66
:1059940013870D00930D00006FE09F96138C0C008D
:1059A4002328010023200102232E010013030000F9
:1059B4006FE01F931305E5FF130700039306011817
:1059C400B38CA640A38FE7FE138C0A0063D49A011C
:1059D400138C0C00930705002328010023200102E7
:1059E400232E0100130300006FE09F8F8327C10063
:1059F400938747000327C100130600002326F10004
:105A0400032707006FF04FDE8327C1008326810040
:105A14000326810083A7070093D6F6412326E100DD
:105A240023A0C70023A2D7006FE04FF98327C1004A
:105A3400938747000327C100930B0E002326F10030
:105A4400032C0700935EFC4113870E006FF04FB3E5
:105A54008327C1000327C10083A70700130747005A
:105A64002326E10003A6070083A6470003A78700B7
:105A740083A7C7006FE01FA693860B006FF00FD5B6
:105A8400834E3109130C100013030000930C100013
:105A94009307F1176FF0CFC0930B0E006FF08FBD1B
:105AA400B785000093EB2B002326F1009385C59E58
:105AB40013032000930E0000930880079307011836
:105AC4009376F700B386D50083C6060013574700C4
:105AD4009387F7FF2380D7009316C6013387E60028
:105AE40013564600B366C700E39C06FC130701186F
:105AF400B30CF740138C0A0063D49ABB138C0C00CC
:105B0400232801006FF00FBA930A0700E34A50B745
:105B14006FF09FB9930AF0FF138D06006FE08FF3C7
:105B240083481D0093EB0B02130D1D006FE04FF231
:105B340083481D0093EB0B20130D1D006FE04FF104
:105B4400832541001306410B13050900EFA01FE84C
:105B5400E31C05920326C10B138B09006FF08F968B
:105B6400B78500009385859D93F70B02638A071818
:105B74008327C1009387770093F787FF13878700F4
:105B84002326E10003A6470003A7070093F71B00A1
:105B9400B366C7006384070063920630A309010853
:105BA40063CE0A1E93FBFBB71303000063940A0041
:105BB400638006EA834E31096FF05FF0B785000019
:105BC4009385C59E6FF05FFA93076000138C0A00FB
:105BD400E3EA5701B787000023269100938707A0C3
:105BE40023280100930C0C00930A000023200102D7
:105BF400232E0100130300006FE08FEE93080001D1
:105C04000327810B37A8000063C458016F10804A32
:105C140093840A00930C7000938D0700232C610277
:105C2400930AC8756F00C000938404FF63DA987404
:105C3400130606011307170023205B0123221B010F
:105C4400232EC10A232CE10A130B8B00E3DEECFCA8
:105C5400832541001306410B13050900EFA01FD74C
:105C6400E31405820326C10B0327810B138B090060
:105C7400930800016FF05FFB832541001306410B7D
:105C840013050900EFA09FD4E31005800326C10B80
:105C94008327810B138B0900938A0AFF63DA5C293B
:105CA400130606019387170023209B0023229B01E0
:105CB400232EC10A232CF10A130B8B00E3DEFDFC17
:105CC4006FF09FFB13850700232811012326F100A1
:105CD400EFD0DF85034731099346F5FF93D6F641AC
:105CE4008327C10083280101930C0500337CD50070
:105CF400631407006FE0DFDB130C1C006FE05FDB55
:105D04008326C1000327C10093F70B019386460045
:105D14002326D10003270700639E070693F70B048D
:105D240063860706131707011357070113060000BC
:105D34006FF0DFE5832541001306410B13050900CD
:105D4400232EF100EFA09FC8631005F40326C10BB6
:105D5400832A810B8327C101938D09006FE05FBE05
:105D6400832541001306410B13050900232EF1007E
:105D7400EFA0DFC5631A05F00326C10B832A810B4C
:105D84008327C101938D09006FE0DFBE93F70B20D9
:105D9400639E0774130600006FF05FDF93FBFBBF85
:105DA40013030000930E00006FF05FD183254100C0
:105DB4001306410B1305090023206104232EF1026D
:105DC400232C1103EFA09FC0631005EC0347310996
:105DD4000326C10B832881038327C1030323010402
:105DE400630E072213870D008325810B930D00009A
:105DF400138B09006FE0CFD00327810BB775000028
:105E0400938585032320BB00130616009305100019
:105E1400130717002322BB00232EC10A232CE10AF7
:105E240093057000130B8B00E3C0E5440327810145
:105E34003367A7006304075E832641020327810BAF
:105E4400930570003386C60083268102130717006A
:105E5400232EC10A2320DB0083264102232CE10ADE
:105E6400130B8B00232EDBFE63C8E55EE344056061
:105E740083268101130717002320FB003386C60005
:105E8400232EC10A232CE10A2322DB00930770008E
:105E940063C4E7006FE00FD16FE0DFB8930700033E
:105EA400A30A1109A3090108230AF10863C40A2CEF
:105EB40013FEFBB7834E3109936B2E0013032000AE
:105EC4006FF0DFBF13050900EFB00FC16FE04FA300
:105ED400832541001306410B13050900EFA01FAFF2
:105EE400631405DA0326C10B138B09006FE09FD9F5
:105EF400832501016FF0CFD963980E6413079000D6
:105F04006364876513070118232CB100B30CF740B1
:105F140093880400138C0A0063D49A01138C0C0038
:105F2400834E310913030000232801006FE09FF71B
:105F3400138804003306560193871700232EC10AE1
:105F4400232CF10A23200B0123225B011307700089
:105F54006344F7006FE00FC56FE0DFAC0327010C6B
:105F64008327410C930501072320E1082322F1082C
:105F74000327810C8327C10C13050108232801067C
:105F8400232A0106232C0106232E01062324E108DB
:105F94002326F108EF50DFA08328010193FBFBF7D0
:105FA400E3460540930770040347310963C8175952
:105FB400B7870000938787A063180718930C3000F5
:105FC400138C0C006FE01FAF8327C1008326810070
:105FD40083A7070023A0D7002326E1006FE00F9ECC
:105FE400B7850000834E31092326F1009385C59EB1
:105FF40093088007130320006FF05FAC8327C10B65
:1060040083244100638C07C8130509001306410B60
:1060140093850400EFA09F9B6FF04FC863860D48E3
:106024008325810B930D0000138B09006FE08FB063
:106034001388040033066601938A1A00232EC10ACA
:10604400232C510B23A00D0123A26D019307700093
:1060540063C457016FE0DF996FF05F8793F60B20FD
:10606400638C06481377F70F2326F10093860B0001
:10607400130600006FE05FF713F30B20A309010878
:10608400631C0344930E000063D40A006FE0DFDE58
:1060940093FBFBF763840A006FE01FDE630A0C9A2C
:1060A4006FE09FDD13F70B2063000742131C8C0184
:1060B400135C8C41935EFC412326F10013870E0090
:1060C4006FE01FCC23280100930C00002320010261
:1060D400232E01001303000093070118130C000082
:1060E4006FE00FA013E70B109307F0FF2328E100E4
:1060F400832E010C032F410C8322810C832CC10CB1
:106104006384FA5693079CFB6394070063820A6EC8
:10611400E3CE0C42232C01026F00C055832FC10C27
:10612400B707008093FBFBF733F3FF00630E033CD8
:106134009307D002A309F10893077004E3D6174F1D
:10614400B7870000938747A123280100930C3000F0
:10615400930A000023200102232E010013030000F0
:10616400130C40006FE0CF972326F100930B0E0031
:106174006FE09FD013FEFBBF936B2E001303200030
:10618400930E00006FF09F930327C1018326010241
:106194003367D700E30E077203278101232E7103AF
:1061A40023208105938B0D002324A105832AC1019B
:1061B400832D0102032C4104032D0103B7A8000021
:1061C40093060B009388C87513087000930C0001A4
:1061D400232CF102338BE700634AB009130DFDFF52
:1061E400938AFAFF8327810B032741033306860131
:1061F4009387170023A0E60023A28601232EC10A59
:10620400232CF10A93868600634AF81083450D0017
:10621400B3047B4113070B0063D4950093840500FA
:10622400635690028325810B33069600232EC10A00
:106234009385150023A0760123A29600232CB10A8E
:106244006344B81083450D009386860013C5F4FF9C
:106254001355F541B3F7A400B384F540634C9000A3
:10626400B38BBB00E34A50F7635EB055938DFDFFDB
:106274006FF05FF7B7A200008325810B9382C2758C
:1062840063DA9C06232EE100232011036F00C00073
:10629400938404FF63DC9C041306060193851500B4
:1062A40023A0160123A29601232EC10A232CB10A8E
:1062B40093868600E35EB8FC832541001306410BF8
:1062C40013050900EFA08FF06310059CB7A7000029
:1062D400938404FF0326C10B8325810B9386090055
:1062E4009388C77513087000E3C89CFA0327C1019B
:1062F400832201023306960093851500232EC10ADA
:10630400232CB10A23A0560023A296006346B87832
:1063140083450D00938686006FF09FF4832541002A
:106324001306410B13050900EFA04FEA631E059401
:10633400B7A700000326C10B938609009388C7758D
:10634400130870006FF09FEC832541001306410B86
:1063540013050900232EE100EFA04FE76316059211
:10636400B7A7000083450D000326C10B0327C10115
:10637400938609009388C775130870006FF01FEDAA
:106384000323810313880A0093870D00938A040072
:10639400330656011307170023200B0123225B0148
:1063A400232EC10A232CE10A93057000130B8B00E2
:1063B40063D6E5B0832541001306410B130509009C
:1063C400232E6102232CF102EFA04FE0631E058A05
:1063D4000326C10B0323C10383278103138B090005
:1063E4006FF0CFAD138C07006FF0CFFE8325410013
:1063F4001306410B13050900232E6102232CF1021D
:10640400EFA0CFDC631205880326C10B0323C1036D
:1064140083278103138B09006FF00FA913F71B0067
:10642400631407006FD05FF8832641020327810BB2
:10643400930570003386C600832681021307170074
:10644400232EC10A2320DB0083264102232CE10AE8
:106454002322DB0063D8E574832541001306410B36
:1064640013050900232EF100EFA04FD663040500A5
:106474006FF08F81032581090326C10B0327810B4C
:106484008327C101138B09006FF05F9E03278101ED
:10649400B387E700B38CB741B30A574163D09AADD1
:1064A400938C0A006FF08FAB138B09006FD05FECF5
:1064B4008327C100832681002326E10083A70700E8
:1064C4002390D7006FD09FCF935EFC412326F10029
:1064D40013870E006FE0DF8A137CFC0F930E00001D
:1064E40063C40A006FE0DFBF6FE0DF981377F70F34
:1064F400130600006FF08FE92326F10093860B004A
:10650400130600006FE05FAE930770040347310980
:10651400E3D21711B7870000938747A1E312073E20
:10652400930C3000138C0C00930A0000232001020A
:10653400232E0100232801006FD09FDAB7870000C3
:106544009387C7A06FF05FA7032741048325410306
:10655400232ED101B386E7401306070013850600F6
:10656400232C01012328D100EFC00FB0832EC101D9
:1065740037D6CCCC1306D6CC3307DC01B33787012E
:106584003307F700B335C70237D5CCCC1305C5CCD8
:1065940083270103832601030328810183C717008E
:1065A400B337F00093D8250093F5C5FFB3851501E3
:1065B4003307B7403307EC40B335EC00B385BE4036
:1065C4003305A702B387F600832601012328F102CD
:1065D4009387F6FFB385C502B385A5003335C7029B
:1065E4003307C702B385A5001395F50193DE1500A3
:1065F4009305100013571700330CE5003307DC0133
:10660400333587013307A7003335C7029358250074
:106614001375C5FF330515013307A7403307EC4055
:106624003335EC003385AE40B338C7023305C502B9
:106634003307C702330615011316F6011357170063
:106644003307E600131627003307E6001317170075
:106654003307EC4013070703A38FE6FE6FE09FABFD
:10666400930780076FD05FED63C00C6E232C01028B
:10667400930A600093076004631EFC449307C109F6
:106684001307810993860A00930501081308010A78
:106694001306300013050900232E11032320D1090A
:1066A4002320D1032322E109232EE10123245108CD
:1066B400232C510023269109EF10C00983460500BD
:1066C4001307000383228101032FC101832E0102DA
:1066D4008328C10393070500B3045501E38AE60444
:1066E400832D81091305010893050107232EF10069
:1066F40023269109232C11012320D1092322E10906
:106704002324510823280106232A0106232C0106E9
:10671400232E0106EF508F868327C101B38CB40169
:1067240013830D00631A057E3387FC40232CE1009C
:1067340013F71B0033675701E35A600EE310070495
:10674400930C03009308600613FE0B4063160E6E51
:1067540093C6FCFF93D6F64133FCDC000327810388
:10676400630A074C1307D002A309E108130C1C00A9
:10677400832B0101930A0000232801002320010236
:10678400232E01006FD0DFB593851A00130509008D
:1067940023281101EF80CFC083280101930705004E
:1067A400E30E05120327C10C2328A1008326010C44
:1067B4000326410C8325810C63440764232C0102C6
:1067C4006FD0DFDA938D0B002328A1038327810385
:1067D400832BC103032C0104032D8104138B0600B6
:1067E4006364B7016FE05FEE930D07006FE0DFEDC8
:1067F400232C010263DA0C00B7070080B3CCFC0041
:106804009307D002232CF102930D01089307C109C9
:1068140093850D001308010A1307810993061000DC
:106824001306200013050900232011052320D10994
:10683400232ED1032322E1092320E1032324510839
:10684400232E510023269109EF00D0708322C10129
:10685400032F0102832EC10383280104930A10002D
:1068640093070500232C510113F71B00630E07182F
:1068740013850D00930501072320F102232E110136
:106884002320D1092322E109232451082326910935
:1068940023280106232A0106232C0106232E0106A0
:1068A400EF40DFED8328C101832701026302057EE7
:1068B400832681010327010AB38CD700E37097076D
:1068C40013060003930617002320D10A2300C700F0
:1068D4000327010AE36897FF3307F7409306700420
:1068E400232CE100032381096308DC1213076004ED
:1068F400E300ECE41307F3FF2302110B232CE1085C
:10690400634807689306B002A302D10A9306900075
:1069140063DCE668232E710123280100930E310BFA
:1069240037DECCCC13850E00130EDECC130F3006ED
:10693400B336C70313080700930505001305F5FFD5
:1069440093D63600139626003306D6001316160087
:106954003307C74013070703A38FE5FE1387060019
:10696400E3480FFD13870603A30FE5FE1387E5FF36
:10697400637CD7731305610A930605000346070079
:106984001307170093861600A38FC6FEE318D7FFDC
:106994003307A700130727003307B7409306410ABC
:1069A4003307D7402326E102832681010326C1024F
:1069B40013071000B38CC6006352D7420327410269
:1069C400B38CEC000327C10193C6FCFF93D6F641B8
:1069D400137EF7BF137327000327810333FCDC0006
:1069E400936B0E1063080734930ED002A309D109E8
:1069F400930A0000130C1C006FE08FBC83268101F6
:106A040083C5A6006FD05FE60327010A032381092B
:106A14003307F740232CE1001327D3FF6314070047
:106A240063D66A009388E8FF6FF0DFEC03278101E7
:106A3400634CE32C13F71B00930C0300630607005D
:106A440003274102B30CE30013FE0B4063040E0062
:106A54006342603E93C6FCFF93D6F64133FCDC00F0
:106A6400930870066FF09FCF832541001306410BF6
:106A740013050900232EF100EF905FF56304050070
:106A84006FE09FA0032581090326C10B8327C10161
:106A9400138B09006FF08FB9832541001306410B56
:106AA40013050900232EE100EF905FF26304050053
:106AB4006FE09F9DB7A7000083450D000326C10B1F
:106AC4000327C101938609009388C77513087000D2
:106AD4006FF00FF99307BCFB93B71700B387570107
:106AE400930D0108232CF1009386070013078109F5
:106AF4009307C10993850D001308010A13062000AA
:106B040013050900232011052320D109232ED103C5
:106B14002322E1092320E10323245108232E5100D9
:106B240023269109EF001043130770048322C10147
:106B3400032F0102832EC103832801049307050058
:106B4400E304ECD22320A1029305010713850D0071
:106B5400232E11012320D1092322E10923245108E2
:106B64002326910923280106232A0106232C010642
:106B7400232E0106EF409FC08328C1018327010211
:106B84006306055A832681010327010AB38CD700C3
:106B9400E36897D33307F74003238109232CE100EB
:106BA4006FF05FD5130B8B006FF08FAC9307D0029F
:106BB400A309F1089307700463DA1723B787000069
:106BC4009387C7A06FF04FD8832541001306410B6C
:106BD40013050900232EF100EF905FDF6304050025
:106BE4006FE09F8A832A81090326C10B8327C10191
:106BF400138B09006FE01FB21308C8766FE0DFC47F
:106C040013079000637467006FE08FD86FF08FAF45
:106C1400232691006306071A138C1A00938C0A002A
:106C240023200102930A0000232E01001303000015
:106C34006FD00FEB03473109E30C07B2130C1C00B0
:106C44006FF01FB3832541001306410B13050900A0
:106C5400EF90DFD7630405006FE01F83832A810967
:106C6400832781010326C10B138B0900B38A574183
:106C74006FE0DFAE930500FFB30AA04037A8000021
:106C84006354B544930C0001930D7000232EF1005E
:106C94009304C8756F00C000938A0AFF63D65C0D25
:106CA400130606011307170023209B0023229B01D0
:106CB400232EC10A232CE10A130B8B00E3DEEDFC27
:106CC400832541001306410B13050900EF901FD0E3
:106CD400630405006FE04FFB0326C10B0327810B00
:106CE400138B09006FF05FFB93860B006FE09FD05E
:106CF4001308C8766FE01F8D138E0B006FE00FDC56
:106D0400138E0B006FE01FD30327810183264102FA
:106D140093087006B30CD700E34860A2338F6C402D
:106D2400930C1F0093C6FCFF93D6F64133FCDC00A2
:106D34006FF0DFA2834E3109930A000063840E00D2
:106D44006FE08F966FE0CF87930A6000B7070080EB
:106D5400B3CCFC009307D002232CF1026FF09F9177
:106D64001308C8756FE0CFEA8327C10113880400B4
:106D74003306560113071700232EC10A232CE10AF8
:106D840023200B0123225B0193057000E3DCE5E083
:106D9400832541001306410B13050900232EF1003E
:106DA400EF90DFC2630405006FE00FEE0326C10B12
:106DB4000327810B8327C101138B09006FF04F8BCD
:106DC400938C0A00138C0A0023200102930A00000A
:106DD400232E0100130300006FD08FD00327C101BD
:106DE40013771700E30007BE6FF05FBDB78700009D
:106DF400938787A06FF04FB5232801009307C11133
:106E0400370500803347A7001305D002232CA102C5
:106E14006FD0CFF5B7870000938707A16FF00FF00D
:106E2400832441006FE08FE7B7870000938707A1B1
:106E34006FF08FB19308700603270103034707001F
:106E4400930617F06386062A6354672A8326010390
:106E540013050000930500006F0080019385150061
:106E640093861600130617F063000602635E67003C
:106E74003303E34003C71600E31207FE03C706000B
:106E8400130515006FF01FFE2328D1028326410449
:106E94003307B500232EB1003307D7022320A10204
:106EA400B38CEC000327810393C6FCFF93D6F64111
:106EB40033FCDC00630E07141307D002832B01019B
:106EC400A309E108130C1C0023280100930A000005
:106ED4006FD00FC1938CFAFF032B01028328C102E8
:106EE4008327C103032D010403298104B30A5C0130
:106EF40013070C001306000363D40C006FD01F9714
:106F040013071700A30FC7FEE39CEAFE33079C0197
:106F1400130C17006FD09F950327010A8328810162
:106F2400E360979B3307F740232CE1006FF01F9C2D
:106F34001305010893050107232EF100232C1101E9
:106F44002320D1092322E10923245108232691096E
:106F540023280106232A0106232C0106232E0106D9
:106F6400EF40DF81832881018327C101631A050C67
:106F740003238109B38C64006FF00FFB03274102E4
:106F8400338F6A0093086006B30CEF006FF0CFFBF9
:106F94001307D002A302E10A930680FF130710002F
:106FA40033076740E348D396930600032303D10ACB
:106FB400232E7101232801009306710A6FD0DF8EFE
:106FC4001307D002A302E10A930680FF13071000FF
:106FD4003307C740E344D6946FD0DF8CB7860000F4
:106FE4001387C69E232CE1006FD0CFE68327C10010
:106FF40083AA07009387470063D40A00930AF0FF2B
:1070040083481D002326F100138D06006FD04FA482
:107014000347310963020708832B0101130C1C0089
:1070240023280100930A00006FD08FAB631E070270
:10703400130C1000930C0C00930860066FF00FF211
:10704400930F10000327010AB38F5F41232CF1092A
:10705400938C1700E36697873307F74013830F0079
:10706400232CE1006FF0CFEC032741029308600664
:10707400130F1700B30C5F0193C6FCFF93D6F641C0
:1070840033FCDC006FF08FED1308C8756FE09FFAD6
:10709400032381096FF05F98832B0101930A000099
:1070A400232801006FD0CFA3130720002326E10279
:1070B4006FF09F8F1308C8756FF08FAD2320010206
:1070C400232E01006FD0CFA11308C8756FF05FCADB
:1070D400032781013387E7006FF08FF08324410099
:1070E40083D7C40093E707042396F4006FE00FBB33
:1070F4001307000023200102232E01006FF05FDA42
:10710400930A000023200102232E010023280100FA
:10711400930C3000130C40006FD08F9C3307F74062
:1071240003238109232CE1006FF01F8F03238109BE
:047134006FF04FFCAD
:107138001307050003A501819306060013860500C1
:08714800930507006FC09FF6DC
:1071500083C70500130720076382E708130770073A
:10716000638EE700130710066382E7089307600148
:107170002320F50013050000678000001303006062
:10718000130710001305800083C7150093851500B1
:1071900063860702B7180000938808809306B00240
:1071A000130880076382D7026394070133671701CE
:1071B00083C7150093851500E39607FEB367E300C8
:1071C0002320F60067800000137535FE1377C7FF94
:1071D00013650501136727006FF09FFD130300007F
:1071E00013070000130540006FF01FFA13038020FF
:0C71F00013071000130580106FF01FF94A
:1071FC008397C50013F72700630E070093873504A8
:10720C001307100023A0F50023A8F50023AAE5001E
:10721C0067800000138705008395E500130101F8D2
:10722C00232C8106232E11061304050063CE0508BA
:10723C00130681012324E100EFB0DFDC032781007A
:10724C00634205089305004013050400232A9106A8
:10725C002324E1008324C101EF701F9403278100D4
:10726C008317C7006302050C9306004093E70708D9
:10727C00232AD70093D6C4402316F7002320A70057
:10728C002328A70093F6F600130620006396C60C7D
:10729C008315E700130504002324E100EF00402DC3
:1072AC00032781008317C7006308050A93F7C7FFFC
:1072BC00B71600008324410793E7170093860680D6
:1072CC006F0000058317C70093F7070893B71700E3
:1072DC00B307F04093F5073C9385050413050400B0
:1072EC002326E1002324B100EF701F8B0327C1007C
:1072FC00832581008317C700630A050293E70708FB
:10730C002320A7002328A700232AB70093060000F8
:10731C00B3E7D7002316F7008320C10703248107A6
:10732C0013010108678000008324410793F60720AE
:10733C00E39406FE93F7C7FF9306370493E7270001
:10734C00130610002316F7002320D7002328D7009C
:10735C00232AC7006FF05FFCB71600008324410797
:08736C00938606806FF0DFFA42
:10737400938705008395E5001307060063CA050893
:10738400130101F82324C100130681012326D1002F
:107394002322F100232E1106EFB05FC7832741009B
:1073A400032781008326C100634E05028327C101A0
:1073B400B7F5000037E6FFFFB3F7B700B387C700A0
:1073C4008320C10793B7170023A0F60013060040DB
:1073D400371500002320C700130505801301010899
:1073E4006780000083D7C70093F707086382070408
:1073F4008320C1079307000023A0F60013060004AE
:107404002320C70013050000130101086780000052
:1074140083D7C70093F70708639A0702130600404F
:1074240023A0F600130500002320C7006780000096
:107434008320C10723A0F600130600402320C700C1
:107444001305000013010108678000009307000082
:107454001306000423A0F600130500002320C70030
:04746400678000003D
:1074680063000604B7850000130101FE9385C5A1DA
:1074780013050600232C8100232E11001304060097
:10748800EFC09EE0B787000063120502138587A14D
:107498008320C101032481011301010267800000D8
:1074A800B7870000138587A167800000938587A1AF
:1074B800130504002326F100EFC01EDD8327C10059
:1074C800E30605FCB7850000130504009385C5860F
:1074D800EFC09EDB8327C100E30A05FA130500000D
:0474E8006FF01FFB27
:0C74EC00B7D7000003C5872A67800000A6
:1074F80063800504130101FE232C81001385050018
:1075080013840500B78500009385C5A1232E1100BB
:10751800EFC09ED7B787000063120502138587A1C5
:107528008320C10103248101130101026780000047
:10753800B7870000138587A167800000938587A11E
:10754800130504002326F100EFC01ED48327C100D1
:10755800E30605FCB7850000130504009385C5867E
:10756800EFC09ED28327C100E30A05FA1305000085
:047578006FF01FFB96
:10757C00130101FF232481002322910093040500B1
:10758C00138505002326110023A601A4EFE00CD9D6
:10759C009307F0FF630CF5008320C10003248100E6
:1075AC0083244100130101016780000083A7C1A45B
:1075BC00E38407FE8320C1000324810023A0F40090
:0C75CC00832441001301010167800000CE
:1075D80003A7C500130101F983A8050003A8450006
:1075E80083A6850023229106B78400002324810600
:1075F80023261106935707019384F4FF23200600DE
:10760800232EE104B3F7970023281105232A010547
:10761800232CD10413040500638497101305010477
:10762800930501032320210723201105232C110191
:1076380023220105232A01012324D1042328D10070
:107648002326E1042326E10013090600232801026A
:10765800232A0102232C0102232E0102232EF100EA
:10766800EF408F910327C1008326010103284101C0
:1076780083288101630A050C8327C1019305000053
:1076880063920706B70771409305010313060102C9
:1076980013050104232CD102232EE1022326F10233
:1076A80023281103232A0103232001022322010294
:1076B80023240102EF40CFC10327C104832501041D
:1076C8000326410483268104935707012328B10424
:1076D800232AC104232CD104232EE104B3F79700F5
:1076E8009305E0F8B7C6FFFF938626000327C10578
:1076F800B387D70037060180B387B7001306F6FFB4
:107708002320F900832801050328410583268105E4
:10771800032901063377C7003706FE3F3367C700E2
:107728008320C10623201401232204012324D4002A
:107738002326E4001305040003248106832441065C
:107748001301010767800000032901066FF05FFD40
:10775800B7A800009388C87703A38800130101F530
:1077680083AE080003AE48002322610603A3C800C5
:1077780083A808012324810A2322910A23261107BA
:10778800832885032320210B232E3109232C41092B
:10779800232A5109232861092320A109232EB1078F
:1077A8002326110A232671092324810923229109FA
:1077B800232ED1052320C10723246106232E01018E
:1077C80083A9050003A9450083A4850003AAC50071
:1077D800930A0500130D0600938D0600130B07008E
:1077E800138407006388080093850800EF20400988
:1077F80023AC0A02032781069356FA012320D400FA
:1078080093571740B3F7D700B3C7E7002324F1060F
:1078180013141A00931B0A01B7C7FFFF13171A00A6
:107828001354140093DB0B01938717F9135C1701AA
:10783800130501039305010223283103232A210399
:10784800232C910223203103232221032324910294
:10785800232E810223268102232631052328210590
:10786800232A9104B30CFC00232C7105EF60CFCBC5
:10787800631005163707FF7F9307F0FF1307F7FF1D
:1078880093050102130501032326E1022320F102D7
:107898002322F1022324F102EF600FC9631E0508B9
:1078A8009305010213050103EF404F8F6356A008AB
:1078B800930730002324F1048327C10113078104AF
:1078C80013880D002320F10013860C0093070D0088
:1078D80013850A0093080B009306C1049305C1059C
:1078E800EF00401F03270B00B787FFFF6318F7005F
:1078F800B70700809387F7FF2320FB008320C10A86
:107908000324810A8324410A0329010A8329C1091E
:10791800032A8109832A4109032B0109832BC10802
:10792800032C8108832C4108032D0108832DC107EE
:107938001301010B67800000232E810293050102C9
:10794800370401001305010323283103232A2103E7
:10795800232C910223200102232201022324010265
:1079680023268102EF305FF0634C0500B3EB8B00F8
:1079780093071000232C71052324F1046FF0DFF323
:10798800930501021305010323283103232A210348
:10799800232C9102232E41032320010223220102DA
:1079A8002324010223260102EF301FDD63160500A0
:1079B800232401046FF05FF0B7C7FFFF938727F90F
:1079C80013072000B30CFC002324E1046FF0DFEE62
:0C79D800930740002324F1046FF01FEE21
:1079E400130101FC232C81020324C5002328210355
:1079F40023263103032985008329450023244103D9
:107A0400032A050013141400135414001305010170
:107A140093050100232E1102232E810023268100C9
:107A24002328410123204101232A3101232231014A
:107A3400232C210123242101EF604FAF631E05068F
:107A44003707FF7F9307F0FF1307F7FF9305010044
:107A540013050101232A91022326E1002320F100CA
:107A64002322F1002324F10093041000EF600FACF3
:107A7400630805028320C1030324810313C5140092
:107A84001375F50F83244103032901038329C102DC
:107A9400032A8102131515001301010467800000F5
:107AA4009305010013050101EF309FEFE354A0FC9F
:107AB400930400006FF01FFC8320C103032481039F
:107AC400032901038329C102032A8102130510003B
:087AD4001301010467800000AA
:107ADC00130101F3232E310B832907002322910B71
:107AEC002326110C13F3F9FC23206700130E30002E
:107AFC0013F3F9002320F10023240101832C010D41
:107B0C006302C33B2320A10B13F8C900130D08001B
:107B1C00631A082C232EB109232E1101232AD1001C
:107B2C002320C1022326B1022324E102930D050078
:107B3C00630803322320210D03A905002324810CA3
:107B4C00930700029305000063D827019397170051
:107B5C0093851500E3CC27FF13850D00EF20401013
:107B6C0013040500630C052A032741019307F9FF51
:107B7C0093D75740939727002322910CB305F70016
:107B8C00930645010326070013074700938646001A
:107B9C0023AEC6FEE3F8E5FE0327410193851500ED
:107BAC0013071700B3B5E5009385F5FFB3F7B700DE
:107BBC009387470093D42740B307F4006F00C000AD
:107BCC009387C7FF6386043003A7070193860400DD
:107BDC009384F4FFE30607FE93972400B307F400A5
:107BEC0003A547012328D400232CD100EF20C03D4E
:107BFC008326810193965600B384A6401305040096
:107C0C00EF101078832701022326A108232AF10202
:107C1C006310056C83270401638807229305C10850
:107C2C0013050400232A510B2328610B2326710B07
:107C3C002324810B232C410BEF2090639397C500D9
:107C4C0093D7C7003707F03F33E7E700032841031A
:107C5C0003A6818483A6C184330898009308050089
:107C6C0093050700930BF8FF2322E102130C080085
:107C7C00232811052320A104EF300FA803A60185AA
:107C8C0083A64185EF605E8503A6818583A6C185A9
:107C9C00EF20DFB1930A050013850B00138B050051
:107CAC00EF305FA303A6018683A64186EF60DE82D8
:107CBC00130605009386050013850A0093050B0037
:107CCC00EF20DFAE930A0500138B050013850B0024
:107CDC0063D60B0013051000330585411305B5BCA5
:107CEC006358A002EF301F9F03A6818683A6C1862E
:107CFC00EF608EFE130605009386050013850A00BF
:107D0C0093050B00EF209FAA930A0500138B050027
:107D1C0093050B0013850A00EF301F94130A0B0018
:107D2C0093050A00130B05001306000013850A00C7
:107D3C0093060000232C6101EF608EEC6352050268
:107D4C0013050B00EF301F9913860A0093060A00E7
:107D5C00EF604ED53335A000B307AB40232CF100B8
:107D6C000327410293974B01338AE7003387744111
:107D7C009306F7FF2328D102832681019307600124
:107D8C0063ECD7148327810137A800009308087F80
:107D9C0093973700B387F8000326010403A5070067
:107DAC0083A5470093060A002322E102EF60CED799
:107DBC00032741026348A0566344E0006F10400D56
:107DCC00832701030327810123260104232C0102AD
:107DDC00B387E7002328F1022322E104232E0102BA
:107DEC006F000013930740006310F304032D010A86
:107DFC008320C10C8329C10BB787FFFF13860C00AE
:107E0C00832C410AB785000023A0F80093060E00CE
:107E1C00938505A31301010D6F10101B0324810C16
:107E2C000329010C832DC109930700008320C10C89
:107E3C00032D010A8329C10B832C410A13850700EA
:107E4C001301010D678000009305040013850D00DC
:107E5C00EF10D06B0324810C8324410C0329010CFB
:107E6C008327C10193061000B775000013860C0020
:107E7C0013850D0023A0D70093858503EF10D01434
:107E8C008320C10C93070500832DC109032D010A22
:107E9C008329C10B832C410A138507001301010DA3
:107EAC00678000008320C10C8329C10BB787FFFFBB
:107EBC0013860C00832C410AB785000023A0F80020
:107ECC00938545A2930680001301010D6F10D00F0E
:107EDC00232804006FF09FD2930710002326F1048F
:107EEC0083270103232C010263C4074283278101EA
:107EFC0063D20740832781030327810123220104D6
:107F0C00B387E740232CF102B307E040232EF102A4
:107F1C00032701009307900063EAE75683270100CB
:107F2C0013075000E352F70A9387C7FF2320F10091
:107F3C0083260100930740006380F65AE386E666C9
:107F4C0093072000232C0104930A0000638CF6583D
:107F5C00930730002320F100832781000327810140
:107F6C00B387E7002324F104938717002322F1023F
:107F7C006354F03C9385070013850D002326F1080C
:107F8C00EF10C07D93070500E30C05000327C10229
:107F9C000328C7001308F8FF630E08006354080099
:107FAC001308200093F90910638E0942130730005F
:107FBC0033080741032741021337F70063040742D4
:107FCC0063820A42032781013367E800631C074080
:107FDC00032701048326C10423260108232EE10470
:107FEC00232441076386060203A6818383A6C183EB
:107FFC001305070093050A002320F1042320E10652
:10800C00EF600EC083270104635405006F10401409
:10801C002320F1048327C10513860700138507006D
:10802C00832781069386070093850700EF200FF8BE
:10803C0003A6818883A6C188EF204FF73707C0FCC1
:10804C003303B7000327410283270104930905007A
:10805C006302073203274102832AC105032B8106E1
:10806C00232601062320E1040327010437A800007E
:10807C009308087F9316370003278105B386D80031
:10808C0003A686FF83A6C6FFE302071003A581891A
:10809C0083A5C189232861062328F104232A11070B
:1080AC002320310793891700EF505EB40326010695
:1080BC0083260107938B0A00130A0B00EF20DFE3E2
:1080CC00130605009386050013850A0093050B0023
:1080DC00938A0600130B0600EF300FD8130C050023
:1080EC00EF304FDF130605009386050013850B0058
:1080FC0093050A00EF205FE08327010513070C03AB
:10810C0013060500938605002380E700130A05007B
:10811C00938B050013050B0093850A00EF60CEA02E
:10812C00832701056354A0006F10002E03A7C183A1
:10813C0083A681832322E1062320D10603A7C187CE
:10814C0083A68187130C0400232C2107232E910670
:10815C002328D104232AE1042328F10613040A005E
:10816C0093040B0013890A006F00C0088327C10811
:10817C0003270104938717002326F10863C4E70043
:10818C006F10C036EF604EB50326010583264105FE
:10819C0093040500138905001305040093850B0057
:1081AC00EF608EB3938A0500130A0500EF30CFCA37
:1081BC0013040500EF300FD213060500938605005B
:1081CC0013050A0093850A00EF201FD393070403BD
:1081DC0013860400930609002380F9009389190083
:1081EC0013040500938B0500EF608EA1635405000A
:1081FC006F10C020032501068325410613060400D9
:10820C0093860B00EF205FCF1386040093060900C2
:10821C00EF600E9F93070500032601058326410599
:10822C001385040093050900E3D207F483270107A3
:10823C0003C9F9FF13040C00130690036F004001EF
:10824C006394D7006F10000003C9F6FF93890600F2
:10825C009386F9FFE306C9FE130919000327C1062B
:10826C0023802601130D0002130C17009305040044
:10827C0013850D002320F100EF1050298327C10135
:10828C002380090023A087018327010063840C004D
:10829C0023A03C0103278102832681020324810C45
:1082AC00032707008324410C0329010C3367A70122
:1082BC00032A810B832A410B032B010B832BC10A4D
:1082CC00032C810A832DC10923A0E6006FF01FB691
:1082DC009305050013050400EF10407C8327C108AB
:1082EC0003270102B384F440B387E700232AF10289
:1082FC006FF05F928327010303278101232E010274
:10830C00B387E7002328F1022322E1046FF05FC05A
:10831C0093071000B387E740232CF10223280102B6
:10832C006FF0DFBC83278101232601049387F7FFBD
:10833C00232CF1006FF0DFBA930710006FF09FC38E
:10834C00130607001305070093060A0093050A009D
:10835C002320F104EF208FC503A6818883A6C18852
:10836C00EF20CFC4832701043707C0FC9309050015
:10837C003303B70003A601890325C10583A64189F0
:10838C00832581062320F10423286104EF20DFB626
:10839C008326010513860900130A0500938A05003C
:1083AC00EF509EF883270104E348A06A03230105DC
:1083BC00B7060080138609003347D30093060700E5
:1083CC0013050A0093850A00EF608E83832701044E
:1083DC00E34405160327C105032A81061308000090
:1083EC002328E10403274103634E0710032781016F
:1083FC001327F70063080710B7A800009388087FBD
:10840C000327810113173700B388E80003A748003E
:10841C0083A608002322E100032781002320D1003A
:10842C006358073E032741026344E03EE3160710FE
:10843C0003A6018983A641890325010083254100F8
:10844C00232AF100EF604E890326010593060A00EA
:10845C00EF509EED83274101E350050E13071003E7
:10846C002380E7009305000013850D009389170006
:10847C002320F100EF10900983278101130D0002D6
:10848C00138C2700832701006FF05FDE9307DC3F1E
:10849C0093BA877F2320010013050900EF308FA3C7
:1084AC0003A6018783A64187EF600E83EF30CF9A36
:1084BC001307F0FF9307F0FF930535002322E10229
:1084CC00130710002324F1042324010093870500D3
:1084DC00232CE1046FF05FAA93071000930A0000AD
:1084EC00232CF104832581006344B0009305100014
:1084FC00938705002324B1042322B1022324B10065
:10850C006FF09FA7032781056302075E0327C10253
:10851C0003264103330999400327470093061900AA
:10852C002326D10833092641E356E91C8326010092
:10853C009386D6FF93F6D6FFE384060883260100C4
:10854C003307E6400326410293A6260013071700C3
:10855C0093B616003326C0002326E108B3F6C600F6
:10856C00638806008326410263D4E6006F10C00ABC
:10857C0083260103032AC103B386E6002328D10214
:10858C0083268103B309D7009305100013850D00D2
:10859C002320F104232A0103EF10503D1309050099
:1085AC00630005200327810303284103832701046B
:1085BC006300070403270103635CE0028326810345
:1085CC0003260103138706006354D6001307060025
:1085DC00832681032326E108B389E940B386E6406C
:1085EC00232CD102832601033387E6402328E102A2
:1085FC000327C10363080702E3180A2E0326C103ED
:10860C009305040013850D002320F104232A010394
:10861C00EF1090670328410383270104130405001E
:10862C00630005189305100013850D00232EF1022D
:10863C00232A0103EF109033130305006302051680
:10864C0003274104032841038327C1036316077AD8
:10865C000327010013272700630607009384F4FF08
:10866C006386040E1305F00103270103B304E540F0
:10867C009384C4FF93F4F4012326910833863401C8
:10868C00138704006348C06E832601033386E6001B
:10869C006346C00E0327C104E312070803274102F7
:1086AC00634EE0480327010013273700631807487F
:1086BC0093050300930600001306500013850D006C
:1086CC002320F100EF10C06693050500630A050C2A
:1086DC000327410283270100E312071A2320A1007C
:1086EC0013050400232AF100EF2000098325010063
:1086FC0083274101E354A018130710032380E700DC
:10870C000327810193891700130D0002130717002B
:10871C00232CE10013850D002320F100EF10005FE6
:10872C0083270100631409006F10400093050900B2
:10873C0013850D002320F100EF10405D832781018C
:10874C00138C1700832701006FF05FB20327C1025F
:10875C00832601020327470013071700E354D7F0C1
:10876C000327010393891900130717002328E1023B
:10877C00130710002322E1046FF0DFEE93050300D2
:10878C0013850D002326F10223200103EF10506600
:10879C00032801028327C10213030500E31C05EE25
:1087AC000324810C8324410C0329010C032A810B23
:1087BC00832A410B032B010B832BC10A032C810A47
:1087CC00832DC1096FF04FE69307DC3F93BA877F87
:1087DC008327010093064000E382D70C6388E75C93
:1087EC000327010093072000E306F70A93073000E4
:1087FC00232C01046302F7F66FF01FCA8326087F4F
:10880C000327487F130800002320D1002322E10016
:10881C000329010593090A00832A410093050A00E4
:10882C00032A01001307100093860A0013060A009E
:10883C00130509002324F100232A01012326E10852
:10884C00EF50CEBAEF205FE193040500EF209FE8D4
:10885C0013060A0093860A00EF501EC81306050083
:10886C00938605001305090093850900EF20CFE8D6
:10887C008327810013870403130600002380E7007D
:10888C00938917008327810193060000130A0500C2
:10889C00138C170013890500EF50DEA0832781008D
:1088AC00E306059C03A7C1870328410183A68187A2
:1088BC00232A81002326E1002324D100232601034F
:1088CC002320F10213040A006F00800723260109FC
:1088DC00EF509EC0032A0100832A4100130B0500B0
:1088EC0013060A0093860A00938B0500EF500EB016
:1088FC00EF209FD693040500EF20DFDD13060A005E
:10890C0093860A00EF505EBD1306050093860500A2
:10891C0013050B0093850B00EF200FDE93891900D4
:10892C0093870403A38FF9FE13060000930600003F
:10893C001304050013890500EF50DE96630A0572D7
:10894C000327C10883274102032681008326C10027
:10895C00130504009305090013081700E318F7F634
:10896C000328C1028327010203244101E30C0810F0
:10897C0093061000130D0001E31AD88E0327810112
:10898C002326E10603C9F9FF6FF01F8B138509003D
:10899C0093050300232801072320F106EF50DEB3D3
:1089AC0083A7818703A8C18783280105930E0A003A
:1089BC0013071000130A04002328910483290106CD
:1089CC00930B0500138C0500938A0700130B08000A
:1089DC002326E1081384080093840E006F004001E5
:1089EC002326E108EF505EAF1304050093840500C5
:1089FC001305040093850400EF201FC6130905001E
:108A0C0063020502EF201FCD1306050093860500B7
:108A1C001305040093850400EF200FCE130405000A
:108A2C0093840500130909031379F90F2380290195
:108A3C008327C10803280104938919001305040036
:108A4C009385040013860A0093060B001387170006
:108A5C00E39807F98327010603A6818983A6C189B8
:108A6C0013850B0093050C00232AF10623208106A5
:108A7C0023209104EF109FD3832801068326010441
:108A8C00832401051386080023281105EF505E97F7
:108A9C008327410713040A00634005FA03A5818963
:108AAC0083A5C18913860B0093060C002320F106C5
:108ABC00EF208FC40326010583260104EF50DE86C8
:108ACC00832E01048328010583270106032801074F
:108ADC00E348A0240327C105032A81062328E104C7
:108AEC0003274103E35C07D013080000032781032D
:108AFC006302073C03270103630E073A83268103B5
:108B0C0003260103138706006354D60013070600DF
:108B1C00832681032326E108B389E64083260103DB
:108B2C003387E6402328E1020327C103631A073881
:108B3C00232C3103130900006FF0DFAE03278105EE
:108B4C00630A0746032781033386E4006340C06C45
:108B5C0003274104130A0900631E077A1307E8FF71
:108B6C002326E102930610002324010193090A0035
:108B7C00138B0700930B03002328F10293850B0042
:108B8C00130504002326D108EF00D05093050900EB
:108B9C00930A0500130C050013050400EF10D03DDB
:108BAC0093850B00930405001386090013850D00B3
:108BBC00EF10104293050500E30405BE8327C500A2
:108BCC00938A0A03638E070A13850D00EF100014B5
:108BDC0093051000E3C2040683270100B3E4F400FC
:108BEC00639A04008327410183A7070093F71700BA
:108BFC00E384070493041B00938604006356B000BF
:108C0C008327C102E3960716A38F54FF8327C1085D
:108C1C0003274102E38CE71293050400930600003E
:108C2C001306A00013850D00EF108010130405002F
:108C3C00E30805B693050900930600001306A0008F
:108C4C0013850D00630E3911EF10800E130905000A
:108C5C00E30805B493850900930600001306A000F1
:108C6C0013850D00EF10C00C93090500E30A05B243
:108C7C008326C108138B0400938616006FF01FF037
:108C8C002320A10213050400EF10102F83250102ED
:108C9C00130A050013850D00EF1040070327010090
:108CAC00B365EA00639C05588327410103278100C3
:108CBC0083A7070093F71700B3E7E700E39C07F0DF
:108CCC0093069003138A09008327010393890A00F2
:108CDC0013070B0013830B006388DA4EE3589022C2
:108CEC0093091C03130D000293080900230037019C
:108CFC0013090A00930917009305030013850D004F
:108D0C002324F10023201101EF10400083280100DF
:108D1C0083278100E30C0920E38A08A0E38828A1BB
:108D2C009385080013850D002320F100EF00107EC1
:108D3C00832701006FF09F9F9305000013850D00A2
:108D4C002320F100EF00907C83278100130D00019C
:108D5C00330CF04083270100938907006FF00FD18B
:108D6C00EF00107D13090500E30C05A29309050023
:108D7C006FF01FF09305040013850D00232AF102F8
:108D8C002326610223200103EF1090061304050033
:108D9C00E30805A00327C108832741030323C1026D
:108DAC00032801026FF05F8E930A000093075000B6
:108DBC002320F10093071000232CF1046FF0CF99BE
:108DCC00032741028326C1031307F7FF63CEE62C6A
:108DDC00338AE64003274102E350070C0327810343
:108DEC008326410223260108930907003307D74045
:108DFC00232CE1026FF04FF99305050013060700D1
:108E0C0013850D00EF10406813030500E30A059865
:108E1C00832701000328410313A727008327C103DD
:108E2C00630607009384F4FF638C0402232201047D
:108E3C0003270301232AF10223260103131727001A
:108E4C003307E3000325070123206102EF10C0174D
:108E5C00832741030328C102032301026FF0DF8043
:108E6C000327C102832601020327470013071700BB
:108E7C00E35ED7FA03270103938919001307170040
:108E8C002328E102130710002322E1046FF05FFA9C
:108E9C0093071000B387E740232CF102832781014D
:108EAC0023260104232E01022328F1022322F1049C
:108EBC006FF00F860327C10383298103E30C07C6D8
:108ECC000326C1039305040013850D002320F10430
:108EDC00232A0103EF10405B13040500E302058C09
:108EEC008327010403284103232C310313090000B9
:108EFC006FF04FF30326010013071000E342C7EC99
:108F0C0003270103032AC1033307D7002328E102F7
:108F1C0003278103B389E6006FF00FE79305030085
:108F2C00130504002328F1022326010323206102E8
:108F3C00EF109004032301020328C10283270103CD
:108F4C00635E05F493050400930600001306A0006D
:108F5C0013850D002326F102232261022320010335
:108F6C00EF00105D13040500E30C058283278101DB
:108F7C0003278105032801029387F7FF232CF100B7
:108F8C00032341028327C1026314076C0327810466
:108F9C00634EE00003270100132737006318070016
:108FAC00032781042322E1026FF08FF00327810451
:108FBC002322E102130B09009384070003294102C9
:108FCC0013071000930A0800130A0300938B070081
:108FDC006F0000029305040013850D00EF0050553F
:108FEC0013040500630E05FA0327C10813071700C5
:108FFC0093050A00130504002326E108EF009009ED
:10900C009384140093090503A38F34FF8327C108AD
:10901C00930600001306A000E3CE27FB13880A007A
:10902C0013090B0013030A0093870B00930800002D
:10903C0063000836130720006300E83A8326040116
:10904C0013071000634ED71803274401631A07183F
:10905C003337E000131D4700130600039389040007
:10906C0003C7F4FF9384F4FFE30AC7FE6FF0DFC875
:10907C0003244101832701026FF04F9F03278100D6
:10908C0093890700130D00011347F7FF232CE10010
:10909C006FF04FE8232C01046FF0CFC4930710003E
:1090AC00232CF1046FF00FC48326C1030326410463
:1090BC00232EE102B306D740B306D6002322D104F7
:1090CC008326410203264102032781032326D1086C
:1090DC0083260103B309C700130A0000B386C60038
:1090EC002328D1026FF04FCA9305090013060A001A
:1090FC0013850D002320F104232A0103EF10C0383F
:10910C0013090500630E05E893050500130604001A
:10911C0013850D00EF108012630405E8930504001D
:10912C002328A10413850D00EF00503E0327C10333
:10913C000324010503284103B3074741232EF10201
:10914C001387070083270104630E07CC6FF00FCB46
:10915C0083264102032701066384069E832681042D
:10916C00635AD0A61305070003A6818783A6C1877F
:10917C0093050A002320F106EF500EB603A60188D2
:10918C0083A64188930A0500138B05002328A104AC
:10919C00138A0500EF504EB403A6818883A6C188BC
:1091AC00EF10CFE0832781043707C0FC3303B700EF
:1091BC002320F1049307F0FF2326F1069309050001
:1091CC00832701066FE05FEA1306170093069003EE
:1091DC00930809009304060013090A002300D70022
:1091EC00130690036F0080006386971883C6F4FF04
:1091FC00938904009384F4FFE388C6FE93861600DB
:10920C002380D400130D00026FF01FAF93050900EB
:10921C0013850D002326F102232061022324010172
:10922C00EF10003D03288100032301028327C102B4
:10923C0013090500E31E05906FF08FD693050A0005
:10924C006FF05F990327C10613091003130717006A
:10925C002326E1066FF08F80130710032380E700AD
:10926C009305000013850D00938917002320F1004E
:10927C00EF00D02983270100130C2000130D0002EE
:10928C006FE0DFFE93060900130605002324F100AE
:10929C00EF10CFD1032A0100832A4100130B0500E4
:1092AC0013060A0093860A00938B0500EF50CE87B5
:1092BC0003C9F9FF83278100634CA01213060A002F
:1092CC0093860A0013050B0093850B002320F100F5
:1092DC00EF405EFD832701006316050093F6140032
:1092EC00639806100327810193860900130D000172
:1092FC002326E1069305000303C7F6FF93890600B6
:10930C009386F6FFE30AB7FE0327C106130C17007A
:10931C006FE0DFF58325490013850D002326F1024C
:10932C002320610223240101EF0090139304050014
:10933C00630805C6032609019305C9001305C5007A
:10934C001306260013162600EFA04F8B93850400FE
:10935C0013850D0013061000EF10802903288100DF
:10936C00032301028327C102130A0500631805FEBB
:10937C006FF00FC303278101930610032380D700DE
:10938C0013071700232CE100130D00026FF0DF967A
:10939C00930504001306100013850D00232AF10019
:1093AC002320610023241101EF10802413040500F5
:1093BC00630805BE83250100EF10003C0323010068
:1093CC008328810083274101E34CA0E0631605004C
:1093DC0093F91900E39609E08326040113071000A2
:1093EC00130D0001E34AD7C6032744016FF05FC693
:1093FC00032781012326E1066FE01FE48327010781
:10940C00130A040013040C009306000013050A0051
:10941C0093850B00130600002320F100EF409EE81B
:10942C008327C106B336A000139D4600138C17008A
:10943C00832701006FE09FE303288100138A090052
:10944C008327010393890A0013070B0013830B0076
:10945C00630C0814032604019306100063DEC62473
:10946C00930620006302D826130B090093040A000C
:10947C0013090700930A0300938B07006F00400247
:10948C00EF00100B93850A00130405001309190053
:10949C00630805B0EF0000409384090093090503AD
:1094AC009385040013850A00EF10002D930600002D
:1094BC001306A000635EA0202300390193850400ED
:1094CC0013850D00EF00D0069309050093060000EC
:1094DC001306A0009305040013850D00638209ACEC
:1094EC00E3109BFA138B09006FF09FF90327C1055A
:1094FC00032981078324C1072328E104032741039F
:10950C008327010783284107032A810613040C00D3
:10951C0013080000634407006FE09FEE6FE01FFF2D
:10952C0013060000930600001385080093850E00B7
:10953C002320F100EF401ED73336A0008327010013
:10954C0093860900131D46006FF0DFDA13870900BC
:10955C0093080900032881008327010393890A00DB
:10956C009384060013830B00130907006FF05FACA4
:10957C009306900383270103138A090013070B003A
:10958C0013830B0013860400E382DAC493891A0058
:10959C0023003B01930809009389040013090A0076
:1095AC00130D00026FF04FF56358B00493050400DF
:1095BC001306100013850D00232AF10023206100EF
:1095CC002324E100EF10C00213040500630A059C7C
:1095DC0083250100EF10401A0323010003278100AB
:1095EC0083274101635AA01093069003E38ED9BCE4
:1095FC0093091C03130800020326040193061000B0
:10960C00130D000163C2C6EE83264401639E06EC73
:10961C00130D08006FF04FED032741028326C103A1
:10962C001307F7FFE3C2E6A80326410283260103D2
:10963C002326C108B386C6002328D1028326C10382
:10964C00338AE64003278103B309C7006FE0DFF3D9
:10965C0093050900930600001306A00013850D0066
:10966C00EF00006D13090500630C059203278104BC
:10967C0003280102032341028327C1026348E0004F
:10968C000327010013273700E30C079003278104FD
:10969C002322E1026FF00FCB832641022326E1083F
:1096AC00032701033307D7002328E1020327810393
:1096BC00B309D7006FE05FED83264401E39206DA2D
:1096CC00E346B0EE6FF04FE2130D00016FF0CFE107
:1096DC009306900313070900138A040013090B0067
:1096EC0013830A0093870B00E380D9AE938919008A
:1096FC00130D00026FF04FDF6316050093F619008F
:10970C00E39406EE130800026FF01FEF032604012A
:10971C0093061000130D000163C8C6DC83264401B8
:10972C00B336D000139D46006FF00FDC0327810188
:08973C00130C17006FE09FB34E
:10974400B786000037850000130101FF938646A306
:10975400130585A413060000930590032326110026
:04976400EF500FAD06
:10976800130101FF232481002326110093067001B1
:1097780013040500130710009307400063F0B604B4
:1097880093971700938647011306070013071700DE
:10979800E3F8D5FE93050600232EC4021305040042
:1097A800EF00404C630205028320C100232CA40271
:1097B800032481001301010167800000232E0502A4
:0C97C800930500006FF09FFDEFF05FF7CD
:1097D400130101FE232C8100232A9100232E110062
:1097E4001308700193040500138405001307100087
:1097F40093074000637CD8069397170013854701AD
:109804009305070013071700E3F8A6FE23AEB4027E
:10981400138504002326C100EF0000450326C10080
:109824006300050623ACA402834704002300F5006B
:1098340063840704930514009307050003C7050018
:1098440093851500938717002380E700E31807FE2C
:10985400630406002320F6008320C1010324810150
:10986400832441011301010267800000232E0502B5
:10987400930500006FF0DFF9930705006FF05FFDBB
:04988400EFF01FECF6
:109888000327C50393071000B397E70023A4F50047
:0898980023A2E5006F00C047A8
:1098A00003A805018327050163C8071F1308F8FFF4
:1098B000931228001386450133035600130E450109
:1098C00083270300B3025E0003A70200130101FD1A
:1098D000938717002326110223248102B358F7022D
:1098E0006368F70C23229102930F0600130F0E00FA
:1098F000930400001304000083A70F00832E0F00C1
:10990000130F4F009396070193D6060193D70701D3
:1099100013970E0193D30E0113570701938F4F0036
:10992000B3861603B3871703B3869600939E06018A
:1099300093DE0E0193D606013307D74133078740E4
:10994000935E070193FE1E0013170701B387D7002C
:109950009396070193D60601B386DE0093D40701E0
:10996000B387D340939607011357070133E7E60007
:1099700093D70701232EEFFE13F41700E37EF3F7CE
:1099800083A70200639E07109382C2FF63685E0094
:109990006F0080011308F8FF63785E0083A7020060
:1099A0009382C2FFE38807FE832441022328050136
:1099B00023261101232EC101232C6100232AC1007B
:1099C0002328010113040500EF00D05B8328C100A8
:1099D000634A050A032EC1010323810103264101C5
:1099E000032801019388180013050E00930E000050
:1099F00083270500832606001305450013970701FA
:109A0000139F0601135F0F01135707013307E74147
:109A10003307D74193D506019356070193F61600F5
:109A2000B386B60093D70701B387D7401317070152
:109A3000939607011357070133E7E6001306460024
:109A400093D70701232EE5FE93FE1700E372C3FAB6
:109A500093172800B307FE0003A70700631407024B
:109A60009387C7FF6368FE006F0080011308F8FF4B
:109A70006378FE0003A707009387C7FFE30807FE8C
:109A8000232804018320C1020324810213850800D6
:109A900013010103678000001305000067800000C8
:089AA000832441026FF0DFF0A6
:109AA8000328050113DE554063480E0123280500ED
:109AB800232A0500678000001303450113162800B8
:109AC80093172E0093F5F5013306C300B307F3008F
:109AD8006382050683A6070093874700B3D6B600BE
:109AE80063F8C708930E0002B38EBE4093080300C4
:109AF80003A7070093884800938747003317D701C7
:109B08003367D70023AEE8FE83A6C7FFB3D6B600F7
:109B1800E3E0C7FE3308C8411318280033080301DF
:109B2800232ED8FE1308C8FF638A060213084800CC
:109B38006F00C00213070300E3FAC7F683A6070005
:109B48009387470013074700232ED7FEE3E8C7FE95
:109B58003308C8411318280033080301B3076840C5
:109B680093D727402328F500E30468F467800000B2
:109B7800232AD500E38C06F21308030013084800D3
:049B88006FF0DFFD9E
:109B8C0083260501130545019307000093962600D3
:109B9C00B306D500636AD5006F00C00413054500F9
:109BAC00938707026370D50403270500E30807FEBB
:109BBC00637AD502130101FD1305C101232611029D
:109BCC002326F100232EE100EF00C0488327C100BB
:109BDC008320C102B387A70013850700130101037B
:0C9BEC0067800000138507006780000000
:0C9BF800B7D7000083A74726678007004E
:109C04006380050263020604638806048347060032
:109C140023A0F500034506003335A000678000004B
:109C2400130101FF9305C10063040602638A06025F
:109C34008347060023A0F500034506003335A00042
:109C44001301010167800000130500006780000014
:109C5400130500006FF0DFFE1305E0FF67800000CE
:089C64001305E0FF6FF0DFFDC6
:109C6C0083274504130101FE232E11001307050061
:109C7C00938605006388070213962600B387C700F6
:109C8C0003A50700630805040327050023A0E700CC
:109C9C0023280500232605008320C101130101029E
:109CAC00678000002326B1001306100293054000C4
:109CBC002324A100EF40DFDE032781008326C100AF
:109CCC00930705002322A704E31805FA13050000E7
:109CDC006FF09FFC93051000B397D50013865700C7
:109CEC0013050700131626002326D1002324F100A8
:109CFC00EF401FDBE30C05FC8326C10083278100AA
:0C9D0C002322D5002324F5006FF09FF8FF
:109D18006380050203A7450083274504131727001E
:109D2800B387E70003A7070023A0E50023A0B70037
:049D38006780000040
:109D3C0003AE0501938E05001383060013884501BD
:109D4C009308000083270800130848009388180024
:109D5C00139707011357070193D60701B307C702DF
:109D6C00B386C602B387670013D707019397070121
:109D7C0093D70701B386E60013970601B307F700E4
:109D8C00232EF8FE13D30601E3CEC8FB63000302B7
:109D9C0083A78E006350FE0213172E003387EE004C
:109DAC00232A670093071E0023A8FE0013850E00CC
:109DBC006780000083A54E00130101FE232C810057
:109DCC0093851500232461002322C1012320D10196
:109DDC00232E110013040500EFF09FE8832E0100E1
:109DEC00032E4100032381001307050063000508BF
:109DFC0003A60E019385CE001305C500130626009D
:109E0C0013162600232661002324C1012322D1012D
:109E1C002320E100EF908FDE832E41008327440442
:109E2C00032E810083A64E000323C10013172E00BE
:109E3C0093962600B387D70083A607008320C10121
:109E4C000324810123A0DE0023A0D701832E01006F
:109E5C0093071E003387EE00232A670023A8FE0019
:109E6C0013850E001301010267800000B786000005
:109E7C0037850000938646A3130585A913060000B9
:089E8C009305A00BEF405FBA43
:109E9400130101FE232C81002328210123263101F3
:109EA4002324410123225101232E1100232A91004E
:109EB4009307900093890600130A0600130905000E
:109EC400938A05001304070063D2D70EB797E338CB
:109ED400938797E393868600B3B6F6029305000052
:109EE4009307100093D616009397170093851500D7
:109EF400E3CCD7FE13050900EFF01FD79305050047
:109F0400630A050A930710002328F500232A850015
:109F14009307900063D6470913849A0093040400BE
:109F2400B38A4A0183C604001306A000130509007E
:109F3400938606FD93841400EFF01FE0930505005B
:109F4400E39254FF33044401130484FF63563A0339
:109F5400B3844941B3049400834604001306A0006B
:109F640013050900938606FD13041400EFF0DFDCEB
:109F740093050500E31294FE8320C10103248101AB
:109F840083244101032901018329C100032A81009B
:109F9400832A410013850500130101026780000034
:109FA4001384AA00138A07006FF05FFA9305000078
:109FB4006FF05FF4B786000037850000938646A3F0
:109FC400130585A9130600009305300DEF405FA625
:109FD40093070500370701001305000063F6E70047
:109FE40093970701130500013707000163F6E700A3
:109FF40013058500939787003707001063EEE70089
:10A004003707004063FEE702139727006344070401
:10A01400130535006780000013974700B70600401A
:10A02400130545006370D7029397670063C4070262
:10A0340013971700E34E07FC130500026780000026
:10A04400138707001347F7FF1357F7013305E5009C
:0CA05400678000001305250067800000F5
:10A060008327050013F777006306070293F61700AE
:10A0700013070000639C060013F72700630E070A0E
:10A0800093D717002320F5001307100013050700CE
:10A090006780000013970701135707016314070433
:10A0A00093D7070193F6F70F130700016396060095
:10A0B0001307800193D7870093F6F70063820606A3
:10A0C00093F637006380060493F617006396060044
:10A0D0001307170093D717002320F5001305070077
:10A0E0006780000013F7F70F6302070413F7F70008
:10A0F000631607061307400093D7470093F637000F
:10A10000E39406FC93D6270013F6160063000604BA
:10A1100093870600130727002320F5006FF01FFC2C
:10A120001307470093D747006FF05FFD13078000C8
:10A1300093D787006FF05FF893D7270013072000AD
:10A140002320F500130507006780000093D7370030
:10A15000639E0700130700026FF05FF393D7370089
:10A16000130730002320F5006FF05FF71307370067
:08A170002320F5006FF09FF6BB
:10A1780083274504130101FE232E11001307050050
:10A18800938605006388070203A547006306050652
:10A19800032705008320C10123A2E70093071000CD
:10A1A80023260500232AD5002328F50013010102E0
:10A1B800678000002326B1001306100293054000B3
:10A1C8002324A100EF401F8E032781008326C100AE
:10A1D800930705002322A704E31805FAB7860000B1
:10A1E80037850000938646A3130585A9130600004A
:10A1F80093055014EF409F83130507001306C00111
:10A20800930510002324D100EF40DF89E30805FC03
:10A21800832681008320C101930720002324F500B1
:10A2280013071000930710002322E50023260500DA
:10A23800232AD5002328F5001301010267800000B6
:10A24800130101FE232821012326310103A9050159
:10A2580083290601232A910023244101232E11007A
:10A26800232C8100138A050093040600634C3901EE
:10A27800138709009384050093090900130A06004F
:10A288001309070083A7840083A5440033842901A8
:10A29800B3A78700B385F500EFF0DF9C630A051CC0
:10A2A8009308450113182400338808019387080090
:10A2B80063F8080123A0070093874700E3EC07FF32
:10A2C80093054A01131329003383650063F2651669
:10A2D80093962900938E4401B386DE00138E5401B1
:10A2E80033BEC60133869640134E1E001306B6FED3
:10A2F8006F00800193DF0F0163960F0A9385450075
:10A308009388480063F6651283AF050093930F01A5
:10A3180093D30301E38003FE93820800938F0E001A
:10A328009304000083A70F0003AF0200938242004A
:10A3380013970701135707013307770293D70701CC
:10A3480013190F0113590901135F0F01938F4F0060
:10A35800B38777023307270133079700B387E701ED
:10A36800135F0701B387E7011317070113570701A5
:10A37800139F07013367EF0023AEE2FE93D4070172
:10A38800E3E2DFFA9307000063040E009377C6FF49
:10A39800B387F80023A2970083AF050093DF0F016E
:10A3A800E38E0FF483A7080093820800138F0E0032
:10A3B800938407009303000003570F0093D9040107
:10A3C800939707013307F70393D70701130F4F003C
:10A3D80083A442009382420013990401135909018E
:10A3E800330777003307370193130701B3E7F30007
:10A3F80023AEF2FE8357EFFF13570701B387F70326
:10A40800B3872701B387E70093D30701E366DFFA31
:10A418001307000063040E001377C6FF3387E800B4
:10A428002322F7009385450093884800E3EE65EC06
:10A43800634880006F0080011304F4FF6308040080
:10A448008327C8FF1308C8FFE38807FE8320C101DC
:10A458002328850003248101832441010329010164
:10A468008329C100032A81001301010267800000CB
:10A47800B786000037850000938646A3130585A993
:0CA488001306000093052016EF404FDA89
:10A49400130101FE232C81002328210123263101ED
:10A4A400232E110093773600130406009309050048
:10A4B40013890500639A070C135424406308040AA3
:10A4C400232A910083A409046382040E9377140061
:10A4D40013541440639E070003A50400630A050493
:10A4E400930405009377140013541440E38607FE85
:10A4F400138604009305090013850900EFF09FD427
:10A50400630009020327490083A74904131727009E
:10A51400B387E70003A707002320E90023A027014E
:10A52400630804021309050003A50400E31A05FAED
:10A53400138604009385040013850900EFF09FD06F
:10A5440023A0A40023200500930405006FF09FF9C5
:10A554008320C101032481018324410103290101D2
:10A564008329C10013010102678000008320C10117
:10A57400032481018329C100130509000329010172
:10A58400130101026780000037A700001307077951
:10A5940093972700B307F70003A6C7FF93060000AD
:10A5A400EFF08FF9130905006FF01FF19305100008
:10A5B40013850900EFF04FEB9304050063000502D7
:10A5C4001307102793071000232AE5002328F5001A
:10A5D40023A0A904232005006FF05FEFB7860000D5
:10A5E40037850000938646A3130585A9130600004A
:08A5F40093055014EF40CFC3A2
:10A5FC00130101FD2320210303A9050183A7850075
:10A60C00232C4101135A564033092A012324810279
:10A61C0023229102232E3101232611021304190047
:10A62C00938405009309050083A5450063D8870032
:10A63C009397170093851500E3CC87FE13850900CB
:10A64C002326C100EFF0CFE10326C10063080510FB
:10A65C00930545016354400313075A001317270051
:10A66C003307E500938705009387470023AE07FE69
:10A67C00E39CE7FE131A2A00B385450103A80401E5
:10A68C00938744011376F6011318280033880701C9
:10A69C006300060A130300023303C34093880500CA
:10A6AC009306000003A70700938848009387470090
:10A6BC003317C7003367D70023AEE8FE83A6C7FF66
:10A6CC00B3D66600E3E007FF93875401130700003D
:10A6DC006368F800330898401308B8FE1377C8FF76
:10A6EC00B385E50023A2D50063940600130409008A
:10A6FC0003A7440083A749048320C1021317270032
:10A70C00B387E70003A707002328850003248102F1
:10A71C0023A0E40023A09700032901028324410213
:10A72C008329C101032A8101130101036780000001
:10A73C0003A70700938747009385450023AEE5FEEA
:10A74C00E3F607FB03A707009387470093854500B3
:10A75C0023AEE5FEE3EE07FD6FF05FF9B786000070
:10A76C0037850000938646A3130585A913060000C0
:08A77C009305E01DEF404FAB17
:10A784000327050183A70501130605003305F740D8
:10A794006312F70493972700130646019385450136
:10A7A400B385F500B307F6006F0080006374F6020A
:10A7B40083A6C7FF03A7C5FF9387C7FF9385C5FF7C
:10A7C400E386E6FE1305100063F6E6001305F0FFCA
:08A7D4006780000067800000AF
:10A7DC0003A7050183270601130101FE232E110097
:10A7EC00138F0500B308F7406310F7049396270006
:10A7FC009385450113074601B387D5003307D7006E
:10A80C006F00800063FCF51803A8C7FF8326C7FF01
:10A81C009387C7FF1307C7FFE306D8FE6372D81AE6
:10A82C00930810006F008001E3CC08FE930706002C
:10A83C009308000013860500138F0700832546003C
:10A84C002326E101232411012322C100EFF04FC183
:10A85C000326410083288100032FC10063080518DB
:10A86C0003280601832F0F019302460113172800BA
:10A87C00939F2F0013064F019303450123261501C7
:10A88C003383E200B30FF601938E0200138E0300A4
:10A89C009308000003A70E0083260600130E4E003B
:10A8AC00931707019395060193D7070193D50501DB
:10A8BC00B387B740B387170193D606011357070127
:10A8CC003307D74093D607413307D7009397070137
:10A8DC0093D7070193160701B3E7D7001306460079
:10A8EC00232EFEFE938E4E0093580741E364F6FB35
:10A8FC0093065F011307000063E8DF00B38FEF419D
:10A90C00938FBFFE13F7CFFFB38EE200938E4E00F2
:10A91C0033077700338E534013860E00130F470016
:10A92C0063FC6E0483260600B305C60113064600BD
:10A93C00139706011357070133071701B387160145
:10A94C001357074193D606013307D7009397070196
:10A95C0093D7070193160701B3E7D70023A0F5009F
:10A96C0093580741E36066FC1307F3FF3307D741A5
:10A97C001377C7FF3307E701639A07008327C7FFE5
:10A98C001307C7FF1308F8FFE38A07FE8320C101F2
:10A99C0023280501130101026780000093050000C4
:10A9AC00EFF00FAC630605028320C1019307100082
:10A9BC00232A05002328F5001301010267800000FB
:10A9CC009307060013060F00138F07006FF01FE7A5
:10A9DC00B786000037850000938646A3130585A92A
:10A9EC001306000093057023EF400F84B786000018
:10A9FC0037850000938646A3130585A9130600002E
:08AA0C0093055024EF404F8236
:10AA1400B707F07FB3F5B700B707C0FCB385F500FF
:10AA2400930700006356B000138507006780000099
:10AA3400B305B04093D545419307300163CCB700CB
:10AA4400B7070800B3D5B740930700001385070084
:10AA5400678000009385C5FE1307E001930710008B
:10AA64006346B700B7070080B3D7B700930500006B
:08AA7400138507006780000054
:10AA7C00130101FD232481020324050123229102E9
:10AA8C0093044501131424003384840023202103F0
:10AA9C000329C4FF232E31012326B100130509001D
:10AAAC0023261102EFF04FD28325C10013070002B9
:10AABC00B307A74023A0F5009307A0009309C4FF98
:10AACC0063DAA708130655FF63F03405832784FF68
:10AADC00630C0604B306C74033D7D7003319C9003B
:10AAEC003369E900B397C7003707F03F130684FFBB
:10AAFC003367E90063FEC402032644FFB356D60055
:10AB0C00B3E7D7006F00C0029307B000630CF500E9
:10AB1C003319C9003707F03F3367E900930700008A
:10AB2C006F000001930700003707F03F3367E9001F
:10AB3C008320C102032481028324410203290102E0
:10AB4C008329C10113850700930507001301010335
:10AB5C00678000009306B000B386A640B707F03FAD
:10AB6C003357D9003367F7009307000063F63401BD
:10AB7C00832784FFB3D7D700130555013319A900D8
:08AB8C00B367F9006FF0DFFA76
:10AB9400130101FC232821031389050093051000E8
:10ABA40023263103232441032326C100232E11022B
:10ABB400232C8102232A9102138A06009309070099
:10ABC400EFF08F8A0326C100630A050E1354460171
:10ABD400370710009307F7FF1374F47F93040500FD
:10ABE40033F6C700630404003366E600232EC10075
:10ABF400631009061305C101EFF04FC68326C10196
:10AC04001309100023A8240123AAD4001307050262
:10AC1400630404081304D4BC3304E400930750030E
:10AC240023208A003385E7408320C1030324810362
:10AC340023A0A900032901038329C102032A810255
:10AC44001385040083244103130101046780000079
:10AC540013058101232C2101EFF04FC08326C1018C
:10AC64000326810113070500630C05009307000206
:10AC7400B387A740B397F6003366F600B3D6A600B1
:10AC84003339D0001309190023AAC40023ACD4001B
:10AC940023A82401E31004F893162900B386D400F2
:10ACA40003A506011307E7BC2320EA00EFF04FB227
:10ACB400931759003385A7406FF01FF7B78600003C
:10ACC40037850000938646A3130585A91306000063
:08ACD4009305F030EF30DFD5ED
:10ACDC00130101FD23202103138905009305810035
:10ACEC00232611022324810223229102232E3101D7
:10ACFC0093090500EFF0DFD79304050013840500DA
:10AD0C00130509009305C100EFF09FD683A7090135
:10AD1C0003260901032781008326C100B387C7409E
:10AD2C00939757003307D740B387E700635EF00271
:10AD3C00939747013384870013060500938605001B
:10AD4C001385040093050400EF205EEA8320C10202
:10AD5C000324810283244102032901028329C101B6
:10AD6C00130101036780000093974701B385F540F9
:04AD7C006FF09FFCD9
:10AD8000130101FF232021012326110093077001E5
:10AD90001309050063DAA70423248100232291000C
:10ADA00083A7818383A5C18303A4818783A4C187EB
:10ADB000138507001306040093860400EF308EF21B
:10ADC0001309F9FF93070500E31409FE032481002A
:10ADD0008320C1008324410003290100138507005B
:10ADE000130101016780000037A700001319350027
:10ADF0001307077F33072701832707008320C1003C
:10AE00008325470003290100138507001301010171
:04AE10006780000057
:10AE1400832606019385F5FF93D555409385150048
:10AE2400939626009307460193952500B386D70091
:10AE3400B305B50063F8D7021307050003A807009C
:10AE44009387470013074700232E07FFE3E8D7FE45
:10AE5400B386C6409386B6FE93F6C6FF1305450037
:10AE64003385A6006378B50013054500232E05FE3F
:08AE7400E36CB5FE67800000ED
:10AE7C000327050113D65540930645016352C702BB
:10AE8C0013172700B387E60063F2F60403A7C7FF86
:10AE9C009387C7FFE30A07FE1305100067800000C5
:10AEAC0093172600B387F600E350E6FE93F5F50101
:10AEBC00E38C05FC03A60700130510003357B600FE
:10AECC003317B700E302E6FC6780000013050000AF
:04AEDC00678000008B
:0CAEE000B7D7000083A707266780070093
:10AEEC00638405029307F00F63E8C7002380C50055
:10AEFC0013051000678000009307A0082320F500BD
:10AF0C001305F0FF67800000130500006780000048
:10AF1C00130101FF23248100232291002326110019
:10AF2C0013040500EF00C022930405001305040070
:10AF3C00EF00C0206302050283A5418D13050400B8
:10AF4C00EF408EBF6346A00283A5818D13050400DC
:10AF5C00EF400EC8634205048320C1000324810026
:10AF6C001385040083244100130101016780000054
:10AF7C00EF80CFB583A4018D8320C1000324810011
:10AF8C00130720022320E5001385040083244100CD
:10AF9C001301010167800000EF804FB3930720027B
:0CAFAC002320F500930400006FF01FFB51
:10AFB80093D7454193F7F77F138617C013083001DD
:10AFC80093860500930805006344C804634E060A87
:10AFD800B70710009387F7FFB3D7C74033F7B70019
:10AFE8003367A7006302070C370708003357C740C9
:10AFF80093C7F7FF3307B7003377F70093070000CD
:10B0080013080700138507009305080067800000F0
:10B01800130330036358C302130700409307050066
:10B0280013880500E310E6FE130101FF130605006F
:10B0380023261100EFF0CEF78320C1001301010190
:10B04800678000009387D7BE138705009305F0FF3C
:10B05800B3D5F50033F5A5009387080013880600DB
:10B06800E30205FA3303C3401306100033166600E3
:10B07800B307160163F4C7001387160093C5F5FFDD
:10B08800B3F7F5006FF0DFF7370700809306F0FF9E
:10B098003377B70093070000E314D6F6B706F03FFE
:10B0A8003367D7006FF0DFF59307050013880500B5
:04B0B8006FF05FF5E1
:10B0BC009357750193F7F70F938717F89306600171
:10B0CC0063CEF60263CE0704B70680009386F6FFC4
:10B0DC00B3D6F64033F6A60093050500630C0600C4
:10B0EC00B7054000B3D5F54093C6F6FFB385A50070
:10B0FC00B3F5B600138505006780000093060008C1
:10B10C0093050500E398D7FE130101FF23261100D8
:10B11C00EF305EA78320C10013010101678000009E
:10B12C00B70500809306F0FFB3F5A500E394D7FCB8
:0CB13C00B707803FB3E5F5006FF0DFFBC4
:10B1480013151500B707807F135515003335F50023
:04B15800678000000C
:10B15C00130101FD931715002324810223261102EC
:10B16C0093D717003707807F13040500636EF7161B
:10B17C009356F501638EE7263777B1421307772193
:10B18C006344A7246388060037F7CF421307571B85
:10B19C006366F7243777B13E2322910223202103E3
:10B1AC0013078721637EF7143717853F232E310150
:10B1BC00232C4101130717596362F72A13972600B2
:10B1CC009387C192B387E70083A50700130504009A
:10B1DC002326D1002324E100EF40CEDA032781009F
:10B1EC00938741928326C100B387E70083A70700AA
:10B1FC0013C7160093090500138A07003309D740BB
:10B20C0093050A0013850900EF40CED7930505007E
:10B21C0013040500EF404EA583A5818E9304050011
:10B22C00EF408EA483A5C18EEF40CED5938504004C
:10B23C00EF408EA383A5018FEF30DE94938504003D
:10B24C00EF408EA283A5418FEF40CED393850400AF
:10B25C00EF408EA183A5818FEF30DE9293850400A1
:10B26C00EF408EA09305050013050400EF408ED12E
:10B27C00930505002324A10013050400EF40CE9E86
:10B28C008327810093040500630C092203A5C18B5D
:10B29C0093850700EF400ECF93050500138504003E
:10B2AC00EF301ED19305050013050A00EF408ECD3B
:10B2BC0093850900EF400ECD9305050003A5818A07
:10B2CC00EF404ECC930730F8634CF9129317790189
:10B2DC0083244102032901028329C101032A81012C
:10B2EC003385A7006F00C00093050500EF309E89E1
:10B2FC008320C10203248102130101036780000033
:10B30C003707003463E2E7129305040013050400C9
:10B31C00EF408E9583A5818E93040500EF40CE946B
:10B32C0083A5C18EEF400EC693850400EF40CE93EB
:10B33C0083A5018FEF301E8593850400EF40CE92DC
:10B34C0083A5418FEF400EC493850400EF40CE914E
:10B35C0083A5818FEF301E8393850400EF40CE9040
:10B36C009305050013050400EF40CEC193070500BB
:10B37C0093850700130504002324F100EF40CE8EC3
:10B38C0083A5C18B9304050003258100EF408EBF7C
:10B39C009305050013850400EF309EC1930504004E
:10B3AC00EF404EBE9305050003A5818AEF408EBD8C
:10B3BC008320C10203248102832441020329010258
:10B3CC001301010367800000032481028320C10262
:10B3DC0013050000130101036F0000170324810201
:10B3EC008320C10213050000130101036F004015F7
:10B3FC0013050000E39E06EE130504006FF05FEFEB
:10B40C009307490683A50190939777013385A7008D
:10B41C00EF408E8583244102032901028329C10157
:10B42C00032A81016FF0DFEC83A5C18F13050400A3
:10B43C00EF304EF583A5818A13890700EF30DEEFDC
:10B44C00E354A0EC83A5818A13050400EF308EF33E
:10B45C0083244102032901026FF09FE983A5C18D6A
:10B46C00130504002324D100EF400E8083268100B5
:10B47C009387419393962600B387D70083A5070043
:10B48C00EF304EF0EF404EF413090500EF40CEFACA
:10B49C0083A5018E93040500EF301EFD9305050076
:10B4AC0013050400EF400EAE83A5418E93090500F1
:10B4BC0013850400EF305EFB130A05006FF05FD4B8
:0CB4CC008329C101032A81016FF09FEA6F
:10B4D800130101FE232C8100232E11001304050003
:10B4E8002326B100EF70DFDE8325C1008320C10170
:10B4F8002320B50013050400032481011301010270
:04B508006780000058
:10B50C00130101FF2326110063000502370500809B
:10B51C003345B500EF305EF58320C1009305200262
:10B52C00130101016FF09FFA13850500EF30DEF374
:10B53C008320C10093052002130101016FF01FF954
:08B54C0083A541906FF0DFFBC5
:08B5540083A581906FF05FFBFD
:10B55C00130101FF232611006300050203A5C18A14
:10B56C0093050000EF30DEA48320C1009305200278
:10B57C00130101016FF09FF503A5818A930500006B
:10B58C00EF301EA38320C10093052002130101019B
:04B59C006FF0DFF37A
:10B5A000130101FF930505002326110023248100C8
:10B5B0002322910013040500EF408E9D93050500A2
:10B5C000EF30DE9F9304050093050400130504008B
:10B5D000EF20DFA263100502032481008320C10055
:10B5E0001385040083244100930510021301010117
:10B5F0006FF09FEE8320C1000324810013850400B7
:0CB6000083244100130101016780000059
:10B60C00130101FE930700012324F1008327050099
:10B61C00232C81001304060083A787010326060050
:10B62C00232E1100232001002322010023260100D8
:10B63C0093060100E7800700832741001307600091
:10B64C001305000093F767006398E7008327010058
:10B65C00130510002320F4008320C1010324810171
:08B66C001301010267800000D8
:10B67400130560006304C700130510006780000011
:10B68400B7B700009387479F2320F5006F10400948
:10B69400130101FE232E11002326A100EFF05FFE0B
:10B6A4000325C1008320C101930580001301010219
:04B6B4006F00401FC4
:10B6B8006302B504834605001307A0029307000040
:10B6C800638CE602130101FF2326110083C70500DE
:10B6D800938767FD93B71700B385F500EF80DEBA4F
:10B6E8008320C1009337150013850700130101015A
:10B6F800678000009307100013850700678000002B
:10B708006302B504834605001307A00293070000EF
:10B71800638CE602130101FF2326110083C705008D
:10B72800938767FD93B71700B385F500EF80DEB503
:10B738008320C10093371500138507001301010109
:10B7480067800000930710001385070067800000DA
:10B7580083A5450003254500130101FE2326C100EA
:10B768002324D100232E1100EFF09FF483268100BB
:10B778000326C100630C05009307800023A6F6008A
:10B788009307600023A0C60023A2F6008320C1010E
:08B798001301010267800000AB
:10B7A000130101FD2320210313090700032745008E
:10B7B0002324810223229102232E31012326110208
:10B7C0009304060013840800930907006310090519
:10B7D00083A54700130507002326D100EFF0DFED16
:10B7E0008326C10063040502232494008320C10240
:10B7F0000324810283244102032901028329C10118
:10B8000013050000130101036780000083A54600B3
:10B8100013850900EFF05FEAE30A05FC93071000C7
:10B8200023202401232294002326F4006FF01FFC20
:10B83000130101FE232C8100232A910013840500AB
:10B840009304050083A5450003254500232E110020
:10B850002326C1002324D100EFF01FE6631C05025C
:10B86000832681009307300063E6D7028327040014
:10B8700013050400032481010326C1008320C101B4
:10B8800083A747019385040083244101130101022A
:10B89000678007008320C1010324810183244101C3
:08B8A0001301010267800000A2
:04B8A8006F40802B42
:10B8AC0013070000930600008347050013051500DD
:10B8BC0013F6F707939787013316D60093D7874172
:10B8CC003367C70093867600E3C007FE23A0E5002C
:04B8DC006780000081
:10B8E00093070000130700008346050013051500A9
:10B8F00013F6F6073316E600B3E7C7001396860182
:10B900001356864113077700E34006FE1306F00145
:10B91000636CE60093F60604638806009306F0FF66
:10B920003397E600B3E7E70023A0F5006780000047
:10B9300083270600130101FD23248102232EF10039
:10B9400083A70500232291022326B10083A7870045
:10B950002326110293040500138505001304060035
:10B96000E78007008325C100630805008327C10124
:10B9700083A70700232EF10083A70400930610007D
:10B980001306C10183A7070113850400E7800700A0
:10B99000630605008327C1012320F4008320C10230
:10B9A0000324810283244102130101036780000004
:10B9B000130101FD23229102232E310123261102BE
:10B9C000232481022320210393070005930406000A
:10B9D00093890600631AF502130536001375C5FF37
:10B9E00083270500130545008320C102032481023B
:10B9F00023A0F90083244102032901028329C10104
:10BA000013010103678000009377F5001307C0005E
:10BA1000130905006360F71037B7000093972700FC
:10BA2000130787A1B387E70083A7070013840500E6
:10BA3000678007009305C10013050600EFF01FE7BC
:10BA40008327C100E38207FA1377090793060001F1
:10BA50006314D70013840400131989011359894111
:10BA6000B3878700E35209F883A707006FF0DFF779
:10BA70009305C10013050600EFF09FE66FF05FFC31
:10BA8000834716000347060093978700B3E7E70054
:10BA9000138524006FF01FFB834716000347060041
:10BAA00093978700B3E7E7009397070193D7074180
:10BAB0006FF01FFE8347160003470600130546007C
:10BAC00093978700B3E7E7000347260013170701A2
:10BAD0003367F7008347360093978701B3E7E700A2
:10BAE0006FF05FF6834716000347060013058600D4
:10BAF00093978700B3E7E700034726001317070172
:10BB00003367F7008347360093978701B3E7E70071
:08BB10006FF05FF3EF209FF0DE
:10BB1800130101FE232E11001308050003454501FA
:10BB28009307F00F630EF504937775001307200051
:10BB3800638CE704930640006368F70013870600E8
:10BB4800638C0700EF201FED130730006382E704C2
:10BB580013078000E398D7FEB385E5020326C800E3
:10BB68009306C1003306B64083258800EFF0DFE373
:10BB78008320C1010325C100130101026780000071
:10BB8800130700006FF05FFD138707006FF0DFFCFD
:08BB9800138706006FF05FFC4B
:10BBA000130101FD232481020324C50093C6F6FF7F
:10BBB000232291022320210323261102930405004E
:10BBC000138905002326C1003304D4009305C10165
:10BBD00013050400EFF09FCD8325C1011304050078
:10BBE000638A050213850400EFF01FF31306C100FA
:10BBF00093050900EFF0DFD3E30A05FC8320C102BF
:10BC00000324810283244102032901021301010359
:0CBC100067800000130500006FF05FFE6D
:10BC1C001307F00F930705006300E50493F707077C
:10BC2C001307000313850500638EE702636EF700AC
:10BC3C00130700026386E7026370F702130101FF2A
:10BC4C0023261100EF20DFDC13070004638EE700CE
:10BC5C0013070005E394E7FE13050000678000005E
:0CBC6C006F600EEF6F604EEE6F600EEB2D
:10BC7800130101FE232C81001384050093050500A0
:10BC880013050400232E11002326C1002324D1000C
:10BC9800EFF05FF893050500130504000324810104
:10BCA800832681000326C1008320C10113010102FC
:04BCB8006FF09FCFBB
:10BCBC00130101FD23248102232291022326110268
:10BCCC00930405001304060093070000630A0500A3
:10BCDC002326B100EF604EE48325C10093070500D5
:10BCEC002320F4001386150083C505001307F00FFD
:10BCFC00638AE5069306440013850400EFF01FF7F2
:10BD0C0013060500034706009306F00F13051600F3
:10BD1C00230AE40093070000630AD7009305C101CE
:10BD2C00EFF01FB88327C101B307F5002326F400F9
:10BD3C00834705009305C10113051500A30AF40000
:10BD4C00EFF01FB68327C1018320C1028324410277
:10BD5C00B307F5002328F400032481021301010327
:0CBD6C00678000002322F4006FF0DFF974
:10BD7800130101F8232E1106232C8106232A91068C
:10BD8800232821072326310723244107232251078B
:10BD980023206107232E7105232C8105232A910571
:10BDA8002328A1052326B10523280100232A010001
:10BDB800130810006312053BB7DAD4BC938A0A5003
:10BDC80037B8B1B8B30A56011308C8AB33B6CA00BE
:10BDD800B3860601330AD600930C0000130D050044
:10BDE80063140A0063745501130D0000938BA5FFBB
:10BDF80093BB1B002324F100B37B7D0113040700D0
:10BE0800138B0500638A0B00832447FF6390043477
:10BE180013050400EF40C01C03258100EF608ECF9E
:10BE2800130C05006304050E930505000325810026
:10BE380013068102230E0102EFF0DFE7834CC103F2
:10BE4800832581002326A10013850C00EFF09FDCD9
:10BE58002328A1020325810093054101EF60CEC983
:10BE6800832741010326C10093B71700B304F540A7
:10BE780083298103636C3601130D000093040000CD
:10BE880093090000930710006F00400D8345D1030C
:10BE980093068101130500002326B100EFF05FDD52
:10BEA8008325C100130605009306C1011305000090
:10BEB800EFF01FDC8325C10013060500930601027D
:10BEC80013050000EFF0DFDA93054102EFF09F9DC4
:10BED800832781020327810113060500B387E70042
:10BEE80063ECF40A0327C101B387E700E3F2F4F82F
:10BEF80083240102638604008327C102B384F4000B
:10BF08008327410263840704639C040813058000A7
:10BF18008320C107032481078324410703290107DC
:10BF28008329C106032A8106832A4106032B0106B9
:10BF3800832BC105032C8105832C4105032D0105A5
:10BF4800832DC1041301010867800000E38004FC0D
:10BF5800130D0000930900009307200013771B00BE
:10BF68006308071413072000E382E7FA63120A0242
:10BF78009307100063EE5701832701012324A4FFD0
:10BF8800232634FF232884FF232CF4FE232A94FE3F
:10BF9800130560006FF0DFF7138609006FF05FED9F
:10BFA8009387F7FFB389F90093778B00639C0708A1
:10BFB800631E0A0813071000636A570983460400C2
:10BFC800B3F6E6001307040263840600032704FDA2
:10BFD800032907FB2328E10093B71700337DFD00F1
:10BFE800B3372001B3FDA7019305C10113850900EB
:10BFF800EFF09F8E930501022326A100EFF0DF8D5D
:10C00800032DC10163020D0A930720006304FB0698
:10C018006352A00593050D0013058102230E9103B9
:10C02800EFF01FAF630C0500630609041306010156
:10C0380093050900EFF05F8F630E05029307300048
:10C048006FF0DFF1138901956FF01FF9138981955E
:10C058006FF09FF8638A0D020326010193060D0015
:10C068009305090013058102230E9103EFF0DFB257
:10C07800E30605FC032D010263040D0E8327C100AE
:10C08800B389A7016FF05FF6832741031345FDFFCE
:10C09800930541023385A700EFF0DF808327410233
:10C0A800E39A07FC6FF09FF9930B10006FF09FFC69
:10C0B800137B8B001307100063160B0063140A0030
:10C0C800637E57016394E700EF00C01A63560D04BE
:10C0D800EF00401CEF30D0766FF01FFFE38AE7D205
:10C0E800635C0D02032581001306810293050C0091
:10C0F800230E9103EFF01FBC0349C1038325810080
:10C1080013050900EFF01FB183258100130509000D
:10C11800EFF05FB0232AA4FE032581001306040074
:10C128009305A000EF60CE950325810013060D004E
:10C138009305B000EF60CE94032581009385040039
:10C14800EF60CE9C130570006FF09FDC032D87FE17
:10C15800032C07FF6FF0DFF8130530006FF05FDB8B
:0CC1680093072000E39C0BDE6FF05FDA11
:10C17400130101FB232481042322910413040500E9
:10C1840023202105232E310323261104EF30906B45
:10C19400832704FF032584FD13890700832784FE76
:10C1A400938407008327C4FD93890700832744FFF2
:10C1B4002320F102EF00400DEF30D068EF40C005BE
:10C1C4008327050003C707031384070513771700A4
:10C1D4006304070003A40700130681019305090003
:10C1E40013050000EFF05FAD832504FB9386040084
:10C1F4001306040013058101EFF05F9A630E050036
:10C20400EF00C01F2326A100EF30106EEF30D06D79
:10C214000325C100EF608ED637C400009386040066
:10C22400130600009305848513058101EFF01F9721
:10C234006304050213054000EF30D027B7C70000A0
:10C244009387478C370605002320F5001306061D47
:10C2540093058485EF00001513850900EF00400065
:10C26400130101FF23261100E7000500EF20CFFA98
:08C27400EF30505DEF204FFA9E
:10C27C0003A50182130101FF23261100EFF0DFFD5E
:10C28C00130101FF23261100E7000500EFF05FFE0C
:10C29C0003A54181130101FF23261100EFF05FFE7E
:10C2AC009307050063160500B7C7040093878779C9
:0CC2BC0003A5018223A0F182678000002E
:08C2C80003A50182678000005C
:10C2D0009307050063160500B7C704009387C727B7
:0CC2E00003A5418123AAF18067800000C3
:08C2EC0003A5418167800000F9
:10C2F400130101FE232E11009307100063F6A7001B
:10C3040003A5C5FDEFF0DFF503A705FC9306F7FFD2
:10C3140023A0D5FC6314F70283A745FD138505020A
:10C32400638807002326A100E78007000325C100D6
:10C334008320C101130101026F30501D8320C1010C
:08C344001301010267800000F3
:10C34C00130101FF23261100232481002328B5FAB1
:10C35C00232AC5FA232005FA13040500EFF05FF831
:10C36C00232CA4FAEFF09FF503A7018A83A7418A37
:10C37C00232EA4FA8320C1002322F4FEB7C70400A5
:10C38C009387472F2320E4FE2324F4FE130504FA9D
:0CC39C00032481001301010167800000F0
:10C3A800130101FE232E1100232C81002326B10046
:10C3B800130405002324C100EF305066832745008D
:10C3C800032681008325C100938717002322F500E7
:10C3D80013050400EFF01FF793071000130405047A
:10C3E8002320F50013050400EF60CE851305040033
:08C3F800EF301045EFF01FE8E3
:10C40000130101FF2326110023248100EF309061E6
:10C410000327450083270500130717002322E500A3
:10C420006388070483A6070303A6470337D7D4BC52
:10C4300013070750B7B5B1B83387E6009385C5AB8E
:10C44000B336D7003306B600B386C600639606003F
:10C450009306100063F0E60223200500138407030F
:10C4600013050400EF60CEC213050400EF30D03D89
:10C47000EFF0DFE003A747013307E04023AAE7001E
:04C480006FF0DFFD7D
:10C48400130101FF23248100232611001304050056
:10C49400631405001304100013050400EF20CFEE0D
:10C4A400630A05008320C1000324810013010101F4
:10C4B40067800000EF30D05B63160502130540006F
:10C4C400EF30407FB7B70000938707B03706050009
:10C4D400B7B500002320F5001306C6A69385C5AEA4
:0CC4E400EFF05FECE70005006FF01FFBBD
:10C4F000B7B70000938787A82320F5006FF08F98C7
:10C50000130101FE232E11002326A100EFF05FFE90
:10C510000325C1008320C1019305C000130101025E
:04C520006FF08FB871
:10C52400130101FD232AF1008327450023248102FE
:10C534001384050083A54600232291029304050079
:10C544001385070023202103232EC100232CE1009F
:10C554002328010123261101138907002324D10074
:10C5640023261102EFF00F9A832681008328C1004D
:10C574000328010183274101032781010326C10107
:10C584006308050423A0E80023A2C800634A040248
:10C5940033078700930710006314E80093076000D3
:10C5A40023A6F8008320C1020324810283244102CC
:10C5B4000329010213050000130101036780000031
:10C5C4009307E0FFE310F4FE930710006FF05FFDA4
:10C5D4006316070583A5470013050900232E1101DF
:10C5E400232C0101232AE1002328D1002326C100A2
:10C5F4002324F100EFF00F910327410183278100E9
:10C604000326C100832601018328C1011308070002
:10C614006306050023A4C8006FF0DFF803A58400B7
:10C624008320C102832441028325050003290102DA
:10C6340003A3C5019305040003248102130101032C
:04C644006700030088
:10C64800130101FE232C8100232A9100232E1100BF
:10C6580013040500938405006316C70283A54600EA
:10C66800032545002326E1002324C1002322D1000D
:10C67800EFF00F8903268100832641001307060087
:10C688006314050203258400032481018320C1016A
:10C6980083270500938504008324410183A70702AB
:10C6A80013010102678007008320C101032481016F
:10C6B8008324410113056000130101026780000013
:10C6C800130101FE232C8100232E11001304050001
:10C6D8002326B1002324C1002322D100EFF04F8785
:10C6E8006316050203258400032481018326410083
:10C6F80083270500032681008325C1008320C1010B
:10C7080083A7870113010102678007008320C10105
:0CC718000324810113010102678000006E
:04C72400678000002A
:08C7280013050000678000000A
:08C73000130500006780000002
:08C73800930580006FF0CF961D
:10C740000327450083A545006302B704834607001D
:10C750009307A00213050000638EF602130101FF88
:10C760002326110083C7050013050700938767FD83
:10C7700093B71700B385F500EF709EB18320C10019
:10C780001335150013010101678000001305100027
:08C790006780000067800000D3
:10C7980003C741A5130101FD2324810223261102A9
:10C7A8002322910223202103630E070083A701811E
:10C7B80037850000130545AE83A5C700EF80D04339
:10C7C800EF204FA513071000238AE1A4EF3090252E
:10C7D8006302050C832445009306C101130600007B
:10C7E80083C7040093050000938767FD93B717007C
:10C7F800B384F400138504009307F0FF232EF1009F
:10C80800EFD0DEE583A70181130905003785000015
:10C8180083A5C700130545B0EF80103E83A70181AB
:10C828001305090083A5C7008327C1016384070096
:10C8380013850400EF80503C83A7018137850000F1
:10C84800130585B383A5C700EF80103B8327C1017B
:10C858006396070013050900EF208FB3EFF0DFB9E7
:10C86800930710006396F506EF30807D8327050057
:10C8780083A78700E780070083A701819304050049
:10C888003785000083A5C7001305C5B6EF80D036ED
:10C898006F00800183A70181378500001305C5B3A8
:10C8A80083A5C7006FF09FF183A70181138504005A
:10C8B80083A5C700EF80503483A701811305A0002A
:10C8C80083A5C700EF801022EF30D0016FF05FEF33
:10C8D800EF300077EF3010016FF09FEE2326A100B4
:0CC8E800EF3050000325C100EF501EE9A6
:10C8F400130101FF1305400023261100EF30803B94
:10C90400B7C700009387478C37060500B7C50000FA
:10C914002320F5001306061D93858585EFF09FA857
:10C92400130101FF1305400023261100EF30803866
:10C93400B7B70000938707B037060500B7B5000006
:10C944002320F5001306C6A69385C5AEEFF09FA578
:10C95400130101FF1305400023261100EF30803539
:10C96400B7B700009387C7B337060500B7B5000013
:10C974002320F5001306C6AA938585B2EFF09FA283
:10C98400130101FF1305400023261100EF3080320C
:10C99400B7B70000938787B637060500B7B5000020
:10C9A4002320F5001306C6AE938545B5EFF09F9F8F
:10C9B400130101FF1305400023261100EF30802FDF
:10C9C400B7B70000938787B937060500B7B50000ED
:10C9D4002320F5001306C6B2938545B8EFF09F9C5B
:10C9E400130101FE2326A10013058000232C8100DE
:10C9F400232E1100232A9100EF30C02B8325C10080
:10CA040013040500EF30906537060500B7C5000034
:10CA1400130646379385859013050400EFF09F981D
:10CA24009304050013050400EF30402E1385040021
:04CA3400EF50DED40D
:10CA3800130101FE2326A10013058000232C810089
:10CA4800232E1100232A9100EF3080268325C10070
:10CA580013040500EF30D06537060500B7C50000A0
:10CA68001306463D9385859213050400EFF05F9306
:10CA78009304050013050400EF3000291385040012
:04CA8800EF509ECFFE
:10CA8C00130101FE2326A10013058000232C810035
:10CA9C00232E1100232A9100EF3040218325C10061
:10CAAC0013040500EF30506337060500B7C50000CE
:10CABC00130646409385C59413050400EFF01F8EB2
:10CACC009304050013050400EF30C0231385040004
:04CADC00EF505ECAEF
:10CAE000130101FE2326A10013058000232C8100E1
:10CAF000232E1100232A9100EF30001C8325C10052
:10CB000013040500EF30D06037060500B7C50000FC
:10CB1000130646439385C59613050400EFF0DF889E
:10CB20009304050013050400EF30801E13850400F4
:04CB3000EF501EC5DF
:10CB3400130101FE2326A10013058000232C81008C
:10CB4400232E1100232A9100EF30C0168325C10043
:10CB540013040500EF30505E37060500B7C500002A
:10CB6400130646469385C59813050400EFF09F838A
:10CB74009304050013050400EF30401913850400E5
:04CB8400EF50DEBFD1
:10CB8800130101FC232E1100232C8100232A91007C
:10CB98001304010223282101130905002328E400B6
:10CBA800232C0401232E14012322B4002324C400BF
:10CBB8002326D400232AF400EF601F9793077521DA
:10CBC80093F707FF3301F1409307F10093F407FF50
:10CBD80093050520930644001306090013850400F5
:10CBE8002326D4FEEF00402A13058000EF30400CC6
:10CBF8009385040013090500EF30D053370605006C
:10CC0800B7C50000130646469385C5981305090065
:10CC1800EFF00FF99304050013050900EF30C00E7B
:08CC280013850400EF505EB516
:10CC3000130101FE2326A10013058000232C81008F
:10CC4000232E1100232A9100EF3000078325C10015
:10CC500013040500EF30505137060500B7C500003A
:10CC6000130646289385C59A13050400EFF0CFF309
:10CC70009304050013050400EF30800913850400B8
:04CC8000EF501EB0A3
:10CC8400130101FE2326A10013058000232C81003B
:10CC9400232E1100232A9100EF30C0018325C10007
:10CCA40013040500EF30905137060500B7C50000A6
:10CCB4001306462E9385859C13050400EFF08FEE32
:10CCC4009304050013050400EF30400413850400A9
:04CCD400EF50DEAA95
:10CCD800130101FE2326A10013058000232C8100E7
:10CCE800232E1100232A9100EF20907C8325C10078
:10CCF80013040500EF30104F37060500B7C50000D4
:10CD0800130646319385859E13050400EFF04FE91D
:10CD18009304050013050400EF20107F1385040019
:04CD2800EF509EA585
:10CD2C00130101FE2326A10013058000232C810092
:10CD3C00232E1100232A9100EF2050778325C10068
:10CD4C0013040500EF30904C37060500B7C5000002
:10CD5C0013064634938585A013050400EFF00FE409
:10CD6C009304050013050400EF20D079138504000B
:04CD7C00EF505EA076
:10CD8000130101F7232481082322910813040109C8
:10CD900093840500B785000023261108232021096C
:10CDA000232E31071306900693090500938585B756
:10CDB000130544F7B3843441EF600FE5938704080B
:10CDC00093F707FF3301F1401309F100137909FFCD
:10CDD00013068006930544F713050900EF60CFE2C0
:10CDE000138604009385090013058906EF60CFE1DF
:10CDF000B30499002384040613050900EFF09FBED5
:10CE0000130101FE232C8100232E110013040102C3
:10CE1000130101FE1307F100137707FF9307C70003
:10CE2000B788000093860700938848BE1303A000CC
:10CE3000130E9000337866029386F6FF338808015C
:10CE400003480800238006011308060033566602D3
:10CE5000E3620EFF3386D74063E8C502B305C740DF
:10CE60009385C5002326C4FEEF600FDA0326C4FEB7
:10CE7000130104FE8320C101032481011305060070
:10CE800013010102678000001306F0FF6FF05FFEE0
:10CE9000130101FD9385F5FF2324810223229102D2
:10CEA00023202103232E3101232C4101232A510168
:10CEB000232861012326110293090500930406002B
:10CEC0003309B50013040500130A5002930A300712
:10CED000130BA00703C704006302070A637024054D
:10CEE000631E470183C7140063825703638C670581
:10CEF000B387474193B71700B384F4002300E400DD
:10CF000093841400130414006FF0DFFC83A7060061
:10CF100003C7070063020702631824019305040096
:10CF200013850900EFF0DFE5130414009387170061
:10CF3000A30FE4FE6FF0DFFD938646009384240088
:10CF40006FF05FF903C6240093075007E318F6FA61
:10CF500003A60600B3058940130504002326D1006B
:10CF6000EFF01FEAE35CA0FA8326C1003304A400BB
:10CF700093843400938646006FF0DFF523000400AD
:10CF8000330534418320C1020324810283244102FA
:10CF9000032901028329C101032A8101832A410156
:0CCFA000032B0101130101036780000056
:0CCFAC00630406006F608FC56780000002
:10CFB800938705009305060063860700138607001C
:10CFC8006F501F80130500006780000093870500DD
:10CFD8009305060063860700138607006F504FFE0F
:08CFE800130500006780000042
:10CFF000630406006F805003130500006780000083
:10D0000063D80500130101FF23261100EFF09F9163
:08D01000138505006FF00FC746
:08D018002320B5006780000031
:08D020002322B5006780000027
:08D028000325050067800000EC
:08D03000130585006780000074
:08D0380013058500678000006C
:08D040002324B5006780000005
:10D04800832705002322B500B387B7002380070094
:04D0580067800000ED
:10D05C0093078500032505003305F54013351500AE
:04D06C0067800000D9
:10D0700083A70500370700801307E7FF637CF700ED
:10D0800037850000130101FF130505BF232611009A
:10D09000EFF01FA5637CF6001316160063F8C700B7
:10D0A000636AC70023A0C500930706009385170095
:10D0B0006FF01FF523A0E500930707006FF01FFF37
:10D0C0009307050003250500938787006304F50097
:08D0D0006F20102967800000A9
:08D0D800032505006F2050281C
:04D0E0006780000065
:04D0E4006780000061
:04D0E800678000005D
:08D0EC001305850067800000B8
:10D0F4009307050083A647001385050063F0B60275
:10D10400930506001306050037850000130101FF8F
:10D11400130585C023261100EFF0DFA66780000009
:10D12400B70700809387E7FFB385F50083274500A1
:10D13400B385F54063FAC500130101FF13850600AA
:0CD1440023261100EFF09F996780000087
:10D15000032545003305B5406374A600130506009A
:04D1600067800000E4
:10D164008327050063EAF50003274500B387E7003A
:10D1740033B5B70067800000130510006780000016
:10D18400930710006318F60083C705002300F50019
:08D19400678000006FF05FE10D
:10D19C00130710006318E60083C705002300F50091
:10D1AC0067800000630406006F60CF926780000008
:10D1BC009387050013071000930506006396E7009C
:10D1CC002300C500678000006386070013860700F4
:08D1DC006F609EFD67800000FA
:10D1E400130101FE232C8100232A9100232E110018
:10D1F4002326B1009307F0001304050093040600EE
:10D2040063FEB7009305C10013060000EFF01FE6AC
:10D214008325C1002320A4002324B40063880500CF
:10D224000325040013860400EFF01FF90327C1004F
:10D23400832704002322E400B387E7002380070048
:10D244008320C101032481018324410113010102CC
:04D2540067800000EF
:04D258006FF0DFF89C
:08D25C003306B6406FF05FF2EB
:04D264006FF09FFFC9
:08D268003306B6406FF09FF1A0
:04D270006FF09FFFBD
:08D274003305B540678000009E
:10D27C006304B50A130101FD2320210303290500D2
:10D28C00232291022326110223248102232E310111
:10D29C009307850083A445001306F0006304F9008E
:10D2AC00032685009389050013040500637E96020E
:10D2BC009305C10023269100EFF0DFDA1309050076
:10D2CC0013050400EFF01FDF8327C1002320240186
:10D2DC002324F40083A50900138604001305090018
:10D2EC00EFF09FE96F008000E39604FE83270400B3
:10D2FC0023229400B3879700238007008320C10268
:10D30C000324810283244102032901028329C101E0
:0CD31C001301010367800000678000001F
:10D32800130101FD232E310183294500B307C740AE
:10D33800232C4101130A070003270500B38737018F
:10D34800232481022322910223202103232861011F
:10D358002326F10023261102232A51019307850071
:10D36800130906001304050093840500138B0600B7
:10D378001306F0006304F700032685009305C10037
:10D388001305040033892401EFF01FCEB389294126
:10D39800930A0500638804008325040013860400AB
:10D3A800EFF0DFDD630C0B00630A0A0013060A00C6
:10D3B80093050B0033859A00EFF05FDC638E09005C
:10D3C800832504003385440113860900B3852501AC
:10D3D8003385AA00EFF09FDA13050400EFF0DFCDE4
:10D3E8008327C100232054012324F4008320C10291
:10D3F8000324810283244102032901028329C101F4
:10D40800032A8101832A4101032B0101130101032E
:04D418006780000029
:10D41C0003274500130101FF2324810023229100DF
:10D42C009387050023261100B385C50093040600DD
:10D43C00130405003306B740630CB700638A04007D
:10D44C0003250500B305B5003305F500EFF05FD4F7
:10D45C000326440083270400330696402322C4008D
:10D46C00B387C700238007008320C10003248100F9
:0CD47C00832441001301010167800000BF
:10D48800930785002320F5002322050023040500C7
:04D4980067800000A9
:10D49C00930785002320F5002322050023040500B3
:04D4AC006780000095
:0CD4B000930785002320F5006FF0DFD209
:10D4BC00130101FE232C8100232A9100232E11003D
:10D4CC00930405001305850023A0A40083A7050081
:10D4DC0013840500938585006390F50403264400AE
:10D4EC002326B10013061600EFF09FAB8325C10075
:10D4FC0083274400230404008320C1012320B400AB
:10D50C00232204000324810123A2F400832441017B
:10D51C00130101026780000023A0F400832784001C
:08D52C0023A4F4006FF0DFFC02
:10D53400930685002320D50003A705009387850063
:10D5440003A64500639AE704130101FF2324810025
:10D55400232291001384050093040500938507009A
:10D56400130616001385060023261100EFF0DFA32F
:10D57400832744002322040023A2F4008327040009
:10D58400238007008320C1000324810083244100F9
:10D5940013010101678000002320E50003A7850033
:10D5A4002322C50023A0F5002324E50023A20500BF
:08D5B4002384050067800000DC
:04D5BC006FF05FB0FD
:10D5C000130101FE232E11002326A100EFF01FCB33
:10D5D0008320C1010325C1001301010267800000FF
:10D5E00083A70500130101FF23248100232291005A
:10D5F00013840500232611009385850093040500FC
:10D60000032505006396F502639C840283270400CA
:10D610002322040013850400238007008320C10017
:10D62000032481008324410013010101678000006D
:10D63000938684006318D502130500006F00C002B2
:10D640000326440063040600EFF0DFB30327440021
:10D6500083A7040023A2E400B387E7002380070028
:10D660006FF0DFFA03A7840023A0F40083274400AF
:10D6700023A2F4008327840023A4F4006308050098
:10D680002320A4002324E4006FF05FF82320B400DB
:04D690006FF0DFF761
:08D6940003250500678000007A
:08D69C00032505006780000072
:10D6A40003270500032545003305A7006780000014
:10D6B40003270500032545003305A7006780000004
:10D6C40083A7050003A74500B387E7002320F500DF
:04D6D400678000006B
:10D6D80083A7050003A74500B387E7002320F500CB
:04D6E8006780000057
:0CD6EC0083A705002320F50067800000E4
:0CD6F80083A705002320F50067800000D8
:08D70400032505006780000009
:10D70C0003270500032545003305A70067800000AB
:10D71C0083A7050003A74500B387E7002320F50086
:04D72C006780000012
:0CD7300083A705002320F500678000009F
:08D73C00032545006780000091
:08D74400032545006780000089
:0CD74C00370500801305E5FF6780000032
:10D7580003270500930785006306F7000325850066
:0CD76800678000001305F00067800000DF
:10D7740003270500130101FE232E1100232C810031
:10D78400232A91002326B100930785001306F00095
:10D794006304F700032685008327C100637CF60237
:10D7A4009305C10013040500EFF05F8C03264400C9
:10D7B400832504009304050013061600EFF05F9C14
:10D7C40013050400EFF09F8F8327C10023209400EA
:10D7D4002324F4008320C101032481018324410113
:08D7E40013010102678000003F
:10D7EC0083250500130101FD2320210323261102AB
:10D7FC002324810223229102232E31011309850057
:10D80C006308B902832445009307F0001304050054
:10D81C0063EE970213861400130509002326B1004A
:10D82C00EFF09F950325C100EF20C0322320240187
:10D83C008320C102032481028324410203290102B3
:10D84C008329C10113010103678000008327850030
:10D85C00E3F0F4FE93851400EFF0CFF98325040078
:10D86C001386140093090500EFF01F9113050400B3
:10D87C00EFF05F8423203401232494006FF05FFBCE
:10D88C0093071000639EF500EF20407BEFE09FB6FE
:10D89C002326A100EF20D0040325C100EF409EED0C
:10D8AC00EF20C079032481028320C102832441022A
:10D8BC00032901028329C101130101036F205002C6
:10D8CC00130101FF23261100EFF09FF18320C1000B
:08D8DC00130101016780000047
:10D8E40083270500232205002380070067800000AA
:0CD8F40003254500133515006780000077
:0CD90000032505003305B500678000001A
:0CD90C00032505003305B500678000000E
:10D918000326450063ECC50037850000130101FFAD
:10D92800130505C423261100EFF08FA50325050074
:08D938003305B5006780000013
:10D940000326450063ECC50037850000130101FF85
:10D95000130505C423261100EFF00FA303250500CE
:08D960003305B50067800000EB
:08D968000325050067800000A3
:08D9700003250500678000009B
:10D9780083274500032505009387F7FF3305F50046
:04D9880067800000B4
:10D98C0083274500032505009387F7FF3305F50032
:04D99C0067800000A0
:10D9A00083260500130101FE232A9100232E110076
:10D9B000232C810013078500938405009307F00052
:10D9C000832545006384E6008327850013841500C2
:10D9D00063F287021307100093060000130600008D
:10D9E0002326B1002324A100EFF01F948325C1005A
:10D9F0000325810083270500B387B70023809700A4
:10DA00008327050023228500B38787002380070032
:10DA10008320C101032481018324410113010102F8
:04DA2000678000001B
:10DA2400130101FE232E11002326A100EFF01FF79E
:10DA34008320C1010325C100130101026780000096
:10DA4400130101FE232E11002326A100EFF0DF8233
:10DA54008320C1010325C100130101026780000076
:04DA64006FF0DFB7C9
:10DA6800130101FE232A9100930406003786000063
:10DA7800130646C8232C81002326B100232E11004B
:10DA880013040500EFF08FE69307F0FF8325C1002C
:10DA98006396F402832704002322B400B387B700F7
:10DAA800238007008320C10113050400032481019A
:10DAB800832441011301010267800000E38404FE0E
:10DAC800032644003306B64063F4C40013860400FA
:0CDAD80013050400EFF01F946FF0DFFC5A
:10DAE40083270500130101FE13061000B385F540DA
:10DAF400232E11002326A1002324B100EFF0DF918F
:10DB04000325C100832581008320C101032505006D
:0CDB1400130101023305B500678000001A
:10DB20008327050003274500130101FF23248100FB
:10DB30002322910023261100B384F540B387E70028
:10DB4000130405006314F6022322950023800500C8
:10DB5000032504008320C1000324810033059500C0
:10DB60008324410013010101678000003306B640A1
:0CDB700093850400EFF09F8A6FF09FFD8A
:10DB7C0083254500130101FF130610009385F5FF63
:10DB8C0023261100EFF0DF888320C100130101016F
:04DB9C00678000009E
:10DBA000130101FD2322910293840600B786000031
:10DBB000232E3101938686C99389050093050600BB
:10DBC0001386040023248102232C41011304050041
:10DBD000130A07002326B100232611022320210364
:10DBE000EFF04FD4032504009306840083274400FC
:10DBF0008325C1001307F0006304D50003278400C8
:10DC00003389B4403309F900636827073387350146
:10DC10003386E740638CE700638A9500330535015E
:10DC2000B305B50033059500EFF04FD7638C0400C2
:10DC30000325040013060A0093850400330535010B
:10DC4000EFF0CFD78327040023222401130504001B
:10DC5000B3872701238007008320C10203248102A8
:10DC600083244102032901028329C101032A81017E
:10DC70001301010367800000138605001387040069
:10DC8000930600009385090013050400EFF0CFE927
:04DC90006FF0DFF959
:10DC9400938605008325450013070600130600003C
:04DCA4006FF0DFEF4F
:10DCA8008327450063F6B700B385F5406FF01FFE84
:10DCB80063FAF500832705002322B500B387B70070
:08DCC8002380070067800000C3
:08DCD000130600006FF05FFD78
:10DCD80013070600032645009386050093050000F8
:04DCE8006FF09FEB4F
:10DCEC00130101FF13860500930510002324810006
:10DCFC002326110013040500EFF05FFD8320C10003
:10DD0C001305040003248100130101016780000046
:10DD1C00130101FE232A91009304060037860000AC
:10DD2C00130686CB232C8100232E1100130405002F
:10DD3C002326D100EFF04FBB93050500130504001B
:10DD4C00032481010327C1008320C10193860400B1
:10DD5C008324410113060000130101026FF09FE3BD
:10DD6C0083270500130101FE13070600B385F54058
:10DD7C009306100013060000232C8100232E1100A3
:10DD8C00130405002326B100EFF0DFE003250400A7
:10DD9C008325C1008320C101032481013305B50013
:08DDAC00130101026780000071
:10DDB400130101FE232A9100930406003786000014
:10DDC400130606CD232C81002326B100130405007D
:10DDD4002324D1002322E100232E1100EFF04FB1C0
:10DDE400032644008325C1000327410083268100C4
:10DDF4003306B64063F4C40013860400930505009B
:10DE040013050400032481018320C10183244101FB
:08DE1400130101026FF09FD819
:10DE1C00832705003306B640B385F5406FF09FD7D6
:10DE2C00130101FF2324810003240500138706003E
:10DE3C009306060013860500232291002326110069
:10DE4C009304050033848540EFF09FFC03A5040088
:10DE5C008320C10083244100330585000324810005
:08DE6C001301010167800000B1
:10DE7400130101FD23248102232291022320210383
:10DE8400232E310113040700232611021307F7FF81
:10DE9400938405001309060093890600637EC70076
:10DEA4001306040093850600138504002326F1005D
:10DEB400EFF08FAE8327C100638C07006300240B4F
:10DEC40013860700B385240133858400EFF0CFACBB
:10DED40063768908B38724013387890063E6E70200
:10DEE40013060400032481028320C10203290102D2
:10DEF40093850900138504008329C1018324410209
:10DF0400130101036FF04FA963E8F902B30524413B
:10DF140013060400B385B9001385040003248102A9
:10DF24008320C10283244102032901028329C10100
:10DF3400130101036FF0CFA433893741130609009D
:10DF44009385090013850400EFF00FA533062441DF
:10DF5400B3858400338524016FF05FFC8320C10204
:10DF64000324810283244102032901028329C1017C
:08DF74001301010367800000A6
:10DF7C00130101FD23229102232A5101930406006F
:10DF8C00938A0600B786000013060700232481023B
:10DF9C00232C410113040500938686CE138A0500B9
:10DFAC0093850400232021032324E100232611025E
:10DFBC00232E3101EFF04F96032904001306840041
:10DFCC0083274400032781009306F0006304C900F3
:10DFDC0083268400B3099740B389F90063EA360BB2
:10DFEC0033094901338A4401B387474193850A00B9
:10DFFC00130504002326E1002324F100EFF0CF9554
:10E00C00832781000327C10063080506638007028C
:10E01C00638EE4003305E90013860700B30599000D
:10E02C002324E100EFF0CF9603278100630A070059
:10E03C001306070093850A0013050900EFF0CF9330
:10E04C00832704002322340113050400B38737010E
:10E05C00238007008320C102032481028324410210
:10E06C00032901028329C101032A8101832A410169
:10E07C00130101036780000093860A0013860400D5
:10E08C009305090013050400EFF01FDE6FF05FFB32
:10E09C0093860A001386040093050A0013050400F6
:08E0AC00EFF0CFA76FF0DFF9E0
:10E0B400130101FD832745002324810213840500F5
:10E0C400930506003786000023202103130646D05B
:10E0D400130905001305040023229102232E3101A4
:10E0E4002326D1002324B100832404002326110213
:10E0F40093890700EFE0DFFF0327440083258100B5
:10E104008326C1003307B74063F4E6001387060093
:10E11400032481028320C102B386A400138609006C
:10E12400832441028329C101130509000329010243
:0CE1340093050000130101036FF01FE4CD
:10E14000130706000326450093860500930500008B
:04E150006FF0DFE2AB
:10E15400130101FE232C8100232E1100130405005A
:10E16400EFF0DFFD8320C1011305040003248101C6
:08E174001301010267800000A5
:10E17C00130101FE232C81001304050013850500F7
:10E18C00232E11002326B100EF50CFB903264400F3
:10E19C001307050013050400032481018326C10025
:10E1AC008320C10193050000130101026FF05FDCB5
:04E1BC006FF01FFCE5
:10E1C000130101FE232A9100930406003786000004
:10E1D000130606CD232C81002326B100130405006D
:10E1E0002324D1002322E100232E1100EFE09FF031
:10E1F000032644008325C1000327410083268100B4
:10E200003306B64063F4C40013860400930505008A
:10E2100013050400032481018320C10183244101EB
:08E22000130101026FF09FD50C
:10E228000327460083260600130600006FF0DFF878
:10E23800130101FD23248102232291021304060005
:10E24800832406003786000023202103232E310172
:10E258001309050093890500130686CB93850600EC
:10E26800130504002326E1002324D10023261102EC
:10E27800EFE0DFE783274400832681000327C100FE
:10E28800B387D7406374F70093070700032481021C
:10E298008320C102B386A400938509008324410228
:10E2A8008329C10113050900032901021387070007
:0CE2B80013060000130101036FF01FF0BB
:10E2C4001387060093060600130600006FF01FEF85
:10E2D40083270500130101FFB385F54013010101F4
:04E2E4006FF01FFEBA
:10E2E800130101FE232C8100130405001305060009
:10E2F800232E11002326B1002324C100EF50CFA202
:10E3080013070500130504000324810183268100F7
:10E318008325C1008320C1011306000013010102F7
:04E328006FF09FE90A
:0CE32C0003A7460083A606006FF0DFE8A0
:10E33800130101FD232E31019309060037860000E1
:10E348002322910223202103130606CD93040500FE
:10E35800138905001385060093050700232481020D
:10E368002326F10003A406002324E1002322D10080
:10E3780023261102EFE09FD783264100032781005F
:10E388008327C10003A646003307E64063F4E7008D
:10E3980013870700B306A400032481028320C10267
:10E3A80013860900930509008329C1010329010285
:10E3B8001385040083244102130101036FF0DFDF9A
:10E3C800130101FE232C81001304050013850600A8
:10E3D800232E11002326B1002324C1002322D100BB
:10E3E800EF508F94130705001305040003248101DF
:10E3F80083264100032681008325C1008320C101B3
:08E40800130101026FF05FDB5C
:10E41000832705003306B640B385F5406FF05FDA19
:0CE4200003A7460083A606006FF09FFED5
:10E42C00130101FE232C8100130405001385060043
:10E43C00232E11002326B1002324C1002322D10056
:10E44C00EF504F8E130705001305040003248101C0
:10E45C0083264100032681008325C1008320C1014E
:08E46C00130101026FF01FFA19
:0CE47400130101FF130101016FF05FF9BB
:10E48000832705003306B6403307D740B385F540F0
:04E490006FF01FD337
:10E49400832705003306B6403307D740B385F540DC
:04E4A4006FF0DFD165
:10E4A800130101FE232C8100032405003307D60045
:10E4B8009306060013860500232A9100232E1100D7
:10E4C8009304050033848540EFF05FFC03A5040046
:10E4D8008320C10183244101330585000324810180
:08E4E80013010102678000002E
:10E4F000832705003306B6403307D740B385F54080
:04E500006FF01FCCCD
:10E50400832705003306B6403307D740B385F5406B
:04E514006FF0DFCAFB
:10E51800130101FF8327450023248100130405000C
:10E528000325050023261100232291009306840069
:10E538001307F0006304D50003278400B304F60032
:10E54800636C9702630606003305F500EFE01FC30E
:10E55800832704002322940013050400B38797003F
:10E56800238007008320C100032481008324410005
:10E578001301010167800000130706009386050058
:10E58800130600009385070013050400EFE05FD928
:04E598006FF01FFC05
:10E59C00130101FEB7860000232C81009386C6D19F
:10E5AC001384050093050000232E11002326A100DF
:10E5BC002324C100EFE05FB693050400032481011E
:10E5CC00032681000325C1008320C1011301010230
:04E5DC006FF0DFF30A
:0CE5E000130101FF130101016FF05FFB4C
:0CE5EC0003A6450083A505006FF09FFA10
:04E5F8006FF05FFF62
:10E5FC00130101FD23248102232021031384050030
:10E60C00130906003786000023229102232E3101C4
:10E61C0083A405001306C6D19309050093050900D0
:10E62C00130504002326D10023261102EFE0DFABF3
:10E63C00032644008326C1003306264163F4C6003A
:10E64C0013860600032481028320C10203290102E0
:10E65C00B385A40083244102138509008329C101D9
:08E66C00130101036FF0DFF25E
:0CE67400130101FF130101016FF01FF200
:10E68000130101FD2324810223229102232021036F
:10E69000232E3101232611029307850013890500DB
:10E6A0002320F5002322050023040500B305E6001E
:10E6B0001304050093890600930407002326C10074
:10E6C000EFF04F8B0326C1009305090013050400EA
:10E6D000EFF0DFEC138604009385090013050400B6
:10E6E000EFF0DFEB6F0080019304050013050400D9
:10E6F000EFE01F9D13850400EF408E888320C10248
:10E70000130504000324810283244102032901022A
:0CE710008329C101130101036780000090
:10E71C00130101FE232C8100130405001385050051
:10E72C00232E1100232A910093840500EF409FDFD4
:10E73C00B7860000130605002326A10093050000F0
:10E74C00130504009386C6D1EFE01F9D130504004A
:10E75C00032481010326C1008320C1019385040099
:0CE76C0083244101130101026FF05FDA09
:04E778006FF05FFAE5
:10E77C00130101FE232A9100930406003786000042
:10E78C0023282101130646D313890500938506001F
:10E79C00232C81002326D10013040500232E110005
:10E7AC00EFE09F94032644008326C1003306D64035
:10E7BC0063F4C40013860400630E06008325040072
:10E7CC00130509002326C100B385D500EFE0DF9ABD
:10E7DC000326C1008320C10103248101832441014C
:10E7EC0003290101130506001301010267800000D3
:10E7FC00630EB516130101FD232A5101832A05006E
:10E80C00232481022322910223202103232E310170
:10E81C00232C4101232611022328610113098500B1
:10E82C0003AA050013840500930405009389850051
:10E83C0063125907032645006394490983A74500D1
:10E84C00631A060A638E070813861700938509005E
:10E85C0013050900EFE0CFF48327440023A2F40052
:10E86C008327040023220400238007008320C10295
:10E87C000324810283244102032901028329C1015B
:10E88C00032A8101832A4101032B01011301010396
:10E89C0067800000032B850063103A0D03A645002A
:10E8AC001305090093050A0013061600EFE04FEF5D
:10E8BC002320540123A02401232464016F0040026F
:10E8CC0083AA850013061600930509001385090019
:10E8DC00EFE00FED23A044012320340123A45401C5
:10E8EC000327440083A7440023A2E4002322F4005E
:10E8FC006FF0DFF7130A1600638E0702938A170076
:10E90C0013860A009385090013050100EFE04FE917
:10E91C0013060A009305090013850900EFE04FE880
:10E92C0013860A009305010013050900EFE04FE779
:10E93C006FF01FFB13060A009305090013850900ED
:10E94C00EFE00FE683A744002322F40023A2040087
:10E95C0083A704006FF05FF12320450183A7850096
:10E96C0023A055012324F5006FF01FF567800000EC
:08E97C0003250500678000007F
:08E98400032505006780000077
:04E98C0067800000A0
:10E9900083274500639A060063F4C7001306F0FF5F
:10E9A0001305060067800000E37AF6FE130101FEFE
:10E9B000232A910023282101232631012324410108
:10E9C0002322510123206101232E1100232C8100D9
:10E9D0008329050003C70500130A1000B38AF90054
:10E9E0009384060013890500130B07003385C900C3
:10E9F000B387C740330ADA4063F697001306F0FF87
:10EA00006F00C00213060B00B305FA00EFE0CFDA87
:10EA100013040500E30405FE1386040093050900B2
:10EA2000EFE00FDD631A0502330634418320C10194
:10EA30000324810183244101032901018329C100A9
:10EA4000032A8100832A4100032B010013050600DD
:10EA5000130101026780000013051400B387AA4068
:04EA60006FF09FF9BB
:0CEA640083A6450083A505006FF05FF25B
:10EA7000130101FE232C81001304050013850500FA
:10EA8000232E11002326C1002324B100EF405FAAEA
:10EA90009306050013050400032481010326C10029
:10EAA000832581008320C101130101026FF05FEE15
:10EAB000032745006374E604130101FF232481004A
:10EAC0000324050093070600138605003305F400B0
:10EAD000B305F74023261100EFE00FCE9307F0FFB8
:10EAE00063040500B30785408320C100032481002F
:10EAF0001385070013010101678000009307F0FFF1
:08EB0000138507006780000087
:10EB0800130101FE232C810003244500232E11004C
:10EB1800232A9100636CD4023304D44063748600C2
:10EB28001304060083240500138606003385840039
:10EB38002326C1002324B100EFE00FCB630A0500B0
:10EB4800832581000326C100631004021304F0FF2B
:10EB58008320C1011305040003248101832441019A
:10EB680013010102678000001304F4FF6FF01FFC1B
:0CEB780083A6450083A505006FF09FF800
:10EB8400130101FE232C81001304050013850500E5
:10EB9400232E11002326C1002324B100EF401F9926
:10EBA4009306050013050400032481010326C10014
:10EBB400832581008320C101130101026FF09FF4BA
:10EBC40083274500638607029387F7FF6374F60083
:10EBD4009307060093871700032705009387F7FF21
:10EBE4003307F700034707006306B700E39607FE01
:0CEBF4009307F0FF138507006780000006
:10EC0000130101FE232E1100232C8100232A9100E1
:10EC10002328210123263101232441016382060692
:10EC200003294500138A0600938905009304050013
:10EC3000130406006376240583A7040093050A00E5
:10EC400013850900B387870003C60700EFE0CFB63E
:10EC5000630405028320C10113050400032481011C
:10EC600083244101032901018329C100032A810072
:10EC70001301010267800000130414006FF09FFB72
:08EC80001304F0FF6FF01FFD0B
:0CEC880083A6450083A505006FF01FF770
:10EC9400130101FE232C81001304050013850500D4
:10ECA400232E11002326C1002324B100EF401F8826
:10ECB4009306050013050400032481010326C10003
:10ECC400832581008320C101130101026FF01FF32A
:04ECD4006FF0DFDD21
:10ECD800130101FE232C810003244500232E11007B
:10ECE800232A9100232821012326310123244101CD
:10ECF80063040406638206061304F4FF6374860043
:10ED08001304060003290500138A060093890500E9
:10ED18009304F0FFB307890003C6070093050A00B0
:10ED280013850900EFE0CFA8631605001304F4FF6C
:10ED3800E31294FE8320C10113050400032481011A
:10ED480083244101032901018329C100032A810089
:10ED580013010102678000001304F0FF6FF09FFDAC
:0CED680083A6450083A505006FF09FF610
:10ED7400130101FE232C81001304050013850500F3
:10ED8400232E11002326C1002324B100EF400FFAE3
:10ED94009306050013050400032481010326C10022
:10EDA400832581008320C101130101026FF09FF2CA
:04EDB4006FF01FE1FC
:10EDB800130101FD23202103032945002324810297
:10EDC80023229102232E31012326110293040500E8
:10EDD8009389050013040600636424031304F0FFF9
:10EDE8008320C10213050400032481028324410205
:10EDF800032901028329C10113010103678000006F
:10EE080083A704009385060013850900B38787004C
:10EE180003C607002326D100EFE08F99E30205FC23
:0CEE28008326C100130414006FF01FFBD0
:0CEE340083A6450083A505006FF0DFF702
:10EE4000130101FE232C8100130405001385050026
:10EE5000232E11002326C1002324B100EF404FEDE3
:10EE60009306050013050400032481010326C10055
:10EE7000832581008320C101130101026FF0DFF3BC
:10EE8000032745006368E6001306F0FF130506003C
:10EE90006780000083270500B387C70083C707008A
:0CEEA000E396B7FE130616006FF0DFFDCE
:10EEAC00130101FE232C810003244500232E1100A5
:10EEBC00232A9100232821012326310123244101F7
:10EECC00630204061304F4FF637486001304060043
:10EEDC0003290500138A0600938905009304F0FFAB
:10EEEC00B307890003C6070093050A0013850900C0
:10EEFC00EFE0CF8B630605001304F4FFE31294FEDE
:10EF0C008320C101130504000324810183244101E2
:10EF1C00032901018329C100032A81001301010285
:0CEF2C00678000001304F0FF6FF09FFDF1
:0CEF380083A6450083A505006FF0DFF6FE
:10EF4400130101FE232C8100130405001385050021
:10EF5400232E11002326C1002324B100EF400FDD2E
:10EF64009306050013050400032481010326C10050
:10EF7400832581008320C101130101026FF0DFF2B8
:10EF840083274500638A07029387F7FF6374F600BB
:10EF940093070600832605001307F0FF3386F60067
:10EFA400034606006316B6009387F7FFE398E7FE6F
:10EFB40013850700678000009307F0FF6FF05FFF81
:10EFC400130101FF232481002322910003A445009F
:10EFD400832445002326110013060400636494006F
:10EFE4001386040083A5050003250500EFE00F80C8
:10EFF40063140500338584408320C1000324810009
:0CF004008324410013010101678000001B
:10F01000130101FD232291029304060037860000AC
:10F02000232E3101130686D493090500232481027F
:10F03000232021032326D100138905002326110252
:10F04000EFE04F8B03A449008326C1003304244121
:10F0500063F484001384040083A446001386040030
:10F06000637494001306040003A5090083A5060039
:10F0700033052501EFD0DFF7631405003305944015
:10F080008320C10203248102832441020329010257
:0CF090008329C101130101036780000007
:10F09C00130101FD23229102B78400002324810275
:10F0AC0013040600138684D42326F10023261102B0
:10F0BC0023202103232E3101130907009389060015
:10F0CC00232C4101232A5101138A0500930A0500C0
:10F0DC00EFE08F81138684D4930509001385090012
:10F0EC00EFE08F8083A44A008327C100B38444419E
:10F0FC00637494009304040003A449003304244172
:10F10C0063F48700138407001306040063F484007F
:10F11C001386040083A5090003A50A00B385250105
:10F12C0033054501EFD01FEC631405003385844093
:10F13C008320C1020324810283244102032901029A
:10F14C008329C101032A8101832A4101130101038F
:04F15C0067800000C8
:10F16000130101FE232A9100832445002328210155
:10F170001309050013850500232C81002326B10007
:10F18000232E1100EF40CFBA8325C10013040500E0
:10F190001306050063649500138604000325090027
:10F1A000EFD01FE563140500338584408320C1013F
:10F1B0000324810183244101032901011301010278
:04F1C0006780000064
:10F1C400130101FE232A91009304060037860000F0
:10F1D40023263101130686D493090500232C8100CC
:10F1E400232821012324410113890500232E110022
:10F1F400138A0600EFD0DFEF03A44900330424414F
:10F2040063F484001384040013050A00EF400FB272
:10F2140093040500130605006374A4001306040098
:10F2240003A5090093050A0033052501EFD01FDC6F
:10F2340063140500330594408320C1010324810134
:10F2440083244101032901018329C100032A810088
:08F254001301010267800000B4
:10F25C00130101FD232C4101130A0600378600001F
:10F26C00232E3101130686D4930905002324810231
:10F27C0023229102232021032326D1001389050088
:10F28C002326110293040700EFD01FE603A44900C4
:10F29C008326C1003304244163748A0013040A00DA
:10F2AC001306040063F484001386040003A509000C
:10F2BC009385060033052501EFD0DFD263140500DA
:10F2CC00330594408320C10203248102832441022C
:10F2DC00032901028329C101032A810113010103BE
:04F2EC006780000037
:08F2F0002320B5006780000037
:08F2F8002320B500678000002F
:10F30000130101FE232A91009304050013850500D3
:10F31000232E1100232C81002326B10013040600A4
:10F32000EF400FA103274400832604008325C1007A
:10F330001306050013850400EFF08FB48320C1018C
:10F340000324810113850400832441011301010278
:04F3500067800000D2
:10F354000327460083260600130101FEA307B1001C
:10F36400130610009305F100232E11002324A1009D
:10F37400EFF0CFB08320C101032581001301010206
:04F38400678000009E
:10F38800032746008326060003A6450083A505003B
:10F39800130101FE232E11002326A100EFF0CFADAB
:10F3A8008320C1010325C100130101026780000009
:10F3B800130101FEB307B640232C8100232A9100D4
:10F3C80023282101232E11002326F1001307F00022
:10F3D800130405009384050013090600637EF700F3
:10F3E800130600009305C100EFD01FC88327C10092
:10F3F8002320A4002324F400032504001306090095
:10F4080093850400EFD01FE50327C100832704007C
:10F418002322E400B387E700238007008320C1018B
:10F4280003248101832441010329010113010102FD
:04F4380067800000E9
:10F43C00930785002320F500232205009306000086
:04F44C006FF0DFF688
:10F45000130101FEB307B640232C8100232A91003B
:10F4600023282101232E11002326F1001307F00089
:10F47000130405009384050013090600637EF7005A
:10F48000130600009305C100EFD09FBE8327C10083
:10F490002320A4002324F4000325040013060900FC
:10F4A00093850400EFD05FDC0327C10083270400AD
:10F4B0002322E400B387E700238007008320C101F3
:10F4C0000324810183244101032901011301010265
:04F4D0006780000051
:10F4D400930785002320F50083A7050003A64500B4
:10F4E40093060000938507003386C7006FF01FF66C
:10F4F400130101FEB307B640232C8100232A910097
:10F5040023282101232E11002326F1001307F000E4
:10F51400130405009384050013090600637EF700B5
:10F52400130600009305C100EFD05FB48327C10028
:10F534002320A4002324F400032504001306090057
:10F5440093850400EFD05FD10327C1008327040013
:10F554002322E400B387E700238007008320C1014E
:10F5640003248101832441010329010113010102C0
:04F5740067800000AC
:10F57800930785002320F500232205009306000049
:04F588006FF0DFF64B
:10F58C00130101FEB307B640232C8100232A9100FE
:10F59C0023282101232E11002326F1001307F0004C
:10F5AC00130405009384050013090600637EF7001D
:10F5BC00130600009305C100EFD0DFAA8327C1001A
:10F5CC002320A4002324F4000325040013060900BF
:10F5DC0093850400EFD09FC80327C1008327040044
:10F5EC002322E400B387E700238007008320C101B6
:10F5FC000324810183244101032901011301010228
:04F60C006780000013
:10F61000930785002320F500639E0500630C060018
:10F6200037850000130101FF130505D623261100BD
:10F63000EFD04FBB930600003386C5006FF01FF577
:10F64000130101FE232E1100232C81009307850056
:10F650002320F5006398050037850000130505D6C3
:10F66000EFD04FB813040500138505002326B10021
:10F67000EF301FEC8325C1008320C10193060000F9
:10F680003386A50013050400032481011301010240
:04F690006FF0DFEF49
:10F6940093078500130101FF2320F5009306000062
:0CF6A4003386C500130101016FF01FEE5A
:10F6B000930785002320F500232205009306000010
:04F6C0006FF0DFEC1C
:10F6C400130101FE232C8100232A91002328210108
:10F6D40023263101232E1100930785001389050089
:10F6E400930906002320F5003786000003A40500D3
:10F6F4009304050093850900130646D913050900F0
:10F70400EFD01F9F03264900B305A4000324810101
:10F714008320C10103290101330636411385040006
:10F724008329C10083244101930600003386C50068
:08F73400130101026FF05FE513
:10F73C00130101FD232481022322910223202103A2
:10F74C00232E31019307850023261102138905000E
:10F75C00930906002320F5003786000003A405005A
:10F76C00130646D993850900930405001305090077
:10F77C002326D100EFD05F97032649008326C100D2
:10F78C00B305A4003306364163F4C60013860600A5
:10F79C00032481028320C102032901028329C101B0
:10F7AC001385040083244102930600003386C500B0
:08F7BC00130101036FF0DFDC13
:10F7C400130101FE232A910093840500930506008A
:10F7D40037860000232C8100130606DB1304050082
:10F7E40013850400232E11002326D100EFD05F904F
:10F7F4008326C10013060500938504001305040045
:10F80400EFF09FF38320C101130504000324810159
:0CF8140083244101130101026780000001
:10F82000130101FD232481022322910223202103BD
:10F83000232E310193078500232611021389050029
:10F84000930906002320F5003786000003A4050075
:10F85000130686DC9385090093040500130509004F
:10F860002326D100EFD01F89032649008326C1003B
:10F87000B305A4003306364163F4C60013860600C0
:10F88000032481028320C102032901028329C101CB
:10F890001385040083244102930600003386C500CB
:08F8A000130101036FF09FCE7C
:10F8A800130101FC232C8102130405000325050024
:10F8B800232E11022324B1002326C100130784003C
:10F8C8009307F0006304E500832784000326C10042
:10F8D8008325810063F4C704930701023386C500BA
:10F8E8009306000013058101232CF100232E01004B
:10F8F800EFF05FC99305810113050400EFD0DFCD58
:10F9080013058101EFD04FFB8320C10313050400C9
:10F9180003248103130101046780000063080600C3
:10F928002322C100EFD09F850326410083270400CE
:10F938002322C400B387C700238007006FF0DFFCD1
:10F94800130101FE232C8100232A9100232E11008C
:10F958002326C1009307F0001304050093840500D3
:10F9680063FEC700130600009305C100EFD0CFEF78
:10F978000326C1002320A4002324C4006308060032
:10F988000325040093850400EFD04FFF0327C1002F
:10F99800832704002322E400B387E70023800700BD
:10F9A8008320C10103248101832441011301010241
:04F9B8006780000064
:10F9BC00130101FE232C8100232A9100232E110018
:10F9CC002326C1009307F00013040500938405005F
:10F9DC0063FEC700130600009305C100EFD08FE84B
:10F9EC000326C1002320A4002324C4000325040003
:10F9FC009385040013061600EFD00FF88327C1007F
:10FA0C008320C101832441012322F40003248101BA
:08FA1C001301010267800000E4
:10FA2400930785002320F50003A6450083A5050060
:04FA34006FF09FF8D8
:10FA38000325050083A705003305F5401335150098
:04FA480067800000D3
:10FA4C000325050083A705003305F5401335150084
:04FA5C0067800000BF
:0CFA600037850000130585DD678000007D
:10FA6C00B7B70000938707B02320F5006F004075EF
:10FA7C00130101FE232E11002326A100EFF05FFEDF
:10FA8C000325C1008320C10193054000130101022D
:04FA9C006FB0DFE088
:0CFAA00037850000130585DE678000003C
:10FAAC00B7B700009387C7B32320F5006FF05FFB57
:10FABC00130101FE232E11002326A100EFF05FFE9F
:10FACC000325C1008320C1019305400013010102ED
:04FADC006FB0DFDC4C
:0CFAE00037850000130545E0678000003A
:10FAEC00B7B70000938787B62320F5006F00406DF1
:10FAFC00130101FE232E11002326A100EFF05FFE5F
:10FB0C000325C1008320C1019305400013010102AC
:04FB1C006FB0DFD80F
:0CFB200037850000130545E167800000F8
:10FB2C00B7B70000938787B92320F5006F004069B1
:10FB3C00130101FE232E11002326A100EFF05FFE1E
:10FB4C000325C1008320C10193054000130101026C
:04FB5C006FB0DFD4D3
:04FB60006FF08E8331
:10FB64001387C15A83274700130605FF63880700DC
:10FB7400832605FFB305D60063F8F500232AF5FEB6
:10FB84002322C700678000006392B70683A547005D
:10FB940083A70700232AB5FEB387D7002328F5FEE1
:10FBA4006FF01FFE1307480083A847006382080212
:10FBB4000328070083274800E3E6B7FE639A15018C
:10FBC40083A5070083A74700B386B6002322F80065
:10FBD4008327070083A507003388B700631C060149
:10FBE400B385D50023A0B700678000001387015BAD
:10FBF4006FF09FFB83A747002328D5FE232AF5FE39
:0CFC04008327070023A2C70067800000D0
:10FC100013050501930780006374F5001385070041
:10FC20001305F500937705FF03A5015B1387015BBF
:10FC3000630E05020325070003260500636AF6022A
:10FC40003308F640930670008325450063F80603E9
:10FC5000B306F50023A2B6000325070023A0060182
:10FC60002320F5002320D70013050501678000003D
:10FC700013074500032545006FF09FFB93860500A1
:08FC80002320C5006FF01FFEF8
:10FC8800130101FF232481001384C15A0325840032
:10FC98002326110063060500EFE09EEF23240400ED
:10FCA8008320C10003248100130101016780000043
:10FCB800130101FF23248100130405061305040022
:10FCC80023261100EFE01EEC93070500631C0500D6
:10FCD80013050400EFF05FF39307050063140500B4
:10FCE800EFC04FD9130600069305000013850700DF
:10FCF800EF40CECB8320C100032481001305050605
:08FD08001301010167800000F6
:10FD10009387C15A03A7870083A7C700130505FA75
:10FD2000B307F7006376F5006374A7006FF09FE3F5
:04FD30006FE09EE6FC
:10FD3400130101FF1305000523261100EFE0DEE4A3
:10FD440093070500631C050013050005EFF01FEC85
:10FD54009307050063140500EFC00FD213060005D6
:10FD64009305000013850700EF408EC48320C10073
:08FD740013010101678000008A
:10FD7C009387C15A83A6870083A7C7001307050082
:10FD8C00B387F6006376F50063F4A6006FF0DFDC52
:08FD9C00130507006FE09EDF74
:10FDA400130101FE232C810003240500232E1100DE
:10FDB400938705006370B40213860500378500003D
:10FDC400B7850000930604009385C57213058574F6
:10FDD400EFC05FDB3304B440637486001304060091
:10FDE400130607006374E4001306040063000602AC
:10FDF40003254500938506002326E1003305F5001D
:10FE0400EF5050220327C100631405003305E4407A
:10FE14008320C101032481011301010267800000D2
:10FE2400130101FA232A910437850000232C81044D
:10FE340023263105232E1104232821059384C15A36
:10FE44001305C57723A2040023A4040023A60400F9
:10FE5400EF50C00D9307F0002320F102B787000094
:10FE6400938707792322F102930780002324F10268
:10FE7400B78700009387077A2326F102930790003F
:10FE8400232AF102B78700009387C77A232CF10253
:10FE9400930740001304050023280102232EF102D6
:10FEA4009309E002631204068327C10313070004C5
:10FEB4006354F70093070700032401036314040049
:10FEC400130460001304C4023304F4021314240062
:10FED40023A68400630C040013050400EFE0DECACB
:10FEE40023A4A4006318050E23A604008320C105DF
:10FEF4000324810583244105032901058329C104C1
:10FF04001301010667800000834704001307F00013
:10FF140013060700938767FC93B717003304F400B4
:10FF2400930604009305000013050102EFF05FE758
:10FF3400631A05048347F400639637051304040128
:10FF440013098102032709009306040093050000A6
:10FF540013060700130509002326E100EFF05FE410
:10FF6400631C05000327C100B307E40083C6070030
:10FF74009307D0036382F6021309C90093070104AF
:10FF8400E312F9FC130504009305A003EF5050108D
:10FF9400130405006FF01FF1130717003305E40085
:10FFA400130600009305C101EF50C02D0324C101C5
:10FFB40003470400930767FC93B717001337170030
:10FFC400B3E7E700E38007FCE34E05FA2324A90026
:10FFD4006FF05FFB23A2A4002320850023220500E9
:04FFE4006FF0DFF0EB
:10FFE800130101FF23261100232481006304050463
:08FFF80013040500EF00C00432
:020000025000AC
:100000000327040083264400B7D7D4BC9387075046
:1000100037B6B1B8B307F7001306C6AB33B7E7007E
:10002000B386C6003307D700631A07001307100012
:100030006366F7000325C4FDEFC0CFA2EFC00FA495
:08004000032585FF6780000025
:10004800130101FF23248100232611001304050056
:10005800EF00C01C0327040083254400B7D7D4BC95
:100068009387075037B8B1B8B307F7001308C8AB80
:1000780033B7E700B38505013307B70083260500CA
:10008800130604FD631607009305100063F2F502DA
:1000980063840600EFC00F9E2320C5008320C100A3
:1000A8000324810013850600130101016780000005
:1000B800832744FE1387170063D407003387F5406E
:1000C800832745002322E4FE9387F7FF2322F500C8
:1000D8006386C6002320D4FE2320C500832684FF20
:0400E8006FF0DFFBDB
:1000EC00130101FF23261100EF0080128327050066
:1000FC006384070683A6070303A6470337D7D4BC3C
:10010C0013070750B7B5B1B83387E6009385C5AB75
:10011C00B336D7003306B600B386C6006396060026
:10012C009306100063FCE600232005008320C10029
:10013C0013850703130101016F205E8903A7470193
:10014C0063520702130717006316070083A6070103
:10015C002320D50023AAE7008320C100130101014D
:10016C00678000001307F7FF6318070003A7070158
:10017C002320E5006FF09FFB9306F0FFE31CD7FCF8
:04018C00EFC00F8F22
:10019000130101FF23261100EF00C00803254500CD
:1001A0008320C1003335A0001301010167800000E6
:1001B000130101FF23261100EF00C0068320C100B8
:0C01C000032545001301010167800000C9
:0401CC006780000048
:0401D0006780000044
:0C01D400378500001305857B6780000064
:0C01E000378500001305857C6780000057
:0801EC00930540006FB08FEB9A
:0801F400930540006FB00FEB12
:0401FC006780000018
:08020000930540006FB04FEAC6
:04020800678000000B
:08020C00930540006FB08FE97B
:0402140067800000FF
:0402180067800000FB
:08021C00138581A56780000035
:08022400138581A5678000002D
:10022C00130101FF23261100EFF01FFF032505002A
:10023C00630E05008347050393F7170063860700D9
:10024C0003250500130505FB032505008320C100CC
:08025C0013010101678000009D
:1002640003A701A623A0A1A6130507006780000029
:0802740003A501A6678000004C
:08027C00032545006780000026
:10028400130101FEB7C70000232C8100232E1100A7
:10029400938707A8130405002320F50003254500D0
:1002A4009305C100130545FFEF2000311305040039
:1002B400032481018320C101130101026FF0DFF0E7
:1002C400130101FE232E11002326A100EFF05FFB92
:1002D4000325C1008320C101130101026FF01F88AF
:1002E400B7C70000938747A92320F5006FF05FF993
:1002F400130101FE232E11002326A100EFF05FFE5F
:100304000325C1008320C101130101026FF01F8581
:10031400B7C70000938787AA2320F5006FF05FF624
:10032400130101FE232E11002326A100EFF05FFE2E
:100334000325C1008320C101130101026FF01F8254
:10034400B7C700009387C7AB2320F5006FF05FF3B6
:10035400130101FE232E11002326A100EFF05FFEFE
:100364000325C1008320C101130101026FF00FFFB7
:10037400130101FEB7C70000232C8100232E1100B6
:100384009387C7A1130405002320F5000325450026
:100394009305C100130545FFEF2000221305040057
:1003A400032481018320C101130101026FF0DFE105
:1003B400130101FE232E11002326A100EFF05FFBA1
:1003C4000325C1008320C101130101026FF00FF95D
:1003D400B7C70000938707A32320F5006FF05FF9E8
:1003E400130101FE232E11002326A100EFF05FFE6E
:1003F4000325C1008320C101130101026FF00FF630
:10040400B7C70000938747A42320F5006FF05FF679
:10041400130101FE232E11002326A100EFF05FFE3D
:100424000325C1008320C101130101026FF00FF302
:10043400B7C70000938787A52320F5006FF05FF30B
:10044400130101FE232E11002326A100EFF05FFE0D
:100454000325C1008320C101130101026FF00FF0D5
:10046400B7C700009387C7A62320F5006FF05FF09D
:10047400130101FE232E11002326A100EFF05FFEDD
:100484000325C1008320C101130101026FF00FEDA8
:10049400130101FEB7C70000232C81009387C7A175
:1004A400232E1100232A91002320F50083A70500A1
:1004B40013040500138547FF83A7C7FF63C0070222
:1004C400EF20903E8320C1012322A4000324810154
:1004D4008324410113010102678000001306000018
:1004E4009305C100EF20103E6FF0DFFD930405007B
:1004F40013050400EFF05FCD13850400EF200EA870
:10050400130101FE232E11002326A100EFF05FF852
:100514000325C1008320C101B7C70000938707A347
:0C0524002320F500130101026780000095
:10053000130101FE232E11002326A100EFF09FF5E9
:100540000325C1008320C101B7C70000938747A4DA
:0C0550002320F500130101026780000069
:10055C00130101FE232E11002326A100EFF0DFF280
:10056C000325C1008320C101B7C70000938787A56D
:0C057C002320F50013010102678000003D
:10058800130101FE232E11002326A100EFF01FF016
:100598000325C1008320C101B7C700009387C7A600
:0C05A8002320F500130101026780000011
:1005B400130101FEB7C70000232C8100938707A80D
:1005C400232E1100232A91002320F50083A7050080
:1005D40013040500138547FF83A7C7FF63C0070201
:1005E400EF20902C8320C1012322A4000324810145
:1005F40083244101130101026780000013060000F7
:100604009305C100EF20102C6FF0DFFD930405006B
:1006140013050400EFF05FBB13850400EF200E9672
:10062400130101FE232E11002326A100EFF05FF831
:100634000325C1008320C101B7C70000938747A9E0
:0C0644002320F500130101026780000074
:10065000130101FE232E11002326A100EFF09FF5C8
:100660000325C1008320C101B7C70000938787AA73
:0C0670002320F500130101026780000048
:10067C00130101FE232E11002326A100EFF0DFF25F
:10068C000325C1008320C101B7C700009387C7AB06
:0C069C002320F50013010102678000001C
:1006A800130101FE9305C100232E1100EF10907075
:0C06B8008320C1011301010267800000D3
:1006C40083A7C5FF130101FE232C8100232E1100F3
:1006D40013040500138545FF63CE0700EF20D01CEB
:1006E4008320C1012320A4000324810113010102FA
:1006F40067800000130600009305C100EF20901CE2
:040704006FF01FFE75
:10070800130101FF83A54500B7C700002326110088
:100718009387C7A12320F50013054500EFF01FFAC2
:0C0728008320C100130101016780000064
:10073400130101FF23248100938545001304050060
:100744001305450023261100EF30000A8320C10061
:1007540013050400032481001301010167800000D4
:10076400B7C700009387C7A12320F50083A74500DE
:100774002322F5009387815C23A2F50067800000A3
:10078400130101FF23248100938545001304050010
:100794001305450023261100EF1080298320C10092
:1007A4001305040003248100130101016780000084
:1007B400130101FF83A54500B7C7000023261100DC
:1007C400938707A82320F50013054500EFF05FEF9A
:0C07D4008320C1001301010167800000B8
:1007E000130101FF232481009385450013040500B4
:1007F0001305450023261100EF20507F8320C10000
:100800001305040003248100130101016780000027
:10081000B7C70000938707A82320F50083A74500EA
:100820002322F5009387815C23A2F50067800000F6
:10083000130101FF23248100938545001304050063
:100840001305450023261100EF10C01E8320C100B0
:1008500013050400032481001301010167800000D7
:10086000130101FEB7C70000232C8100232E1100C5
:10087000232A91009387C7A1130405002320F500C4
:100880001306C10013054500EF30D0076F0080014B
:100890009304050013050400EFF05F931385040033
:1008A000EF101EEE8320C101032481018324410146
:0808B000130101026780000042
:1008B800130101FE232E11002326A100EFF0DFF91A
:1008C8000325C1008320C101B7C70000938707A390
:0C08D8002320F5001301010267800000DE
:1008E400130101FE232E11002326A100EFF01FF7B0
:1008F4000325C1008320C101B7C70000938747A423
:0C0904002320F5001301010267800000B1
:10091000130101FE232E11002326A100EFF05FF446
:100920000325C1008320C101B7C70000938787A5B5
:0C0930002320F500130101026780000085
:10093C00130101FE232E11002326A100EFF09FF1DD
:10094C000325C1008320C101B7C700009387C7A648
:0C095C002320F500130101026780000059
:10096800130101FEB7C70000232C8100232E1100BC
:10097800232A9100938707A8130405002320F50074
:100988001306C10013054500EF3040776F00800162
:100998009304050013050400EFF0DF8213850400BB
:1009A800EF109EDD8320C1010324810183244101CE
:0809B800130101026780000039
:1009C000130101FE232E11002326A100EFF0DFF911
:1009D0000325C1008320C101B7C70000938747A941
:0C09E0002320F5001301010267800000D5
:1009EC00130101FE232E11002326A100EFF01FF7A7
:1009FC000325C1008320C101B7C70000938787AAD4
:0C0A0C002320F5001301010267800000A8
:100A1800130101FE232E11002326A100EFF05FF43D
:100A28000325C1008320C101B7C700009387C7AB66
:0C0A38002320F50013010102678000007C
:0C0A440083A5050003A645FF6F3090500D
:0C0A50009387815C2320F5006780000084
:080A5C0083A505006FF05FC6E1
:100A6400130101FE9306C100232E1100EF30C02AAA
:0C0A74008320C101130101026780000013
:100A800083A50500130101FF23261100EFF09FC38A
:0C0A90008320C1001301010167800000F9
:100A9C00130101FF232481002326110013040500F8
:100AAC00EF2010548320C10013050400032481009F
:080ABC00130101016780000035
:100AC40003250500130101FE9305C100130545FF2D
:100AD400232E1100EF10502E8320C10113010102B7
:040AE4006780000027
:100AE80083A705002320F5009387815C23A0F500E8
:040AF8006780000013
:100AFC00130101FE232E11002326A100EF00D0725A
:100B0C008320C1010325C10013010102678000008D
:100B1C00130101FD232481022322910223202103AE
:100B2C00232E310123261102930905001389050098
:100B3C00130410009384F5FF3385840097000000A4
:100B4C00E7000000631A05001305C40097000000BD
:100B5C00E70000006F00C000130414006FF0DFFD0D
:100B6C009307F4FF9304C500232405002322F5000A
:100B7C002320F500130604009305090013850400D7
:100B8C0097000000E70000008320C10203248102CB
:100B9C0023A0990003290102832441028329C10166
:100BAC001301010367800000EFF04FC9EFB09F8481
:100BBC002326A100EFF0CFD20325C100EF109EBB7E
:080BCC001703000067000000A0
:080BD400170300006700000098
:100BDC00130101FF2326110097000000E70000001D
:100BEC008320C100930645FF3705050093051000CF
:100BFC00130600001305856A130101011703000099
:040C0C00670000007D
:080C1000130545006780000098
:080C1800130545006780000090
:100C2000130101FE232A910093840500B78500007B
:100C3000232C81009385C5861304050013058100CC
:100C4000232E1100EFF0DFC113068000B305C100B1
:100C50001305040097000000E700000013060400DD
:100C60009385040013054400EFF05FEB130581004A
:100C7000EFF04FF08320C10103248101832441015F
:100C800013010102678000001304050013058100B1
:0C0C9000EFF04FEE13050400EF109EAED5
:100C9C00130101FE2328210113890500B7850000EB
:100CAC00232C81009385C586130405001305810050
:100CBC00232E1100232A9100EFF0DFB913068000D8
:100CCC00B305C1001305040097000000E700000005
:100CDC001305090097000000E700000093050500CC
:100CEC001306040013054400EFF09FE21305810086
:100CFC00EFF08FE78320C10103248101832441019C
:100D0C00032901011301010267800000130405008F
:100D1C0013058100EFF04FE513050400EF109EA5BD
:080D2C00130545006FF0DFEA3A
:100D3400130101FF2324810013040500130545005A
:100D440023261100EFF05FE913050400032481005A
:100D54008320C10013010101170300006700000094
:0C0D6400130545001703000067000000A5
:100D7000130101FE232A910093840500B78500002A
:100D8000232C81009385C58613040500130581007B
:100D9000232E1100EFF0DFACB7C700001306800070
:100DA000938707A3B305C100130504002324F100B2
:100DB00097000000E700000013060400938504007C
:100DC00013054400EFF09FD513058100EFF08FE08D
:100DD0008320C10103248101832441011301010205
:100DE000678000001304050013058100EFF08FDE1B
:080DF00013050400EF10DE986A
:100DF800130101FE2328210113890500B78500008E
:100E0800232C81009385C5861304050013058100F2
:100E1800232E1100232A9100EFF01FA4B7C700006A
:100E280013068000938707A3B305C10013050400C8
:100E38002324F10097000000E700000013050900D3
:100E480097000000E7000000930505001306040062
:100E580013054400EFF01FCC13058100EFF00FD706
:100E68008320C10103248101832441010329010155
:100E780013010102678000001304050013058100B7
:0C0E8800EFF0CFD413050400EF101E8F14
:080E9400130545006FF05FD467
:040E9C006FF09FE96B
:100EA000130101FE232A910093840500B7850000F9
:100EB000232C81009385C58613040500130581004A
:100EC000232E1100EFF0DF99B7C700001306800052
:100ED000938747A4B305C100130504002324F10040
:100EE00097000000E700000013060400938504004B
:100EF00013054400EFF09FC213058100EFF08FD07F
:100F00008320C101032481018324410113010102D3
:100F1000678000001304050013058100EFF08FCEF9
:080F200013050400EF10DE854B
:100F2800130101FE2328210113890500B78500005C
:100F3800232C81009385C5861304050013058100C1
:100F4800232E1100232A9100EFF01F91B7C700004C
:100F580013068000938747A4B305C1001305040056
:100F68002324F10097000000E700000013050900A2
:100F780097000000E7000000930505001306040031
:100F880013054400EFF01FB913058100EFF00FC7F8
:100F98008320C10103248101832441010329010124
:100FA8001301010267800000130405001305810086
:0C0FB800EFF0CFC413050400EF100EFC96
:080FC400130545006FF05FC149
:040FCC006FF09FD64D
:100FD000130101FE232A910093840500B7850000C8
:100FE000232C81009385C586130405001305810019
:100FF000232E1100EFF0DF86B7C700001306800034
:10100000938787A5B305C100130504002324F100CD
:1010100097000000E7000000130604009385040019
:1010200013054400EFF09FAF13058100EFF08FC070
:101030008320C101032481018324410113010102A2
:10104000678000001304050013058100EFF08FBED8
:0810500013050400EF10CEF2BD
:10105800130101FE2328210113890500B78500002B
:10106800232C81009385C586130405001305810090
:10107800232E1100232A9100EFF00FFEB7C70000BE
:1010880013068000938787A5B305C10013050400E4
:101098002324F10097000000E70000001305090071
:1010A80097000000E7000000930505001306040000
:1010B80013054400EFF01FA613058100EFF00FB7EA
:1010C8008320C101032481018324410103290101F3
:1010D8001301010267800000130405001305810055
:0C10E800EFF0CFB413050400EF100EE988
:0810F400130545006FF05FAE2B
:0410FC006FF09FC32F
:10110000130101FE232A910093840500B785000096
:10111000232C81009385C5861304050013058100E7
:10112000232E1100EFF0CFF3B7C7000013068000A5
:101130009387C7A6B305C100130504002324F1005B
:1011400097000000E70000001306040093850400E8
:1011500013054400EFF09F9C13058100EFF08FB062
:101160008320C10103248101832441011301010271
:10117000678000001304050013058100EFF08FAEB7
:0811800013050400EF10CEDF9F
:10118800130101FE2328210113890500B7850000FA
:10119800232C81009385C58613040500130581005F
:1011A800232E1100232A9100EFF00FEBB7C70000A0
:1011B800130680009387C7A6B305C1001305040072
:1011C8002324F10097000000E70000001305090040
:1011D80097000000E70000009305050013060400CF
:1011E80013054400EFF01F9313058100EFF00FA7DC
:1011F8008320C101032481018324410103290101C2
:101208001301010267800000130405001305810023
:0C121800EFF0CFA413050400EF100ED679
:08122400130545006FF05F9B0C
:04122C006FF09FB010
:10123000130101FE232A910093840500B785000065
:10124000232C81009385C5861304050013058100B6
:10125000232E1100EFF04FF113068000B305C100FB
:101260001305040097000000E700000013060400C7
:101270009385040013054400EFF05F8A1305810095
:10128000EFF04F808320C1010324810183244101B9
:10129000130101026780000013040500130581009B
:0C12A000EFE05FFE13050400EF108ECDA0
:1012AC00130101FE2328210113890500B7850000D5
:1012BC00232C81009385C58613040500130581003A
:1012CC00232E1100232A9100EFF04FE91306800022
:1012DC00B305C1001305040097000000E7000000EF
:1012EC001305090097000000E700000093050500B6
:1012FC001306040013054400EFF09F8113058100D1
:10130C00EFE09FF78320C101032481018324410175
:10131C000329010113010102678000001304050079
:10132C0013058100EFE05FF513050400EF108EC488
:08133C00130545006FF0DF8985
:041344006FF01F9F88
:0C134800130545001703000067000000BB
:10135400130101FE232A910093840500B785000040
:10136400232C81009385C586130405001305810091
:10137400232E1100EFF00FDFB7C700001306800023
:10138400938747A9B305C100130504002324F10082
:1013940097000000E7000000130604009385040092
:1013A40013054400EFF04FF713058100EFE05FF3FE
:1013B4008320C1010324810183244101130101021B
:1013C400678000001304050013058100EFE05FF15E
:0813D40013050400EF108EBAAE
:1013DC00130101FE2328210113890500B7850000A4
:1013EC00232C81009385C586130405001305810009
:1013FC00232E1100232A9100EFF04FD6B7C700001F
:10140C0013068000938747A9B305C1001305040098
:10141C002324F10097000000E700000013050900E9
:10142C0097000000E7000000930505001306040078
:10143C0013054400EFF0CFED13058100EFE0DFE979
:10144C008320C1010324810183244101032901016B
:10145C0013010102678000001304050013058100CD
:0C146C00EFE09FE713050400EF10CEB086
:08147800130545006FF00FF6AB
:041480006FF05F8B1F
:10148400130101FE232A910093840500B78500000F
:10149400232C81009385C586130405001305810060
:1014A400232E1100EFF00FCCB7C700001306800005
:1014B400938787AAB305C100130504002324F10010
:1014C40097000000E7000000130604009385040061
:1014D40013054400EFF04FE413058100EFE05FE3F0
:1014E4008320C101032481018324410113010102EA
:1014F400678000001304050013058100EFE05FE13D
:0815040013050400EF108EA78F
:10150C00130101FE2328210113890500B785000072
:10151C00232C81009385C5861304050013058100D7
:10152C00232E1100232A9100EFF04FC3B7C7000000
:10153C0013068000938787AAB305C1001305040026
:10154C002324F10097000000E700000013050900B8
:10155C0097000000E7000000930505001306040047
:10156C0013054400EFF0CFDA13058100EFE0DFD96B
:10157C008320C1010324810183244101032901013A
:10158C00130101026780000013040500130581009C
:0C159C00EFE09FD713050400EF10CE9D78
:0815A800130545006FF00FE38D
:0415B0006FF04FF891
:1015B400130101FE232A910093840500B7850000DE
:1015C400232C81009385C58613040500130581002F
:1015D400232E1100EFF00FB9B7C7000013068000E7
:1015E4009387C7ABB305C100130504002324F1009E
:1015F40097000000E7000000130604009385040030
:1016040013054400EFF04FD113058100EFE05FD3E1
:101614008320C101032481018324410113010102B8
:10162400678000001304050013058100EFE05FD11B
:0816340013050400EF108E9471
:10163C00130101FE2328210113890500B785000041
:10164C00232C81009385C5861304050013058100A6
:10165C00232E1100232A9100EFF04FB0B7C70000E2
:10166C00130680009387C7ABB305C10013050400B4
:10167C002324F10097000000E70000001305090087
:10168C0097000000E7000000930505001306040016
:10169C0013054400EFF0CFC713058100EFE0DFC95D
:1016AC008320C10103248101832441010329010109
:1016BC00130101026780000013040500130581006B
:0C16CC00EFE09FC713050400EF10CE8A6A
:0816D800130545006FF00FD06F
:0416E0006FF04FE573
:0816E4000325050067800000EA
:0C16EC002320B500138505006780000076
:0C16F80003250500130545FF6780000076
:081704000325050067800000C9
:10170C008327050003A547FF3385A70067800000EA
:10171C009307050083A707001385050083A647FFE1
:10172C0063F0B6029305060013060500378500002A
:10173C00130101FF130585C023261100EFB00FC460
:04174C0067800000B2
:10175000B70700409387C7FFB385F50083270500CF
:1017600083A747FFB385F54063FAC500130101FF66
:101770001385060023261100EFB08FB667800000A6
:101780008327050003A547FF3305B5406374A60012
:0817900013050600678000004C
:101798008327050063EAF50003A747FFB387E7003F
:1017A80033B5B7006780000013051000678000009C
:1017B800130710006318E60083C705002300F5002F
:1017C80067800000630406006F109FC367800000F5
:1017D800130710006318E60083C705002300F5000F
:1017E80067800000630406006F101FAF6780000069
:1017F8009387050013071000930506006396E7001A
:101808002300C50067800000638607001386070071
:081818006F20DE9967800000DB
:081820003306B6406FF05FF9DA
:041828006FF09FFFBF
:08182C003306B6406FF09FF88F
:041834006FF09FFFB3
:081838003305B5406780000094
:081840001385C15B6780000005
:0C1848009387815C2320F500678000007E
:1018540083A705002320F5009387815C23A0F5006E
:041864006780000099
:1018680083A705002320F5009387815C23A0F5005A
:041878006780000085
:08187C00032505006780000050
:101884008327050003A547FF3385A7006780000071
:10189400130101FF232481001304050013850500AF
:1018A40023261100EFF0DFFD2320A4008320C100D4
:1018B4001305040003248100130101016780000063
:0C18C40083A705002320F50067800000CA
:0818D0000325050067800000FC
:1018D8008327050003A547FF3385A700678000001D
:1018E800130101FF2324810013040500138505005B
:1018F80023261100EFF09FF82320A4008320C100C5
:10190800130504000324810013010101678000000E
:0C19180083A705002320F5006780000075
:0C1924008327050003A547FF6780000033
:0C1930008327050003A547FF6780000027
:0C193C00370500401305C5FF6780000060
:0C1948008327050003A587FF67800000CF
:101954008327050003A547FF1335150067800000A2
:0C196400032505003305B5006780000076
:1019700003250500032645FF63ECC50037850000FD
:10198000130101FF130505C423261100EFB0CF9FFB
:081990003305B500678000007B
:08199800032505006780000033
:1019A00003250500832745FF9387F7FF3305F500DF
:0419B000678000004C
:1019B400130101FE232C8100130406003786000066
:1019C40023282101130646D31389050093850600B5
:1019D400232A91002326D10093040500232E11000D
:1019E400EFF09FD383A504008326C10003A645FF1F
:1019F4003306D6406374C40013060400630C060067
:101A0400B385D500130509002326C100EFF09FDA42
:101A14000326C1008320C1010324810183244101E1
:101A24000329010113050600130101026780000068
:101A34008327050003A7C7FF6354070023AE07FEEF
:101A440003A705008326C7FF63D40600232E07FEE1
:0C1A54002320E50023A0F50067800000BF
:101A6000130101FE232E11002326A100EFF09FFC9D
:101A70008320C1010325C10013010102678000001A
:101A8000130101FE232E11002326A100EFF09FFA7F
:101A90008320C1010325C1001301010267800000FA
:081AA00003250500678000002A
:081AA800032505006780000022
:041AB000678000004B
:101AB400130101FE2328210103290500232E11000F
:101AC400232C8100232A9100232631012324410160
:101AD4002322510123206101832749FF63980600D3
:101AE40063F0C7061306F0FF6F008005E37CF6FE83
:101AF40003C70500130A1000B30AF9009384060013
:101B040093890500130B07003305C900B387C74049
:101B1400330ADA40E3E897FC13060B00B305FA0036
:101B2400EFB00FCB13040500E30E05FA138604008F
:101B340093850900EFB08FCB631A05023306244165
:101B44008320C1010324810183244101032901016C
:101B54008329C100032A8100832A4100032B010049
:101B64001305060013010102678000001305140029
:081B7400B387AA406FF01FFACD
:0C1B7C0083A5050083A645FF6FF01FF352
:101B8800130101FE232C81001304050013850500B1
:101B9800232E11002326C1002324B100EF10DF9863
:101BA8009306050013050400032481010326C100E0
:101BB800832581008320C101130101026FF01FEF0B
:101BC800130101FF232481000324050023261100AB
:101BD800832744FF637CF60213050600138605007D
:101BE800B385A7403305A400EFB04FBE9307F0FFBD
:101BF80063040500B30785408320C10003248100E6
:101C08001385070013010101678000009307F0FFA7
:041C18006FF09FFECC
:101C1C00130101FE2328210103290500232C810037
:101C2C00232E1100032449FF232A91006368D40258
:101C3C003304D440938406006374860013040600B6
:101C4C0013860400330589002326B100EFB08FB949
:101C5C00630805008325C100631204021304F0FF1E
:101C6C008320C10113050400032481018324410155
:101C7C000329010113010102678000001304F4FF22
:041C8C006FF01FFCDA
:0C1C900083A5050083A645FF6FF05FF8F8
:101C9C00130101FE232C810013040500138505009C
:101CAC00232E11002326C1002324B100EF109F879F
:101CBC009306050013050400032481010326C100CB
:101CCC00832581008320C101130101026FF05FF4B1
:101CDC008327050003A547FF630405021305F5FFE1
:101CEC006374A60013050600130515001305F5FF14
:101CFC003387A700034707006306B700E31805FE08
:081D0C001305F0FF67800000E1
:101D1400130101FE232E1100232C8100232A91009C
:101D2400232821012326310123244101638006064F
:101D340083240500138A06009389050003A944FF40
:101D44001304060063742405B387840003C60700E4
:101D540093050A0013850900EFB08FA763040502F9
:101D64008320C1011305040003248101832441015C
:101D7400032901018329C100032A810013010102FF
:101D840067800000130414006FF0DFFB1304F0FFFE
:041D94006FF01FFDD0
:0C1D980083A5050083A645FF6FF05FF7F0
:101DA400130101FE232C8100130405001385050093
:101DB400232E11002326C1002324B100EF100FF7B6
:101DC4009306050013050400032481010326C100C2
:101DD400832581008320C101130101026FF05FF3A9
:041DE4006FF05FDE5F
:101DE800130101FE232A910083240500232C81007E
:101DF800232E110003A444FF2328210123263101A7
:101E08002324410163020406638006061304F4FFD9
:101E18006374860013040600138A0600938905007C
:101E28001309F0FFB387840003C6070093050A006F
:101E380013850900EFB08F99631605001304F4FFAA
:101E4800E31224FF8320C101130504000324810148
:101E580083244101032901018329C100032A810048
:101E680013010102678000001304F0FF6FF09FFD6B
:0C1E780083A5050083A645FF6FF09FF6D0
:101E8400130101FE232C81001304050013850500B2
:101E9400232E11002326C1002324B100EF100FE9E3
:101EA4009306050013050400032481010326C100E1
:101EB400832581008320C101130101026FF09FF289
:041EC4006FF09FE13B
:101EC800130101FD2322910283240500232021030D
:101ED8002324810203A944FF232E31012326110262
:101EE8009389050013040600636424031304F0FFB8
:101EF8008320C102130504000324810283244102C4
:101F0800032901028329C10113010103678000002D
:101F1800B387840003C6070093850600138509006C
:101F28002326D100EFB08F8AE30405FC8326C10085
:081F3800130414006FF05FFBBD
:0C1F400083A5050083A645FF6FF01FF885
:101F4C00130101FE232C81001304050013850500E9
:101F5C00232E11002326C1002324B100EF108FDCA7
:101F6C009306050013050400032481010326C10018
:101F7C00832581008320C101130101026FF01FF43E
:101F8C00832705001305060003A747FF6366E500DA
:101F9C001305F0FF67800000B386A70083C6060018
:0C1FAC00E39AB6FE130515006FF05FFE0F
:101FB800130101FE232A910083240500232C8100AC
:101FC800232E110003A444FF2328210123263101D5
:101FD80023244101630004061304F4FF637486009C
:101FE80013040600138A0600938905001309F0FFFD
:101FF800B387840003C6070093050A001385090008
:10200800EFA0DFFC630605001304F4FFE31224FFCE
:102018008320C101130504000324810183244101A5
:10202800032901018329C100032A81001301010248
:0C203800678000001304F0FF6FF09FFDB4
:0C20440083A5050083A645FF6FF0DFF6C2
:10205000130101FE232C81001304050013850500E4
:10206000232E11002326C1002324B100EF104FCCF2
:102070009306050013050400032481010326C10013
:10208000832581008320C101130101026FF0DFF27B
:102090008327050003A547FF630605021305F5FF27
:1020A0006374A600130506001307F0FFB386A700AC
:1020B00083C60600639AB6001305F5FFE318E5FE34
:0C20C000678000001305F0FF678000003F
:1020CC000325050083A50500130101FF23248100CE
:1020DC002322910003A445FF832445FF23261100EE
:1020EC001386040063E4840013060400EFA09FEF42
:1020FC0063140500338584408320C10003248100D0
:0C210C00832441001301010167800000E2
:10211800130101FE232A910093040600378600006C
:10212800130686D4232C81002328210113040500DB
:10213800138905002326D100232E1100EFF08FDD2F
:10214800032504008326C100032445FF33042441EA
:1021580063F484001384040083A5060083A445FF68
:1021680013860400637494001306040033052501E4
:10217800EFA09FE763140500330594408320C10155
:102188000324810183244101032901011301010270
:04219800678000005C
:10219C00130101FD23229102B7840000232C41017D
:1021AC00130A0600138684D42326F1002326110279
:1021BC002324810223202103138406001309070022
:1021CC00232E3101232A510193890500930A05001E
:1021DC00EFF00FD4138684D4930509001305040083
:1021EC00EFF00FD303A50A008327C100832445FF1A
:1021FC00B384344163749A0093040A008325040069
:10220C0003A445FF3304244163F4870013840700BF
:10221C001306040063F4840013860400B3852501BF
:10222C0033053501EFA01FDC6314050033858440B2
:10223C008320C10203248102832441020329010269
:10224C008329C101032A8101832A4101130101035E
:04225C006780000097
:10226000130101FE2328210103290500232A9100DF
:1022700013850500832449FF232C81002326B10008
:10228000232E1100EF10CFAA8325C10013040500EF
:102290001386040063E4A400130605001305090077
:1022A000EFA01FD563140500338584408320C1014E
:1022B0000324810183244101032901011301010247
:0422C0006780000033
:1022C400130101FE232A91009304060037860000BF
:1022D400232C8100130686D413040500232821012E
:1022E400232631012324410113890500232E1100E3
:1022F400138A0600EFF04FC28329040003A449FFA8
:102304003304244163F484001384040013050A0095
:10231400EF10CFA193040500130605006374A40015
:102324001306040093050A0033852901EFA01FCC8E
:1023340063140500330594408320C1010324810103
:1023440083244101032901018329C100032A810057
:08235400130101026780000083
:10235C00130101FD232E310193090600378600007D
:10236C00130686D423248102232291021304050030
:10237C00232021032326D1001389050023261102D3
:10238C0093040700EFF0CFB8032504008326C100A7
:10239C00032445FF3304244163F4890013840900AA
:1023AC001306040063F4840013860400938506006E
:1023BC0033052501EFA01FC36314050033059440BA
:1023CC008320C102032481028324410203290102D8
:0C23DC008329C101130101036780000088
:0823E8001385C15B6780000052
:0C23F000032585001355F50167800000EF
:0C23FC00032585003325A0006780000049
:0C2408009307F0FF2324F500678000001C
:0824140023240500678000008D
:10241C009387C15B630AF500232405002320B500D4
:0C242C003305B5002306050067800000A2
:082438001305C50067800000D8
:10244000130101FFB7070040232611002324810058
:102450009387C7FF63F8A700378500001305C57D84
:10246000EFA00FE81304050063F8A500939715008B
:102470006374F500138407009307D4013717000035
:102480006374F70463F285043304E4001307F7FF71
:10249000B3F7E7003304F440B70700409387C7FF62
:1024A00063F48700138407001305D400EF909FFDA9
:1024B0008320C100232285000324810023240500FA
:1024C00013010101678000001305D400E35005FEED
:0424D000EFA04FC565
:1024D400130101FE232E1100232C8100232A9100D5
:1024E4002328210123263101630C05049389050067
:1024F4009305000013090500EFF05FF41304C50011
:1025040093040500930509001305040013860900CC
:10251400EFF04FAE9305090013850400EFF0DFEFF1
:102524008320C10113050400032481018324410194
:10253400032901018329C1001301010267800000FE
:082544001384815C6FF0DFFDE0
:10254C00130101FF232481001386050013040500E9
:10255C00930500001305000023261100EFF0DFF6B1
:10256C008320C1002320A400032481001301010156
:04257C006780000074
:10258000130101FF232481001304050013850500B6
:10259000930506001386060023261100EFF09FF333
:1025A0008320C1002320A400032481001301010122
:0425B0006780000040
:0425B4006FF01FF2B3
:0425B8006FD08FDA77
:1025BC001387C15B630CE500032785009306F7FFC7
:1025CC002324D5006344E0006FF05FFE67800000B9
:1025DC0003250500130101FE9305C100130545FFFA
:1025EC00232E1100EFF0DFFC8320C1011301010247
:0425FC0067800000F4
:102600000327050093070500130547FF0327C7FFAE
:102610006358E002130101FD9305C1012326110255
:102620002326F100EFF09FF98327C1008320C10228
:102630001387815C23A0E70013010103678000007A
:08264000930500006FF09FDD1F
:10264800130101FC232821031309050003250500B4
:10265800232A9102232C8102832445FF2326310358
:1026680013840500B309B600832585FFB387C640E8
:102678002324410323225103232E1102B38A9700F6
:1026880023206103232E7101138A0600B384344189
:1026980063E655010327C5FF635CE0081306C10024
:1026A80013850A00EFF05FD9930B0500130BC500E3
:1026B800630A0400832509001306040013050B00B0
:1026C800EFF00F8F63800402832509001305C4000F
:1026D8003305450113860400B38535013385AB0006
:1026E800EFF00F8D032509009305C100130545FF81
:1026F800EFF05FEC2320690103250900032481031F
:102708008320C10383244103032901038329C102D0
:10271800032A8102032B0102832BC10193850A003E
:10272800832A4102130545FF130101046FF09FCE70
:10273800E38404FCE38207FC338A8600B305350191
:102748001386040033054501EFF08F886FF0DFFA38
:1027580003270500832647FF638A06040327C7FF6C
:10276800635EE002130101FE9306000013060000F9
:1027780093050000232E11002326A100EFF05FEC43
:102788008327C1008320C1011307F0FF83A7070037
:1027980023AEE7FE130101026780000083270500CE
:1027A8001307F0FF23AEE7FE678000006780000094
:1027B8008327050083A7C7FF63C407006FF05FF98D
:0427C8006780000026
:1027CC00130101FE232E11002326A100EFF01FFEA2
:1027DC000325C1008320C10103250500130101025B
:0427EC006780000002
:1027F000130101FF23248100130405001385050044
:1028000023261100EFF09FFC2320A4008320C100A9
:1028100013050400032481001301010167800000F7
:10282000130101FE232E11002326A100EFF0DFF893
:102830000325C1008320C1018327050003A547FFAD
:0C284000130101023385A700678000002F
:10284C00130101FF232481001304050013850500E7
:10285C0023261100EFF01FFC2320A4008320C100CD
:10286C00130504000324810013010101678000009B
:10287C00130101FE232E11002326A1002324B100F5
:10288C00EFF0DFF20325C100832581008320C10115
:10289C0003250500130101023305B5006780000014
:1028AC00130101FE232E11002326A100EFF01FF0CF
:1028BC000325C1008320C10103250500130101027A
:0428CC006780000021
:1028D00083270500130101FE232C8100232E110004
:1028E0002326A10003A447FFEFF01FED0325C1003D
:1028F0001304F4FF8320C10103250500330585007F
:0C29000003248101130101026780000024
:10290C0083270500130101FE232E110003A647FFA8
:10291C00232C810063E8C50037850000130505C42E
:10292C00EFA0CFA5130405002326B100EFF01FE89C
:10293C00032504008325C1008320C10103248101E8
:0C294C003305B500130101026780000094
:10295800130101FE232A9100930406003786000024
:10296800130646C8232C81002326B1001304050052
:10297800232E1100EFE01FDA832704008325C1000E
:1029880003A647FF3306B64063F4C4001386040069
:10299800930505009306000013050400EFF05FCAD5
:1029A8008320C1011305040003248101832441010C
:0829B800130101026780000019
:1029C000832705001306100083A547FF9385F5FFB5
:0429D0006FF09FF80D
:1029D40083270500130101FE93060000B385F5402B
:1029E40013061000232E11002326A1002324B10076
:1029F400EFF05FC50325C100832581008320C10159
:102A0400032505009307F0FF232EF5FE3305B500DB
:082A14001301010267800000BC
:102A1C00930706003306B6406386B7048327050088
:102A2C00130101FE93060000B385F540232C8100B1
:102A3C00232E1100130405002326B100EFF01FC054
:102A4C00832704008325C1008320C1010324810155
:102A5C001307F0FF23AEE7FE3385B7001301010225
:0C2A6C00678000001385050067800000F3
:102A7800130101FD23229102232E310193840600C4
:102A880093090600B786000023202103938686C990
:102A98001389050013860400938509002324810205
:102AA80023261102130405002326E100EFE0DFC905
:102AB8009386040013860900930509001305040092
:102AC800EFF01FB8638C0400032504000326C1003F
:102AD8009385040033052501EFE09FD18320C102CF
:102AE80013050400032481028324410203290102FF
:0C2AF8008329C101130101036780000065
:102B040083270500130706009386050003A647FFE5
:082B1400930500006FF01FF6AD
:102B1C00130101FF13860500930510002324810087
:102B2C002326110013040500EFF01FFD8320C100C4
:102B3C0013050400032481001301010167800000C8
:102B4C00130101FE232A910093040600378600002E
:102B5C00130686CB232C8100232E110013040500B1
:102B6C002326D100EFE0DFBA93050500130504001E
:102B7C00032481010327C1008320C1019386040033
:102B8C008324410113060000130101026FF01FEEB4
:102B9C0083270500130101FE13070600B385F540DA
:102BAC009306100013060000232C8100232E110025
:102BBC00130405002326B100EFF05FEB032504009E
:102BCC008325C1008320C101032481019307F0FFF9
:102BDC00232EF5FE3305B5001301010267800000BA
:102BEC00130101FE232A910093040600378600008E
:102BFC00130606CD232C81002326B10013040500F7
:102C0C002324D1002322E100232E1100EFE05FB03A
:102C1C00832704008325C1000327410003A647FF37
:102C2C00832681003306B64063F4C4001386040087
:102C3C009305050013050400032481018320C101C1
:0C2C4C0083244101130101026FF05FE2DC
:102C5800832705003306B640B385F5406FF05FE182
:102C68001387060093060600138605006FF05FFEC3
:102C7800130101FE2328210113890600930607008A
:102C8800232C8100232A91002326E100232E110002
:102C98001304050093840500EFF09F9A0327C100F1
:102CA800630C0700032504001306070093050900B9
:102CB80033059500EFE0DFAF8320C1011305040061
:102CC8000324810183244101032901011301010225
:042CD8006780000011
:102CDC0083270500130101FF232291009384050033
:102CEC0083A547FFB7860000938646D023261100A4
:102CFC00232481002320210113040500130906005D
:102D0C00EFE05FA49385040013050400EFE01FA817
:102D1C009307050003250400639607048327C5FF6A
:102D2C006342F004B387A44063E427071306090049
:102D3C0093850400EFE09FA7032504009305090089
:102D4C00130545FFEFF0CFEC8320C1001305040001
:102D5C000324810083244100032901001301010194
:102D6C0067800000032645FF13050400032481003F
:102D7C008320C10013070900938604000329010076
:102D8C008324410093050000130101016FF01FEE35
:102D9C00E38407FA1306090093850400EFE01FA3F0
:042DAC006FF09FF92C
:102DB000130101FE232C8100232E110013040500B2
:102DC000EFF0DFF18320C10113050400032481012A
:082DD0001301010267800000FD
:102DD800130101FD2324810223202103138405000C
:102DE800130906003786000023229102232E3101A1
:102DF80083A40500130646D093090500930509002E
:102E0800130504002326D10023261102EFE09F902A
:102E1800832704008326C10003A647FF3306264103
:102E280063F4C60013860600032481028320C102CE
:102E380003290102B385A4008324410213850900F4
:0C2E48008329C101130101036FF0DFE8D2
:102E5400130101FE232C81001304050013850500D2
:102E6400232E11002326B100EF004FEC13060500BA
:102E740013050400032481018325C1008320C101BB
:082E8400130101026FF05FE58C
:042E8C006FF09FFC48
:0C2E9000130101FF130101016FF05FE46A
:102E9C00130101FD2320210337890000232C41015C
:102EAC00130A0600130689CB232611022324810260
:102EBC0023229102232E3101930405001384060072
:102ECC0093890500EFE0DF8493050000138504006F
:102EDC00930689CB13060400EFE0DF8693050A0006
:102EEC0013850400EFE09F8A6318050083A7040094
:102EFC0003A7C7FF635CE0021307040003248102ED
:102F0C008320C1020329010293060A00938509005C
:102F1C00032A81018329C101138504008324410202
:102F2C0013060000130101036FF05FD413060000B9
:102F3C009385090013850400930604003309FA40B5
:102F4C00EFF0CFEF03A5040013060400B305250131
:102F5C00B3878500330535016376F50063E8A50278
:102F6C0093850700EFE09F848320C1020324810234
:102F7C00032901028329C101032A8101138504005D
:102F8C00832441021301010367800000338A294125
:102F9C0013060A002326A100EFE05F810325C10080
:102FAC003306344133062601B3058500330545014C
:042FBC006FF05FFB58
:102FC00083270500130101FFB385F54013010101BB
:042FD0006FF0DFECD3
:102FD400130101FD2324810223229102130406001C
:102FE400832406003786000023202103232E310189
:102FF4001309050093890500130686CB9385060003
:10300400130504002326E1002324D1002326110202
:10301400EFE08FF083270400832681000327C1009B
:1030240083A747FFB386D7406374D700930607008E
:10303400032481028320C1023386A40093850900FE
:10304400832441028329C1011305090003290102D4
:08305400130101036FF05FE4BA
:10305C00832706009306000003A747FF6FF0DFF6F7
:10306C00130101FE232C8100130405001305060037
:10307C00232E11002326B1002324C100EF008FCA98
:10308C009306050013050400032481010326810027
:10309C008325C1008320C101130101026FF05FDFA2
:1030AC009387C15B6308F50083278500938717001E
:0C30BC002324F5001305C5006780000008
:1030C80083270500130101FF232481001304050051
:1030D8003305F600138605008325440023202101CB
:1030E8002326110023229100EFF00FB503260400D8
:1030F80013090500630806009305C4001305C500FD
:10310800EFE00FEB8325040013050900EFF08FB003
:103118008320C10003248100832441001305C900D2
:0C31280003290100130101016780000071
:103134008327050003A787FF6368B70083A6C7FF3B
:10314400635ED0049305070003A647FF130101FE45
:10315400232C81003386C540130405009305C10068
:10316400138547FF232E1100232A9100EFF09FF5CA
:1031740093040500032504009305C100130545FFCE
:10318400EFF08FC38320C101232094000324810125
:10319400832441011301010267800000678000005D
:1031A40083A70500130101FE232C810003A647FF1A
:1031B400232E1100232A9100232821011304050042
:1031C400630E0604832705001389050083A447FFC3
:1031D40003A787FFB30496006366970083A7C7FF1E
:1031E400635CF00093850400130504002326C100EA
:1031F400EFF01FF40326C100832704008325090090
:1032040003A547FF3385A700EFE0CFDA03250400C9
:1032140093850400130545FFEFF00FA08320C1013F
:1032240013050400032481018324410103290101BE
:08323400130101026780000094
:04323C006FF09FF69A
:10324000130101FD23202103232E31011309060060
:103250009389050037860000232481021306C6D116
:103260001304050093050900138509002326D100E6
:103270002326110223229102EFE04FCA83A70900FF
:103280008326C10003A647FF3306264163F4C60028
:1032900013860600630E06048327040083A447FFF9
:1032A00003A787FFB30496006366970083A7C7FF51
:1032B000635CF00093850400130504002326C1001D
:1032C000EFF05FE70326C1008327040083A5090010
:1032D00003A547FFB38525013385A700EFE0CFCDD8
:1032E0000325040093850400130545FFEFF00F93B9
:1032F0008320C102130504000324810283244102B8
:10330000032901028329C101130101036780000021
:10331000130101FE232C8100232E1100232A91008A
:103320002328210123263101232441011304050010
:10333000630E0606B7860000938405009386C6D107
:1033400093050000130A0600EFE08FC083290400F4
:1033500003A949FF83A789FF33092A0163E62701EF
:1033600083A7C9FF6350F00293850400130504008E
:10337000EFE08FC2630E05049305090013050400F6
:10338000EFF05FDB832704009385040013060A0037
:1033900003A547FF3385A700EFE00FC20325040014
:1033A00093050900130545FFEFF04F878320C10106
:1033B0001305040003248101832441010329010131
:1033C0008329C100032A81001301010267800000E4
:1033D0009305090013050400EFF0DFD583270400EF
:0C33E000B3843441B38497006FF0DFF930
:0C33EC00130101FF130101016FF0DFF17C
:1033F800130101FE232C8100130405001385050029
:10340800232E11002326B100EF000F9213060500AA
:1034180013050400032481018325C1008320C10111
:08342800130101026FF05FEED9
:043430006FF09FFC9E
:0C343400130101FF130101016FF05FEDB7
:10344000130101FE232C8100232E1100232A910059
:103450002328210123263101130405006388050672
:10346000B786000013890500930906009386C6D12C
:103470001386050093050000EFE08FAD832704005D
:1034800083A447FF03A787FFB304990063669700EF
:1034900083A7C7FF6358F000938504001305040059
:1034A000EFF05FC983270400930509001386090024
:1034B00003A547FF3385A700EFE00FB40325040001
:1034C00093850400130545FFEFE05FF58320C101FC
:1034D0001305040003248101832441010329010110
:0C34E0008329C100130101026780000075
:1034EC0083270500130101FE232C810013840500A2
:1034FC0083A547FFB7860000232A91009386467F59
:10350C0093040600130604002326A1002324B10013
:10351C00232E1100EFE00FA3832581000325C100AA
:10352C0063F08502B305B440032481018320C101FB
:10353C001386040083244101130101026FF09FEFF5
:10354C006370B40293050400032481018320C1013C
:10355C00832441011306F0FF130101026FF00FBF2A
:10356C008320C10103248101832441011301010241
:04357C006780000064
:08358000130600006FF09FF636
:1035880083270500130101FE232C81001384050005
:1035980083A547FF03A787FF232E110093851500F6
:1035A8006366B70083A7C7FF635CF0002326B100FA
:1035B8002324A100EFF09FB78325C10003258100D4
:1035C8008327050003A747FFB387E7002380870009
:1035D80003250500032481018320C101130545FF4C
:0835E800130101026FE01FE373
:1035F000130101FE232E11002326A100EFF0DFF8B6
:103600008320C1010325C10013010102678000006E
:10361000130101FC23282103138905009305C1012F
:10362000232C8102232A910223263103130405004F
:103630002326C10093040700232E1102938906005C
:10364000EFE0DFF00326C10013050400B305960088
:10365000EFF05FAE0326C1009305090013050400D7
:10366000EFF01FCB138604009385090013050400B7
:10367000EFF01FCA6F0080019304050013050400DA
:10368000EFE0DFF513850400EFF08D8F8320C10399
:103690001305040003248103832441030329010348
:0C36A0008329C1021301010467800000AF
:1036AC008327050083A647FF03A787FF63E6E60091
:1036BC0003A7C7FF6356E008130101FD2324810211
:1036CC0013060000130405009305C101138547FF81
:1036DC002326110223229102EFF05F9E9304050032
:1036EC00032504009305C101130545FFEFE05FECD2
:1036FC008320C102232094000324810283244102ED
:10370C00130101036780000093071000639EF5000E
:10371C00EFC0DF92EF801FCE2326A100EFC05F9C8D
:10372C000325C100EFF00D85EFC05F9103248102EA
:10373C008320C10283244102130101036FC05F9AED
:04374C006780000092
:10375000130101FF23261100EFF05FF58320C10064
:08376000130101016780000064
:103768008327850063C407006FF0DF93130600000A
:043778006FF01F953A
:10377C00130101FE232C81001304050003A5050091
:10378C001306C10093058100130545FF232E11007C
:10379C00EFF0DFFC8320C1012320A400032481016E
:0837AC00130101026780000017
:1037B400130101FE232C81001304050003A5050059
:1037C400930506001306C100130545FF232E1100BF
:1037D400EFF05FF98320C1012320A40003248101B9
:0837E4001301010267800000DF
:1037EC00130101FE232C8100130405008327040020
:1037FC0003A50500232E1100232A91006386A7023E
:10380C001306C10093058100130545FFEFF01FF56A
:10381C00930405000325040093058100130545FF5F
:10382C00EFE01FD9232094008320C101130504006D
:10383C0003248101832441011301010267800000EC
:04384C006FF01FFA00
:083850002320B5006780000091
:10385800130101FE232C81001304050013850500C4
:10386800232E11002326C1002324B100EFF0DECB64
:103878000326C10083258100832606001306050060
:103888001305040003A746FFEFF01FD88320C101EA
:10389800130504000324810113010102678000005D
:1038A80083260600130101FEA307B10003A746FF04
:1038B8009305F10013061000232E11002324A10004
:1038C800EFF09FD48320C101032581001301010279
:0438D8006780000005
:1038DC008326060083A50500130101FE03A746FFFE
:1038EC0003A645FF232E11002326A100EFF09FD144
:1038FC008320C1010325C100130101026780000070
:10390C00130101FE232E1100232C8100232A910088
:10391C002328210123263101232441016380A5069C
:10392C001389050093040500930500003305A94095
:10393C00EFE05FB01304C500130A05009385040083
:10394C001305040013060900EFD0DFECB305994012
:10395C0013050A00EFE0DFAB8320C101130504005F
:10396C000324810183244101032901018329C1001E
:10397C00032A810013010102678000001384815C1B
:04398C006FF09FFD3C
:10399000130101FF23248100130405001385050092
:1039A00093050600138606009306000023261100E7
:1039B000EFF0DFF58320C1002320A4000324810061
:0839C000130101016780000002
:1039C800130101FE232E1100232C8100232A9100CC
:1039D8002328210123263101232441016308B50648
:1039E8001389050013040500630C05049305000002
:1039F8003305A940EFE05FA49304C500130A05004E
:103A0800930504001385040013060900EFD0DFE0D6
:103A1800B305894013050A00EFE0DF9F8320C10149
:103A280003248101032901018329C100032A81009C
:103A380013850400832441011301010267800000FB
:103A4800379500001305C580EF805FF99384815C8A
:043A58006FF0DFFC30
:103A5C00130101FE232C810013840500930506003D
:103A6C003786000023282101130646D913090500C7
:103A7C0013050400232E1100232A91002326310163
:103A8C008324040093890600EFD09FC88327040089
:103A9C00138609003385A40083A547FF9306000015
:103AAC00B385B700EFF09FF18320C101032481019E
:103ABC002320A90083244101032901018329C1008A
:083ACC001301010267800000F4
:103AD400130101FF2324810013040500138505004D
:103AE40093050600138606009306000023261100A2
:103AF400EFF05FED8320C1002320A40003248100A4
:083B04001301010167800000BC
:103B0C00130101FE232C810013840500930506008C
:103B1C003786000023282101130646D91309050016
:103B2C0013050400232A91002326D1002324E1004D
:103B3C002322B10083240400232E1100EFD05FBD9B
:103B4C0003280400832541008326C100832748FFF6
:103B5C0003278100B387B74063F4F6009387060010
:103B6C00B385B7003385A400930600001306070045
:103B7C00B305B800EFF09FE48320C1010324810159
:103B8C002320A9008324410103290101130101020F
:043B9C00678000003E
:103BA000130101FD232481021384050093050600FF
:103BB0003786000023202103130646D91309050088
:103BC00013050400232291022326D1002324B100EF
:103BD0008324040023261102EFD05FB403270400DE
:103BE000832581008326C100832747FFB387B74021
:103BF00063F4F60093870600B385B7001306C1018E
:103C00003385A40093060000B305B700EFF0DFDBB7
:103C10008320C102032481022320A90083244102BE
:0C3C20000329010213010103678000006A
:103C2C00130101FE232A91009384050093050600DD
:103C3C0037860000232C8100130606DB13040500D5
:103C4C0013850400232E11002326D100EFD05FAC86
:103C5C008326C10013060500938504001305040098
:103C6C00EFF05FF38320C1011305040003248101ED
:0C3C7C0083244101130101026780000055
:103C8800130101FE232E1100232C8100232A910009
:103C98002328210123263101232441016308B50685
:103CA8001389050013040500630C0504930500003F
:103CB8003305A940EFE04FF89304C500130A050047
:103CC800930504001385040013060900EFD09FB57F
:103CD800B305894013050A00EFE0CFF38320C10143
:103CE80003248101032901018329C100032A8100DA
:103CF8001385040083244101130101026780000039
:103D0800379500001305C580EF805FCD9384815CF3
:043D18006FF0DFFC6D
:103D1C00130101FF23248100130405001385050002
:103D2C00B385C500138606009306000023261100F8
:103D3C00EFF0DFF48320C1002320A40003248100D2
:083D4C00130101016780000072
:103D5400130101FD232A5101B78A000023286101C0
:103D6400130B060013860ACD232481022322910219
:103D740023202103232E3101232C410113040500A8
:103D8400138A050023261102938406009309070071
:103D9400EFD09F988327040003A947FF33094941C3
:103DA40063742B0113090B00930509001305040028
:103DB40093860ACD13860900EFD05F99938504009A
:103DC40013050400EFD01F9D63180500832704002A
:103DD40003A7C7FF6350E004130504000324810212
:103DE4008320C102832A4101032B010113870900A7
:103DF400938604008329C101832441021306090028
:103E040093050A0003290102032A81011301010316
:103E14006FE05FE633873401B386470163FAE60651
:103E240033072A013387E70063FCE4089306810023
:103E340013860900938504001305C100EFF0DFED3C
:103E44008326C100138709001306090093050A009D
:103E540013050400EFE01FE2130405001305C1007D
:103E6400EFE08FF78320C1021305040003248102CD
:103E740083244102032901028329C101032A810108
:103E8400832A4101032B0101130101036780000010
:103E9400B384F4401306090093050A0013050400D3
:103EA40093860900EFE00FFA032504001386090046
:103EB400B305950033054501EFD0DF8F6FF09FFA0E
:103EC400B384F440B3843401B38424416FF09FFC81
:103ED400130405001305C100EFE00FF013050400FF
:043EE400EFE0DD89A5
:0C3EE80083A6060003A746FF6FF05FE60C
:103EF400130101FD232E31019309060037860000CA
:103F04002322910223202103130606CD93040500E6
:103F140013890500138506009305070023248102F5
:103F24002326F10003A406002324E1002322D10068
:103F340023261102EFD04FFE832641000327810080
:103F44008327C10083A6060003A646FF3307E64085
:103F540063F4E70013870700B306A4000324810277
:103F64008320C10213860900930509008329C10136
:103F74000329010213850400832441021301010370
:043F84006FF01FDDDE
:103F8800130101FE232C810013040500138506008C
:103F9800232E11002326B1002324C1002322D1009F
:103FA800EFF08ED8130705001305040003248101E0
:103FB80083264100032681008325C1008320C10197
:083FC800130101026FF09FD804
:103FD000832705003306B640B385F5406FF09FD7C1
:0C3FE00083A6060003A746FF6FF09FFEBB
:103FEC00130101FE232C8100130405001385060028
:103FFC00232E11002326B1002324C1002322D1003B
:10400C00EFF04ED2130705001305040003248101C1
:10401C0083264100032681008325C1008320C10132
:08402C00130101026FF01FFAFD
:10403400832705003306B6403307D740B385F540E0
:044044006FF01FD129
:10404800832705003306B6403307D740B385F540CC
:044058006FF0DFCF57
:10405C00130101FF3387E600130101016FF01FFE0E
:10406C00832705003306B6403307D740B385F540A8
:04407C006FF09FCD75
:10408000832705003306B6403307D740B385F54094
:044090006FF05FCCA2
:10409400130101FF23248100130405001385050087
:1040A40093050600138606009306000023261100DC
:1040B400EFF05FBD8320C1002320A400032481000E
:0840C4001301010167800000F7
:1040CC00130101FE232C8100130405001385050048
:1040DC00B385C5001386060093060000232E11003D
:1040EC00EFF0DFB98320C1012320A4000324810158
:0840FC001301010267800000BE
:10410400130101FE232C8100232A9100138405004E
:10411400232E1100930405009305F0FF630C0400A3
:10412400130504002326C100EFF04EC00326C1008E
:10413400B305A4001305040093060000EFF09FB438
:104144008320C1010324810123A0A400832441010D
:08415400130101026780000065
:10415C000325050083A705003305F540133515002D
:04416C006780000068
:104170000325050083A705003305F5401335150019
:044180006780000054
:0C41840083A5050003A645FF6F00C04E98
:044190006FF05FFF6E
:104194009307060003A70700130101F923248106EE
:1041A40003270701232291062324B1002326C100FB
:1041B40023261106138605001304050093850700C2
:1041C4001305810493840600E70007003796000076
:1041D400130686839305000013058104EFA08F90D6
:1041E4009305050013050103EF900FAD138604003A
:1041F4009305000013050103EFA0CF8E930505007E
:1042040013058101EF904FAB930581011305040061
:10421400EF00104313058101EF805FEA13050103EA
:10422400EF80DFE913058104EF805FE9B7C7000081
:10423400938747BF2320F400832781008320C1068E
:10424400832441062324F4008327C1002326F40099
:10425400032481061301010767800000130405008D
:1042640013058101EF809FE513050103EF801FE52E
:1042740013058104EF809FE413050400EFE00DD0E3
:10428400130405006FF05FFE130405006FF05FFE7A
:04429400678000003F
:0C42980013050000930500006780000083
:1042A4003796076C2320B50093060500130710000A
:1042B400130656961308002783A506009386460026
:1042C40093D7E501B3C7B700B387C702B387E70045
:1042D40023A0F60013071700E31007FF1305F57F6B
:0842E400A320E51C6780000027
:0442EC006FF09FFBD5
:0C42F000B7150000938515576FF0DFFA3A
:0842FC001305000067800000BB
:084304001305F0FF67800000C3
:10430C00B7050080130705001308C5389306050090
:10431C009388F5FF83A7060003A6460003A3466314
:10432C00B3F7B70033761601B3E7C70013D61700FF
:10433C0093F717003346660063860700B7B70899F2
:10434C009387F70DB347F60023A0F600938646003B
:10435C00E312D8FC37060080930505631308F6FFBB
:10436C008327C7388326073983280700B3F7C7008C
:10437C00B3F60601B3E7D70093D6170093F71700EF
:10438C00B3C6160163860700B7B708999387F70D74
:10439C00B3C7F6002326F73813074700E392E5FC72
:1043AC0037160000B307C50083A7C79B83260500FB
:1043BC0037070080B3F7E7001307F7FF33F7E60082
:1043CC0083260563B3E7E70013D7170093F71700AD
:1043DC003347D70063860700B7B708999387F70D63
:1043EC003305C5003347F700232EE59A2320059C9F
:0443FC0067800000D6
:10440000130101FE232C810037140000232A9100A0
:1044100023282101232E1100B3048500130900274E
:1044200003A7049CB307E9406316060263E4B702DE
:104430008320C10133058500032481013307B700C0
:104440002320E59C8324410103290101130101027A
:1044500067800000B387F54033B7F5003306E640C8
:104460002324C1002322A1002326F100EFF01FEA3C
:104470008325C10003268100032541006FF05FFA08
:10448000130101FF23229100B7140000B307950028
:1044900003A7079C23248100232611009307F026FD
:1044A0001304050063F4E700EFF05FE6B304940043
:1044B00083A7049CB7562C9D938606681387170024
:1044C000939727003304F40023A0E49C03270400FF
:1044D0008320C100032481009357B700B3C7E700CE
:1044E000139777003377D7003347F7009317F70018
:1044F000B706C6EFB3F7D700B3C7E70013D5270158
:10450000832441003345F500130101016780000059
:044510006FF01FF732
:044514006FF0DFF66F
:1045180003264500130101FE232C81001304050026
:10452800138505002326C1002324B100232E110082
:10453800EFE09EFF0326C100832581006316A602D3
:10454800130510006308060003250400EF10402D32
:10455800133515008320C10103248101134515007B
:104568001301010267800000130500006FF09FFE31
:10457800130101FE232C810013840500B795000068
:10458800232A91009385C58393040500130504002D
:10459800232E1100EFF0DFF7630A050AB795000034
:1045A8009385458413050400EFF09FF66300050A20
:1045B800B79500009385C58413050400EFF05FF5F7
:1045C800B7150000938515576306050803240400F2
:1045D800930541001306000013050400EF00504A3C
:1045E800834704009305050063880700832741007B
:1045F80083C707006380070613050001EFB04FEB80
:1046080093040500EF00C06FB7960000130605007D
:10461800938646859305600113850400EFF01FB764
:1046280037560500B7C500001306C6A6938585AFA3
:1046380013850400EF70DFD613040500138504000A
:10464800EFB08FEC13050400EFE00D93B7150000F1
:1046580093851557032481018320C1011385040024
:0C46680083244101130101026FF05FC3C5
:044674006FF05FF094
:10467800130101FD2320210313090500130501017E
:104688002324810223229102232611022324A1003C
:104698009384050013040600639A05006308060066
:1046A80037850000130505D6EF804FB3232281001C
:1046B8009307F00063F0870213060000930541009A
:1046C80013058100EF805F9A832741002324A1000E
:1046D8002328F1009385040013060400EF801FAA25
:1046E8000327410083278100930581002326E100E9
:1046F800B387E7002380070013050900EFF05FE7A1
:1047080013058100EF805F9B8320C102032481028F
:104718008324410203290102130101036780000079
:104728001304050013058100EF801F991305040089
:04473800EFE08D849D
:10473C00930785002320F5002322050023040500A0
:04474C006780000082
:044750006FB04FAD4A
:10475400130101FE232C8100232A91002328210127
:1047640013040500232E1100130585002320A40043
:104774001389050093040600639A05006308060084
:1047840037850000130505D6EF808FA523269100F9
:104794009307F00063F09702130600009305C1002D
:1047A40013050400EF809F8C8327C1002320A400FD
:1047B4002324F4001386040093050900EF805F9C12
:1047C4000327C100832704002322E400B387E70002
:1047D400238007008320C101032481018324410134
:0C47E4000329010113010102678000009D
:1047F000130101FF23261100EFB0CFA28320C100D7
:084800001301010167800000B3
:10480800130101FE232E11002326A100EF809FA68D
:104818008320C1010325C100130101026780000044
:044828006F809F8975
:04482C006F801FC9B1
:10483000130101FF232481001384050083A50500D3
:10484000232291002326110093078400930405007E
:10485000032505006396F502639C84028327040008
:104860002322040013850400238007008320C10055
:1048700003248100832441001301010167800000AB
:10488000938684006318D502130500006F00C002F0
:104890000326440063040600EF80DF8E03274400F4
:1048A00083A7040023A2E400B387E7002380070066
:1048B0006FF0DFFA03A784008326440023A0B4002E
:1048C00023A2D4008326840023A4D4006308050017
:1048D0002320A4002324E4006FF05FF82320F400D9
:0448E0006FF0DFF79F
:0C48E400379500001305858867800000F0
:1048F00083270600639AF500832746003385A74087
:104900001335150067800000130500006780000064
:0449100067800000BC
:0C4914003795000013050589678000003E
:1049200093074007130101FF63C8B706930770059B
:1049300063CCB7029307D00463C2B7029307B003F6
:1049400063CCB7029307400263C0B7049307F0003B
:1049500063C4B7069307E00063F0B7062324B100F1
:104960002326A1006F000006B707BF1F138785FA33
:104970009387D7096F008003B7170200138745FCA0
:104980009387F7886F008002938735FD1307100027
:104990006374F7026FF09FFC1387A5F893078001FB
:1049A000E3EEE7FAB707F1019387F77BB3D7E700A8
:1049B00093F71700E38407FA938781822324B100D9
:1049C0002326F100032581008325C1001301010185
:0449D00067800000FC
:0449D40067800000F8
:1049D800130101FF93070500138505001301010169
:0849E8009385070067800000C1
:1049F00083270500130101FD2326C10083A747017A
:104A000023261102E78007000326C100232CA10002
:104A1000232EB10083274600639EB700832706003C
:104A20003305F540133515008320C102130101033E
:0C4A300067800000130500006FF01FFFFE
:104A3C0083A74500631AF50003A505003305C5409F
:104A4C001335150067800000130500006780000017
:044A5C00678000006F
:044A6000678000006B
:044A64006FB0CF8FD1
:044A68006FB08F8F0D
:104A6C00B7C70000938747BF2320F5006FB0DF80E6
:104A7C00130101FE232E11002326A100EFF05FFE8F
:104A8C000325C1008320C101130101026FB08F8C7B
:104A9C0083A70500130101FD2324810283A70701CD
:104AAC00130405002326110213058100E78007007B
:104ABC000326C1008325810013050400EFB0DFF944
:104ACC006F0080011304050013058100EF808FDE59
:104ADC0013050400EFD01DCA13058100EF808FDD94
:104AEC008320C10213050400032481021301010376
:044AFC0067800000CF
:104B0000130101FD2326C10023261102EFF05FE10E
:104B10000326C100232CA100232EB10083274600C9
:104B2000639EB700832706003305F5401335150053
:104B30008320C102130101036780000013050000F8
:044B40006FF01FFFF4
:104B4400130101FD2324810223202103232E31019B
:104B5400232C41012326110223229102930785006D
:104B640013040500130A06002320F5002322050080
:104B7400230405001309C0039309200293050900C7
:104B840013050400EF80DFBE83240400130609002C
:104B940013050A002380040093850400EF00906D40
:104BA4006318050013850400EFE05E986F000001B0
:104BB4006314350513191900130500008327040035
:104BC4002322A400B387A70023800700832744007F
:104BD400E38607FA8320C10213050400032481023B
:104BE40083244102032901028329C101032A81018B
:104BF400130101036780000083C70400E39407FAEC
:104C0400B79500001306E00093858589130501001C
:104C1400EFE04EFF1306D000930501001385040056
:104C2400EFE04EFE1305D0006FF05FF98327040018
:104C340023220400238007009304050013050400C5
:104C4400EF80CFC713850400EFD05DB36FF0DFFEB4
:104C5400130101FD2320210313090500130500019D
:104C6400232481022322910223261102EFB08F8490
:104C740083A78182930405001306090083A7070113
:104C84009385818213058100E780070093058100E5
:104C940013850400EF00C01A13058100EF800FC2D2
:104CA400B7C70000938747BF138481823756050036
:104CB400B7C5000023A0F40023A4240123A6840084
:104CC4001306C6A6938585AF13850400EF708FED98
:104CD4001304050013058100EF804FBE1385040003
:104CE400EFB0CF8213050400EFD05DA913040500D3
:044CF4006FF0DFFE80
:044CF80067800000D1
:044CFC006FA05FE660
:084D0000138541826780000069
:084D0800138581826780000021
:104D10008327450083250500130101FF03A7070032
:104D200013850700032747011301010167000700EE
:044D30006780000098
:0C4D340003A6450083A505006FB09FD2C8
:104D4000130101FFB7C700002324810023261100AF
:104D5000232291009387C7A1130405002320F500A7
:104D600013054500EFF01FFD6F008001930405005F
:104D700013050400EFB08FC513850400EFD05DA0CC
:104D80008320C10003248100832441001301010119
:044D90006780000038
:104D9400130101FE232E11002326A100EFF01FFAB8
:104DA4000325C1008320C101B7C70000938707A36F
:0C4DB4002320F5001301010267800000BD
:104DC000130101FE232E11002326A100EFF05FF74F
:104DD0000325C1008320C101B7C70000938747A402
:0C4DE0002320F500130101026780000091
:104DEC00130101FE232E11002326A100EFF09FF4E6
:104DFC000325C1008320C101B7C70000938787A595
:0C4E0C002320F500130101026780000064
:104E1800130101FE232E11002326A100EFF0DFF17C
:104E28000325C1008320C101B7C700009387C7A627
:0C4E38002320F500130101026780000038
:104E4400130101FFB7C700002324810023261100AA
:104E540023229100938707A8130405002320F5005B
:104E640013054500EFF0DFEC6F00800193040500AB
:104E740013050400EFB04FB513850400EFD01D9067
:104E84008320C10003248100832441001301010114
:044E94006780000033
:104E9800130101FE232E11002326A100EFF01FFAB3
:104EA8000325C1008320C101B7C70000938747A924
:0C4EB8002320F5001301010267800000B8
:104EC400130101FE232E11002326A100EFF05FF74A
:104ED4000325C1008320C101B7C70000938787AAB7
:0C4EE4002320F50013010102678000008C
:104EF000130101FE232E11002326A100EFF09FF4E1
:104F00000325C1008320C101B7C700009387C7AB49
:0C4F10002320F50013010102678000005F
:104F1C009307050003A501811386050093850700FF
:044F2C006F00800290
:104F30009305050003A50181130101FE1306C100BD
:104F4000232E1100EF0000018320C1011301010293
:044F50006780000076
:104F5400130101FD232C410123229102232021036B
:104F6400232A5101232861012326110213890500F4
:104F7400130B0600930A0500EF00D04583A4C182F9
:104F8400638E0406232E3101834709006388070ECC
:104F9400138737FC130609006302070E83471600C4
:104FA40013061600138737FC63840700E31807FE13
:104FB4009309D0036380370D03A50400630C050A2D
:104FC40023248102330426411306040093050900B7
:104FD400EF001020631A050083A70400B38787003D
:104FE40003C707006302370503A544009384440004
:104FF400E31C05FC032481028329C10113850A00F3
:10500400EF00903D8320C102832441020329010261
:10501400032A8101832A4101032B010113050000A6
:10502400130101036780000003A7C18213850A00EE
:105034002326F100B384E44093D4244023209B002E
:10504400EF0090398327C100032481028320C10229
:105054008329C1018324410203290102032A810116
:10506400832A4101032B0101138517001301010356
:10507400678000008329C1016FF05FF813060900FF
:045084006FF01FF3B7
:10508800130101FE1306C100232E1100EFF01FECDF
:0C5098008320C1011301010267800000A9
:1050A4009307050003A50181138605009385070076
:0450B4006FE01E9DEE
:1050B800B7B80000130F0500938705009388988BF5
:1050C8001385070003C80700938717003387080173
:1050D8000347070013778700E31407FE1307D0027E
:1050E8006304E8121307B00293030000630CE80C92
:1050F80013F7F6FE6302070A930FF0FF33D3DF02BC
:1051080093820600B3FFDF02930800001305000036
:10511800130E9000930E9001130708FD6378EE00BC
:105128001307F8FB63ECEE02130798FC6350D704EF
:105138009388180063800802636EA30063166504F1
:105148009308F0FF63D2EF049387170003C8F7FFB3
:105158006FF09FFC9308F0FF6FF01FFF1307F8F93B
:1051680063E6EE00130798FAE344D7FC1307F0FF51
:105178006380E806639403046306060063920806E6
:105188002320B600678000003308550293081000FA
:10519800330507016FF05FFB13070003630EE80692
:1051A800639806049306A00037A3991913039399EB
:1051B80093820600930F50006FF01FF53305A0404F
:1051C8006FF09FFB03C80700930725006FF05FF29D
:1051D800130720022320EF00138508006306060644
:1051E8009385F7FF2320B6006780000063800606DA
:1051F80037030010930600011303F3FF93820600A0
:10520800930FF0006FF05FF003C8070093031000DE
:10521800930725006FF0DFED03C70700130580052E
:105228001377F70DE314A7FC37030010930600016A
:1052380003C817001303F3FF93820600930FF000CF
:10524800938727006FF05FEC67800000370300202A
:10525800930680001303F3FF93820600930F7000F8
:045268006FF09FEA5A
:04526C006FF0DFE41C
:105270001307050003A501819306060013860500A8
:08528000930507006FF05FE3E6
:105288001307050003A50181930606001386050090
:08529800930507006FF0DFE150
:1052A000930705006306050003274503630607000F
:1052B000138507006F000016130101FE232E110055
:1052C0002326C1002324B1002322A100EFC00E81B8
:1052D000832741000326C100832581008320C1016B
:0C52E00013850700130101026F00C012CB
:1052EC0083A7018113070500138605006386070059
:1052FC0083A6470363880600930507001385070000
:10530C006F008010130101FE2324A10013850700F8
:10531C00232E11002326B1002322F100EFB05EFBF7
:10532C0003278100832741000326C1008320C1018C
:10533C009305070013850700130101026F00C00CD1
:10534C00130101FC232C81021304050013850500B5
:10535C002326C100232E1102232EB100EFE08E9CD8
:10536C001307C101930710002326A1022320A102D9
:10537C002322E1022324F1020326C1006306040068
:10538C0083274403638007068317C600032746065A
:10539C00B72500009396270163CE0602B7E6FFFF00
:1053AC009386F6FFB3E7B7003377D7002316F600E2
:1053BC002322E6069305060013050400130641029A
:1053CC00EFC04EB88320C1030324810313010104F1
:1053DC006780000093172701E3DE07FC1305F0FF3D
:1053EC006FF05FFE13050400EFB09EEE0326C100C4
:0453FC006FF09FF9B6
:105400009307050003A50181138605009385070016
:045410006FF0DFF367
:105414001307050063060500832745036384070417
:105424008327860093F6F50F9387F7FF2324F6006E
:1054340063DA07000325860163C2A702938766FF28
:10544400638E07008327060013F5F50F13871700F3
:105454002320E6002380D70067800000130507009F
:105464006F00C024130101FE2326C1002324B100D0
:10547400232E11002322A100EFB01EE60326C10053
:1054840083258100032741008327860093F6F50FC7
:105494009387F7FF2324F60063DA070003258601C8
:1054A40063C6A702938766FF638207028327060009
:1054B40013F5F50F138717002320E6002380D70088
:1054C4008320C10113010102678000008320C10110
:0C54D40013050700130101026F00401DCA
:1054E00083A60181130705006386060083A7460390
:1054F0006388070483A785001376F70F9387F7FF68
:1055000023A4F50063DA070003A5850163C2A7029F
:10551000930766FF638E070083A705001375F70FD7
:105520001387170023A0E5002380C70067800000D1
:105530001386050013850600930507006F004017CA
:10554000130101FE2324A100138506002326B100C8
:105550002322D100232E1100EFB05ED88325C10095
:10556000032781008326410083A785001376F70F68
:105570009387F7FF23A4F50063DA070003A58501ED
:1055800063C6A702930766FF6382070283A705002D
:105590001375F70F1387170023A0E5002380C700BA
:1055A0008320C10113010102678000008320C10133
:1055B00013860500930507001385060013010102F9
:0455C0006F00000F69
:1055C400130101F6930EC10837030080370EFFFF65
:1055D400138F05002326D1081303F3FF130E8E2027
:1055E4009305810093860E00232E1106232AF108C9
:1055F4002324E101232CE1012328E108232C0109C0
:10560400232E11092326010623286100232E61007D
:10561400232AC1012322D101EF00405C83278100AA
:10562400238007008320C1071301010A678000005B
:10563400130101F6130F050003A50181930E8108E0
:1056440037030080370EFFFF2324C1082326D10827
:105654001303F3FF13860500130E8E2093058100B8
:1056640093860E00232E1106232AF1082324E10138
:10567400232CE1012328E108232C0109232E1109FD
:105684002326010623286100232E6100232AC10159
:105694002322D101EF008054832781002380070057
:0C56A4008320C1071301010A6780000089
:1056B000130101FE232C8100232A9100232E1100C7
:1056C0009304050013840500630605008327450342
:1056D000638A0712032786018317C6002324E60086
:1056E00013F787006306070803270601630207080C
:1056F0009396270103274606B725000063D0060AC4
:105700009317270163CC070E0327060083270601A2
:1057100083264601B307F74063D8D70A938717005B
:1057200083268600930517002320B6009386F6FF94
:105730002324D60023008700032746011374F40FA7
:105740006306F70A930764FF639807008357C60050
:1057500093F71700639C07088320C1011305040019
:1057600003248101832441011301010267800000A9
:1057700093050600138504002326C100EFC09E8F09
:10578000631E05060326C100B72500008317C60067
:105790000327460693962701E3C406F6B7E6FFFF04
:1057A0009386F6FF3377D700B3E7B7002316F600EA
:1057B0002322E606832706010327060083264601E7
:1057C000B307F740E3CCD7F4930506001385040034
:1057D0002326C100EFB08EDA631205020326C10052
:1057E00093071000032706006FF09FF39305060050
:1057F00013850400EFB08ED8E30005F61304F0FF24
:105800006FF09FF52326C100EFB05EAD0326C10007
:045810006FF05FECEA
:105814009307050003A501811386050093850700FE
:045824006FF0DFE85A
:105828009306300063FEC604B3E7A50093F737007C
:10583800638A07021306F6FF130616003306C5002F
:105848006F0080006300A6048347050003C70500B6
:105858001305150093851500E386E7FE3385E740B9
:10586800678000000327050083A70500E314F7FC01
:105878001306C6FF1305450093854500E3E4C6FEFD
:0C588800E31A06FA130500006780000018
:1058940093F6F50F937735006380060C638E07004B
:1058A400834705006386070A6386D70A1305150034
:1058B40093773500E39607FE93F5F50F93988500EB
:1058C40003270500B388B80093970801B388F8004C
:1058D4003708FFFEB3C7E8001308F8EFB3850701E4
:1058E40013C6F7FFB30707011347F7FF33F6C500E5
:1058F400B3F7E70037838080B3E7C70013030308D7
:10590400B3F76700639207040327450013054500B6
:10591400B347170193C5F7FF33860701B3070701A0
:105924001347F7FF33F6C500B3F7E700B3E7C70043
:10593400B3F76700E38A07FC83470500638A07001F
:105944006386F6081305150083470500E39A07FEEE
:105954001305000067800000638C0700834705007F
:10596400E38A07FE1305150093773500E39807FED5
:10597400032705003706FFFE1306F6EFB307C7003B
:10598400B78680801347F7FFB3F7E70093860608CE
:10599400B3F7D700639007020327450013054500BA
:1059A400B307C7001347F7FFB3F7E700B3F7D70010
:1059B400E38407FE83470500E38E07F88347150059
:1059C40013051500E39C07FE678000006780000054
:1059D400630A0608B367B50093F73700639A0704B0
:1059E4003703FFFEB7888080130E30001303F3EFF4
:1059F400938808086360CE026F0080031306C6FF15
:105A04006302060663900706130545009385450067
:105A14006370CE020327050083A60500B307670061
:105A24001348F7FFB3F70701B3F71701E308D7FCEF
:105A34008347050003C705001306F6FF3306C500B8
:105A4400638EE7006F00800213051500638C070066
:105A54008347050003C70500639AE7009385150093
:105A6400E314C5FE13050000678000003385E7409A
:045A74006780000047
:105A7800130101FD23261102232E01006300060AEB
:105A880023229102938405009305050003A5018153
:105A98002326C1009306C1011306100023248102A6
:105AA800EF30402613040500EFD01EA88327C1005D
:105AB8006372F5041385040093050400EF000007E2
:105AC8000325C101630C05000324810283244102DC
:105AD8008320C1021301010367800000834704008B
:105AE800E39407FE03248102832441021305600125
:105AF8006FF01FFE1386F7FF93050400138504005B
:105B08002326C100EFD0DE8F0326C100B385C40071
:105B18002380050003248102832441028320C102DB
:0C5B280013052002130101036780000038
:105B3400B367B50093F737006390070803A7050020
:105B4400B7867F7F9386F6F73378D7003308D8007B
:105B54003368E8003368D8009307F0FF13060500A4
:105B64006314F802938545002320E60003A705008B
:105B740013064600B377D700B387D700B3E7E7002F
:105B8400B3E7D700E38007FF83C7050003C7150009
:105B940083C625002300F600638A0700A300E600FD
:105BA400630607002301D6006394060067800000A3
:105BB400A3010600678000009307050003C70500E2
:105BC4009387170093851500A38FE7FEE31807FE5C
:045BD40067800000E6
:045BD80067800000E2
:045BDC0067800000DE
:105BE000130101E4232E111A2328211B2328A119B4
:105BF00013890500130D06002326D100232A911ACC
:105C00002320A100EFD04EAB8327050013850700AA
:105C10002324F102EFD0DE918357C9002322A10291
:105C20002320010C93F707086388070083270901E5
:105C3000639407006F10102C232C811A2326311B2C
:105C40002324411B2322511B2320611B232E711966
:105C5000232C8119232A91192326B119B7C70000D3
:105C60009309C10D37CA0000938707C0232E010A8C
:105C7000232C010A232A310B138B0900232AF1005C
:105C8000130ACAD6232C010023260102232801026D
:105C900023220104232A010213040001232401000A
:105CA00083470D00930A0D001387B7FD63020706B3
:105CB00063800706138C0A0083C71A00938A1A00B0
:105CC000638607001387B7FDE31607FEB38CAA416E
:105CD0006380AA058327C10B0325810B2320AB0119
:105CE000B38797011305150023229B01232EF10A88
:105CF000232CA10A93077000130B8B0063CCA71E03
:105D000083278100B38797012324F10083471C0078
:105D1000639407006F10107783C81A00138D1A0060
:105D2000A3090108930AF0FF23220100930B00004E
:105D3000130CA005130D1D00938708FE636CFC0473
:105D40000327410193972700B387E70083A7070044
:105D500067800700938708FD2322010093069000C7
:105D6000032741000326410083480D001317270035
:105D70003307C70013171700B387E7002322F1008A
:105D8000938708FD130D1D00E3FCF6FC938708FEC6
:105D9000E378FCFA639408006F10D06E930C100047
:105DA000230E1111A3090108138C0C0023280100F4
:105DB000930A000023200102232E01001303000098
:105DC0009307C1110326C10B93FD4B08130806006E
:105DD000E38E0D0403473109630807068325810B11
:105DE00013070000130531092320AB00130616002A
:105DF00013051000938515002322AB00232EC10A42
:105E0000232CB10A13057000130B8B006344B552A9
:105E1000630C07028325810B130741092320EB0044
:105E20001306260013072000938515002322EB009C
:105E3000232EC10A232CB10A13077000130B8B0009
:105E40006354B7006F10C00F13070008E388ED72AA
:105E5000B38A9A41634A507F13F70B10E312070E7F
:105E60002320FB008327810B33069601232EC10AD2
:105E70009387170023229B0113077000232CF10A3C
:105E8000634AF760130B8B0013FE4B00630A0E008E
:105E900083274100B38A8741635450016F10C00DBE
:105EA000032341006354830113030C008327810003
:105EB000B38767002324F100630406006F00107E9F
:105EC00083270101232C010A638807008325010130
:105ED00003250100EFD09E8C138B09006FF05FDC6F
:105EE00083480D006FF01FE583480D0093EB0B0214
:105EF0006FF05FE4032501001306410B93050900D1
:105F0000EF20D051630405006F205024138B09004B
:105F10006FF01FDF93F78B00639407006F10006032
:105F20008327C1000327C10083A707001307470089
:105F30002326E10003A6070083A6470003A78700E6
:105F400083A7C7001305010C232811012326F10C98
:105F50002320C10C2322D10C2324E10CEF109FA895
:105F6000232CA10893072000832801016314F50066
:105F70006F10D043930710006314F5006F10106486
:105F800013FCF8FD930710046304FC006F10905F8E
:105F900093070003230AF1081307100693078005EF
:105FA0006394E8006F20001CA30AF10893073006F1
:105FB00063D457016F20801B0327C10C8326010C7B
:105FC0000326410C8325810C635407006F20D00DFC
:105FD000232C0102232801009307C111930D01080E
:105FE0002320F104232AC10693E72B00232CB106BA
:105FF00013850D009305010713068109232E110354
:10600000232EF1002328D106232EE106EF10CFDC4A
:10601000032781080326010883264108232CE10673
:106020000327C1082328C106232AD1061306010627
:10603000B706FC3F9305010713850D002326D10603
:10604000232EE10623200106232201062324010634
:10605000EF509EA8032E010803284108032681085B
:106060009305010713850D002326C1032320010397
:10607000232CC10023280106232A0106232C010614
:10608000232E0106EF50CEEF832BC108032681019A
:1060900003280102032EC1028328C10383270104C0
:1060A0006316050093061000232CD10893061006F2
:1060B0006394D8006F20D024B78600001387869D94
:1060C000232CE10023206103938C0B002324210562
:1060D00083248101138C070023261103232EF10250
:1060E0002320A105130B0800930B060013090E00D3
:1060F0006F00C0039305010713850D0023202109BC
:1061000023226109232471092326910923280106EA
:10611000232A0106232C0106232E0106EF504EE60A
:10612000631405006F20500F938AFAFFB7070340EE
:10613000130601069305010713850D002326F106BA
:1061400023282107232A6107232C7107232E910777
:10615000232001062322010623240106EF50DE97A7
:1061600013850D00EF709EC593050500130D050006
:1061700013850D00832C0108832B4108032B810814
:106180000329C108EF70DED28327810803260108A6
:1061900083264108232CF1048327C1082328C10446
:1061A0009305010613060105130501072320910736
:1061B000232271072324610723262107232AD104E0
:1061C000232EF104EF605E85B387A40183C6070028
:1061D00093050C00130C1C0003290107032B410736
:1061E000832B8107832CC107A30FDCFEE3940AF005
:1061F0008328C1028327C103130E090013080B0073
:1062000013860B0093840500938B0C00B70AFE3FA6
:106210009305010713850D00232611052326F1029E
:1062200003298104930C0D002320C109032D0104CF
:106230002324C10523220109232001052324C108A9
:10624000232EC1022326710923280106232A0106D1
:10625000232C0106232E5107EF508EE1032B010260
:106260008327C1028328C1046344A0029305010768
:1062700013850D0023201103EF508ED083280102D7
:106280008327C102631C050493FC1C0063880C0473
:10629000032781012320910A0346FCFF8345F70071
:1062A00013070C006390C50213050003A30FA7FE9C
:1062B0000327010A9306F7FF2320D10A0346F7FFBD
:1062C000E386C5FE930516001305900393F5F50FBD
:1062D0006314A6006F20C010A30FB7FE0326810928
:1062E0001387F8002302E10AB306FC401307F6FF08
:1062F000232CE108232CD100635407006F20007980
:106300009306B002A302D10A9306900063D4E6007C
:106310006F10507C9306610A130707032380E60081
:1063200013070118B386E6401387D60D2326E10232
:106330006F200003032501001306410B930509009C
:10634000232461042320F104232E1103232CE102D2
:10635000EF20D00CE31005360326C10B0323810484
:10636000832701048328C10303278103138B0900BA
:106370006FF01FAA832A810B832681011307100067
:106380003306E600B38AEA00930D8B00E35AD77810
:10639000130710002322EB002320FB00232EC10A49
:1063A000232C510B13077000635457016F10000624
:1063B00003274102938A1A00232C510B3306E6006F
:1063C00003278102232EC10A938D8D0023ACEDFE9D
:1063D0000327410223AEEDFE1307700063545701FB
:1063E0006F1000000327810C0325010C8325410C4D
:1063F0002320F1022324E108832781010327C10C14
:106400002320A1082322B1081305010893050107E1
:10641000232EC10023280106232A0106232C01066E
:10642000232E01062326E108138BF7FFEF504EB50C
:106430000326C101E308057283270102938A1A002B
:106440003306660193871700232C510B232EC10AB4
:1064500023A0FD0023A26D0193077000E3C2576FD4
:10646000938D8D008327C1028326C1021307410A41
:106470003386C70093871A0023A0ED00232EC10A9C
:10648000232CF10A23A2DD0013077000138B8D006B
:10649000E35CF79E032501001306410B93050900F9
:1064A000EF20C077E31805200326C10B138B0900EA
:1064B0006FF09F9D8327C100930C1000A309010872
:1064C00083A70700230EF1108327C100938747009D
:1064D0002326F1006FF05F8D93F70B026392073C68
:1064E0008327C10013F70B0193874700630407005C
:1064F0006F2000258326C10013F70B0403AC0600B0
:10650000631407006F101006131C0C01135C0C4180
:10651000935EFC412326F10013870E006344073A83
:1065200063C20A3CB367DC0193FBFBF7639C073A49
:10653000639A0A3A834E310963940E006F10D00CAF
:10654000130C00001303000023280100930C00002B
:10655000930A000093070118130C1C006314030036
:106560006F20006B0326C10B8325810B93FD4B0825
:10657000130C2C001308060013850500E38E0D187C
:1065800023200102232E010013030000E3860E885E
:10659000130720006FF01F858327C1000327C10068
:1065A000A309010883A70700930447006394070029
:1065B0006F10406F63D40A006F10801813850700B6
:1065C00013860A0093050000232E11012326F100F3
:1065D000EFC08E9F2328A100034731098327C10004
:1065E0008328C101631405006F10507CB30CF54083
:1065F00093C6FCFF93D6F64133FCDC00630407002E
:106600006F104017232691000326C10B2328010099
:1066100023200102232E010093FD4B08930A000062
:10662000130300001308060063960DFA03274100C8
:1066300033078741E34AE03C03473109631007FA17
:10664000B38A9A41E35A508137C800008325810BF1
:106650001308C8D66356540993840A00232EF10206
:10666000930D700093070B00232C1103930A030072
:10667000130B0A006F00C000938404FF6356940458
:10668000130606019385150023A0470123A2870066
:10669000232EC10A232CB10A93878700E3DEBDFCB9
:1066A000032501001306410B93050900EF20005755
:1066B000E3120500938404FF0326C10B8325810B9D
:1066C00093870900E34E94FA13080B008328810393
:1066D000138B07008327C10313830A00938A0400E6
:1066E000330656019385150023200B0123225B01FD
:1066F000232EC10A232CB10A13077000130B8B0041
:10670000635CB7F4032501001306410B93050900F0
:1067100023206104232EF102232C1103EF200050CB
:10672000631A057813F70B100326C10B032301042A
:106730008327C10383288103138B0900630207F2B7
:1067400013075006E35817C30327410C8325010C98
:106750000325810C2322E1080327C10C2320B10863
:106760002324A1089305010713050108232EC10264
:10677000232CF1022320610423280106232A010689
:10678000232C0106232E01062326E108EF405EFF9D
:10679000832781030326C10303230104E31C050EA1
:1067A0008327810B37770000130787032320EB0033
:1067B0001306160013071000938717002322EB001F
:1067C000232EC10A232CF10A13077000130B8B0030
:1067D0006354F7006F104035832781090327810137
:1067E000E3DCE744032741028327810B130B8B0073
:1067F0003306E6000327810293871700232EC10A80
:10680000232CEBFE03274102232CF10A232EEBFE5F
:1068100013077000E344F76483278101938AF7FF2D
:10682000635450E737C80000930C00018327810BA5
:10683000930D70009304C8D663CA5C016F20C02911
:10684000938A0AFF63C45C016F108033130606014C
:106850009387170023209B0023229B01232EC10A2C
:10686000232CF10A130B8B00E3DCFDFC0325010054
:106870001306410B93050900EF20403A631C0562A3
:106880000326C10B8327810B138B09006FF05FFB7D
:1068900093F70B0213EE0B01E3800746930B0E00F8
:1068A0008327C1009387770093F787FF03A74700EB
:1068B000938687002326D10003AC0700930E0700C0
:1068C000E35007C6B3378001B30ED041B38EFE400C
:1068D0009307D002A309F108330C804163C40A0076
:1068E00093FBFBF7639E0E0E9307900063EA870FFE
:1068F000130C0C03A30F8117138C0A00E358504BA1
:10690000834E310913030000930C10009307F11715
:1069100023280100E3840EC4130C1C006FF01FC475
:106920008327C10083A707002322F100E3DE07309D
:1069300083274100B307F0402322F1008327C100E1
:10694000938747002326F10083480D0093EB4B000B
:106950006FF04FBE93F70B0213EE0B016394070425
:106960008327C1000327C100A309010893874700BB
:10697000032C0700930E000063D40A006F10C04A76
:106980002326F100937BFEF7E3100CF6E39E0AF456
:10699000130300006F00803793F70B02E380073C7E
:1069A000138E0B008327C100A3090108938777008A
:1069B00093F787FF138787002326E10003AC0700C6
:1069C00083AE4700E3CA0A46937BFEF7E39C0AF0D6
:1069D000B367DC01E39807F0130300006F00003396
:1069E000B7DCCCCCB7DDCCCC938CDCCC938DCDCCD0
:1069F00013F80B4093050000130601189384080058
:106A00006F0040080327010303470700930617F0B0
:106A1000638606006314B7006F10001313030C00A5
:106A200013850E00138607003307DC01B336870198
:106A30003307D700B336970313DE260093F6C6FF5D
:106A4000B386C6013307D7403307EC40B336EC00BA
:106A5000B386DE40B3869603B30EB703333E970387
:106A6000B386D60133079703B386C601139EF6019A
:106A700093DE160013571700330CEE006314050065
:106A80006F1010473307DC01B3368701B306D70018
:106A900033B59603938515009307F6FF135325002E
:106AA0001375C5FF33056500B386A640B306DC4009
:106AB0003335DC003385AE4033B39603330595039D
:106AC000B3869603330565001315F50193D61600BA
:106AD000B306D50013952600B306D500939616008D
:106AE000B306DC4093860603A30FD6FEE31C08F032
:106AF00013030C0013850E00138607006FF01FF3BD
:106B000093F70B0293E60B01E38A071C8327C1006E
:106B10009387770093F787FF138787002326E10089
:106B200003A6470003A70700A309010893FBF6BFCC
:106B300063C00A50B367C70093FBF6B7639A074E6A
:106B400063980A4E13FC1600630C0C7A930700033B
:106B5000A30FF116930C0C0023280100232001023F
:106B6000232E0100130300009307F1176FF08FA588
:106B70009307B00283480D00A309F1086FF08F9BC3
:106B80008324010013850400EFC00EB38327450062
:106B900013850700232AF102EFC09E999307050091
:106BA000138504002322F10493840700EFC0CEB0C4
:106BB0000327850083480D002328E102638C049697
:106BC000630A0796834707006386079693EB0B409B
:106BD0006FF04F9683480D0093EB1B006FF08F957D
:106BE0008347310983480D00639607949307000299
:106BF000A309F1086FF00F9483480D0093EB0B0885
:106C00006FF04F9383480D009307A00293061D0079
:106C10006394F8006F105073938708FD130690007B
:106C2000930A00006364F60213972A0083C80600E3
:106C3000B30A5701939A1A00B38AFA00938708FDA2
:106C400093861600E372F6FEE3CC0A1E138D06004F
:106C50006FF08F8E83480D0093078006E388F81E3F
:106C600093EB0B046FF00F8D0327C10093F70B021A
:106C700013074700E392070493F70B0163840700AF
:106C80006F00107D93F70B04638407006F100036CC
:106C900013FE0B2063140E006F00907B8327C1004E
:106CA000832681002326E10083A707002380D700E5
:106CB0006FE01FFF83480D009307C006E380F81CB8
:106CC00093EB0B016FF00F87B78700009387078363
:106CD0000327C100231AF1088327C100A309010873
:106CE000032707009387470013060000E3C20A0E3C
:106CF00013FEFBF7936B2E00E3980A76E3160776F4
:106D00002326F1001303200093088007834E3109E6
:106D1000930A0000130C0000930C00009307011865
:106D2000232801006FF01FBF93F70B02E39C0706B7
:106D30008327C10013F70B01938747006304070003
:106D40006F10D0280327C10093F60B040327070018
:106D5000639406006F00507F131707011357070154
:106D60002326F10093860B00130600006FF0DFDB93
:106D700083480D0093EB8B006FE0DFFB032741009E
:106D8000B30D87416356B08D930E00018325810BAF
:106D900037C8000063C4BE016F10902693840D00B5
:106DA000232EF102930D0D0093070B009302700048
:106DB000138B0A00232C1103130D0300930AC8D66A
:106DC0006F00C000938404FF63DA9E04130606017B
:106DD0009385150023A0570123A2D701232EC10AB2
:106DE000232CB10A93878700E3DEB2FC0325010060
:106DF0001306410B93050900EF105062631C050A4E
:106E0000930E0001938404FF0326C10B8325810B9D
:106E10009387090093027000E3CA9EFA13880A0060
:106E200083288103930A0B00138B07008327C10378
:106E300013030D00138D0D00938D04003306B6016E
:106E40009385150023200B012322BB01232EC10AA9
:106E5000232CB10A13077000130B8B006344B70097
:106E60006FE01FFF032501001306410B9305090086
:106E700023206104232EF102232C1103EF10105A5A
:106E8000631A05020326C10B832881038327C103EC
:106E900003230104138B09006FE09FFB032501000E
:106EA0001306410B93050900EF10505763140500BA
:106EB0006FF00F8183250101832481006386050023
:106EC00003250100EFC09E8D8357C9000324811B59
:106ED0008329C11A93F70704032A811A832A411AC6
:106EE000032B011A832BC119032C8119832C4119FF
:106EF000832DC118638407006F10904E8320C11B3F
:106F00000329011B032D0119138504008324411B50
:106F10001301011C678000000327410023200102A8
:106F2000232E010033078741130300006346E03C32
:106F300063940E006FE05FEE130720006FE09FEA9E
:106F4000032501001306410B93050900232061046A
:106F5000232EF102232C1103EF10504CE31C05F4F7
:106F60000326C10B032301048327C1038328810364
:106F7000138B09006FE05FED930C00018327810BF9
:106F800037C8000063C45C016F1050038324010004
:106F9000930D7000930BC8D76F00C000938A0AFF4F
:106FA00063D65C05130606019387170023207B0137
:106FB00023229B01232EC10A232CF10A130B8B00E1
:106FC000E3DEFDFC1306410B930509001385040065
:106FD000EF10D044E31005EE938A0AFF0326C10B9D
:106FE0008327810B138B0900E3CE5CFB13880B0016
:106FF0003306560193871700232EC10A232CF10A6A
:1070000023200B0123225B01130770006344F70068
:107010006FE01FE9032501001306410B93050900EA
:10702000EF10D03FE31805E80326C10B6FE05FE7E0
:10703000930701189315D6019376770013573700FD
:10704000138507003387E500938606031356360041
:10705000B365C700A38FD7FE9387F7FFE39C05FCBA
:10706000938606FD6386060013F71B00631A07402C
:1070700013070118B30CF740138C0A0063C69A3F3C
:107080002328010023200102232E01001303000006
:107090006FE05FD303258109E35CA018032781011A
:1070A000930A030063406752635650030327810B22
:1070B000330656012320FB001307170023225B0130
:1070C000232EC10A232CE10A93057000130B8B00B9
:1070D000E3C8E56013C7FAFF1357F741B3FAEA00B4
:1070E000B30A5341634C506913F70B40B38D6700EB
:1070F00063140770832A81090327810163C6EA00AC
:1071000013F71B00E3040768832641020327810B62
:10711000930570003306D6008326810213071700FB
:10712000232EC10A2320DB0083264102232CE10AFF
:10713000130B8B00232EDBFE63D4E5006F100031B0
:1071400003278101B387E700B38CB741B30A5741E6
:1071500063D49A01938C0A00635890030327810B30
:10716000330696012320BB011307170023229B013E
:10717000232EC10A232CE10A93077000130B8B0006
:1071800063D4E7006F10C05713C7FCFF1357F741D4
:10719000B3F7EC00B38AFA40634450016FE0DFCEEE
:1071A00037C80000930C00018327810B930D7000FA
:1071B0009304C8D663C85C016F101012938A0AFF4B
:1071C000E3D05C1D130606019387170023209B0064
:1071D00023229B01232EC10A232CF10A130B8B00BF
:1071E000E3DEFDFC032501001306410B93050900B6
:1071F000EF10D022E31005CC0326C10B8327810BAF
:10720000138B09006FF09FFB0325810B930E000188
:10721000130608009305050037C8000063C4EE009C
:107220006F10804C232EF1022320510593070B0091
:107230009303700093040700232C1103130B030026
:10724000930AC8D76F00C000938404FF63DA9E04DA
:10725000130606019385150023A0570123A2D70129
:10726000232EC10A232CB10A93878700E3DEB3FCE7
:10727000032501001306410B93050900EF10101AB6
:10728000E31A05C2930E0001938404FF0326C10B89
:107290008325810B9387090093037000E3CA9EFA4C
:1072A00013030B0013880A00138B07008328810344
:1072B0008327C103832A0104138704003306C70010
:1072C000938515002322EB00232EC10A232CB10A3B
:1072D00023200B01130770006346B7700347310981
:1072E000130B8B00631C071663940D006FE05FB6F1
:1072F000930D00006FE05FB2930D20006FF01FF15F
:10730000930C0000930A000023200102232E0100A9
:107310001303000023280100930701186FE09FAAC0
:10732000B3F5EB00639605862320FB002322EB00D8
:10733000232EC10A232C510B9307700063D457935B
:10734000032501001306410B93050900EF10100DF2
:10735000E31205B60326C10B832A810B938D090026
:107360006FF04F90032781019307100063DCE78ED5
:107370009307100137C8000063C4E7006F10407C1A
:10738000930C0001930770009304C8D66F00C000EF
:10739000130B0BFFE3DC6C1513060601938A1A002E
:1073A00023A09D0023A29D01232EC10A232C510B53
:1073B000938D8D00E3DE57FD032501001306410B7D
:1073C00093050900EF109005E31605AE0326C10BE7
:1073D000832A810B938D0900930770006FF05FFB88
:1073E000032501001306410B93050900232EF1002C
:1073F000EF10D002E31005AC0326C10B832A810BEA
:107400008327C101938D09006FE0DFFD0325010093
:107410001306410B93050900232EF100EF10100015
:10742000E31A05A80326C10B832A810B8327C10118
:10743000938D09006FE0DFF793F71B00639407005B
:107440006FE09FA46FF00FBA8327C10083480D003F
:10745000938747002326F1006FE0DF8D13870D002F
:10746000930D00006FE01F98138C0C00232801007F
:1074700023200102232E0100130300006FE09F94DC
:107480001305E5FF1307000393060118B38CA6400C
:10749000A38FE7FE138C0A0063D49A01138C0C00AF
:1074A000930705002328010023200102232E010059
:1074B000130300006FE01F918327C1008326810022
:1074C0000326810083A7070093D6F6412326E10017
:1074D00023A0C70023A2D7006FE08FFC8327C10041
:1074E000938747000327C100130600002326F100FD
:1074F000032707006FF04FE38327C10093874700FE
:107500000327C100930B0E002326F100032C070074
:10751000935EFC4113870E006FF04F808327C100FC
:1075200013050108232811019387770093F787FF3C
:1075300003A6470083A50700938787002326F10051
:10754000EF601EB003260108832641080327810847
:107550008327C108832801016FE0DF9E93F70B01A9
:10756000638407006F1000260327C10093F70B0404
:10757000032C0700130747002326E100638E0778DA
:10758000131C0C01A3090108135C0C01930E0000ED
:1075900063CA0AB433E38A0193FBFBF7631403B4B1
:1075A0006FF0CFF693860B006FF04FD6834E310904
:1075B000130C100013030000930C10009307F11735
:1075C0006FF00FB5930A0700E34250AF6FF09FB022
:1075D000B785000093EB2B002326F1009385C59E11
:1075E00013032000930E00009308800793070118EF
:1075F0009376F700B386D50083C60600135747007D
:107600009387F7FF2380D7009316C6013387E600E0
:1076100013564600B366C700E39C06FC1307011827
:10762000B30CF740138C0A0063D49AAF138C0C0090
:10763000232801006FF00FAE930B0E006FF08FAA9E
:10764000930AF0FF138D06006FE00FEF83481D00D3
:1076500093EB0B20130D1D006FE0CFED0325010010
:107660001306410B93050900EF10405BE3140584FA
:107670000326C10B138B09006FF00F9A83481D007E
:1076800093EB0B02130D1D006FE0CFEAB7850000EE
:107690009385859D93F70B02638807248327C10098
:1076A0009387770093F787FF138787002326E100EE
:1076B00003A6470003A7070093F71B00B366C700A4
:1076C00063840700639E0642A309010863C00A267B
:1076D00093FBFBB71303000063940A00638806E280
:1076E000834E31096FF09FF0B78500009385C59EEA
:1076F0006FF05FFA0325010093050004EF708ECA56
:107700002320A9002328A900631405006F10804CD2
:10771000232C811A2326311B2324411B2322511B96
:107720002320611B232E7119232C8119232A9119DF
:107730002326B11993070004232AF9006FE00FD222
:1077400013850700232811012326F100EFB05EDE28
:10775000034731099346F5FF93D6F6418327C100CD
:1077600083280101930C0500337CD50063140700C6
:107770006FE05FE9130C1C006FE0DFE89308000185
:107780000327810B37C8000063C458016F10C03F46
:1077900093840A00930C7000938D0700232C6102E0
:1077A000930AC8D66F00C000938404FF63DE986814
:1077B000130606011307170023205B0123221B0178
:1077C000232EC10A232CE10A130B8B00E3DEECFC11
:1077D000032501001306410B93050900EF10004437
:1077E000631A05EC0326C10B0327810B138B0900D9
:1077F000930800016FF05FFB0327C101832601029C
:107800003367D700631407006F10803803278101A6
:10781000232E7103232081052324A105138C0D0041
:10782000832B4104832AC101832D0102032D01030F
:10783000B7C8000093060B009388C8D613087000E1
:10784000930C0001232CF102338BE700634AB0094B
:10785000130DFDFF938AFAFF8327810B0327410352
:10786000330676019387170023A0E60023A2760152
:10787000232EC10A232CF10A93868600634CF82438
:1078800083450D00B3048B4113070B0063D49500AF
:1078900093840500635690028325810B330696007E
:1078A000232EC10A9385150023A0860123A29600EA
:1078B000232CB10A6342B83683450D0093868600B7
:1078C00013C5F4FF1355F541B3F7A400B384F54095
:1078D00063469006330CBC00E34A50F7E35CB02DDE
:1078E000938DFDFF6FF05FF78326C1000327C10072
:1078F00093F70B01938646002326D1000327070048
:107900006392070293F70B04638A070013170701BA
:1079100013570701130600006FF01FDA93F70B20CF
:107920006398076A130600006FF01FD993FBFBBF33
:1079300013030000930E00006FF05FCBB7C200008E
:107940008325810B9382C2D663DA9C06232EE10045
:10795000232011036F00C000938404FF63DC9C04A8
:10796000130606019385150023A0160123A2960194
:10797000232EC10A232CB10A93868600E35EB8FC4D
:10798000032501001306410B93050900EF100029A0
:10799000631205D2B7C70000938404FF0326C10B0E
:1079A0008325810B938609009388C7D6130870003E
:1079B000E3C89CFA0327C101832201023306960023
:1079C00093851500232EC10A232CB10A23A056004B
:1079D00023A29600E346B82C83450D0093868600CB
:1079E0006FF05FEF032501001306410B93050900BB
:1079F00023206104232EF102232C1103EF10002217
:107A0000631A05CA034731090326C10B8328810382
:107A10008327C103032301046300072C13870D0090
:107A20008325810B930D0000138B09006FE08FBB42
:107A30000327810BB7750000938585032320BB00C6
:107A40001306160093051000130717002322BB002E
:107A5000232EC10A232CE10A93057000130B8B001F
:107A600063C8E544032781013367A7006308074A19
:107A7000832641020327810B930570003386C600DD
:107A80008326810213071700232EC10A2320DB005F
:107A900083264102232CE10A130B8B00232EDBFEED
:107AA00063CCE54AE342054A8326810113071700A8
:107AB0002320FB003386C600232EC10A232CE10AB3
:107AC0002322DB009307700063C4E7006FE08FBBE5
:107AD0006FE05F9C032501001306410B930509002D
:107AE000EF10C013631805BCB7C700000326C10B15
:107AF000938609009388C7D6130870006FF05FD88B
:107B000093070003A30A1109A3090108230AF10836
:107B100063C20A3213FEFBB7834E3109936B2E000A
:107B2000130320006FF09FAC032501001306410BE7
:107B300093050900EF10800E631E05B60326C10BE6
:107B4000138B09006FE05FC9E3940E2813079000C0
:107B5000E360872913070118232CB100B30CF74009
:107B600093880400138C0A0063D49A01138C0C00D0
:107B7000834E310913030000232801006FE09FD9D1
:107B8000138804003306560193871700232EC10A79
:107B9000232CF10A23200B0123225B011307700021
:107BA0006344F7006FE00FAE6FE0DF8E0327010C38
:107BB0008327410C930501072320E1082322F108C4
:107BC0000327810C8327C10C130501082328010614
:107BD000232A0106232C0106232E01062324E10873
:107BE0002326F108EF301EDC8328010193FBFBF70D
:107BF000E34A0508930770040347310963CE17432E
:107C0000B7870000938787A06310071E930C30008E
:107C1000138C0C006FE05F9F032501001306410BDE
:107C200093050900232EE100EF00507F631405A89F
:107C3000B7C7000083450D000326C10B0327C10110
:107C4000938609009388C7D6130870006FF05FC74A
:107C50008327C1008326810083A7070023A0D700C4
:107C60002326E1006FE0CF83B7850000834E310902
:107C70002326F1009385C59E1303200093088007F7
:107C80006FF0DF968327C10B83248100638E07A2E8
:107C9000032501001306410B93050900EF0010783E
:107CA0006FF08FA293076000138C0A0063E45727DC
:107CB000B787000023269100938707A0232801009F
:107CC000930C0C00930A000023200102232E0100D4
:107CD000130300006FE00F8F63880D2C8325810B49
:107CE000930D0000138B09006FE00F9313880400BD
:107CF00033066601938A1A00232EC10A232C510BE6
:107D000023A00D0123A26D019307700063C45701E6
:107D10006FE00FF56FF0CFE213F30B20A30901081A
:107D2000631E032A930E000063D40A006FE0DFBBDA
:107D300093FBFBF763840A006FE01FBB63140C0026
:107D40006FE0DFFC6FE05FBA93F60B20638A0626D4
:107D50001377F70F2326F10093860B00130600001C
:107D60006FE09FDC13F70B2063040724131C8C01C6
:107D7000135C8C41935EFC412326F10013870E00B7
:107D80006FE0CFF913E70B109307F0FF2328E10012
:107D9000832E010C032F410C8322810C832CC10CF8
:107DA0006382FA2A93079CFB63940700638E0A3E62
:107DB000E3CE0C24232C01026F008029832FC10CF9
:107DC000B707008093FBFBF733F3FF00630C03223C
:107DD0009307D002A309F10893077004E3D2173781
:107DE000B7870000938747A123280100930C300038
:107DF000930A000023200102232E01001303000038
:107E0000130C40006FD01FFC23280100930C0000CE
:107E100023200102232E0100130300009307011801
:107E2000130C00006FD01FFA2326F100930B0E00F5
:107E30006FE09FAB13FEFBBF936B2E00130320007C
:107E4000930E00006FF08FFA0323810313880A005A
:107E500093870D00938A0400330656011307170019
:107E600023200B0123225B01232EC10A232CE10ACC
:107E700093057000130B8B0063D8E5A60325010062
:107E80001306410B93050900232E6102232CF102F6
:107E9000EF00D058630405006FF0CF810326C10BBB
:107EA0000323C10383278103138B09006FF0CFA342
:107EB000032501001306410B93050900232EF10051
:107EC000EF00D055630405006FE0DFFE0325810954
:107ED0000326C10B8327C101138B09006FF09FB8E4
:107EE000032501001306410B93050900232E6102AF
:107EF000232CF102EF009052630405006FE09FFB1A
:107F00000326C10B0323C10383278103138B0900BD
:107F10006FF04F9C138C07006FF09FD913F71B0075
:107F2000631407006FD05FF6832641020327810B9D
:107F3000930570003386C60083268102130717005D
:107F4000232EC10A2320DB0083264102232CE10AD1
:107F50002322DB0063D4E552032501001306410B05
:107F600093050900232EF100EF00504B6304050038
:107F70006FE05FF4032581090326C10B0327810B02
:107F80008327C101138B09006FF0DFB10327810143
:107F9000B387E700B38CB741B30A574163D69A9FC2
:107FA000938C0A006FF04F9E138B09006FD05FEA2D
:107FB000935EFC412326F10013870E006FE00FD67D
:107FC0002326F10093860B00130600006FE0DFB557
:107FD0001377F70F130600006FF00FEE137CFC0F02
:107FE000930E000063D80ADA6FE0DF8F8327C100A9
:107FF000832681002326E10083A707002390D70072
:108000006FD01FCA9307700403473109E3D41713D5
:10801000B7870000938747A1E31C0738930C300013
:10802000138C0C00930A000023200102232E010070
:10803000232801006FD01FD9B78700009387C7A0FE
:108040006FF09FBC63C20C7C232C0102930A60007A
:10805000930760046314FC48032501009307C109DA
:108060001307810993860A00930501081308010A82
:1080700013063000232E11032320D1092320D1031E
:108080002322E109232EE10123245108232C51004E
:1080900023269109EFF04EEC8346050013070003F9
:1080A00083228101032FC101832E01028328C10392
:1080B00093070500B3045501E38AE610832D810977
:1080C0001305010893050107232EF10023269109CA
:1080D000232C11012320D1092322E1092324510853
:1080E00023280106232A0106232C0106232E01063C
:1080F000EF300EE98327C101B38CB40113830D0067
:10810000E310050A3387FC40232CE10013F71B0022
:1081100033675701E35A6018E310070A930C030012
:108120009308600613FE0B40631E0E7A93C6FCFF95
:1081300093D6F64133FCDC0003278103630A075E14
:108140001307D002A309E108130C1C00832B0101C3
:10815000930A00002328010023200102232E01009E
:108160006FD05FC6930780076FD01FE4032501001F
:1081700093851A0023281101EF60DEA283280101F4
:1081800093070500E30C05200327C10C2328A10059
:108190008326010C0326410C8325810C634A07705A
:1081A000232C01026FD09FE3232C010263DA0C0021
:1081B000B7070080B3CCFC009307D002232CF10258
:1081C00003250100930D01089307C10993850D0054
:1081D0001308010A130781099306100013062000F3
:1081E000232011052320D109232ED1032322E109C5
:1081F0002320E10323245108232E51002326910933
:10820000EFF08ED58322C101032F0102832EC1031B
:1082100083280104930A100093070500232C5101C1
:1082200013F71B006304071C13850D00930501075A
:108230002320F102232E11012320D1092322E10959
:10824000232451082326910923280106232A010605
:10825000232C0106232E0106EF308ED28328C10184
:1082600083270102E306050A832681010327010A09
:10827000B38CD700E3769719130600039306170013
:108280002320D10A2300C7000327010AE36897FFD0
:108290003307F74093067004232CE1000323810980
:1082A000630EDC1413076004E302ECE61307F3FF2C
:1082B0002302110B232CE1086342077A9306B002D4
:1082C000A302D10A9306900063D6E67A232E7101A9
:1082D00023280100930E310B37DECCCC13850E0022
:1082E000130EDECC130F3006B336C7031308070096
:1082F000930505001305F5FF93D636001396260067
:108300003306D600131616003307C74013070703BA
:10831000A38FE5FE13870600E3480FFD13870603CE
:10832000A30FE5FE1387E5FFE37AD7051305610A7E
:1083300093060500034607001307170093861600EF
:10834000A38FC6FEE318D7FF3307A7001307270044
:108350003307B7409306410A3307D7402326E1028B
:10836000832681010326C10213071000B38CC600C7
:108370006352D74C03274102B38CEC000327C101A1
:1083800093C6FCFF93D6F641137EF7BF1373270005
:108390000327810333FCDC00936B0E106302074854
:1083A000930ED002A309D109930A0000130C1C00FC
:1083B0006FE0CF9A930D0C002328A103832781033C
:1083C000832BC103032C0104032D8104138B0600AE
:1083D0006364B7016FE01FD2930D07006FE09FD178
:1083E0008326810183C5A6006FD01FEF0327010AF2
:1083F000032381093307F740232CE1001327D3FF20
:108400006314070063D66A009388E8FF6FF01FEAE1
:10841000032781016340E33C13F71B00930C030027
:108420006306070003274102B30CE30013FE0B4071
:1084300063040E006346604A93C6FCFF93D6F64180
:1084400033FCDC00930870066FF01FCF032501009A
:108450001306410B93050900232EF100EF00007C69
:10846000630405006FE01FA5832A81090326C10B61
:108470008327C101138B09006FE09FCC130B8B0086
:108480006FF08FE29307D002A309F10893077004FD
:1084900063D61741B78700009387C7A06FF0DF94BA
:1084A000032501001306410B93050900232EE1006B
:1084B000EF00C076630405006FE0DF9FB7C70000E0
:1084C00083450D000326C10B0327C10193860900D4
:1084D0009388C7D6130870006FF0CFBF9307BCFB1B
:1084E0000325010093B71700B3875701930D0108C7
:1084F000232CF10093860700130781099307C10914
:1085000093850D001308010A13062000232011058E
:108510002320D109232ED1032322E1092320E103C3
:1085200023245108232E510023269109EFF0CEA2D7
:10853000130770048322C101032F0102832EC1039C
:108540008328010493070500E30CECCC2320A1024F
:108550009305010713850D00232E11012320D10956
:108560002322E10923245108232691092328010607
:10857000232A0106232C0106232E0106EF304EA0EC
:108580008328C101832701026300056683268101D8
:108590000327010AB38CD700E36097CF3307F74076
:1085A00003238109232CE1006FF05FD02326910083
:1085B000630A0730138C1A00938C0A0023200102EF
:1085C000930A0000232E0100130300006FD08FFFD9
:1085D0000327410483254103232ED101B386E740BD
:1085E0001306070013850600232C01012328D10060
:1085F000EFA0CEA7832EC10137D6CCCC1306D6CCA4
:108600003307DC01B33787013307F700B335C702FF
:1086100037D5CCCC1305C5CC8327010383260103B2
:108620000328810183C71700B337F00093D82500D2
:1086300093F5C5FFB38515013307B7403307EC4009
:10864000B335EC00B385BE403305A702B387F6000F
:10865000832601012328F1029387F6FFB385C50223
:10866000B385A5003335C7023307C702B385A5001C
:108670001395F50193DE15009305100013571700AD
:10868000330CE5003307DC01333587013307A700DE
:108690003335C702935825001375C5FF33051501FF
:1086A0003307A7403307EC403335EC003385AE4049
:1086B000B338C7023305C5023307C70233061501B5
:1086C0001316F601135717003307E6001316270099
:1086D0003307E600131717003307EC4013070703AF
:1086E000A38FE6FE6FE00FB21308C8D76FE01FBD7F
:1086F00013079000637467006FE0CFB86FF08FC509
:10870000032501001306410B93050900EF000051FA
:10871000630405006FE00FFA832A81098327810132
:108720000326C10B138B0900B38A57416FE0DFA505
:1087300003473109E30C07A0130C1C006FF01FA1C5
:10874000138E0B006FE0DFDB930500FFB30AA04040
:1087500037C80000635CB546930C0001930D7000B0
:10876000232EF1009304C8D66F00C000938A0AFF3D
:1087700063DA5C0D130606011307170023209B0024
:1087800023229B01232EC10A232CE10A130B8B0009
:10879000E3DEEDFC032501001306410B9305090000
:1087A000EF00C047630405006FE0CFF00326C10B64
:1087B0000327810B138B09006FF05FFB1308C8D7E9
:1087C0006FE01F83138E0B006FE08F9993860B0071
:1087D0006FE05FD103278101832641029308700671
:1087E000B30CD700E3406094338F6C40930C1F00B0
:1087F00093C6FCFF93D6F64133FCDC006FF0DF93A9
:108800001308C8D66FE08FE3930A6000B7070080B3
:10881000B3CCFC009307D002232CF1026FF05F83EE
:10882000834E3109930A000063840E006FE0CF8EFF
:108830006FD0DFD20327C10113771700E30007B41D
:108840006FF05FB38327C10113880400330656011C
:1088500013071700232EC10A232CE10A23200B0142
:1088600023225B0193057000E3DAE5C003250100D4
:108870001306410B93050900232EF100EF00003A87
:10888000630405006FE00FE30326C10B0327810B90
:108890008327C101138B09006FF00FA1B787000078
:1088A000938787A06FF04FD4232801009307C1114D
:1088B000370500803347A7001305D002232CA102FF
:1088C0006FD0CFF1938C0A00138C0A002320010291
:1088D000930A0000232E0100130300006FD08FCEF7
:1088E000930870060327010303470700930617F058
:1088F00063800630635E672E832601031305000044
:10890000930500006F008001938515009386160083
:10891000130617F063000604635E67023303E34047
:1089200003C71600E31207FE03C706001305150070
:108930006FF01FFEB7870000938707A16FF0CFEDA0
:10894000B7870000938707A16FF00FCA83248100C7
:108950006FE08FD72328D102832641043307B50067
:10896000232EB1003307D7022320A102B38CEC00E1
:108970000327810393C6FCFF93D6F64133FCDC004A
:10898000630E07121307D002832B0101A309E1082C
:10899000130C1C0023280100930A00006FD08FC223
:1089A0000327010A83288101E368978D3307F74085
:1089B000232CE1006FF01F8F03274102338F6A00E1
:1089C00093086006B30CEF006FF0CFF513050108B4
:1089D00093050107232EF100232C11012320D10937
:1089E0002322E10923245108232691092328010683
:1089F000232A0106232C0106232E0106EF205ED830
:108A0000832881018327C10163180510032381098D
:108A1000B38C64006FF00FEF938CFAFF032B01020D
:108A20008328C1028327C103032D01040329810484
:108A3000B30A5C0113070C001306000363D40C0097
:108A40006FD0DF8913071700A30FC7FEE39CEAFE70
:108A500033079C01130C17006FD05F881307D002F7
:108A6000A302E10A930680FF130710003307674053
:108A7000E34ED384930600032303D10A232E71010E
:108A8000232801009306710A6FD01F891307D002B3
:108A9000A302E10A930680FF130710003307C740C3
:108AA000E34AD6826FD01F87631C0702130C1000A5
:108AB000930C0C00930860066FF00FE80347310930
:108AC0006306070A832B0101130C1C0023280100F5
:108AD000930A00006FD00FAF1308C8D66FF08F8ACB
:108AE0000327410293086006130F1700B30C5F01C0
:108AF00093C6FCFF93D6F64133FCDC006FF0CFE366
:108B0000B78600001387C69E232CE1006FD08FDB51
:108B1000032381096FF09F8E930F10000327010A32
:108B2000B38F5F41232CF109938C1700636697F58F
:108B30003307F74013830F00232CE1006FF00FDDA4
:108B40001308C8D66FF0CF9A8327C10083AA070005
:108B50009387470063D40A00930AF0FF83481D00FF
:108B60002326F100138D06006FD0CF9C832B0101CB
:108B7000930A0000232801006FD0CFA41307200020
:108B80002326E1026FF0CFFD1308C8D66FF0CFACFB
:108B9000032781013387E7006FF09F838357C90064
:108BA0008324810093E707042316F9006FE0CFB117
:108BB000930A000023200102232E01002328010034
:108BC000930C3000130C40006FD0CF9F1308C8D611
:108BD0006FF0DFC7032701009307C0002320F700D1
:108BE0009304F0FF6FE08FB1032381096FF00FEC66
:108BF0001307000023200102232E01006FF01FD76E
:108C00003307F74003238109232CE1006FF00FFFA6
:0C8C100023200102232E01006FD0CF9A18
:108C1C0003278600130101FE232A9100232E110045
:108C2C0093040600630A0708232C810023263101D4
:108C3C00232441012322510103240600232821016E
:108C4C0093090500138A0500930AF0FF6F00C0001A
:108C5C00130484006388060483A74400930607006A
:108C6C001386F7FF23A2C400635EF00203294400BD
:108C7C00E30009FE032604009306090093050A008D
:108C8C0013850900EF00C04C6306550503A784004B
:108C9C00130484003307274123A4E4009306070040
:108CAC00E39C06FA03248101032901018329C100F5
:108CBC00032A8100832A41008320C10123A40400DC
:108CCC0023A20400130500008324410113010102B7
:108CDC0067800000032481018320C1010329010165
:108CEC008329C100032A8100832A410023A40400A4
:108CFC0023A20400832441011301010267800000B8
:108D0C009307E00863EEB70037C700001307C7D816
:108D1C0093972500B387E70083A7070067800700B8
:108D2C00130101FF232611006388063E13850500FD
:108D3C009305060013860600EF0000416308053C0E
:108D4C008320C100130101016780000037950000EA
:108D5C001305C5F16780000037950000130545F039
:108D6C0067800000379500001305C5EB6780000095
:108D7C0037950000130545ED67800000379500001E
:108D8C00130505AC6780000037950000130505E856
:108D9C006780000037950000130545CF6780000001
:108DAC00379500001305C5F7678000003795000064
:108DBC00130585986780000037950000130505950D
:108DCC006780000037950000130505EF67800000F1
:108DDC0037950000130545F56780000037950000B6
:108DEC001305C5C46780000037950000130545B80E
:108DFC006780000037950000130585A5678000008B
:108E0C0037950000130585B5678000003795000085
:108E1C00130585A46780000037950000130505F93C
:108E2C0067800000379500001305C5A96780000016
:108E3C0037950000130505C76780000037950000C3
:108E4C00130585E96780000037950000130585E65A
:108E5C006780000037950000130585E367800000EC
:108E6C0037950000130505E2678000003795000078
:108E7C00130505E06780000037950000130505DE3B
:108E8C006780000037950000130505DB6780000044
:108E9C00379500001305C5D8678000003795000092
:108EAC001305C5E46780000037950000130505F332
:108EBC006780000037950000130545D767800000D8
:108ECC0037950000130585D56780000037950000A5
:108EDC00130545D46780000037950000130585D233
:108EEC0067800000379500001305C5D1678000002E
:108EFC0037950000130585D067800000379500007A
:108F0C00130545CE67800000379500001305C5CCCE
:108F1C006780000037950000130585CB6780000043
:108F2C0037950000130505CA6780000037950000CF
:108F3C00130585DA6780000037950000130505C915
:108F4C006780000037950000130585C86780000016
:108F5C0037950000130545C6678000003795000063
:108F6C00130585C367800000379500001305C5C144
:108F7C006780000037950000130585C067800000EE
:108F8C0037950000130585BD6780000037950000FC
:108F9C001305C5BC67800000379500001305C5BBE1
:108FAC006780000037950000130545BA6780000004
:108FBC0037950000130545B9678000003795000010
:108FCC001305C5B66780000037950000130585B4FE
:108FDC006780000037950000130585B3678000009B
:108FEC0037950000130505B2678000003795000027
:108FFC00130505B06780000037950000130505AE1A
:10900C006780000037950000130585A86780000075
:10901C0037950000130585A7678000003795000081
:10902C00130585A36780000037950000130585A202
:10903C006780000037950000130545A1678000008C
:10904C0037950000130585A0678000003795000058
:10905C001305059F67800000379500001305459E9A
:10906C0067800000379500001305059D67800000A0
:10907C00379500001305C59B6780000037950000ED
:10908C001305859A67800000379500001305C59776
:10909C0067800000379500001305C59667800000B7
:1090AC00379500001305C5936780000037950000C5
:1090BC001305859267800000379500001305C59055
:1090CC00678000003795000013050590678000004D
:1090DC00379500001305858E6780000037950000DA
:1090EC001305858D67800000379500001305C58B2F
:1090FC0067800000379500001305058B6780000022
:10910C00379500001305858A6780000037850000BD
:10911C001305C5866FF0DFC2930605006FF01FC103
:10912C009305050003A501819306000013060000BA
:04913C006FF01FBDF4
:109140009305050003A501819306000013060000A6
:049150006FF0DFBB22
:08915400130500006780000014
:10915C00130101FE2328210103A98500232C810082
:10916C00232A9100232E1100930805001384050077
:10917C0003A50500938406009307060063E6260FFB
:10918C000397C5009376074863940604930409007B
:10919C009385070013860400EFA0CE930327840069
:1091AC00832704001305000033072741B38797007A
:1091BC002324E4002320F4008320C1010324810133
:1091CC00832441010329010113010102678000007E
:1091DC0003A8450183A505019386140013161800F6
:1091EC00330606011359F6013309C9003308B5409B
:1091FC0013591940B3860601130609006376D9008A
:10920C001389060013860600137707402326F10006
:10921C0023240101630E070413850800930506003F
:10922C0023221101EF505E97832841006308050843
:10923C0003288100832504012324A10013060800C0
:10924C0023220101EFA08E9B8356C400032841000A
:10925C000327810093F6F6B793E606088327C1002F
:10926C002316D4006F008002138906006FF05FF2A2
:10927C001385080023221101EFA01E800328810012
:10928C008327C1001307050063020502330507019C
:10929C0033080941232A24012328E4002320A400B5
:1092AC0023240401138904006FF09FEE832504012D
:1092BC0003254100EFA0CECD832841008357C40085
:1092CC001307C00023A0E80093E707042316F4005B
:0892DC001305F0FF6FF05FEED7
:0492E40024FE040060
:0400000300004000B9
:00000001FF
